<?xml version="1.0" encoding="UTF-8"?>
<!DOCTYPE source_file PUBLIC "SYSTEM" "apf.v5.1.1.dtd">

<source_file URI="adige20040908_id405868.sgm" SOURCE="unknown" TYPE="text" VERSION="5.0" AUTHOR="romano" ENCODING="UTF-8">
  <document DOCID="adige20040908_id405868">
    <timex2 ID="adige20040908_id405868-T1" VAL="PT6M">
      <timex2_mention ID="adige20040908_id405868-T1-1">
        <extent>
          <charseq START="39" END="48">sei minuti</charseq>
        </extent>
      </timex2_mention>
    </timex2>
    <timex2 ID="adige20040908_id405868-T2" COMMENT="NO calendario gregoriano. R.S.">
      <timex2_mention ID="adige20040908_id405868-T2-1">
        <extent>
          <charseq START="108" END="127">nella prima giornata</charseq>
        </extent>
      </timex2_mention>
    </timex2>
    <timex2 ID="adige20040908_id405868-T3" COMMENT="NO calendario gregoriano. R.S.">
      <timex2_mention ID="adige20040908_id405868-T3-1">
        <extent>
          <charseq START="333" END="352">nell'ultima stagione</charseq>
        </extent>
      </timex2_mention>
    </timex2>
  </document>
</source_file>
