<?xml version="1.0" encoding="UTF-8"?>
<!DOCTYPE source_file PUBLIC "SYSTEM" "apf.v5.1.1.dtd">

<source_file URI="adige20040908_id405850.sgm" SOURCE="unknown" TYPE="text" VERSION="5.0" AUTHOR="romano" ENCODING="UTF-8">
  <document DOCID="adige20040908_id405850">
    <timex2 ID="adige20040908_id405850-T3" VAL="2003">
      <timex2_mention ID="adige20040908_id405850-T3-1">
        <extent>
          <charseq START="647" END="654">nel 2003</charseq>
        </extent>
      </timex2_mention>
    </timex2>
    <timex2 ID="adige20040908_id405850-T4" VAL="2004">
      <timex2_mention ID="adige20040908_id405850-T4-1">
        <extent>
          <charseq START="670" END="677">nel 2004</charseq>
        </extent>
      </timex2_mention>
    </timex2>
    <timex2 ID="adige20040908_id405850-T5" VAL="P2M" MOD="APPROX">
      <timex2_mention ID="adige20040908_id405850-T5-1">
        <extent>
          <charseq START="1044" END="1058">un paio di mesi</charseq>
        </extent>
      </timex2_mention>
    </timex2>
    <timex2 ID="adige20040908_id405850-T6" VAL="PRESENT_REF" ANCHOR_VAL="2004-09-08" ANCHOR_DIR="AS_OF">
      <timex2_mention ID="adige20040908_id405850-T6-1">
        <extent>
          <charseq START="1639" END="1644">Finora</charseq>
        </extent>
      </timex2_mention>
    </timex2>
    <timex2 ID="adige20040908_id405850-T7">
      <timex2_mention ID="adige20040908_id405850-T7-1">
        <extent>
          <charseq START="1684" END="1708">nei momenti di difficoltà</charseq>
        </extent>
      </timex2_mention>
    </timex2>
    <timex2 ID="adige20040908_id405850-T1" VAL="PAST_REF" ANCHOR_VAL="2004-09-08" ANCHOR_DIR="BEFORE">
      <timex2_mention ID="adige20040908_id405850-T1-1">
        <extent>
          <charseq START="374" END="383">un passato</charseq>
        </extent>
      </timex2_mention>
    </timex2>
    <timex2 ID="adige20040908_id405850-T2" VAL="2002">
      <timex2_mention ID="adige20040908_id405850-T2-1">
        <extent>
          <charseq START="633" END="640">nel 2002</charseq>
        </extent>
      </timex2_mention>
    </timex2>
  </document>
</source_file>
