<?xml version="1.0" encoding="UTF-8"?>
<!DOCTYPE source_file PUBLIC "SYSTEM" "apf.v5.1.1.dtd">

<source_file URI="adige20040908_id405871.sgm" SOURCE="unknown" TYPE="text" VERSION="5.0" AUTHOR="romano" ENCODING="UTF-8">
  <document DOCID="adige20040908_id405871">
    <timex2 ID="adige20040908_id405871-T4" VAL="2004-09" MOD="MID">
      <timex2_mention ID="adige20040908_id405871-T4-1">
        <extent>
          <charseq START="467" END="486">la metà di settembre</charseq>
        </extent>
      </timex2_mention>
    </timex2>
    <timex2 ID="adige20040908_id405871-T5" VAL="P2M" MOD="APPROX" ANCHOR_VAL="2004-09" ANCHOR_DIR="STARTING">
      <timex2_mention ID="adige20040908_id405871-T5-1">
        <extent>
          <charseq START="544" END="555">circa 2 mesi</charseq>
        </extent>
      </timex2_mention>
    </timex2>
    <timex2 ID="adige20040908_id405871-T6" VAL="P2W" SET="YES">
      <timex2_mention ID="adige20040908_id405871-T6-1">
        <extent>
          <charseq START="586" END="599">bi settimanale</charseq>
        </extent>
      </timex2_mention>
    </timex2>
    <timex2 ID="adige20040908_id405871-T7" VAL="XXXX-WXX-1" SET="YES">
      <timex2_mention ID="adige20040908_id405871-T7-1">
        <extent>
          <charseq START="1089" END="1097">il lunedì</charseq>
        </extent>
      </timex2_mention>
    </timex2>
    <timex2 ID="adige20040908_id405871-T1" VAL="2004-09-10">
      <timex2_mention ID="adige20040908_id405871-T1-1">
        <extent>
          <charseq START="275" END="296">il giorno 10 settembre</charseq>
        </extent>
      </timex2_mention>
    </timex2>
    <timex2 ID="adige20040908_id405871-T2" VAL="2004-09-10T09:30">
      <timex2_mention ID="adige20040908_id405871-T2-1">
        <extent>
          <charseq START="308" END="321">dalle ore 9.30</charseq>
        </extent>
      </timex2_mention>
    </timex2>
    <timex2 ID="adige20040908_id405871-T9" VAL="XXXX-WXX-1T20:30" SET="YES">
      <timex2_mention ID="adige20040908_id405871-T9-1">
        <extent>
          <charseq START="1099" END="1109">dalle 20.30</charseq>
        </extent>
      </timex2_mention>
    </timex2>
    <timex2 ID="adige20040908_id405871-T3" VAL="2004-09-11TAF">
      <timex2_mention ID="adige20040908_id405871-T3-1">
        <extent>
          <charseq START="365" END="392">nel pomeriggio del giorno 11</charseq>
        </extent>
      </timex2_mention>
    </timex2>
  </document>
</source_file>
