<?xml version="1.0" encoding="UTF-8"?>
<!DOCTYPE source_file PUBLIC "SYSTEM" "apf.v5.1.1.dtd">

<source_file URI="adige20040908_id405867.sgm" SOURCE="unknown" TYPE="text" VERSION="5.0" AUTHOR="romano" ENCODING="UTF-8">
  <document DOCID="adige20040908_id405867">
    <timex2 ID="adige20040908_id405867-T7" VAL="TNI">
      <timex2_mention ID="adige20040908_id405867-T7-1">
        <extent>
          <charseq START="1046" END="1053">La notte</charseq>
        </extent>
      </timex2_mention>
    </timex2>
    <timex2 ID="adige20040908_id405867-T11" COMMENT="NO calendario gregoriano.">
      <timex2_mention ID="adige20040908_id405867-T11-1">
        <extent>
          <charseq START="1626" END="1642">nel secondo tempo</charseq>
        </extent>
      </timex2_mention>
    </timex2>
    <timex2 ID="adige20040908_id405867-T5" VAL="PTXH">
      <timex2_mention ID="adige20040908_id405867-T5-1">
        <extent>
          <charseq START="2757" END="2759">ore</charseq>
        </extent>
      </timex2_mention>
    </timex2>
    <timex2 ID="adige20040908_id405867-T6" VAL="XXXX-XX-XX">
      <timex2_mention ID="adige20040908_id405867-T6-1">
        <extent>
          <charseq START="417" END="427">le giornate</charseq>
        </extent>
      </timex2_mention>
    </timex2>
    <timex2 ID="adige20040908_id405867-T9" VAL="PXY">
      <timex2_mention ID="adige20040908_id405867-T9-1">
        <extent>
          <charseq START="3235" END="3242">gli anni</charseq>
        </extent>
      </timex2_mention>
    </timex2>
    <timex2 ID="adige20040908_id405867-T1" VAL="XXXX-XX-XX">
      <timex2_mention ID="adige20040908_id405867-T1-1">
        <extent>
          <charseq START="1015" END="1023">il giorno</charseq>
        </extent>
      </timex2_mention>
    </timex2>
    <timex2 ID="adige20040908_id405867-T2" VAL="XXXX-XX-XX">
      <timex2_mention ID="adige20040908_id405867-T2-1">
        <extent>
          <charseq START="1192" END="1205">il giorno dopo</charseq>
        </extent>
      </timex2_mention>
    </timex2>
    <timex2 ID="adige20040908_id405867-T3" VAL="XXXX-SU" SET="YES">
      <timex2_mention ID="adige20040908_id405867-T3-1">
        <extent>
          <charseq START="2211" END="2221">Ogni estate</charseq>
        </extent>
      </timex2_mention>
    </timex2>
    <timex2 ID="adige20040908_id405867-T4" VAL="TMO">
      <timex2_mention ID="adige20040908_id405867-T4-1">
        <extent>
          <charseq START="2632" END="2642">una mattina</charseq>
        </extent>
      </timex2_mention>
    </timex2>
    <timex2 ID="adige20040908_id405867-T10" VAL="19">
      <timex2_mention ID="adige20040908_id405867-T10-1">
        <extent>
          <charseq START="3392" END="3408">del secolo scorso</charseq>
        </extent>
      </timex2_mention>
    </timex2>
  </document>
</source_file>
