<?xml version="1.0" encoding="UTF-8"?>
<!DOCTYPE source_file PUBLIC "SYSTEM" "apf.v5.1.1.dtd">

<source_file URI="adige20040908_id405861.sgm" SOURCE="unknown" TYPE="text" VERSION="5.0" AUTHOR="romano" ENCODING="UTF-8">
  <document DOCID="adige20040908_id405861">
    <timex2 ID="adige20040908_id405861-T3" VAL="1995">
      <timex2_mention ID="adige20040908_id405861-T3-1">
        <extent>
          <charseq START="274" END="276">'95</charseq>
        </extent>
      </timex2_mention>
    </timex2>
    <timex2 ID="adige20040908_id405861-T4" VAL="2004-09-09T18:30">
      <timex2_mention ID="adige20040908_id405861-T4-1">
        <extent>
          <charseq START="279" END="288">Alle 18.30</charseq>
        </extent>
      </timex2_mention>
    </timex2>
    <timex2 ID="adige20040908_id405861-T5" VAL="2004-09-09T20:00">
      <timex2_mention ID="adige20040908_id405861-T5-1">
        <extent>
          <charseq START="386" END="392">alle 20</charseq>
        </extent>
      </timex2_mention>
    </timex2>
    <timex2 ID="adige20040908_id405861-T6" VAL="2004-09-19">
      <timex2_mention ID="adige20040908_id405861-T6-1">
        <extent>
          <charseq START="717" END="732">dal 19 settembre</charseq>
        </extent>
      </timex2_mention>
    </timex2>
    <timex2 ID="adige20040908_id405861-T7" VAL="2004-10-31">
      <timex2_mention ID="adige20040908_id405861-T7-1">
        <extent>
          <charseq START="734" END="746">al 31 ottobre</charseq>
        </extent>
      </timex2_mention>
    </timex2>
    <timex2 ID="adige20040908_id405861-T1" VAL="2004-09-09">
      <timex2_mention ID="adige20040908_id405861-T1-1">
        <extent>
          <charseq START="26" END="31">Domani</charseq>
        </extent>
      </timex2_mention>
    </timex2>
    <timex2 ID="adige20040908_id405861-T2" VAL="2004-09-09TAF" MOD="END">
      <timex2_mention ID="adige20040908_id405861-T2-1">
        <extent>
          <charseq START="84" END="113">Nel tardo pomeriggio di domani</charseq>
        </extent>
      </timex2_mention>
    </timex2>
  </document>
</source_file>
