<?xml version="1.0" encoding="UTF-8"?>
<!DOCTYPE source_file PUBLIC "SYSTEM" "apf.v5.1.1.dtd">

<source_file URI="adige20040908_id405874.sgm" SOURCE="unknown" TYPE="text" VERSION="5.0" AUTHOR="romano" ENCODING="UTF-8">
  <document DOCID="adige20040908_id405874">
    <timex2 ID="adige20040908_id405874-T7" VAL="2004-09-12">
      <timex2_mention ID="adige20040908_id405874-T7-1">
        <extent>
          <charseq START="1369" END="1376">domenica</charseq>
        </extent>
      </timex2_mention>
    </timex2>
    <timex2 ID="adige20040908_id405874-T8" VAL="2004-09-12">
      <timex2_mention ID="adige20040908_id405874-T8-1">
        <extent>
          <charseq START="1422" END="1438">Domenica prossima</charseq>
        </extent>
      </timex2_mention>
    </timex2>
    <timex2 ID="adige20040908_id405874-T9" VAL="PAST_REF" ANCHOR_VAL="2004-09-08" ANCHOR_DIR="BEFORE">
      <timex2_mention ID="adige20040908_id405874-T9-1">
        <extent>
          <charseq START="1564" END="1570">passato</charseq>
        </extent>
      </timex2_mention>
    </timex2>
    <timex2 ID="adige20040908_id405874-T1" VAL="2004">
      <timex2_mention ID="adige20040908_id405874-T1-1">
        <extent>
          <charseq START="279" END="287">dell'anno</charseq>
        </extent>
      </timex2_mention>
    </timex2>
    <timex2 ID="adige20040908_id405874-T10" VAL="2004-09-07">
      <timex2_mention ID="adige20040908_id405874-T10-1">
        <extent>
          <charseq START="1625" END="1628">Ieri</charseq>
        </extent>
      </timex2_mention>
    </timex2>
    <timex2 ID="adige20040908_id405874-T15" VAL="2004-09-12">
      <timex2_mention ID="adige20040908_id405874-T15-1">
        <extent>
          <charseq START="16" END="23">Domenica</charseq>
        </extent>
      </timex2_mention>
    </timex2>
    <timex2 ID="adige20040908_id405874-T11" VAL="2002">
      <timex2_mention ID="adige20040908_id405874-T11-1">
        <extent>
          <charseq START="1701" END="1704">2002</charseq>
        </extent>
      </timex2_mention>
    </timex2>
    <timex2 ID="adige20040908_id405874-T2" VAL="2004-09-12">
      <timex2_mention ID="adige20040908_id405874-T2-1">
        <extent>
          <charseq START="309" END="329">domenica 12 settembre</charseq>
        </extent>
      </timex2_mention>
    </timex2>
    <timex2 ID="adige20040908_id405874-T3" VAL="2003">
      <timex2_mention ID="adige20040908_id405874-T3-1">
        <extent>
          <charseq START="448" END="461">lo scorso anno</charseq>
        </extent>
      </timex2_mention>
    </timex2>
    <timex2 ID="adige20040908_id405874-T12" VAL="2004-09-11">
      <timex2_mention ID="adige20040908_id405874-T12-1">
        <extent>
          <charseq START="1899" END="1917">Sabato 11 settembre</charseq>
        </extent>
      </timex2_mention>
    </timex2>
    <timex2 ID="adige20040908_id405874-T4" VAL="2004">
      <timex2_mention ID="adige20040908_id405874-T4-1">
        <extent>
          <charseq START="536" END="545">Quest'anno</charseq>
        </extent>
      </timex2_mention>
    </timex2>
    <timex2 ID="adige20040908_id405874-T13" VAL="P14Y" MOD="EQUAL_OR_LESS" ANCHOR_VAL="2004" ANCHOR_DIR="ENDING">
      <timex2_mention ID="adige20040908_id405874-T13-1">
        <extent>
          <charseq START="2103" END="2112">ai 14 anni</charseq>
        </extent>
      </timex2_mention>
    </timex2>
    <timex2 ID="adige20040908_id405874-T5" VAL="FUTURE_REF" ANCHOR_VAL="2004-09-08" ANCHOR_DIR="AFTER">
      <timex2_mention ID="adige20040908_id405874-T5-1">
        <extent>
          <charseq START="840" END="845">futuro</charseq>
        </extent>
      </timex2_mention>
    </timex2>
    <timex2 ID="adige20040908_id405874-T6" VAL="PRESENT_REF" ANCHOR_VAL="2004-09-08" ANCHOR_DIR="AS_OF">
      <timex2_mention ID="adige20040908_id405874-T6-1">
        <extent>
          <charseq START="1054" END="1056">ora</charseq>
        </extent>
      </timex2_mention>
    </timex2>
  </document>
</source_file>
