<?xml version="1.0" encoding="UTF-8"?>
<!DOCTYPE source_file PUBLIC "SYSTEM" "apf.v5.1.1.dtd">

<source_file URI="adige20040908_id405877.sgm" SOURCE="unknown" TYPE="text" VERSION="5.0" AUTHOR="romano" ENCODING="UTF-8">
  <document DOCID="adige20040908_id405877">
    <timex2 ID="adige20040908_id405877-T11" VAL="PRESENT_REF" ANCHOR_VAL="2004-09-08" ANCHOR_DIR="AS_OF">
      <timex2_mention ID="adige20040908_id405877-T11-1">
        <extent>
          <charseq START="153" END="155">fin</charseq>
        </extent>
      </timex2_mention>
    </timex2>
    <timex2 ID="adige20040908_id405877-T8" VAL="P335W" ANCHOR_VAL="2004-09-06" ANCHOR_DIR="ENDING">
      <timex2_mention ID="adige20040908_id405877-T8-1">
        <extent>
          <charseq START="1073" END="1085">335 settimane</charseq>
        </extent>
      </timex2_mention>
    </timex2>
    <timex2 ID="adige20040908_id405877-T9" VAL="P331W">
      <timex2_mention ID="adige20040908_id405877-T9-1">
        <extent>
          <charseq START="1142" END="1144">331</charseq>
        </extent>
      </timex2_mention>
    </timex2>
    <timex2 ID="adige20040908_id405877-T1" VAL="P41Y" ANCHOR_VAL="2004" ANCHOR_DIR="ENDING">
      <timex2_mention ID="adige20040908_id405877-T1-1">
        <extent>
          <charseq START="132" END="138">41 anni</charseq>
        </extent>
      </timex2_mention>
    </timex2>
    <timex2 ID="adige20040908_id405877-T2" VAL="2004-09-06">
      <timex2_mention ID="adige20040908_id405877-T2-1">
        <extent>
          <charseq START="318" END="329">l'altro ieri</charseq>
        </extent>
      </timex2_mention>
    </timex2>
    <timex2 ID="adige20040908_id405877-T3" VAL="2004-08">
      <timex2_mention ID="adige20040908_id405877-T3-1">
        <extent>
          <charseq START="625" END="638">il mese scorso</charseq>
        </extent>
      </timex2_mention>
    </timex2>
    <timex2 ID="adige20040908_id405877-T4" VAL="1998">
      <timex2_mention ID="adige20040908_id405877-T4-1">
        <extent>
          <charseq START="679" END="685">il 1998</charseq>
        </extent>
      </timex2_mention>
    </timex2>
    <timex2 ID="adige20040908_id405877-T5" VAL="1997-06-15">
      <timex2_mention ID="adige20040908_id405877-T5-1">
        <extent>
          <charseq START="984" END="1000">il 15 giugno 1997</charseq>
        </extent>
      </timex2_mention>
    </timex2>
    <timex2 ID="adige20040908_id405877-T6" VAL="P21Y" ANCHOR_VAL="1997-06-15" ANCHOR_DIR="ENDING">
      <timex2_mention ID="adige20040908_id405877-T6-1">
        <extent>
          <charseq START="1005" END="1026">21 anni e 24 settimane</charseq>
        </extent>
      </timex2_mention>
    </timex2>
    <timex2 ID="adige20040908_id405877-T10" VAL="PAST_REF" ANCHOR_VAL="2004-09-08" ANCHOR_DIR="BEFORE">
      <timex2_mention ID="adige20040908_id405877-T10-1">
        <extent>
          <charseq START="536" END="537">Ex</charseq>
        </extent>
      </timex2_mention>
    </timex2>
    <timex2 ID="adige20040908_id405877-T7" VAL="2004-09-06">
      <timex2_mention ID="adige20040908_id405877-T7-1">
        <extent>
          <charseq START="1055" END="1066">l'altro ieri</charseq>
        </extent>
      </timex2_mention>
    </timex2>
  </document>
</source_file>
