<?xml version="1.0" encoding="UTF-8"?>
<!DOCTYPE source_file PUBLIC "SYSTEM" "apf.v5.2.0.dtd">

<source_file URI="adige20040907_id405585.txt" SOURCE="unknown" TYPE="text" VERSION="5.0" AUTHOR="Evalita" ENCODING="UTF-8">
  <document DOCID="adige20040907_id405585">
    <entity ID="adige20040907_id405585-E2" TYPE="PER" SUBTYPE="Indefinite" CLASS="USP">
      <entity_mention ID="adige20040907_id405585-E2-2" TYPE="PRO" PRIMARY="true" METONYMY_MENTION="FALSE">
        <extent>
          <charseq START="417" END="418">si</charseq>
        </extent>
        <head>
          <charseq START="417" END="418">si</charseq>
        </head>
      </entity_mention>
    </entity>
    <entity ID="adige20040907_id405585-E3" TYPE="PER" SUBTYPE="Group" CLASS="SPC">
      <entity_mention ID="adige20040907_id405585-E3-2" TYPE="NOM" PRIMARY="true" METONYMY_MENTION="FALSE">
        <extent>
          <charseq START="614" END="618">donne</charseq>
        </extent>
        <head>
          <charseq START="614" END="618">donne</charseq>
        </head>
      </entity_mention>
    </entity>
    <entity ID="adige20040907_id405585-E4" TYPE="PER" SUBTYPE="Group" CLASS="SPC">
      <entity_mention ID="adige20040907_id405585-E4-2" TYPE="NOM" PRIMARY="true" METONYMY_MENTION="FALSE">
        <extent>
          <charseq START="622" END="627">uomini</charseq>
        </extent>
        <head>
          <charseq START="622" END="627">uomini</charseq>
        </head>
      </entity_mention>
    </entity>
    <entity ID="adige20040907_id405585-E5" TYPE="PER" SUBTYPE="Group" CLASS="SPC">
      <entity_mention ID="adige20040907_id405585-E5-2" TYPE="NOM" PRIMARY="true" METONYMY_MENTION="FALSE">
        <extent>
          <charseq START="614" END="658">donne e uomini vestiti all'antica, e laureati</charseq>
        </extent>
        <head>
          <charseq START="614" END="658">donne e uomini vestiti all'antica, e laureati</charseq>
        </head>
      </entity_mention>
    </entity>
    <entity ID="adige20040907_id405585-E6" TYPE="PER" SUBTYPE="Group" CLASS="SPC">
      <entity_mention ID="adige20040907_id405585-E6-2" TYPE="NOM" PRIMARY="true" METONYMY_MENTION="FALSE">
        <extent>
          <charseq START="666" END="700">i campioni delle Olimpiadi ad Atene</charseq>
        </extent>
        <head>
          <charseq START="668" END="675">campioni</charseq>
        </head>
      </entity_mention>
      <entity_mention ID="adige20040907_id405585-E6-4" TYPE="NOM" PRIMARY="false" METONYMY_MENTION="FALSE">
        <extent>
          <charseq START="734" END="762">qualcuno degli « eroi » greci</charseq>
        </extent>
        <head>
          <charseq START="751" END="754">eroi</charseq>
        </head>
      </entity_mention>
    </entity>
    <entity ID="adige20040907_id405585-E7" TYPE="PER" SUBTYPE="Group" CLASS="SPC">
      <entity_mention ID="adige20040907_id405585-E7-2" TYPE="NOM" PRIMARY="true" METONYMY_MENTION="FALSE">
        <extent>
          <charseq START="708" END="727">i campioni del Palio</charseq>
        </extent>
        <head>
          <charseq START="710" END="717">campioni</charseq>
        </head>
      </entity_mention>
    </entity>
    <entity ID="adige20040907_id405585-E9" TYPE="PER" SUBTYPE="Group" CLASS="SPC">
      <entity_mention ID="adige20040907_id405585-E9-2" TYPE="NOM" PRIMARY="true" METONYMY_MENTION="FALSE">
        <extent>
          <charseq START="803" END="820">tre medaglie d'oro</charseq>
        </extent>
        <head>
          <charseq START="807" END="814">medaglie</charseq>
        </head>
      </entity_mention>
    </entity>
    <entity ID="adige20040907_id405585-E10" TYPE="PER" SUBTYPE="Individual" CLASS="SPC">
      <entity_mention ID="adige20040907_id405585-E10-2" TYPE="PRO" PRIMARY="true" METONYMY_MENTION="FALSE">
        <extent>
          <charseq START="823" END="835">una d'argento</charseq>
        </extent>
        <head>
          <charseq START="823" END="825">una</charseq>
        </head>
      </entity_mention>
    </entity>
    <entity ID="adige20040907_id405585-E11" TYPE="PER" SUBTYPE="Group" CLASS="SPC">
      <entity_mention ID="adige20040907_id405585-E11-2" TYPE="PRO" PRIMARY="true" METONYMY_MENTION="FALSE">
        <extent>
          <charseq START="839" END="851">due di bronzo</charseq>
        </extent>
        <head>
          <charseq START="839" END="841">due</charseq>
        </head>
      </entity_mention>
    </entity>
    <entity ID="adige20040907_id405585-E12" TYPE="PER" SUBTYPE="Group" CLASS="SPC">
      <entity_mention ID="adige20040907_id405585-E12-4" TYPE="PRO" PRIMARY="false" METONYMY_MENTION="FALSE">
        <extent>
          <charseq START="734" END="741">qualcuno</charseq>
        </extent>
        <head>
          <charseq START="734" END="741">qualcuno</charseq>
        </head>
      </entity_mention>
      <entity_mention ID="adige20040907_id405585-E12-6" TYPE="PRO" PRIMARY="false" METONYMY_MENTION="FALSE">
        <extent>
          <charseq START="778" END="788">ingaggiarlo</charseq>
        </extent>
        <head>
          <charseq START="787" END="788">lo</charseq>
        </head>
      </entity_mention>
    </entity>
    <entity ID="adige20040907_id405585-E13" TYPE="PER" SUBTYPE="Group" CLASS="SPC">
      <entity_mention ID="adige20040907_id405585-E13-2" TYPE="NOM" PRIMARY="true" METONYMY_MENTION="FALSE">
        <extent>
          <charseq START="948" END="968">un sacco di volontari</charseq>
        </extent>
        <head>
          <charseq START="960" END="968">volontari</charseq>
        </head>
      </entity_mention>
      <entity_mention ID="adige20040907_id405585-E13-4" TYPE="NOM" PRIMARY="false" METONYMY_MENTION="FALSE">
        <extent>
          <charseq START="77" END="91">tanti volontari</charseq>
        </extent>
        <head>
          <charseq START="83" END="91">volontari</charseq>
        </head>
      </entity_mention>
    </entity>
    <entity ID="adige20040907_id405585-E14" TYPE="PER" SUBTYPE="Individual" CLASS="SPC">
      <entity_mention ID="adige20040907_id405585-E14-2" TYPE="NAM" PRIMARY="true" METONYMY_MENTION="FALSE">
        <extent>
          <charseq START="1148" END="1161">Carlo Giordani</charseq>
        </extent>
        <head>
          <charseq START="1148" END="1161">Carlo Giordani</charseq>
        </head>
      </entity_mention>
      <entity_mention ID="adige20040907_id405585-E14-4" TYPE="PRO" PRIMARY="false" METONYMY_MENTION="FALSE">
        <extent>
          <charseq START="1416" END="1423">dell'uno</charseq>
        </extent>
        <head>
          <charseq START="1421" END="1423">uno</charseq>
        </head>
      </entity_mention>
      <entity_mention ID="adige20040907_id405585-E14-6" TYPE="NAM" PRIMARY="false" METONYMY_MENTION="FALSE">
        <extent>
          <charseq START="1426" END="1433">Giordani</charseq>
        </extent>
        <head>
          <charseq START="1426" END="1433">Giordani</charseq>
        </head>
      </entity_mention>
      <entity_mention ID="adige20040907_id405585-E14-8" TYPE="NOM" PRIMARY="false" METONYMY_MENTION="FALSE">
        <extent>
          <charseq START="1439" END="1501">il capo delegazione ad Atene della Nazionale d'atletica leggera</charseq>
        </extent>
        <head>
          <charseq START="1442" END="1445">capo</charseq>
        </head>
      </entity_mention>
      <entity_attributes>
        <name NAME="Carlo Giordani">
          <charseq START="1148" END="1161">Carlo Giordani</charseq>
        </name>
        <name NAME="Giordani">
          <charseq START="1426" END="1433">Giordani</charseq>
        </name>
      </entity_attributes>
    </entity>
    <entity ID="adige20040907_id405585-E15" TYPE="PER" SUBTYPE="Individual" CLASS="SPC">
      <entity_mention ID="adige20040907_id405585-E15-2" TYPE="NAM" PRIMARY="true" METONYMY_MENTION="FALSE">
        <extent>
          <charseq START="1178" END="1190">Edo Benedetti</charseq>
        </extent>
        <head>
          <charseq START="1178" END="1190">Edo Benedetti</charseq>
        </head>
      </entity_mention>
      <entity_mention ID="adige20040907_id405585-E15-4" TYPE="PRO" PRIMARY="false" METONYMY_MENTION="FALSE">
        <extent>
          <charseq START="1543" END="1552">dell'altro</charseq>
        </extent>
        <head>
          <charseq START="1548" END="1552">altro</charseq>
        </head>
      </entity_mention>
      <entity_mention ID="adige20040907_id405585-E15-6" TYPE="NAM" PRIMARY="false" METONYMY_MENTION="FALSE">
        <extent>
          <charseq START="1575" END="1583">Benedetti</charseq>
        </extent>
        <head>
          <charseq START="1575" END="1583">Benedetti</charseq>
        </head>
      </entity_mention>
      <entity_attributes>
        <name NAME="Edo Benedetti">
          <charseq START="1178" END="1190">Edo Benedetti</charseq>
        </name>
        <name NAME="Benedetti">
          <charseq START="1575" END="1583">Benedetti</charseq>
        </name>
      </entity_attributes>
    </entity>
    <entity ID="adige20040907_id405585-E18" TYPE="PER" SUBTYPE="Group" CLASS="SPC">
      <entity_mention ID="adige20040907_id405585-E18-2" TYPE="NOM" PRIMARY="true" METONYMY_MENTION="FALSE">
        <extent>
          <charseq START="1447" END="1501">delegazione ad Atene della Nazionale d'atletica leggera</charseq>
        </extent>
        <head>
          <charseq START="1447" END="1457">delegazione</charseq>
        </head>
      </entity_mention>
    </entity>
    <entity ID="adige20040907_id405585-E19" TYPE="PER" SUBTYPE="Group" CLASS="USP">
      <entity_mention ID="adige20040907_id405585-E19-2" TYPE="PRO" PRIMARY="true" METONYMY_MENTION="FALSE">
        <extent>
          <charseq START="1684" END="1688">altri</charseq>
        </extent>
        <head>
          <charseq START="1684" END="1688">altri</charseq>
        </head>
      </entity_mention>
    </entity>
    <entity ID="adige20040907_id405585-E20" TYPE="PER" SUBTYPE="Group" CLASS="SPC">
      <entity_mention ID="adige20040907_id405585-E20-2" TYPE="NOM" PRIMARY="true" METONYMY_MENTION="FALSE">
        <extent>
          <charseq START="1797" END="1822">un sacco di gente in gamba</charseq>
        </extent>
        <head>
          <charseq START="1809" END="1813">gente</charseq>
        </head>
      </entity_mention>
      <entity_mention ID="adige20040907_id405585-E20-4" TYPE="NOM" PRIMARY="false" METONYMY_MENTION="FALSE">
        <extent>
          <charseq START="1847" END="1873">gente che lavora tantissimo</charseq>
        </extent>
        <head>
          <charseq START="1847" END="1851">gente</charseq>
        </head>
      </entity_mention>
      <entity_mention ID="adige20040907_id405585-E20-6" TYPE="PRO" PRIMARY="false" METONYMY_MENTION="FALSE">
        <extent>
          <charseq START="1853" END="1855">che</charseq>
        </extent>
        <head>
          <charseq START="1853" END="1855">che</charseq>
        </head>
      </entity_mention>
    </entity>
    <entity ID="adige20040907_id405585-E21" TYPE="PER" SUBTYPE="Group" CLASS="SPC">
      <entity_mention ID="adige20040907_id405585-E21-2" TYPE="NOM" PRIMARY="true" METONYMY_MENTION="FALSE">
        <extent>
          <charseq START="1970" END="1982">236 tesserati</charseq>
        </extent>
        <head>
          <charseq START="1974" END="1982">tesserati</charseq>
        </head>
      </entity_mention>
    </entity>
    <entity ID="adige20040907_id405585-E22" TYPE="PER" SUBTYPE="Individual" CLASS="SPC">
      <entity_mention ID="adige20040907_id405585-E22-2" TYPE="NAM" PRIMARY="true" METONYMY_MENTION="FALSE">
        <extent>
          <charseq START="2233" END="2238">g. la.</charseq>
        </extent>
        <head>
          <charseq START="2233" END="2238">g. la.</charseq>
        </head>
      </entity_mention>
      <entity_mention ID="adige20040907_id405585-E22-4" TYPE="PRO" PRIMARY="false" METONYMY_MENTION="FALSE">
        <extent>
          <charseq START="243" END="244">mi</charseq>
        </extent>
        <head>
          <charseq START="243" END="244">mi</charseq>
        </head>
      </entity_mention>
      <entity_mention ID="adige20040907_id405585-E22-6" TYPE="PRO" PRIMARY="false" METONYMY_MENTION="FALSE">
        <extent>
          <charseq START="1281" END="1282">me</charseq>
        </extent>
        <head>
          <charseq START="1281" END="1282">me</charseq>
        </head>
      </entity_mention>
      <entity_mention ID="adige20040907_id405585-E22-8" TYPE="PRO" PRIMARY="false" METONYMY_MENTION="FALSE">
        <extent>
          <charseq START="1898" END="1899">mi</charseq>
        </extent>
        <head>
          <charseq START="1898" END="1899">mi</charseq>
        </head>
      </entity_mention>
      <entity_attributes>
        <name NAME="g. la.">
          <charseq START="2233" END="2238">g. la.</charseq>
        </name>
      </entity_attributes>
    </entity>
    <entity ID="adige20040907_id405585-E25" TYPE="PER" SUBTYPE="Group" CLASS="SPC">
      <entity_mention ID="adige20040907_id405585-E25-2" TYPE="PRO" PRIMARY="true" METONYMY_MENTION="FALSE">
        <extent>
          <charseq START="1365" END="1372">loro due</charseq>
        </extent>
        <head>
          <charseq START="1365" END="1368">loro</charseq>
        </head>
      </entity_mention>
      <entity_mention ID="adige20040907_id405585-E25-4" TYPE="PRO" PRIMARY="false" METONYMY_MENTION="FALSE">
        <extent>
          <charseq START="1929" END="1936">loro due</charseq>
        </extent>
        <head>
          <charseq START="1929" END="1932">loro</charseq>
        </head>
      </entity_mention>
      <entity_mention ID="adige20040907_id405585-E25-6" TYPE="NOM" PRIMARY="false" METONYMY_MENTION="FALSE">
        <extent>
          <charseq START="97" END="108">due pilastri</charseq>
        </extent>
        <head>
          <charseq START="101" END="108">pilastri</charseq>
        </head>
      </entity_mention>
      <entity_mention ID="adige20040907_id405585-E25-8" TYPE="PRO" PRIMARY="false" METONYMY_MENTION="FALSE">
        <extent>
          <charseq START="1207" END="1211">loro</charseq>
        </extent>
        <head>
          <charseq START="1207" END="1211">loro</charseq>
        </head>
      </entity_mention>
    </entity>
    <entity ID="adige20040907_id405585-E26" TYPE="PER" SUBTYPE="Group" CLASS="USP">
      <entity_mention ID="adige20040907_id405585-E26-2" TYPE="PRO" PRIMARY="true" METONYMY_MENTION="FALSE">
        <extent>
          <charseq START="1007" END="1015">chi parla</charseq>
        </extent>
        <head>
          <charseq START="1007" END="1009">chi</charseq>
        </head>
      </entity_mention>
    </entity>
    <entity ID="adige20040907_id405585-E27" TYPE="ORG" SUBTYPE="Sports" CLASS="SPC">
      <entity_mention ID="adige20040907_id405585-E27-1" TYPE="NAM" PRIMARY="true" METONYMY_MENTION="FALSE">
        <extent>
          <charseq START="1222" END="1240">la Quercia Rovereto</charseq>
        </extent>
        <head>
          <charseq START="1225" END="1240">Quercia Rovereto</charseq>
        </head>
      </entity_mention>
      <entity_mention ID="adige20040907_id405585-E27-2" TYPE="NOM" PRIMARY="false" METONYMY_MENTION="FALSE">
        <extent>
          <charseq START="1204" END="1218">la loro società</charseq>
        </extent>
        <head>
          <charseq START="1212" END="1218">società</charseq>
        </head>
      </entity_mention>
      <entity_mention ID="adige20040907_id405585-E27-3" TYPE="NOM" PRIMARY="false" METONYMY_MENTION="FALSE">
        <extent>
          <charseq START="1244" END="1278">la società che organizza il meeting</charseq>
        </extent>
        <head>
          <charseq START="1247" END="1253">società</charseq>
        </head>
      </entity_mention>
      <entity_mention ID="adige20040907_id405585-E27-4" TYPE="PRO" PRIMARY="false" METONYMY_MENTION="FALSE">
        <extent>
          <charseq START="1255" END="1257">che</charseq>
        </extent>
        <head>
          <charseq START="1255" END="1257">che</charseq>
        </head>
      </entity_mention>
      <entity_mention ID="adige20040907_id405585-E27-5" TYPE="NAM" PRIMARY="false" METONYMY_MENTION="FALSE">
        <extent>
          <charseq START="1690" END="1721">questa benedetta Unione Sportiva</charseq>
        </extent>
        <head>
          <charseq START="1707" END="1721">Unione Sportiva</charseq>
        </head>
      </entity_mention>
      <entity_mention ID="adige20040907_id405585-E27-6" TYPE="NOM" PRIMARY="false" METONYMY_MENTION="FALSE">
        <extent>
          <charseq START="1824" END="1843">nel team gialloverde</charseq>
        </extent>
        <head>
          <charseq START="1828" END="1831">team</charseq>
        </head>
      </entity_mention>
      <entity_mention ID="adige20040907_id405585-E27-7" TYPE="NAM" PRIMARY="false" METONYMY_MENTION="FALSE">
        <extent>
          <charseq START="1944" END="1962">la Quercia Rovereto</charseq>
        </extent>
        <head>
          <charseq START="1947" END="1962">Quercia Rovereto</charseq>
        </head>
      </entity_mention>
      <entity_attributes>
        <name NAME="Quercia Rovereto">
          <charseq START="1225" END="1240">Quercia Rovereto</charseq>
        </name>
        <name NAME="Unione Sportiva">
          <charseq START="1707" END="1721">Unione Sportiva</charseq>
        </name>
        <name NAME="Quercia Rovereto">
          <charseq START="1947" END="1962">Quercia Rovereto</charseq>
        </name>
      </entity_attributes>
    </entity>
    <entity ID="adige20040907_id405585-E28" TYPE="ORG" SUBTYPE="Sports" CLASS="SPC">
      <entity_mention ID="adige20040907_id405585-E28-1" TYPE="NAM" PRIMARY="true" METONYMY_MENTION="FALSE">
        <extent>
          <charseq START="1468" END="1501">della Nazionale d'atletica leggera</charseq>
        </extent>
        <head>
          <charseq START="1474" END="1501">Nazionale d'atletica leggera</charseq>
        </head>
      </entity_mention>
      <entity_attributes>
        <name NAME="Nazionale d'atletica leggera">
          <charseq START="1474" END="1501">Nazionale d'atletica leggera</charseq>
        </name>
      </entity_attributes>
    </entity>
    <entity ID="adige20040907_id405585-E29" TYPE="GPE" SUBTYPE="Population-Center" CLASS="SPC">
      <entity_mention ID="adige20040907_id405585-E29-1" TYPE="NAM" PRIMARY="true" ROLE="LOC" METONYMY_MENTION="FALSE">
        <extent>
          <charseq START="132" END="139">ROVERETO</charseq>
        </extent>
        <head>
          <charseq START="132" END="139">ROVERETO</charseq>
        </head>
      </entity_mention>
      <entity_mention ID="adige20040907_id405585-E29-2" TYPE="NAM" PRIMARY="false" ROLE="GPE" METONYMY_MENTION="FALSE">
        <extent>
          <charseq START="345" END="352">Rovereto</charseq>
        </extent>
        <head>
          <charseq START="345" END="352">Rovereto</charseq>
        </head>
      </entity_mention>
      <entity_mention ID="adige20040907_id405585-E29-3" TYPE="NOM" PRIMARY="false" ROLE="GPE" METONYMY_MENTION="FALSE">
        <extent>
          <charseq START="318" END="341">una piccola grande città</charseq>
        </extent>
        <head>
          <charseq START="337" END="341">città</charseq>
        </head>
      </entity_mention>
      <entity_mention ID="adige20040907_id405585-E29-4" TYPE="NOM" PRIMARY="false" ROLE="GPE" METONYMY_MENTION="FALSE">
        <extent>
          <charseq START="1333" END="1347">tutta una città</charseq>
        </extent>
        <head>
          <charseq START="1343" END="1347">città</charseq>
        </head>
      </entity_mention>
      <entity_attributes>
        <name NAME="ROVERETO">
          <charseq START="132" END="139">ROVERETO</charseq>
        </name>
        <name NAME="Rovereto">
          <charseq START="345" END="352">Rovereto</charseq>
        </name>
      </entity_attributes>
    </entity>
    <entity ID="adige20040907_id405585-E30" TYPE="GPE" SUBTYPE="Population-Center" CLASS="SPC">
      <entity_mention ID="adige20040907_id405585-E30-1" TYPE="NAM" PRIMARY="true" ROLE="LOC" METONYMY_MENTION="FALSE">
        <extent>
          <charseq START="696" END="700">Atene</charseq>
        </extent>
        <head>
          <charseq START="696" END="700">Atene</charseq>
        </head>
      </entity_mention>
      <entity_mention ID="adige20040907_id405585-E30-2" TYPE="NAM" PRIMARY="false" ROLE="LOC" METONYMY_MENTION="FALSE">
        <extent>
          <charseq START="1462" END="1466">Atene</charseq>
        </extent>
        <head>
          <charseq START="1462" END="1466">Atene</charseq>
        </head>
      </entity_mention>
      <entity_attributes>
        <name NAME="Atene">
          <charseq START="696" END="700">Atene</charseq>
        </name>
        <name NAME="Atene">
          <charseq START="1462" END="1466">Atene</charseq>
        </name>
      </entity_attributes>
    </entity>
  </document>
</source_file>
