<?xml version="1.0" encoding="UTF-8"?>
<!DOCTYPE source_file PUBLIC "SYSTEM" "apf.v5.2.0.dtd">

<source_file URI="adige20040907_id405598.txt" SOURCE="unknown" TYPE="text" VERSION="5.0" AUTHOR="Evalita" ENCODING="UTF-8">
  <document DOCID="adige20040907_id405598">
    <entity ID="adige20040907_id405598-E1" TYPE="PER" SUBTYPE="Group" CLASS="SPC">
      <entity_mention ID="adige20040907_id405598-E1-1" TYPE="NOM" PRIMARY="true" METONYMY_MENTION="FALSE">
        <extent>
          <charseq START="440" END="509">dell'undici di Prandi, vittorioso quattro a zero sul campo di Cavrasto</charseq>
        </extent>
        <head>
          <charseq START="445" END="450">undici</charseq>
        </head>
      </entity_mention>
      <entity_mention ID="adige20040907_id405598-E1-2" TYPE="NOM" PRIMARY="false" METONYMY_MENTION="FALSE">
        <extent>
          <charseq START="162" END="189">La formazione di Rudy Prandi</charseq>
        </extent>
        <head>
          <charseq START="165" END="174">formazione</charseq>
        </head>
      </entity_mention>
    </entity>
    <entity ID="adige20040907_id405598-E2" TYPE="PER" SUBTYPE="Individual" CLASS="SPC">
      <entity_mention ID="adige20040907_id405598-E2-1" TYPE="NAM" PRIMARY="true" METONYMY_MENTION="FALSE">
        <extent>
          <charseq START="455" END="460">Prandi</charseq>
        </extent>
        <head>
          <charseq START="455" END="460">Prandi</charseq>
        </head>
      </entity_mention>
      <entity_mention ID="adige20040907_id405598-E2-2" TYPE="NAM" PRIMARY="false" METONYMY_MENTION="FALSE">
        <extent>
          <charseq START="179" END="189">Rudy Prandi</charseq>
        </extent>
        <head>
          <charseq START="179" END="189">Rudy Prandi</charseq>
        </head>
      </entity_mention>
      <entity_attributes>
        <name NAME="Prandi">
          <charseq START="455" END="460">Prandi</charseq>
        </name>
        <name NAME="Rudy Prandi">
          <charseq START="179" END="189">Rudy Prandi</charseq>
        </name>
      </entity_attributes>
    </entity>
    <entity ID="adige20040907_id405598-E3" TYPE="PER" SUBTYPE="Individual" CLASS="SPC">
      <entity_mention ID="adige20040907_id405598-E3-1" TYPE="NAM" PRIMARY="true" METONYMY_MENTION="FALSE">
        <extent>
          <charseq START="674" END="686">Alberto Betta</charseq>
        </extent>
        <head>
          <charseq START="674" END="686">Alberto Betta</charseq>
        </head>
      </entity_mention>
      <entity_attributes>
        <name NAME="Alberto Betta">
          <charseq START="674" END="686">Alberto Betta</charseq>
        </name>
      </entity_attributes>
    </entity>
    <entity ID="adige20040907_id405598-E4" TYPE="PER" SUBTYPE="Individual" CLASS="SPC">
      <entity_mention ID="adige20040907_id405598-E4-1" TYPE="NAM" PRIMARY="true" METONYMY_MENTION="FALSE">
        <extent>
          <charseq START="941" END="946">Flores</charseq>
        </extent>
        <head>
          <charseq START="941" END="946">Flores</charseq>
        </head>
      </entity_mention>
      <entity_attributes>
        <name NAME="Flores">
          <charseq START="941" END="946">Flores</charseq>
        </name>
      </entity_attributes>
    </entity>
    <entity ID="adige20040907_id405598-E5" TYPE="PER" SUBTYPE="Group" CLASS="SPC">
      <entity_mention ID="adige20040907_id405598-E5-1" TYPE="NAM" PRIMARY="true" METONYMY_MENTION="FALSE">
        <extent>
          <charseq START="950" END="955">Fabbri</charseq>
        </extent>
        <head>
          <charseq START="950" END="955">Fabbri</charseq>
        </head>
      </entity_mention>
      <entity_attributes>
        <name NAME="Fabbri">
          <charseq START="950" END="955">Fabbri</charseq>
        </name>
      </entity_attributes>
    </entity>
    <entity ID="adige20040907_id405598-E6" TYPE="PER" SUBTYPE="Group" CLASS="SPC">
      <entity_mention ID="adige20040907_id405598-E6-1" TYPE="NAM" PRIMARY="true" METONYMY_MENTION="FALSE">
        <extent>
          <charseq START="941" END="955">Flores e Fabbri</charseq>
        </extent>
        <head>
          <charseq START="941" END="955">Flores e Fabbri</charseq>
        </head>
      </entity_mention>
      <entity_attributes>
        <name NAME="Flores e Fabbri">
          <charseq START="941" END="955">Flores e Fabbri</charseq>
        </name>
      </entity_attributes>
    </entity>
    <entity ID="adige20040907_id405598-E7" TYPE="PER" SUBTYPE="Individual" CLASS="SPC">
      <entity_mention ID="adige20040907_id405598-E7-1" TYPE="NAM" PRIMARY="true" METONYMY_MENTION="FALSE">
        <extent>
          <charseq START="1169" END="1180">Luca Giunchi</charseq>
        </extent>
        <head>
          <charseq START="1169" END="1180">Luca Giunchi</charseq>
        </head>
      </entity_mention>
      <entity_attributes>
        <name NAME="Luca Giunchi">
          <charseq START="1169" END="1180">Luca Giunchi</charseq>
        </name>
      </entity_attributes>
    </entity>
    <entity ID="adige20040907_id405598-E8" TYPE="PER" SUBTYPE="Individual" CLASS="SPC">
      <entity_mention ID="adige20040907_id405598-E8-1" TYPE="NAM" PRIMARY="true" METONYMY_MENTION="FALSE">
        <extent>
          <charseq START="1211" END="1220">Kaisermann</charseq>
        </extent>
        <head>
          <charseq START="1211" END="1220">Kaisermann</charseq>
        </head>
      </entity_mention>
      <entity_mention ID="adige20040907_id405598-E8-2" TYPE="NOM" PRIMARY="false" METONYMY_MENTION="FALSE">
        <extent>
          <charseq START="1204" END="1209">del ds</charseq>
        </extent>
        <head>
          <charseq START="1208" END="1209">ds</charseq>
        </head>
      </entity_mention>
      <entity_mention ID="adige20040907_id405598-E8-3" TYPE="NOM" PRIMARY="false" METONYMY_MENTION="FALSE">
        <extent>
          <charseq START="1204" END="1220">del ds Kaisermann</charseq>
        </extent>
        <head>
          <charseq START="1204" END="1220">del ds Kaisermann</charseq>
        </head>
      </entity_mention>
      <entity_attributes>
        <name NAME="Kaisermann">
          <charseq START="1211" END="1220">Kaisermann</charseq>
        </name>
      </entity_attributes>
    </entity>
    <entity ID="adige20040907_id405598-E9" TYPE="PER" SUBTYPE="Individual" CLASS="SPC">
      <entity_mention ID="adige20040907_id405598-E9-1" TYPE="NAM" PRIMARY="true" METONYMY_MENTION="FALSE">
        <extent>
          <charseq START="1338" END="1345">Borghesi</charseq>
        </extent>
        <head>
          <charseq START="1338" END="1345">Borghesi</charseq>
        </head>
      </entity_mention>
      <entity_attributes>
        <name NAME="Borghesi">
          <charseq START="1338" END="1345">Borghesi</charseq>
        </name>
      </entity_attributes>
    </entity>
    <entity ID="adige20040907_id405598-E10" TYPE="PER" SUBTYPE="Individual" CLASS="SPC">
      <entity_mention ID="adige20040907_id405598-E10-1" TYPE="NAM" PRIMARY="true" METONYMY_MENTION="FALSE">
        <extent>
          <charseq START="1349" END="1353">Fante</charseq>
        </extent>
        <head>
          <charseq START="1349" END="1353">Fante</charseq>
        </head>
      </entity_mention>
      <entity_attributes>
        <name NAME="Fante">
          <charseq START="1349" END="1353">Fante</charseq>
        </name>
      </entity_attributes>
    </entity>
    <entity ID="adige20040907_id405598-E12" TYPE="PER" SUBTYPE="Group" CLASS="SPC">
      <entity_mention ID="adige20040907_id405598-E12-1" TYPE="NAM" PRIMARY="true" METONYMY_MENTION="TRUE">
        <extent>
          <charseq START="1338" END="1353">Borghesi e Fante</charseq>
        </extent>
        <head>
          <charseq START="1338" END="1353">Borghesi e Fante</charseq>
        </head>
      </entity_mention>
      <entity_mention ID="adige20040907_id405598-E12-2" TYPE="NOM" PRIMARY="false" METONYMY_MENTION="FALSE">
        <extent>
          <charseq START="1355" END="1383">i marcatori per i giallorossi</charseq>
        </extent>
        <head>
          <charseq START="1357" END="1365">marcatori</charseq>
        </head>
      </entity_mention>
      <entity_mention ID="adige20040907_id405598-E12-3" TYPE="NAM" PRIMARY="false" METONYMY_MENTION="FALSE">
        <extent>
          <charseq START="1338" END="1383">Borghesi e Fante i marcatori per i giallorossi</charseq>
        </extent>
        <head>
          <charseq START="1338" END="1383">Borghesi e Fante i marcatori per i giallorossi</charseq>
        </head>
      </entity_mention>
      <entity_attributes>
        <name NAME="Borghesi e Fante">
          <charseq START="1338" END="1353">Borghesi e Fante</charseq>
        </name>
        <name NAME="Borghesi e Fante i marcatori per i giallorossi">
          <charseq START="1338" END="1383">Borghesi e Fante i marcatori per i giallorossi</charseq>
        </name>
      </entity_attributes>
    </entity>
    <entity ID="adige20040907_id405598-E13" TYPE="PER" SUBTYPE="Individual" CLASS="SPC">
      <entity_mention ID="adige20040907_id405598-E13-1" TYPE="NAM" PRIMARY="true" METONYMY_MENTION="FALSE">
        <extent>
          <charseq START="1475" END="1482">Agostini</charseq>
        </extent>
        <head>
          <charseq START="1475" END="1482">Agostini</charseq>
        </head>
      </entity_mention>
      <entity_attributes>
        <name NAME="Agostini">
          <charseq START="1475" END="1482">Agostini</charseq>
        </name>
      </entity_attributes>
    </entity>
    <entity ID="adige20040907_id405598-E14" TYPE="PER" SUBTYPE="Individual" CLASS="SPC">
      <entity_mention ID="adige20040907_id405598-E14-1" TYPE="NAM" PRIMARY="true" METONYMY_MENTION="FALSE">
        <extent>
          <charseq START="1497" END="1502">Brusco</charseq>
        </extent>
        <head>
          <charseq START="1497" END="1502">Brusco</charseq>
        </head>
      </entity_mention>
      <entity_attributes>
        <name NAME="Brusco">
          <charseq START="1497" END="1502">Brusco</charseq>
        </name>
      </entity_attributes>
    </entity>
    <entity ID="adige20040907_id405598-E15" TYPE="PER" SUBTYPE="Individual" CLASS="SPC">
      <entity_mention ID="adige20040907_id405598-E15-1" TYPE="NAM" PRIMARY="true" METONYMY_MENTION="FALSE">
        <extent>
          <charseq START="1649" END="1653">Campo</charseq>
        </extent>
        <head>
          <charseq START="1649" END="1653">Campo</charseq>
        </head>
      </entity_mention>
      <entity_mention ID="adige20040907_id405598-E15-2" TYPE="NOM" PRIMARY="false" METONYMY_MENTION="FALSE">
        <extent>
          <charseq START="1656" END="1678">autore di una doppietta</charseq>
        </extent>
        <head>
          <charseq START="1656" END="1661">autore</charseq>
        </head>
      </entity_mention>
      <entity_attributes>
        <name NAME="Campo">
          <charseq START="1649" END="1653">Campo</charseq>
        </name>
      </entity_attributes>
    </entity>
    <entity ID="adige20040907_id405598-E16" TYPE="PER" SUBTYPE="Individual" CLASS="SPC">
      <entity_mention ID="adige20040907_id405598-E16-1" TYPE="NAM" PRIMARY="true" METONYMY_MENTION="FALSE">
        <extent>
          <charseq START="1713" END="1728">Franco Pistolato</charseq>
        </extent>
        <head>
          <charseq START="1713" END="1728">Franco Pistolato</charseq>
        </head>
      </entity_mention>
      <entity_mention ID="adige20040907_id405598-E16-2" TYPE="NOM" PRIMARY="false" METONYMY_MENTION="FALSE">
        <extent>
          <charseq START="1731" END="1762">allenatore dell'Alta Vallagarina</charseq>
        </extent>
        <head>
          <charseq START="1731" END="1740">allenatore</charseq>
        </head>
      </entity_mention>
      <entity_mention ID="adige20040907_id405598-E16-3" TYPE="NAM" PRIMARY="false" METONYMY_MENTION="FALSE">
        <extent>
          <charseq START="1713" END="1762">Franco Pistolato, allenatore dell'Alta Vallagarina</charseq>
        </extent>
        <head>
          <charseq START="1713" END="1762">Franco Pistolato, allenatore dell'Alta Vallagarina</charseq>
        </head>
      </entity_mention>
      <entity_mention ID="adige20040907_id405598-E16-4" TYPE="PRO" PRIMARY="false" METONYMY_MENTION="FALSE">
        <extent>
          <charseq START="1955" END="1956">le</charseq>
        </extent>
        <head>
          <charseq START="1955" END="1956">le</charseq>
        </head>
      </entity_mention>
      <entity_mention ID="adige20040907_id405598-E16-5" TYPE="PRO" PRIMARY="false" METONYMY_MENTION="FALSE">
        <extent>
          <charseq START="2028" END="2030">sua</charseq>
        </extent>
        <head>
          <charseq START="2028" END="2030">sua</charseq>
        </head>
      </entity_mention>
      <entity_mention ID="adige20040907_id405598-E16-6" TYPE="PRO" PRIMARY="false" METONYMY_MENTION="FALSE">
        <extent>
          <charseq START="2248" END="2249">mi</charseq>
        </extent>
        <head>
          <charseq START="2248" END="2249">mi</charseq>
        </head>
      </entity_mention>
      <entity_mention ID="adige20040907_id405598-E16-7" TYPE="PRO" PRIMARY="false" METONYMY_MENTION="FALSE">
        <extent>
          <charseq START="2571" END="2572">mi</charseq>
        </extent>
        <head>
          <charseq START="2571" END="2572">mi</charseq>
        </head>
      </entity_mention>
      <entity_attributes>
        <name NAME="Franco Pistolato">
          <charseq START="1713" END="1728">Franco Pistolato</charseq>
        </name>
        <name NAME="Franco Pistolato, allenatore dell'Alta Vallagarina">
          <charseq START="1713" END="1762">Franco Pistolato, allenatore dell'Alta Vallagarina</charseq>
        </name>
      </entity_attributes>
    </entity>
    <entity ID="adige20040907_id405598-E17" TYPE="ORG" SUBTYPE="Sports" CLASS="SPC">
      <entity_mention ID="adige20040907_id405598-E17-2" TYPE="NAM" PRIMARY="true" METONYMY_MENTION="FALSE">
        <extent>
          <charseq START="273" END="282">Promozione</charseq>
        </extent>
        <head>
          <charseq START="273" END="282">Promozione</charseq>
        </head>
      </entity_mention>
      <entity_mention ID="adige20040907_id405598-E17-4" TYPE="NAM" PRIMARY="false" METONYMY_MENTION="FALSE">
        <extent>
          <charseq START="0" END="9">PROMOZIONE</charseq>
        </extent>
        <head>
          <charseq START="0" END="9">PROMOZIONE</charseq>
        </head>
      </entity_mention>
      <entity_attributes>
        <name NAME="Promozione">
          <charseq START="273" END="282">Promozione</charseq>
        </name>
        <name NAME="PROMOZIONE">
          <charseq START="0" END="9">PROMOZIONE</charseq>
        </name>
      </entity_attributes>
    </entity>
    <entity ID="adige20040907_id405598-E18" TYPE="ORG" SUBTYPE="Sports" CLASS="SPC">
      <entity_mention ID="adige20040907_id405598-E18-2" TYPE="NAM" PRIMARY="true" METONYMY_MENTION="TRUE">
        <extent>
          <charseq START="343" END="356">Riva del Garda</charseq>
        </extent>
        <head>
          <charseq START="343" END="356">Riva del Garda</charseq>
        </head>
      </entity_mention>
      <entity_mention ID="adige20040907_id405598-E18-4" TYPE="NAM" PRIMARY="false" METONYMY_MENTION="TRUE">
        <extent>
          <charseq START="123" END="159">Riva del Garda, partenza con il botto</charseq>
        </extent>
        <head>
          <charseq START="123" END="136">Riva del Garda</charseq>
        </head>
      </entity_mention>
      <entity_attributes>
        <name NAME="Riva del Garda">
          <charseq START="343" END="356">Riva del Garda</charseq>
        </name>
        <name NAME="Riva del Garda">
          <charseq START="123" END="136">Riva del Garda</charseq>
        </name>
      </entity_attributes>
    </entity>
    <entity ID="adige20040907_id405598-E19" TYPE="ORG" SUBTYPE="Sports" CLASS="SPC">
      <entity_mention ID="adige20040907_id405598-E19-2" TYPE="NAM" PRIMARY="true" METONYMY_MENTION="FALSE">
        <extent>
          <charseq START="361" END="376">Alta Vallagarina</charseq>
        </extent>
        <head>
          <charseq START="361" END="376">Alta Vallagarina</charseq>
        </head>
      </entity_mention>
      <entity_mention ID="adige20040907_id405598-E19-4" TYPE="NAM" PRIMARY="false" METONYMY_MENTION="FALSE">
        <extent>
          <charseq START="537" END="635">dell'Alta Vallagarina che ha dovuto però vedersela con una squadra molto quotata quale la Condinese</charseq>
        </extent>
        <head>
          <charseq START="542" END="557">Alta Vallagarina</charseq>
        </head>
      </entity_mention>
      <entity_mention ID="adige20040907_id405598-E19-6" TYPE="PRO" PRIMARY="false" METONYMY_MENTION="FALSE">
        <extent>
          <charseq START="559" END="561">che</charseq>
        </extent>
        <head>
          <charseq START="559" END="561">che</charseq>
        </head>
      </entity_mention>
      <entity_mention ID="adige20040907_id405598-E19-8" TYPE="NAM" PRIMARY="false" METONYMY_MENTION="FALSE">
        <extent>
          <charseq START="1742" END="1762">dell'Alta Vallagarina</charseq>
        </extent>
        <head>
          <charseq START="1747" END="1762">Alta Vallagarina</charseq>
        </head>
      </entity_mention>
      <entity_mention ID="adige20040907_id405598-E19-10" TYPE="NOM" PRIMARY="false" METONYMY_MENTION="FALSE">
        <extent>
          <charseq START="2025" END="2038">la sua squadra</charseq>
        </extent>
        <head>
          <charseq START="2032" END="2038">squadra</charseq>
        </head>
      </entity_mention>
      <entity_mention ID="adige20040907_id405598-E19-12" TYPE="PRO" PRIMARY="false" METONYMY_MENTION="FALSE">
        <extent>
          <charseq START="2344" END="2346">Noi</charseq>
        </extent>
        <head>
          <charseq START="2344" END="2346">Noi</charseq>
        </head>
      </entity_mention>
      <entity_mention ID="adige20040907_id405598-E19-14" TYPE="NAM" PRIMARY="false" METONYMY_MENTION="FALSE">
        <extent>
          <charseq START="58" END="120">all'Alta Vallagarina, vittoriosa nel big match con la Condinese</charseq>
        </extent>
        <head>
          <charseq START="62" END="77">Alta Vallagarina</charseq>
        </head>
      </entity_mention>
      <entity_attributes>
        <name NAME="Alta Vallagarina">
          <charseq START="361" END="376">Alta Vallagarina</charseq>
        </name>
        <name NAME="Alta Vallagarina">
          <charseq START="542" END="557">Alta Vallagarina</charseq>
        </name>
        <name NAME="Alta Vallagarina">
          <charseq START="1747" END="1762">Alta Vallagarina</charseq>
        </name>
        <name NAME="Alta Vallagarina">
          <charseq START="62" END="77">Alta Vallagarina</charseq>
        </name>
      </entity_attributes>
    </entity>
    <entity ID="adige20040907_id405598-E20" TYPE="ORG" SUBTYPE="Sports" CLASS="SPC">
      <entity_mention ID="adige20040907_id405598-E20-2" TYPE="NAM" PRIMARY="true" METONYMY_MENTION="FALSE">
        <extent>
          <charseq START="343" END="376">Riva del Garda ed Alta Vallagarina</charseq>
        </extent>
        <head>
          <charseq START="343" END="376">Riva del Garda ed Alta Vallagarina</charseq>
        </head>
      </entity_mention>
      <entity_mention ID="adige20040907_id405598-E20-4" TYPE="NOM" PRIMARY="false" METONYMY_MENTION="FALSE">
        <extent>
          <charseq START="312" END="340">Le due favorite della vigilia</charseq>
        </extent>
        <head>
          <charseq START="319" END="326">favorite</charseq>
        </head>
      </entity_mention>
      <entity_mention ID="adige20040907_id405598-E20-6" TYPE="NOM" PRIMARY="false" METONYMY_MENTION="FALSE">
        <extent>
          <charseq START="312" END="376">Le due favorite della vigilia, Riva del Garda ed Alta Vallagarina</charseq>
        </extent>
        <head>
          <charseq START="312" END="376">Le due favorite della vigilia, Riva del Garda ed Alta Vallagarina</charseq>
        </head>
      </entity_mention>
      <entity_attributes>
        <name NAME="Riva del Garda ed Alta Vallagarina">
          <charseq START="343" END="376">Riva del Garda ed Alta Vallagarina</charseq>
        </name>
      </entity_attributes>
    </entity>
    <entity ID="adige20040907_id405598-E21" TYPE="ORG" SUBTYPE="Sports" CLASS="SPC">
      <entity_mention ID="adige20040907_id405598-E21-2" TYPE="NAM" PRIMARY="true" METONYMY_MENTION="FALSE">
        <extent>
          <charseq START="624" END="635">la Condinese</charseq>
        </extent>
        <head>
          <charseq START="627" END="635">Condinese</charseq>
        </head>
      </entity_mention>
      <entity_mention ID="adige20040907_id405598-E21-4" TYPE="NOM" PRIMARY="false" METONYMY_MENTION="FALSE">
        <extent>
          <charseq START="592" END="635">una squadra molto quotata quale la Condinese</charseq>
        </extent>
        <head>
          <charseq START="596" END="602">squadra</charseq>
        </head>
      </entity_mention>
      <entity_mention ID="adige20040907_id405598-E21-6" TYPE="NAM" PRIMARY="false" METONYMY_MENTION="FALSE">
        <extent>
          <charseq START="1821" END="1832">la Condinese</charseq>
        </extent>
        <head>
          <charseq START="1824" END="1832">Condinese</charseq>
        </head>
      </entity_mention>
      <entity_mention ID="adige20040907_id405598-E21-8" TYPE="NAM" PRIMARY="false" METONYMY_MENTION="FALSE">
        <extent>
          <charseq START="2235" END="2246">La Condinese</charseq>
        </extent>
        <head>
          <charseq START="2238" END="2246">Condinese</charseq>
        </head>
      </entity_mention>
      <entity_mention ID="adige20040907_id405598-E21-10" TYPE="PRO" PRIMARY="false" METONYMY_MENTION="FALSE">
        <extent>
          <charseq START="2194" END="2196">Chi</charseq>
        </extent>
        <head>
          <charseq START="2194" END="2196">Chi</charseq>
        </head>
      </entity_mention>
      <entity_mention ID="adige20040907_id405598-E21-12" TYPE="NAM" PRIMARY="false" METONYMY_MENTION="FALSE">
        <extent>
          <charseq START="109" END="120">la Condinese</charseq>
        </extent>
        <head>
          <charseq START="112" END="120">Condinese</charseq>
        </head>
      </entity_mention>
      <entity_attributes>
        <name NAME="Condinese">
          <charseq START="627" END="635">Condinese</charseq>
        </name>
        <name NAME="Condinese">
          <charseq START="1824" END="1832">Condinese</charseq>
        </name>
        <name NAME="Condinese">
          <charseq START="2238" END="2246">Condinese</charseq>
        </name>
        <name NAME="Condinese">
          <charseq START="112" END="120">Condinese</charseq>
        </name>
      </entity_attributes>
    </entity>
    <entity ID="adige20040907_id405598-E22" TYPE="ORG" SUBTYPE="Sports" CLASS="SPC">
      <entity_mention ID="adige20040907_id405598-E22-2" TYPE="NAM" PRIMARY="true" METONYMY_MENTION="TRUE">
        <extent>
          <charseq START="657" END="770">il Villazzano di Alberto Betta che a Gabbiolo impiega poco più di dieci minuti per archiviare la pratica La Rovere</charseq>
        </extent>
        <head>
          <charseq START="660" END="669">Villazzano</charseq>
        </head>
      </entity_mention>
      <entity_mention ID="adige20040907_id405598-E22-4" TYPE="PRO" PRIMARY="false" METONYMY_MENTION="FALSE">
        <extent>
          <charseq START="688" END="690">che</charseq>
        </extent>
        <head>
          <charseq START="688" END="690">che</charseq>
        </head>
      </entity_mention>
      <entity_attributes>
        <name NAME="Villazzano">
          <charseq START="660" END="669">Villazzano</charseq>
        </name>
      </entity_attributes>
    </entity>
    <entity ID="adige20040907_id405598-E23" TYPE="ORG" SUBTYPE="Sports" CLASS="SPC">
      <entity_mention ID="adige20040907_id405598-E23-2" TYPE="NAM" PRIMARY="true" METONYMY_MENTION="FALSE">
        <extent>
          <charseq START="762" END="770">La Rovere</charseq>
        </extent>
        <head>
          <charseq START="762" END="770">La Rovere</charseq>
        </head>
      </entity_mention>
      <entity_attributes>
        <name NAME="La Rovere">
          <charseq START="762" END="770">La Rovere</charseq>
        </name>
      </entity_attributes>
    </entity>
    <entity ID="adige20040907_id405598-E24" TYPE="PER" SUBTYPE="Individual" CLASS="SPC">
      <entity_mention ID="adige20040907_id405598-E24-2" TYPE="NAM" PRIMARY="true" METONYMY_MENTION="FALSE">
        <extent>
          <charseq START="803" END="809">Fontana</charseq>
        </extent>
        <head>
          <charseq START="803" END="809">Fontana</charseq>
        </head>
      </entity_mention>
      <entity_attributes>
        <name NAME="Fontana">
          <charseq START="803" END="809">Fontana</charseq>
        </name>
      </entity_attributes>
    </entity>
    <entity ID="adige20040907_id405598-E25" TYPE="PER" SUBTYPE="Individual" CLASS="SPC">
      <entity_mention ID="adige20040907_id405598-E25-2" TYPE="NAM" PRIMARY="true" METONYMY_MENTION="FALSE">
        <extent>
          <charseq START="828" END="835">Floriani</charseq>
        </extent>
        <head>
          <charseq START="828" END="835">Floriani</charseq>
        </head>
      </entity_mention>
      <entity_attributes>
        <name NAME="Floriani">
          <charseq START="828" END="835">Floriani</charseq>
        </name>
      </entity_attributes>
    </entity>
    <entity ID="adige20040907_id405598-E26" TYPE="PER" SUBTYPE="Individual" CLASS="SPC">
      <entity_mention ID="adige20040907_id405598-E26-2" TYPE="NAM" PRIMARY="true" METONYMY_MENTION="FALSE">
        <extent>
          <charseq START="865" END="874">Bevilacqua</charseq>
        </extent>
        <head>
          <charseq START="865" END="874">Bevilacqua</charseq>
        </head>
      </entity_mention>
      <entity_attributes>
        <name NAME="Bevilacqua">
          <charseq START="865" END="874">Bevilacqua</charseq>
        </name>
      </entity_attributes>
    </entity>
    <entity ID="adige20040907_id405598-E27" TYPE="ORG" SUBTYPE="Sports" CLASS="SPC">
      <entity_mention ID="adige20040907_id405598-E27-2" TYPE="NAM" PRIMARY="true" METONYMY_MENTION="FALSE">
        <extent>
          <charseq START="888" END="1063">la neo promossa Azzurra che grazie alle marcature di Flores e Fabbri mette a segno a Cavalese quella che può forse essere considerata come la sorpresa principale della giornata</charseq>
        </extent>
        <head>
          <charseq START="904" END="910">Azzurra</charseq>
        </head>
      </entity_mention>
      <entity_mention ID="adige20040907_id405598-E27-4" TYPE="PRO" PRIMARY="false" METONYMY_MENTION="FALSE">
        <extent>
          <charseq START="912" END="914">che</charseq>
        </extent>
        <head>
          <charseq START="912" END="914">che</charseq>
        </head>
      </entity_mention>
      <entity_attributes>
        <name NAME="Azzurra">
          <charseq START="904" END="910">Azzurra</charseq>
        </name>
      </entity_attributes>
    </entity>
    <entity ID="adige20040907_id405598-E28" TYPE="ORG" SUBTYPE="Sports" CLASS="SPC">
      <entity_mention ID="adige20040907_id405598-E28-2" TYPE="NAM" PRIMARY="true" METONYMY_MENTION="FALSE">
        <extent>
          <charseq START="1128" END="1136">il Fiemme</charseq>
        </extent>
        <head>
          <charseq START="1131" END="1136">Fiemme</charseq>
        </head>
      </entity_mention>
      <entity_attributes>
        <name NAME="Fiemme">
          <charseq START="1131" END="1136">Fiemme</charseq>
        </name>
      </entity_attributes>
    </entity>
    <entity ID="adige20040907_id405598-E29" TYPE="ORG" SUBTYPE="Sports" CLASS="SPC">
      <entity_mention ID="adige20040907_id405598-E29-2" TYPE="NAM" PRIMARY="true" METONYMY_MENTION="TRUE">
        <extent>
          <charseq START="1183" END="1220">Il nuovissimo Aldeno del ds Kaisermann</charseq>
        </extent>
        <head>
          <charseq START="1197" END="1202">Aldeno</charseq>
        </head>
      </entity_mention>
      <entity_mention ID="adige20040907_id405598-E29-4" TYPE="NOM" PRIMARY="false" METONYMY_MENTION="FALSE">
        <extent>
          <charseq START="1371" END="1383">i giallorossi</charseq>
        </extent>
        <head>
          <charseq START="1373" END="1383">giallorossi</charseq>
        </head>
      </entity_mention>
      <entity_attributes>
        <name NAME="Aldeno">
          <charseq START="1197" END="1202">Aldeno</charseq>
        </name>
      </entity_attributes>
    </entity>
    <entity ID="adige20040907_id405598-E30" TYPE="ORG" SUBTYPE="Sports" CLASS="SPC">
      <entity_mention ID="adige20040907_id405598-E30-2" TYPE="NAM" PRIMARY="true" METONYMY_MENTION="FALSE">
        <extent>
          <charseq START="1319" END="1335">del Calcio Chiese</charseq>
        </extent>
        <head>
          <charseq START="1323" END="1335">Calcio Chiese</charseq>
        </head>
      </entity_mention>
      <entity_attributes>
        <name NAME="Calcio Chiese">
          <charseq START="1323" END="1335">Calcio Chiese</charseq>
        </name>
      </entity_attributes>
    </entity>
    <entity ID="adige20040907_id405598-E31" TYPE="ORG" SUBTYPE="Sports" CLASS="SPC">
      <entity_mention ID="adige20040907_id405598-E31-2" TYPE="NAM" PRIMARY="true" METONYMY_MENTION="TRUE">
        <extent>
          <charseq START="1404" END="1459">del Levico Terme, fermato sul pareggio dalla Monte Baldo</charseq>
        </extent>
        <head>
          <charseq START="1408" END="1419">Levico Terme</charseq>
        </head>
      </entity_mention>
      <entity_attributes>
        <name NAME="Levico Terme">
          <charseq START="1408" END="1419">Levico Terme</charseq>
        </name>
      </entity_attributes>
    </entity>
    <entity ID="adige20040907_id405598-E32" TYPE="ORG" SUBTYPE="Sports" CLASS="SPC">
      <entity_mention ID="adige20040907_id405598-E32-2" TYPE="NAM" PRIMARY="true" METONYMY_MENTION="FALSE">
        <extent>
          <charseq START="1443" END="1459">dalla Monte Baldo</charseq>
        </extent>
        <head>
          <charseq START="1449" END="1459">Monte Baldo</charseq>
        </head>
      </entity_mention>
      <entity_attributes>
        <name NAME="Monte Baldo">
          <charseq START="1449" END="1459">Monte Baldo</charseq>
        </name>
      </entity_attributes>
    </entity>
    <entity ID="adige20040907_id405598-E33" TYPE="ORG" SUBTYPE="Sports" CLASS="SPC">
      <entity_mention ID="adige20040907_id405598-E33-2" TYPE="NAM" PRIMARY="true" METONYMY_MENTION="FALSE">
        <extent>
          <charseq START="1542" END="1553">la Rotaliana</charseq>
        </extent>
        <head>
          <charseq START="1545" END="1553">Rotaliana</charseq>
        </head>
      </entity_mention>
      <entity_attributes>
        <name NAME="Rotaliana">
          <charseq START="1545" END="1553">Rotaliana</charseq>
        </name>
      </entity_attributes>
    </entity>
    <entity ID="adige20040907_id405598-E34" TYPE="ORG" SUBTYPE="Sports" CLASS="SPC">
      <entity_mention ID="adige20040907_id405598-E34-2" TYPE="NAM" PRIMARY="true" METONYMY_MENTION="TRUE">
        <extent>
          <charseq START="1555" END="1561">sul Dro</charseq>
        </extent>
        <head>
          <charseq START="1559" END="1561">Dro</charseq>
        </head>
      </entity_mention>
      <entity_attributes>
        <name NAME="Dro">
          <charseq START="1559" END="1561">Dro</charseq>
        </name>
      </entity_attributes>
    </entity>
    <entity ID="adige20040907_id405598-E35" TYPE="ORG" SUBTYPE="Sports" CLASS="SPC">
      <entity_mention ID="adige20040907_id405598-E35-2" TYPE="NAM" PRIMARY="true" METONYMY_MENTION="FALSE">
        <extent>
          <charseq START="1589" END="1599">del Predaia</charseq>
        </extent>
        <head>
          <charseq START="1593" END="1599">Predaia</charseq>
        </head>
      </entity_mention>
      <entity_mention ID="adige20040907_id405598-E35-3" TYPE="NOM" PRIMARY="false" METONYMY_MENTION="FALSE">
        <extent>
          <charseq START="1571" END="1599">i padroni di casa del Predaia</charseq>
        </extent>
        <head>
          <charseq START="1573" END="1579">padroni</charseq>
        </head>
      </entity_mention>
      <entity_attributes>
        <name NAME="Predaia">
          <charseq START="1593" END="1599">Predaia</charseq>
        </name>
      </entity_attributes>
    </entity>
    <entity ID="adige20040907_id405598-E36" TYPE="ORG" SUBTYPE="Sports" CLASS="SPC">
      <entity_mention ID="adige20040907_id405598-E36-2" TYPE="NAM" PRIMARY="true" METONYMY_MENTION="FALSE">
        <extent>
          <charseq START="2588" END="2604">il Calcio Bleggio</charseq>
        </extent>
        <head>
          <charseq START="2591" END="2604">Calcio Bleggio</charseq>
        </head>
      </entity_mention>
      <entity_mention ID="adige20040907_id405598-E36-4" TYPE="NAM" PRIMARY="false" METONYMY_MENTION="FALSE">
        <extent>
          <charseq START="211" END="227">al Calcio Bleggio</charseq>
        </extent>
        <head>
          <charseq START="214" END="227">Calcio Bleggio</charseq>
        </head>
      </entity_mention>
      <entity_attributes>
        <name NAME="Calcio Bleggio">
          <charseq START="2591" END="2604">Calcio Bleggio</charseq>
        </name>
        <name NAME="Calcio Bleggio">
          <charseq START="214" END="227">Calcio Bleggio</charseq>
        </name>
      </entity_attributes>
    </entity>
    <entity ID="adige20040907_id405598-E37" TYPE="GPE" SUBTYPE="Population-Center" CLASS="SPC">
      <entity_mention ID="adige20040907_id405598-E37-1" TYPE="NAM" PRIMARY="true" ROLE="LOC" METONYMY_MENTION="FALSE">
        <extent>
          <charseq START="231" END="236">TRENTO</charseq>
        </extent>
        <head>
          <charseq START="231" END="236">TRENTO</charseq>
        </head>
      </entity_mention>
      <entity_attributes>
        <name NAME="TRENTO">
          <charseq START="231" END="236">TRENTO</charseq>
        </name>
      </entity_attributes>
    </entity>
    <entity ID="adige20040907_id405598-E38" TYPE="GPE" SUBTYPE="Population-Center" CLASS="SPC">
      <entity_mention ID="adige20040907_id405598-E38-1" TYPE="NAM" PRIMARY="true" ROLE="LOC" METONYMY_MENTION="FALSE">
        <extent>
          <charseq START="973" END="980">Cavalese</charseq>
        </extent>
        <head>
          <charseq START="973" END="980">Cavalese</charseq>
        </head>
      </entity_mention>
      <entity_attributes>
        <name NAME="Cavalese">
          <charseq START="973" END="980">Cavalese</charseq>
        </name>
      </entity_attributes>
    </entity>
    <entity ID="adige20040907_id405598-E39" TYPE="GPE" SUBTYPE="Population-Center" CLASS="SPC">
      <entity_mention ID="adige20040907_id405598-E39-1" TYPE="NAM" PRIMARY="true" ROLE="LOC" METONYMY_MENTION="FALSE">
        <extent>
          <charseq START="1566" END="1569">Taio</charseq>
        </extent>
        <head>
          <charseq START="1566" END="1569">Taio</charseq>
        </head>
      </entity_mention>
      <entity_attributes>
        <name NAME="Taio">
          <charseq START="1566" END="1569">Taio</charseq>
        </name>
      </entity_attributes>
    </entity>
    <entity ID="adige20040907_id405598-E40" TYPE="GPE" SUBTYPE="Population-Center" CLASS="SPC">
      <entity_mention ID="adige20040907_id405598-E40-1" TYPE="NAM" PRIMARY="true" ROLE="GPE" METONYMY_MENTION="FALSE">
        <extent>
          <charseq START="502" END="509">Cavrasto</charseq>
        </extent>
        <head>
          <charseq START="502" END="509">Cavrasto</charseq>
        </head>
      </entity_mention>
      <entity_attributes>
        <name NAME="Cavrasto">
          <charseq START="502" END="509">Cavrasto</charseq>
        </name>
      </entity_attributes>
    </entity>
  </document>
</source_file>
