<?xml version="1.0" encoding="UTF-8"?>
<!DOCTYPE source_file PUBLIC "SYSTEM" "apf.v5.2.0.dtd">

<source_file URI="adige20040907_id405588.txt" SOURCE="unknown" TYPE="text" VERSION="5.0" AUTHOR="Evalita" ENCODING="UTF-8">
  <document DOCID="adige20040907_id405588">
    <entity ID="adige20040907_id405588-E2" TYPE="PER" SUBTYPE="Indefinite" CLASS="USP">
      <entity_mention ID="adige20040907_id405588-E2-2" TYPE="PRO" PRIMARY="true" METONYMY_MENTION="FALSE">
        <extent>
          <charseq START="338" END="339">io</charseq>
        </extent>
        <head>
          <charseq START="338" END="339">io</charseq>
        </head>
      </entity_mention>
    </entity>
    <entity ID="adige20040907_id405588-E4" TYPE="PER" SUBTYPE="Individual" CLASS="SPC">
      <entity_mention ID="adige20040907_id405588-E4-2" TYPE="NAM" PRIMARY="true" METONYMY_MENTION="FALSE">
        <extent>
          <charseq START="626" END="647">il veronese Migliorini</charseq>
        </extent>
        <head>
          <charseq START="638" END="647">Migliorini</charseq>
        </head>
      </entity_mention>
      <entity_mention ID="adige20040907_id405588-E4-4" TYPE="NAM" PRIMARY="false" METONYMY_MENTION="FALSE">
        <extent>
          <charseq START="239" END="244">Gianni</charseq>
        </extent>
        <head>
          <charseq START="239" END="244">Gianni</charseq>
        </head>
      </entity_mention>
      <entity_mention ID="adige20040907_id405588-E4-6" TYPE="NOM" PRIMARY="false" METONYMY_MENTION="FALSE">
        <extent>
          <charseq START="650" END="681">ex ritrovato con gusto e affetto</charseq>
        </extent>
        <head>
          <charseq START="650" END="651">ex</charseq>
        </head>
      </entity_mention>
      <entity_mention ID="adige20040907_id405588-E4-8" TYPE="NAM" PRIMARY="false" METONYMY_MENTION="FALSE">
        <extent>
          <charseq START="626" END="681">il veronese Migliorini, ex ritrovato con gusto e affetto</charseq>
        </extent>
        <head>
          <charseq START="626" END="681">il veronese Migliorini, ex ritrovato con gusto e affetto</charseq>
        </head>
      </entity_mention>
      <entity_mention ID="adige20040907_id405588-E4-10" TYPE="NAM" PRIMARY="false" METONYMY_MENTION="FALSE">
        <extent>
          <charseq START="711" END="731">il "Miglio" aquilotto</charseq>
        </extent>
        <head>
          <charseq START="715" END="720">Miglio</charseq>
        </head>
      </entity_mention>
      <entity_mention ID="adige20040907_id405588-E4-12" TYPE="PRO" PRIMARY="false" METONYMY_MENTION="FALSE">
        <extent>
          <charseq START="781" END="783">sue</charseq>
        </extent>
        <head>
          <charseq START="781" END="783">sue</charseq>
        </head>
      </entity_mention>
      <entity_mention ID="adige20040907_id405588-E4-14" TYPE="NAM" PRIMARY="false" METONYMY_MENTION="FALSE">
        <extent>
          <charseq START="803" END="808">Gianni</charseq>
        </extent>
        <head>
          <charseq START="803" END="808">Gianni</charseq>
        </head>
      </entity_mention>
      <entity_mention ID="adige20040907_id405588-E4-16" TYPE="PRO" PRIMARY="false" METONYMY_MENTION="FALSE">
        <extent>
          <charseq START="1174" END="1181">uno così</charseq>
        </extent>
        <head>
          <charseq START="1174" END="1176">uno</charseq>
        </head>
      </entity_mention>
      <entity_mention ID="adige20040907_id405588-E4-18" TYPE="NOM" PRIMARY="false" METONYMY_MENTION="FALSE">
        <extent>
          <charseq START="1224" END="1276">un uomo di 33 anni con i piedi ben piantati per terra</charseq>
        </extent>
        <head>
          <charseq START="1227" END="1230">uomo</charseq>
        </head>
      </entity_mention>
      <entity_mention ID="adige20040907_id405588-E4-20" TYPE="PRO" PRIMARY="false" METONYMY_MENTION="FALSE">
        <extent>
          <charseq START="1803" END="1804">me</charseq>
        </extent>
        <head>
          <charseq START="1803" END="1804">me</charseq>
        </head>
      </entity_mention>
      <entity_mention ID="adige20040907_id405588-E4-22" TYPE="PRO" PRIMARY="false" METONYMY_MENTION="FALSE">
        <extent>
          <charseq START="1944" END="1945">mi</charseq>
        </extent>
        <head>
          <charseq START="1944" END="1945">mi</charseq>
        </head>
      </entity_mention>
      <entity_mention ID="adige20040907_id405588-E4-24" TYPE="PRO" PRIMARY="false" METONYMY_MENTION="FALSE">
        <extent>
          <charseq START="1963" END="1971">facendomi</charseq>
        </extent>
        <head>
          <charseq START="1970" END="1971">mi</charseq>
        </head>
      </entity_mention>
      <entity_mention ID="adige20040907_id405588-E4-26" TYPE="PRO" PRIMARY="false" METONYMY_MENTION="FALSE">
        <extent>
          <charseq START="1995" END="1996">mi</charseq>
        </extent>
        <head>
          <charseq START="1995" END="1996">mi</charseq>
        </head>
      </entity_mention>
      <entity_mention ID="adige20040907_id405588-E4-28" TYPE="NAM" PRIMARY="false" METONYMY_MENTION="FALSE">
        <extent>
          <charseq START="2074" END="2083">Migliorini</charseq>
        </extent>
        <head>
          <charseq START="2074" END="2083">Migliorini</charseq>
        </head>
      </entity_mention>
      <entity_mention ID="adige20040907_id405588-E4-30" TYPE="NAM" PRIMARY="false" METONYMY_MENTION="FALSE">
        <extent>
          <charseq START="2866" END="2875">Migliorini</charseq>
        </extent>
        <head>
          <charseq START="2866" END="2875">Migliorini</charseq>
        </head>
      </entity_mention>
      <entity_mention ID="adige20040907_id405588-E4-32" TYPE="NAM" PRIMARY="false" METONYMY_MENTION="FALSE">
        <extent>
          <charseq START="3172" END="3181">Migliorini</charseq>
        </extent>
        <head>
          <charseq START="3172" END="3181">Migliorini</charseq>
        </head>
      </entity_mention>
      <entity_mention ID="adige20040907_id405588-E4-34" TYPE="NAM" PRIMARY="false" METONYMY_MENTION="FALSE">
        <extent>
          <charseq START="90" END="99">Migliorini</charseq>
        </extent>
        <head>
          <charseq START="90" END="99">Migliorini</charseq>
        </head>
      </entity_mention>
      <entity_mention ID="adige20040907_id405588-E4-36" TYPE="NOM" PRIMARY="false" METONYMY_MENTION="FALSE">
        <extent>
          <charseq START="113" END="131">del figliol prodigo</charseq>
        </extent>
        <head>
          <charseq START="117" END="123">figliol</charseq>
        </head>
      </entity_mention>
      <entity_mention ID="adige20040907_id405588-E4-38" TYPE="NOM" PRIMARY="false" METONYMY_MENTION="FALSE">
        <extent>
          <charseq START="64" END="87">del giocatore di qualità</charseq>
        </extent>
        <head>
          <charseq START="68" END="76">giocatore</charseq>
        </head>
      </entity_mention>
      <entity_mention ID="adige20040907_id405588-E4-40" TYPE="NOM" PRIMARY="false" METONYMY_MENTION="FALSE">
        <extent>
          <charseq START="134" END="144">Il veronese</charseq>
        </extent>
        <head>
          <charseq START="137" END="144">veronese</charseq>
        </head>
      </entity_mention>
      <entity_mention ID="adige20040907_id405588-E4-42" TYPE="NOM" PRIMARY="false" METONYMY_MENTION="FALSE">
        <extent>
          <charseq START="1854" END="1866">un calciatore</charseq>
        </extent>
        <head>
          <charseq START="1857" END="1866">calciatore</charseq>
        </head>
      </entity_mention>
      <entity_attributes>
        <name NAME="Migliorini">
          <charseq START="638" END="647">Migliorini</charseq>
        </name>
        <name NAME="Gianni">
          <charseq START="239" END="244">Gianni</charseq>
        </name>
        <name NAME="il veronese Migliorini, ex ritrovato con gusto e affetto">
          <charseq START="626" END="681">il veronese Migliorini, ex ritrovato con gusto e affetto</charseq>
        </name>
        <name NAME="Miglio">
          <charseq START="715" END="720">Miglio</charseq>
        </name>
        <name NAME="Gianni">
          <charseq START="803" END="808">Gianni</charseq>
        </name>
        <name NAME="Migliorini">
          <charseq START="2074" END="2083">Migliorini</charseq>
        </name>
        <name NAME="Migliorini">
          <charseq START="2866" END="2875">Migliorini</charseq>
        </name>
        <name NAME="Migliorini">
          <charseq START="3172" END="3181">Migliorini</charseq>
        </name>
        <name NAME="Migliorini">
          <charseq START="90" END="99">Migliorini</charseq>
        </name>
      </entity_attributes>
    </entity>
    <entity ID="adige20040907_id405588-E5" TYPE="PER" SUBTYPE="Group" CLASS="SPC">
      <entity_mention ID="adige20040907_id405588-E5-2" TYPE="NOM" PRIMARY="true" METONYMY_MENTION="FALSE">
        <extent>
          <charseq START="950" END="985">i matricolati di Castelfranco Emilia</charseq>
        </extent>
        <head>
          <charseq START="952" END="962">matricolati</charseq>
        </head>
      </entity_mention>
    </entity>
    <entity ID="adige20040907_id405588-E6" TYPE="PER" SUBTYPE="Group" CLASS="SPC">
      <entity_mention ID="adige20040907_id405588-E6-2" TYPE="NOM" PRIMARY="true" METONYMY_MENTION="FALSE">
        <extent>
          <charseq START="1298" END="1308">due bambini</charseq>
        </extent>
        <head>
          <charseq START="1302" END="1308">bambini</charseq>
        </head>
      </entity_mention>
      <entity_mention ID="adige20040907_id405588-E6-3" TYPE="NAM" PRIMARY="false" METONYMY_MENTION="FALSE">
        <extent>
          <charseq START="2115" END="2168">i piccoli Christian (quasi due anni) e Andrea (2 mesi)</charseq>
        </extent>
        <head>
          <charseq START="2115" END="2168">i piccoli Christian (quasi due anni) e Andrea (2 mesi)</charseq>
        </head>
      </entity_mention>
      <entity_attributes>
        <name NAME="i piccoli Christian (quasi due anni) e Andrea (2 mesi)">
          <charseq START="2115" END="2168">i piccoli Christian (quasi due anni) e Andrea (2 mesi)</charseq>
        </name>
      </entity_attributes>
    </entity>
    <entity ID="adige20040907_id405588-E7" TYPE="PER" SUBTYPE="Group" CLASS="SPC">
      <entity_mention ID="adige20040907_id405588-E7-2" TYPE="NOM" PRIMARY="true" METONYMY_MENTION="FALSE">
        <extent>
          <charseq START="1312" END="1323">una famiglia</charseq>
        </extent>
        <head>
          <charseq START="1316" END="1323">famiglia</charseq>
        </head>
      </entity_mention>
    </entity>
    <entity ID="adige20040907_id405588-E8" TYPE="PER" SUBTYPE="Group" CLASS="SPC">
      <entity_mention ID="adige20040907_id405588-E8-2" TYPE="NOM" PRIMARY="true" METONYMY_MENTION="FALSE">
        <extent>
          <charseq START="1298" END="1323">due bambini e una famiglia</charseq>
        </extent>
        <head>
          <charseq START="1298" END="1323">due bambini e una famiglia</charseq>
        </head>
      </entity_mention>
    </entity>
    <entity ID="adige20040907_id405588-E9" TYPE="PER" SUBTYPE="Individual" CLASS="SPC">
      <entity_mention ID="adige20040907_id405588-E9-2" TYPE="NAM" PRIMARY="true" METONYMY_MENTION="FALSE">
        <extent>
          <charseq START="1549" END="1555">Maraner</charseq>
        </extent>
        <head>
          <charseq START="1549" END="1555">Maraner</charseq>
        </head>
      </entity_mention>
      <entity_mention ID="adige20040907_id405588-E9-4" TYPE="NAM" PRIMARY="false" METONYMY_MENTION="FALSE">
        <extent>
          <charseq START="2686" END="2692">Maraner</charseq>
        </extent>
        <head>
          <charseq START="2686" END="2692">Maraner</charseq>
        </head>
      </entity_mention>
      <entity_attributes>
        <name NAME="Maraner">
          <charseq START="1549" END="1555">Maraner</charseq>
        </name>
        <name NAME="Maraner">
          <charseq START="2686" END="2692">Maraner</charseq>
        </name>
      </entity_attributes>
    </entity>
    <entity ID="adige20040907_id405588-E10" TYPE="PER" SUBTYPE="Group" CLASS="SPC">
      <entity_mention ID="adige20040907_id405588-E10-2" TYPE="NOM" PRIMARY="true" METONYMY_MENTION="FALSE">
        <extent>
          <charseq START="1588" END="1612">due uomini per ogni ruolo</charseq>
        </extent>
        <head>
          <charseq START="1592" END="1597">uomini</charseq>
        </head>
      </entity_mention>
    </entity>
    <entity ID="adige20040907_id405588-E11" TYPE="PER" SUBTYPE="Individual" CLASS="SPC">
      <entity_mention ID="adige20040907_id405588-E11-2" TYPE="NAM" PRIMARY="true" METONYMY_MENTION="FALSE">
        <extent>
          <charseq START="1932" END="2015">Cavasin che mi ha dato fiducia facendomi giocare da titolare e mi ha insegnato molto</charseq>
        </extent>
        <head>
          <charseq START="1932" END="1938">Cavasin</charseq>
        </head>
      </entity_mention>
      <entity_mention ID="adige20040907_id405588-E11-4" TYPE="NOM" PRIMARY="false" METONYMY_MENTION="FALSE">
        <extent>
          <charseq START="1913" END="1925">un allenatore</charseq>
        </extent>
        <head>
          <charseq START="1916" END="1925">allenatore</charseq>
        </head>
      </entity_mention>
      <entity_mention ID="adige20040907_id405588-E11-5" TYPE="PRO" PRIMARY="false" METONYMY_MENTION="FALSE">
        <extent>
          <charseq START="1940" END="1942">che</charseq>
        </extent>
        <head>
          <charseq START="1940" END="1942">che</charseq>
        </head>
      </entity_mention>
      <entity_attributes>
        <name NAME="Cavasin">
          <charseq START="1932" END="1938">Cavasin</charseq>
        </name>
      </entity_attributes>
    </entity>
    <entity ID="adige20040907_id405588-E13" TYPE="PER" SUBTYPE="Individual" CLASS="SPC">
      <entity_mention ID="adige20040907_id405588-E13-2" TYPE="NAM" PRIMARY="true" METONYMY_MENTION="FALSE">
        <extent>
          <charseq START="2105" END="2111">barbara</charseq>
        </extent>
        <head>
          <charseq START="2105" END="2111">barbara</charseq>
        </head>
      </entity_mention>
      <entity_mention ID="adige20040907_id405588-E13-4" TYPE="NOM" PRIMARY="false" METONYMY_MENTION="FALSE">
        <extent>
          <charseq START="2094" END="2103">la signora</charseq>
        </extent>
        <head>
          <charseq START="2097" END="2103">signora</charseq>
        </head>
      </entity_mention>
      <entity_mention ID="adige20040907_id405588-E13-6" TYPE="NOM" PRIMARY="false" METONYMY_MENTION="FALSE">
        <extent>
          <charseq START="2094" END="2111">la signora barbara</charseq>
        </extent>
        <head>
          <charseq START="2094" END="2111">la signora barbara</charseq>
        </head>
      </entity_mention>
      <entity_attributes>
        <name NAME="barbara">
          <charseq START="2105" END="2111">barbara</charseq>
        </name>
      </entity_attributes>
    </entity>
    <entity ID="adige20040907_id405588-E14" TYPE="PER" SUBTYPE="Individual" CLASS="SPC">
      <entity_mention ID="adige20040907_id405588-E14-2" TYPE="NAM" PRIMARY="true" METONYMY_MENTION="FALSE">
        <extent>
          <charseq START="2125" END="2133">Christian</charseq>
        </extent>
        <head>
          <charseq START="2125" END="2133">Christian</charseq>
        </head>
      </entity_mention>
      <entity_attributes>
        <name NAME="Christian">
          <charseq START="2125" END="2133">Christian</charseq>
        </name>
      </entity_attributes>
    </entity>
    <entity ID="adige20040907_id405588-E15" TYPE="PER" SUBTYPE="Individual" CLASS="SPC">
      <entity_mention ID="adige20040907_id405588-E15-2" TYPE="NAM" PRIMARY="true" METONYMY_MENTION="FALSE">
        <extent>
          <charseq START="2154" END="2159">Andrea</charseq>
        </extent>
        <head>
          <charseq START="2154" END="2159">Andrea</charseq>
        </head>
      </entity_mention>
      <entity_attributes>
        <name NAME="Andrea">
          <charseq START="2154" END="2159">Andrea</charseq>
        </name>
      </entity_attributes>
    </entity>
    <entity ID="adige20040907_id405588-E16" TYPE="PER" SUBTYPE="Individual" CLASS="SPC">
      <entity_mention ID="adige20040907_id405588-E16-2" TYPE="NAM" PRIMARY="true" METONYMY_MENTION="FALSE">
        <extent>
          <charseq START="2229" END="2243">Christian Soave</charseq>
        </extent>
        <head>
          <charseq START="2229" END="2243">Christian Soave</charseq>
        </head>
      </entity_mention>
      <entity_mention ID="adige20040907_id405588-E16-4" TYPE="NAM" PRIMARY="false" METONYMY_MENTION="FALSE">
        <extent>
          <charseq START="572" END="576">Soave</charseq>
        </extent>
        <head>
          <charseq START="572" END="576">Soave</charseq>
        </head>
      </entity_mention>
      <entity_mention ID="adige20040907_id405588-E16-6" TYPE="PRO" PRIMARY="false" METONYMY_MENTION="FALSE">
        <extent>
          <charseq START="2329" END="2331">lui</charseq>
        </extent>
        <head>
          <charseq START="2329" END="2331">lui</charseq>
        </head>
      </entity_mention>
      <entity_mention ID="adige20040907_id405588-E16-8" TYPE="PRO" PRIMARY="false" METONYMY_MENTION="FALSE">
        <extent>
          <charseq START="2362" END="2364">suo</charseq>
        </extent>
        <head>
          <charseq START="2362" END="2364">suo</charseq>
        </head>
      </entity_mention>
      <entity_mention ID="adige20040907_id405588-E16-10" TYPE="PRO" PRIMARY="false" METONYMY_MENTION="FALSE">
        <extent>
          <charseq START="2266" END="2283">il più dispiaciuto</charseq>
        </extent>
        <head>
          <charseq START="2273" END="2283">dispiaciuto</charseq>
        </head>
      </entity_mention>
      <entity_attributes>
        <name NAME="Christian Soave">
          <charseq START="2229" END="2243">Christian Soave</charseq>
        </name>
        <name NAME="Soave">
          <charseq START="572" END="576">Soave</charseq>
        </name>
      </entity_attributes>
    </entity>
    <entity ID="adige20040907_id405588-E17" TYPE="PER" SUBTYPE="Individual" CLASS="SPC">
      <entity_mention ID="adige20040907_id405588-E17-2" TYPE="NOM" PRIMARY="true" METONYMY_MENTION="FALSE">
        <extent>
          <charseq START="2362" END="2371">suo figlio</charseq>
        </extent>
        <head>
          <charseq START="2366" END="2371">figlio</charseq>
        </head>
      </entity_mention>
    </entity>
    <entity ID="adige20040907_id405588-E18" TYPE="PER" SUBTYPE="Group" CLASS="SPC">
      <entity_mention ID="adige20040907_id405588-E18-2" TYPE="PRO" PRIMARY="true" METONYMY_MENTION="FALSE">
        <extent>
          <charseq START="2580" END="2584">tutti</charseq>
        </extent>
        <head>
          <charseq START="2580" END="2584">tutti</charseq>
        </head>
      </entity_mention>
      <entity_mention ID="adige20040907_id405588-E18-4" TYPE="NOM" PRIMARY="false" METONYMY_MENTION="FALSE">
        <extent>
          <charseq START="2592" END="2599">titolari</charseq>
        </extent>
        <head>
          <charseq START="2592" END="2599">titolari</charseq>
        </head>
      </entity_mention>
    </entity>
    <entity ID="adige20040907_id405588-E19" TYPE="PER" SUBTYPE="Individual" CLASS="USP">
      <entity_mention ID="adige20040907_id405588-E19-2" TYPE="PRO" PRIMARY="true" METONYMY_MENTION="FALSE">
        <extent>
          <charseq START="2610" END="2612">uno</charseq>
        </extent>
        <head>
          <charseq START="2610" END="2612">uno</charseq>
        </head>
      </entity_mention>
    </entity>
    <entity ID="adige20040907_id405588-E20" TYPE="PER" SUBTYPE="Individual" CLASS="USP">
      <entity_mention ID="adige20040907_id405588-E20-2" TYPE="PRO" PRIMARY="true" METONYMY_MENTION="FALSE">
        <extent>
          <charseq START="2616" END="2631">quello che entra</charseq>
        </extent>
        <head>
          <charseq START="2616" END="2621">quello</charseq>
        </head>
      </entity_mention>
      <entity_mention ID="adige20040907_id405588-E20-4" TYPE="PRO" PRIMARY="false" METONYMY_MENTION="FALSE">
        <extent>
          <charseq START="2623" END="2625">che</charseq>
        </extent>
        <head>
          <charseq START="2623" END="2625">che</charseq>
        </head>
      </entity_mention>
      <entity_mention ID="adige20040907_id405588-E20-6" TYPE="PRO" PRIMARY="false" METONYMY_MENTION="FALSE">
        <extent>
          <charseq START="2639" END="2641">sua</charseq>
        </extent>
        <head>
          <charseq START="2639" END="2641">sua</charseq>
        </head>
      </entity_mention>
    </entity>
    <entity ID="adige20040907_id405588-E21" TYPE="PER" SUBTYPE="Individual" CLASS="SPC">
      <entity_mention ID="adige20040907_id405588-E21-2" TYPE="NAM" PRIMARY="true" METONYMY_MENTION="FALSE">
        <extent>
          <charseq START="2676" END="2683">Nicolini</charseq>
        </extent>
        <head>
          <charseq START="2676" END="2683">Nicolini</charseq>
        </head>
      </entity_mention>
      <entity_mention ID="adige20040907_id405588-E21-4" TYPE="NAM" PRIMARY="false" METONYMY_MENTION="FALSE">
        <extent>
          <charseq START="2772" END="2796">il "Lampadato di Aladino"</charseq>
        </extent>
        <head>
          <charseq START="2776" END="2795">Lampadato di Aladino</charseq>
        </head>
      </entity_mention>
      <entity_attributes>
        <name NAME="Nicolini">
          <charseq START="2676" END="2683">Nicolini</charseq>
        </name>
        <name NAME="Lampadato di Aladino">
          <charseq START="2776" END="2795">Lampadato di Aladino</charseq>
        </name>
      </entity_attributes>
    </entity>
    <entity ID="adige20040907_id405588-E22" TYPE="PER" SUBTYPE="Individual" CLASS="SPC">
      <entity_mention ID="adige20040907_id405588-E22-2" TYPE="NAM" PRIMARY="true" METONYMY_MENTION="FALSE">
        <extent>
          <charseq START="215" END="226">LUCIO GERLIN</charseq>
        </extent>
        <head>
          <charseq START="215" END="226">LUCIO GERLIN</charseq>
        </head>
      </entity_mention>
      <entity_attributes>
        <name NAME="LUCIO GERLIN">
          <charseq START="215" END="226">LUCIO GERLIN</charseq>
        </name>
      </entity_attributes>
    </entity>
    <entity ID="adige20040907_id405588-E24" TYPE="ORG" SUBTYPE="Sports" CLASS="SPC">
      <entity_mention ID="adige20040907_id405588-E24-1" TYPE="NOM" PRIMARY="true" METONYMY_MENTION="TRUE">
        <extent>
          <charseq START="317" END="326">nel Trento</charseq>
        </extent>
        <head>
          <charseq START="321" END="326">Trento</charseq>
        </head>
      </entity_mention>
      <entity_mention ID="adige20040907_id405588-E24-3" TYPE="NOM" PRIMARY="false" METONYMY_MENTION="FALSE">
        <extent>
          <charseq START="1484" END="1493">la squadra</charseq>
        </extent>
        <head>
          <charseq START="1487" END="1493">squadra</charseq>
        </head>
      </entity_mention>
      <entity_mention ID="adige20040907_id405588-E24-4" TYPE="NOM" PRIMARY="false" METONYMY_MENTION="TRUE">
        <extent>
          <charseq START="1753" END="1758">Trento</charseq>
        </extent>
        <head>
          <charseq START="1753" END="1758">Trento</charseq>
        </head>
      </entity_mention>
      <entity_mention ID="adige20040907_id405588-E24-5" TYPE="NOM" PRIMARY="false" METONYMY_MENTION="FALSE">
        <extent>
          <charseq START="2556" END="2566">una squadra</charseq>
        </extent>
        <head>
          <charseq START="2560" END="2566">squadra</charseq>
        </head>
      </entity_mention>
      <entity_mention ID="adige20040907_id405588-E24-6" TYPE="PRO" PRIMARY="false" METONYMY_MENTION="FALSE">
        <extent>
          <charseq START="2547" END="2552">nostra</charseq>
        </extent>
        <head>
          <charseq START="2547" END="2552">nostra</charseq>
        </head>
      </entity_mention>
      <entity_mention ID="adige20040907_id405588-E24-7" TYPE="NAM" PRIMARY="false" METONYMY_MENTION="FALSE">
        <extent>
          <charseq START="182" END="193">del Trentino</charseq>
        </extent>
        <head>
          <charseq START="186" END="193">Trentino</charseq>
        </head>
      </entity_mention>
      <entity_mention ID="adige20040907_id405588-E24-8" TYPE="NOM" PRIMARY="false" METONYMY_MENTION="FALSE">
        <extent>
          <charseq START="1435" END="1453">la società a Trento</charseq>
        </extent>
        <head>
          <charseq START="1438" END="1444">società</charseq>
        </head>
      </entity_mention>
      <entity_mention ID="adige20040907_id405588-E24-9" TYPE="NOM" PRIMARY="false" METONYMY_MENTION="FALSE">
        <extent>
          <charseq START="2965" END="2974">la società</charseq>
        </extent>
        <head>
          <charseq START="2968" END="2974">società</charseq>
        </head>
      </entity_mention>
      <entity_mention ID="adige20040907_id405588-E24-10" TYPE="PRO" PRIMARY="false" METONYMY_MENTION="FALSE">
        <extent>
          <charseq START="286" END="287">lì</charseq>
        </extent>
        <head>
          <charseq START="286" END="287">lì</charseq>
        </head>
      </entity_mention>
      <entity_mention ID="adige20040907_id405588-E24-11" TYPE="PRO" PRIMARY="false" METONYMY_MENTION="FALSE">
        <extent>
          <charseq START="302" END="303">Lì</charseq>
        </extent>
        <head>
          <charseq START="302" END="303">Lì</charseq>
        </head>
      </entity_mention>
      <entity_attributes>
        <name NAME="Trentino">
          <charseq START="186" END="193">Trentino</charseq>
        </name>
      </entity_attributes>
    </entity>
    <entity ID="adige20040907_id405588-E25" TYPE="ORG" SUBTYPE="Sports" CLASS="SPC">
      <entity_mention ID="adige20040907_id405588-E25-1" TYPE="NAM" PRIMARY="true" METONYMY_MENTION="FALSE">
        <extent>
          <charseq START="375" END="398">alla Virtus Castelfranco</charseq>
        </extent>
        <head>
          <charseq START="380" END="398">Virtus Castelfranco</charseq>
        </head>
      </entity_mention>
      <entity_mention ID="adige20040907_id405588-E25-2" TYPE="NAM" PRIMARY="false" METONYMY_MENTION="TRUE">
        <extent>
          <charseq START="28" END="42">il Castelfranco</charseq>
        </extent>
        <head>
          <charseq START="31" END="42">Castelfranco</charseq>
        </head>
      </entity_mention>
      <entity_attributes>
        <name NAME="Virtus Castelfranco">
          <charseq START="380" END="398">Virtus Castelfranco</charseq>
        </name>
        <name NAME="Castelfranco">
          <charseq START="31" END="42">Castelfranco</charseq>
        </name>
      </entity_attributes>
    </entity>
    <entity ID="adige20040907_id405588-E27" TYPE="PER" SUBTYPE="Group" CLASS="SPC">
      <entity_mention ID="adige20040907_id405588-E27-1" TYPE="NOM" PRIMARY="true" METONYMY_MENTION="FALSE">
        <extent>
          <charseq START="548" END="566">quasi l'intero team</charseq>
        </extent>
        <head>
          <charseq START="563" END="566">team</charseq>
        </head>
      </entity_mention>
    </entity>
    <entity ID="adige20040907_id405588-E28" TYPE="ORG" SUBTYPE="Sports" CLASS="SPC">
      <entity_mention ID="adige20040907_id405588-E28-1" TYPE="NAM" PRIMARY="true" METONYMY_MENTION="FALSE">
        <extent>
          <charseq START="1186" END="1192">serie D</charseq>
        </extent>
        <head>
          <charseq START="1186" END="1192">serie D</charseq>
        </head>
      </entity_mention>
      <entity_attributes>
        <name NAME="serie D">
          <charseq START="1186" END="1192">serie D</charseq>
        </name>
      </entity_attributes>
    </entity>
    <entity ID="adige20040907_id405588-E29" TYPE="ORG" SUBTYPE="Sports" CLASS="GEN">
      <entity_mention ID="adige20040907_id405588-E29-1" TYPE="NOM" PRIMARY="true" METONYMY_MENTION="FALSE">
        <extent>
          <charseq START="1405" END="1416">la categoria</charseq>
        </extent>
        <head>
          <charseq START="1408" END="1416">categoria</charseq>
        </head>
      </entity_mention>
    </entity>
    <entity ID="adige20040907_id405588-E30" TYPE="ORG" SUBTYPE="Sports" CLASS="SPC">
      <entity_mention ID="adige20040907_id405588-E30-1" TYPE="NAM" PRIMARY="true" METONYMY_MENTION="TRUE">
        <extent>
          <charseq START="1786" END="1795">del Verona</charseq>
        </extent>
        <head>
          <charseq START="1790" END="1795">Verona</charseq>
        </head>
      </entity_mention>
      <entity_attributes>
        <name NAME="Verona">
          <charseq START="1790" END="1795">Verona</charseq>
        </name>
      </entity_attributes>
    </entity>
    <entity ID="adige20040907_id405588-E31" TYPE="ORG" SUBTYPE="Sports" CLASS="SPC">
      <entity_mention ID="adige20040907_id405588-E31-1" TYPE="NAM" PRIMARY="true" METONYMY_MENTION="FALSE">
        <extent>
          <charseq START="1770" END="1795">dalla Primavera del Verona</charseq>
        </extent>
        <head>
          <charseq START="1776" END="1784">Primavera</charseq>
        </head>
      </entity_mention>
      <entity_attributes>
        <name NAME="Primavera">
          <charseq START="1776" END="1784">Primavera</charseq>
        </name>
      </entity_attributes>
    </entity>
    <entity ID="adige20040907_id405588-E32" TYPE="GPE" SUBTYPE="Population-Center" CLASS="SPC">
      <entity_mention ID="adige20040907_id405588-E32-1" TYPE="NAM" PRIMARY="true" ROLE="LOC" METONYMY_MENTION="FALSE">
        <extent>
          <charseq START="230" END="235">TRENTO</charseq>
        </extent>
        <head>
          <charseq START="230" END="235">TRENTO</charseq>
        </head>
      </entity_mention>
      <entity_mention ID="adige20040907_id405588-E32-2" TYPE="NAM" PRIMARY="false" ROLE="LOC" METONYMY_MENTION="FALSE">
        <extent>
          <charseq START="1448" END="1453">Trento</charseq>
        </extent>
        <head>
          <charseq START="1448" END="1453">Trento</charseq>
        </head>
      </entity_mention>
      <entity_mention ID="adige20040907_id405588-E32-3" TYPE="NAM" PRIMARY="false" ROLE="LOC" METONYMY_MENTION="FALSE">
        <extent>
          <charseq START="2038" END="2043">Trento</charseq>
        </extent>
        <head>
          <charseq START="2038" END="2043">Trento</charseq>
        </head>
      </entity_mention>
      <entity_mention ID="adige20040907_id405588-E32-4" TYPE="NAM" PRIMARY="false" ROLE="LOC" METONYMY_MENTION="FALSE">
        <extent>
          <charseq START="3352" END="3357">Trento</charseq>
        </extent>
        <head>
          <charseq START="3352" END="3357">Trento</charseq>
        </head>
      </entity_mention>
      <entity_attributes>
        <name NAME="TRENTO">
          <charseq START="230" END="235">TRENTO</charseq>
        </name>
        <name NAME="Trento">
          <charseq START="1448" END="1453">Trento</charseq>
        </name>
        <name NAME="Trento">
          <charseq START="2038" END="2043">Trento</charseq>
        </name>
        <name NAME="Trento">
          <charseq START="3352" END="3357">Trento</charseq>
        </name>
      </entity_attributes>
    </entity>
    <entity ID="adige20040907_id405588-E33" TYPE="GPE" SUBTYPE="Population-Center" CLASS="SPC">
      <entity_mention ID="adige20040907_id405588-E33-1" TYPE="NAM" PRIMARY="true" ROLE="GPE" METONYMY_MENTION="FALSE">
        <extent>
          <charseq START="629" END="636">veronese</charseq>
        </extent>
        <head>
          <charseq START="629" END="636">veronese</charseq>
        </head>
      </entity_mention>
    </entity>
    <entity ID="adige20040907_id405588-E34" TYPE="GPE" SUBTYPE="Population-Center" CLASS="SPC">
      <entity_mention ID="adige20040907_id405588-E34-1" TYPE="NAM" PRIMARY="true" ROLE="GPE" METONYMY_MENTION="FALSE">
        <extent>
          <charseq START="967" END="985">Castelfranco Emilia</charseq>
        </extent>
        <head>
          <charseq START="967" END="985">Castelfranco Emilia</charseq>
        </head>
      </entity_mention>
      <entity_attributes>
        <name NAME="Castelfranco Emilia">
          <charseq START="967" END="985">Castelfranco Emilia</charseq>
        </name>
      </entity_attributes>
    </entity>
    <entity ID="adige20040907_id405588-E35" TYPE="GPE" SUBTYPE="Population-Center" CLASS="SPC">
      <entity_mention ID="adige20040907_id405588-E35-1" TYPE="NAM" PRIMARY="true" ROLE="LOC" METONYMY_MENTION="FALSE">
        <extent>
          <charseq START="2056" END="2065">Pescantina</charseq>
        </extent>
        <head>
          <charseq START="2056" END="2065">Pescantina</charseq>
        </head>
      </entity_mention>
      <entity_mention ID="adige20040907_id405588-E35-2" TYPE="PRO" PRIMARY="false" ROLE="LOC" METONYMY_MENTION="FALSE">
        <extent>
          <charseq START="2069" END="2168">dove Migliorini vive con la signora barbara e i piccoli Christian (quasi due anni) e Andrea (2 mesi)</charseq>
        </extent>
        <head>
          <charseq START="2069" END="2072">dove</charseq>
        </head>
      </entity_mention>
      <entity_attributes>
        <name NAME="Pescantina">
          <charseq START="2056" END="2065">Pescantina</charseq>
        </name>
      </entity_attributes>
    </entity>
  </document>
</source_file>
