<?xml version="1.0" encoding="UTF-8"?>
<!DOCTYPE source_file PUBLIC "SYSTEM" "apf.v5.2.0.dtd">

<source_file URI="adige20040907_id405586.txt" SOURCE="unknown" TYPE="text" VERSION="5.0" AUTHOR="Evalita" ENCODING="UTF-8">
  <document DOCID="adige20040907_id405586">
    <entity ID="adige20040907_id405586-E1" TYPE="PER" SUBTYPE="Group" CLASS="SPC">
      <entity_mention ID="adige20040907_id405586-E1-2" TYPE="NOM" PRIMARY="true" METONYMY_MENTION="FALSE">
        <extent>
          <charseq START="205" END="265">L'equipaggio del lago di Garda, che sarà imbarcato su « +39 »</charseq>
        </extent>
        <head>
          <charseq START="207" END="216">equipaggio</charseq>
        </head>
      </entity_mention>
      <entity_mention ID="adige20040907_id405586-E1-4" TYPE="PRO" PRIMARY="false" METONYMY_MENTION="FALSE">
        <extent>
          <charseq START="237" END="239">che</charseq>
        </extent>
        <head>
          <charseq START="237" END="239">che</charseq>
        </head>
      </entity_mention>
      <entity_mention ID="adige20040907_id405586-E1-6" TYPE="NOM" PRIMARY="false" METONYMY_MENTION="FALSE">
        <extent>
          <charseq START="114" END="148">L'equipaggio del Garda per Valencia</charseq>
        </extent>
        <head>
          <charseq START="116" END="125">equipaggio</charseq>
        </head>
      </entity_mention>
      <entity_mention ID="adige20040907_id405586-E1-8" TYPE="NOM" PRIMARY="false" METONYMY_MENTION="FALSE">
        <extent>
          <charseq START="28" END="80">il team di « +39 » pronto alla sfida in Coppa America</charseq>
        </extent>
        <head>
          <charseq START="31" END="34">team</charseq>
        </head>
      </entity_mention>
    </entity>
    <entity ID="adige20040907_id405586-E2" TYPE="PER" SUBTYPE="Group" CLASS="SPC">
      <entity_mention ID="adige20040907_id405586-E2-2" TYPE="NOM" PRIMARY="true" METONYMY_MENTION="FALSE">
        <extent>
          <charseq START="499" END="654">i primi equipaggi in lizza per la 32ª sfida alla compagnia svizzera di Alinghi, che ha strappato il prestigioso trofeo ai neozelandesi nel golfo di Auckland</charseq>
        </extent>
        <head>
          <charseq START="507" END="515">equipaggi</charseq>
        </head>
      </entity_mention>
    </entity>
    <entity ID="adige20040907_id405586-E3" TYPE="PER" SUBTYPE="Group" CLASS="SPC">
      <entity_mention ID="adige20040907_id405586-E3-2" TYPE="NOM" PRIMARY="true" METONYMY_MENTION="FALSE">
        <extent>
          <charseq START="543" END="654">alla compagnia svizzera di Alinghi, che ha strappato il prestigioso trofeo ai neozelandesi nel golfo di Auckland</charseq>
        </extent>
        <head>
          <charseq START="548" END="556">compagnia</charseq>
        </head>
      </entity_mention>
      <entity_mention ID="adige20040907_id405586-E3-6" TYPE="PRO" PRIMARY="false" METONYMY_MENTION="FALSE">
        <extent>
          <charseq START="579" END="581">che</charseq>
        </extent>
        <head>
          <charseq START="579" END="581">che</charseq>
        </head>
      </entity_mention>
      <entity_mention ID="adige20040907_id405586-E3-8" TYPE="NOM" PRIMARY="false" METONYMY_MENTION="FALSE">
        <extent>
          <charseq START="726" END="810">i svizzeri di Alinghi davanti alla barca neozelandese con insegne degli Emirati Arabi</charseq>
        </extent>
        <head>
          <charseq START="728" END="735">svizzeri</charseq>
        </head>
      </entity_mention>
    </entity>
    <entity ID="adige20040907_id405586-E4" TYPE="PER" SUBTYPE="Group" CLASS="SPC">
      <entity_mention ID="adige20040907_id405586-E4-2" TYPE="NOM" PRIMARY="true" METONYMY_MENTION="FALSE">
        <extent>
          <charseq START="618" END="632">ai neozelandesi</charseq>
        </extent>
        <head>
          <charseq START="621" END="632">neozelandesi</charseq>
        </head>
      </entity_mention>
    </entity>
    <entity ID="adige20040907_id405586-E5" TYPE="PER" SUBTYPE="Group" CLASS="SPC">
      <entity_mention ID="adige20040907_id405586-E5-2" TYPE="NOM" PRIMARY="true" METONYMY_MENTION="FALSE">
        <extent>
          <charseq START="816" END="841">i francesi del K-Challenge</charseq>
        </extent>
        <head>
          <charseq START="818" END="825">francesi</charseq>
        </head>
      </entity_mention>
    </entity>
    <entity ID="adige20040907_id405586-E6" TYPE="PER" SUBTYPE="Group" CLASS="SPC">
      <entity_mention ID="adige20040907_id405586-E6-2" TYPE="NOM" PRIMARY="true" METONYMY_MENTION="FALSE">
        <extent>
          <charseq START="844" END="985">i sudafricani del Team Shosholoza, che in lingua zulu vuol dire "ci muoviamo in avanti", la "Luna nera" con metà equipaggio bianco e metà nero</charseq>
        </extent>
        <head>
          <charseq START="846" END="856">sudafricani</charseq>
        </head>
      </entity_mention>
    </entity>
    <entity ID="adige20040907_id405586-E8" TYPE="PER" SUBTYPE="Individual" CLASS="SPC">
      <entity_mention ID="adige20040907_id405586-E8-2" TYPE="NAM" PRIMARY="true" METONYMY_MENTION="FALSE">
        <extent>
          <charseq START="1231" END="1244">Cesare Pasotti</charseq>
        </extent>
        <head>
          <charseq START="1231" END="1244">Cesare Pasotti</charseq>
        </head>
      </entity_mention>
      <entity_mention ID="adige20040907_id405586-E8-4" TYPE="NOM" PRIMARY="false" METONYMY_MENTION="FALSE">
        <extent>
          <charseq START="1219" END="1229">dal manager</charseq>
        </extent>
        <head>
          <charseq START="1223" END="1229">manager</charseq>
        </head>
      </entity_mention>
      <entity_mention ID="adige20040907_id405586-E8-6" TYPE="NOM" PRIMARY="false" METONYMY_MENTION="FALSE">
        <extent>
          <charseq START="1219" END="1244">dal manager Cesare Pasotti</charseq>
        </extent>
        <head>
          <charseq START="1219" END="1244">dal manager Cesare Pasotti</charseq>
        </head>
      </entity_mention>
      <entity_attributes>
        <name NAME="Cesare Pasotti">
          <charseq START="1231" END="1244">Cesare Pasotti</charseq>
        </name>
      </entity_attributes>
    </entity>
    <entity ID="adige20040907_id405586-E9" TYPE="PER" SUBTYPE="Individual" CLASS="SPC">
      <entity_mention ID="adige20040907_id405586-E9-2" TYPE="NAM" PRIMARY="true" METONYMY_MENTION="FALSE">
        <extent>
          <charseq START="1267" END="1277">Luca Devoti</charseq>
        </extent>
        <head>
          <charseq START="1267" END="1277">Luca Devoti</charseq>
        </head>
      </entity_mention>
      <entity_mention ID="adige20040907_id405586-E9-4" TYPE="NOM" PRIMARY="false" METONYMY_MENTION="FALSE">
        <extent>
          <charseq START="1251" END="1265">skipper a terra</charseq>
        </extent>
        <head>
          <charseq START="1251" END="1257">skipper</charseq>
        </head>
      </entity_mention>
      <entity_mention ID="adige20040907_id405586-E9-6" TYPE="NOM" PRIMARY="false" METONYMY_MENTION="FALSE">
        <extent>
          <charseq START="1251" END="1325">skipper a terra Luca Devoti, il veronese argento a Sidney nella classe Finn</charseq>
        </extent>
        <head>
          <charseq START="1251" END="1325">skipper a terra Luca Devoti, il veronese argento a Sidney nella classe Finn</charseq>
        </head>
      </entity_mention>
      <entity_mention ID="adige20040907_id405586-E9-8" TYPE="NOM" PRIMARY="false" METONYMY_MENTION="FALSE">
        <extent>
          <charseq START="1280" END="1325">il veronese argento a Sidney nella classe Finn</charseq>
        </extent>
        <head>
          <charseq START="1283" END="1290">veronese</charseq>
        </head>
      </entity_mention>
      <entity_mention ID="adige20040907_id405586-E9-10" TYPE="NAM" PRIMARY="false" METONYMY_MENTION="FALSE">
        <extent>
          <charseq START="2077" END="2082">Devoti</charseq>
        </extent>
        <head>
          <charseq START="2077" END="2082">Devoti</charseq>
        </head>
      </entity_mention>
      <entity_mention ID="adige20040907_id405586-E9-12" TYPE="NAM" PRIMARY="false" METONYMY_MENTION="FALSE">
        <extent>
          <charseq START="2765" END="2770">Devoti</charseq>
        </extent>
        <head>
          <charseq START="2765" END="2770">Devoti</charseq>
        </head>
      </entity_mention>
      <entity_mention ID="adige20040907_id405586-E9-14" TYPE="NOM" PRIMARY="false" METONYMY_MENTION="FALSE">
        <extent>
          <charseq START="2780" END="2832">il disegnatore di alcune barche trionfatrici ad Atene</charseq>
        </extent>
        <head>
          <charseq START="2783" END="2793">disegnatore</charseq>
        </head>
      </entity_mention>
      <entity_attributes>
        <name NAME="Luca Devoti">
          <charseq START="1267" END="1277">Luca Devoti</charseq>
        </name>
        <name NAME="Devoti">
          <charseq START="2077" END="2082">Devoti</charseq>
        </name>
        <name NAME="Devoti">
          <charseq START="2765" END="2770">Devoti</charseq>
        </name>
      </entity_attributes>
    </entity>
    <entity ID="adige20040907_id405586-E12" TYPE="PER" SUBTYPE="Individual" CLASS="SPC">
      <entity_mention ID="adige20040907_id405586-E12-2" TYPE="NAM" PRIMARY="true" METONYMY_MENTION="FALSE">
        <extent>
          <charseq START="1545" END="1602">Claudio "Ciccio" Celon, gardesano di Brenzone di Malcesine</charseq>
        </extent>
        <head>
          <charseq START="1545" END="1566">Claudio "Ciccio" Celon</charseq>
        </head>
      </entity_mention>
      <entity_mention ID="adige20040907_id405586-E12-6" TYPE="NOM" PRIMARY="false" METONYMY_MENTION="FALSE">
        <extent>
          <charseq START="1605" END="1637">vice campione mondiale Fd nel '92</charseq>
        </extent>
        <head>
          <charseq START="1605" END="1617">vice campione</charseq>
        </head>
      </entity_mention>
      <entity_mention ID="adige20040907_id405586-E12-8" TYPE="NOM" PRIMARY="false" METONYMY_MENTION="FALSE">
        <extent>
          <charseq START="1640" END="1693">vincitore della "Louis Vitton" con Luna Rossa nel 2000</charseq>
        </extent>
        <head>
          <charseq START="1640" END="1648">vincitore</charseq>
        </head>
      </entity_mention>
      <entity_mention ID="adige20040907_id405586-E12-10" TYPE="NOM" PRIMARY="false" METONYMY_MENTION="FALSE">
        <extent>
          <charseq START="1696" END="1743">partecipante a tre Olimpiadi e al Giro del Mondo</charseq>
        </extent>
        <head>
          <charseq START="1696" END="1707">partecipante</charseq>
        </head>
      </entity_mention>
      <entity_mention ID="adige20040907_id405586-E12-12" TYPE="NAM" PRIMARY="false" METONYMY_MENTION="FALSE">
        <extent>
          <charseq START="1545" END="1743">Claudio "Ciccio" Celon, gardesano di Brenzone di Malcesine, vice campione mondiale Fd nel '92, vincitore della "Louis Vitton" con Luna Rossa nel 2000, partecipante a tre Olimpiadi e al Giro del Mondo</charseq>
        </extent>
        <head>
          <charseq START="1545" END="1743">Claudio "Ciccio" Celon, gardesano di Brenzone di Malcesine, vice campione mondiale Fd nel '92, vincitore della "Louis Vitton" con Luna Rossa nel 2000, partecipante a tre Olimpiadi e al Giro del Mondo</charseq>
        </head>
      </entity_mention>
      <entity_mention ID="adige20040907_id405586-E12-14" TYPE="NAM" PRIMARY="false" METONYMY_MENTION="FALSE">
        <extent>
          <charseq START="155" END="180">Claudio Celon di Malcesine</charseq>
        </extent>
        <head>
          <charseq START="155" END="167">Claudio Celon</charseq>
        </head>
      </entity_mention>
      <entity_mention ID="adige20040907_id405586-E12-15" TYPE="NOM" PRIMARY="false" METONYMY_MENTION="FALSE">
        <extent>
          <charseq START="1569" END="1602">gardesano di Brenzone di Malcesine</charseq>
        </extent>
        <head>
          <charseq START="1569" END="1577">gardesano</charseq>
        </head>
      </entity_mention>
      <entity_attributes>
        <name NAME="Claudio &quot;Ciccio&quot; Celon">
          <charseq START="1545" END="1566">Claudio "Ciccio" Celon</charseq>
        </name>
        <name NAME="Claudio &quot;Ciccio&quot; Celon, gardesano di Brenzone di Malcesine, vice campione mondiale Fd nel '92, vincitore della &quot;Louis Vitton&quot; con Luna Rossa nel 2000, partecipante a tre Olimpiadi e al Giro del Mondo">
          <charseq START="1545" END="1743">Claudio "Ciccio" Celon, gardesano di Brenzone di Malcesine, vice campione mondiale Fd nel '92, vincitore della "Louis Vitton" con Luna Rossa nel 2000, partecipante a tre Olimpiadi e al Giro del Mondo</charseq>
        </name>
        <name NAME="Claudio Celon">
          <charseq START="155" END="167">Claudio Celon</charseq>
        </name>
      </entity_attributes>
    </entity>
    <entity ID="adige20040907_id405586-E13" TYPE="PER" SUBTYPE="Individual" CLASS="SPC">
      <entity_mention ID="adige20040907_id405586-E13-2" TYPE="NAM" PRIMARY="true" METONYMY_MENTION="FALSE">
        <extent>
          <charseq START="1346" END="1365">l'inglese Iain Percy</charseq>
        </extent>
        <head>
          <charseq START="1356" END="1365">Iain Percy</charseq>
        </head>
      </entity_mention>
      <entity_mention ID="adige20040907_id405586-E13-4" TYPE="NOM" PRIMARY="false" METONYMY_MENTION="FALSE">
        <extent>
          <charseq START="1330" END="1344">skipper a bordo</charseq>
        </extent>
        <head>
          <charseq START="1330" END="1336">skipper</charseq>
        </head>
      </entity_mention>
      <entity_mention ID="adige20040907_id405586-E13-8" TYPE="NOM" PRIMARY="false" METONYMY_MENTION="FALSE">
        <extent>
          <charseq START="1414" END="1435">campione mondiale 2002</charseq>
        </extent>
        <head>
          <charseq START="1414" END="1421">campione</charseq>
        </head>
      </entity_mention>
      <entity_mention ID="adige20040907_id405586-E13-10" TYPE="NOM" PRIMARY="false" METONYMY_MENTION="FALSE">
        <extent>
          <charseq START="1330" END="1435">skipper a bordo l'inglese Iain Percy, oro olimpionico a Sidney nella stessa classe, campione mondiale 2002</charseq>
        </extent>
        <head>
          <charseq START="1330" END="1435">skipper a bordo l'inglese Iain Percy, oro olimpionico a Sidney nella stessa classe, campione mondiale 2002</charseq>
        </head>
      </entity_mention>
      <entity_mention ID="adige20040907_id405586-E13-12" TYPE="NAM" PRIMARY="false" METONYMY_MENTION="FALSE">
        <extent>
          <charseq START="2069" END="2073">Percy</charseq>
        </extent>
        <head>
          <charseq START="2069" END="2073">Percy</charseq>
        </head>
      </entity_mention>
      <entity_attributes>
        <name NAME="Iain Percy">
          <charseq START="1356" END="1365">Iain Percy</charseq>
        </name>
        <name NAME="Percy">
          <charseq START="2069" END="2073">Percy</charseq>
        </name>
      </entity_attributes>
    </entity>
    <entity ID="adige20040907_id405586-E14" TYPE="PER" SUBTYPE="Individual" CLASS="SPC">
      <entity_mention ID="adige20040907_id405586-E14-2" TYPE="NAM" PRIMARY="true" METONYMY_MENTION="FALSE">
        <extent>
          <charseq START="1750" END="1829">Stefano Rizzi, pure lui su Luna Rossa e vincitore del Giro del Mondo senza scalo</charseq>
        </extent>
        <head>
          <charseq START="1750" END="1762">Stefano Rizzi</charseq>
        </head>
      </entity_mention>
      <entity_mention ID="adige20040907_id405586-E14-4" TYPE="PRO" PRIMARY="false" METONYMY_MENTION="FALSE">
        <extent>
          <charseq START="1770" END="1772">lui</charseq>
        </extent>
        <head>
          <charseq START="1770" END="1772">lui</charseq>
        </head>
      </entity_mention>
      <entity_mention ID="adige20040907_id405586-E14-6" TYPE="NOM" PRIMARY="false" METONYMY_MENTION="FALSE">
        <extent>
          <charseq START="1790" END="1829">vincitore del Giro del Mondo senza scalo</charseq>
        </extent>
        <head>
          <charseq START="1790" END="1798">vincitore</charseq>
        </head>
      </entity_mention>
      <entity_attributes>
        <name NAME="Stefano Rizzi">
          <charseq START="1750" END="1762">Stefano Rizzi</charseq>
        </name>
      </entity_attributes>
    </entity>
    <entity ID="adige20040907_id405586-E15" TYPE="PER" SUBTYPE="Individual" CLASS="SPC">
      <entity_mention ID="adige20040907_id405586-E15-2" TYPE="NAM" PRIMARY="true" METONYMY_MENTION="FALSE">
        <extent>
          <charseq START="1832" END="1903">Massimo Galli detto Centurione, 20 anni di Coppa America e su Luna Rossa</charseq>
        </extent>
        <head>
          <charseq START="1832" END="1844">Massimo Galli</charseq>
        </head>
      </entity_mention>
      <entity_mention ID="adige20040907_id405586-E15-4" TYPE="NAM" PRIMARY="false" METONYMY_MENTION="FALSE">
        <extent>
          <charseq START="1852" END="1861">Centurione</charseq>
        </extent>
        <head>
          <charseq START="1852" END="1861">Centurione</charseq>
        </head>
      </entity_mention>
      <entity_attributes>
        <name NAME="Massimo Galli">
          <charseq START="1832" END="1844">Massimo Galli</charseq>
        </name>
        <name NAME="Centurione">
          <charseq START="1852" END="1861">Centurione</charseq>
        </name>
      </entity_attributes>
    </entity>
    <entity ID="adige20040907_id405586-E16" TYPE="PER" SUBTYPE="Individual" CLASS="SPC">
      <entity_mention ID="adige20040907_id405586-E16-2" TYPE="NAM" PRIMARY="true" METONYMY_MENTION="FALSE">
        <extent>
          <charseq START="1906" END="1919">Gabriele Bruni</charseq>
        </extent>
        <head>
          <charseq START="1906" END="1919">Gabriele Bruni</charseq>
        </head>
      </entity_mention>
      <entity_mention ID="adige20040907_id405586-E16-4" TYPE="NOM" PRIMARY="false" METONYMY_MENTION="FALSE">
        <extent>
          <charseq START="1922" END="1942">vice europeo sui 49er</charseq>
        </extent>
        <head>
          <charseq START="1922" END="1925">vice</charseq>
        </head>
      </entity_mention>
      <entity_mention ID="adige20040907_id405586-E16-6" TYPE="NOM" PRIMARY="false" METONYMY_MENTION="FALSE">
        <extent>
          <charseq START="1946" END="1977">mondiale con gli Hobie Cat Tiger</charseq>
        </extent>
        <head>
          <charseq START="1946" END="1953">mondiale</charseq>
        </head>
      </entity_mention>
      <entity_mention ID="adige20040907_id405586-E16-8" TYPE="NOM" PRIMARY="false" METONYMY_MENTION="FALSE">
        <extent>
          <charseq START="1922" END="1977">vice europeo sui 49er e mondiale con gli Hobie Cat Tiger</charseq>
        </extent>
        <head>
          <charseq START="1922" END="1977">vice europeo sui 49er e mondiale con gli Hobie Cat Tiger</charseq>
        </head>
      </entity_mention>
      <entity_mention ID="adige20040907_id405586-E16-10" TYPE="NAM" PRIMARY="false" METONYMY_MENTION="FALSE">
        <extent>
          <charseq START="1906" END="1977">Gabriele Bruni, vice europeo sui 49er e mondiale con gli Hobie Cat Tiger</charseq>
        </extent>
        <head>
          <charseq START="1906" END="1977">Gabriele Bruni, vice europeo sui 49er e mondiale con gli Hobie Cat Tiger</charseq>
        </head>
      </entity_mention>
      <entity_attributes>
        <name NAME="Gabriele Bruni">
          <charseq START="1906" END="1919">Gabriele Bruni</charseq>
        </name>
        <name NAME="Gabriele Bruni, vice europeo sui 49er e mondiale con gli Hobie Cat Tiger">
          <charseq START="1906" END="1977">Gabriele Bruni, vice europeo sui 49er e mondiale con gli Hobie Cat Tiger</charseq>
        </name>
      </entity_attributes>
    </entity>
    <entity ID="adige20040907_id405586-E17" TYPE="PER" SUBTYPE="Individual" CLASS="SPC">
      <entity_mention ID="adige20040907_id405586-E17-2" TYPE="NAM" PRIMARY="true" METONYMY_MENTION="FALSE">
        <extent>
          <charseq START="1987" END="2045">Dede De Luca, a Sidney con il Soling e mondiale Ims a Capri</charseq>
        </extent>
        <head>
          <charseq START="1987" END="1998">Dede De Luca</charseq>
        </head>
      </entity_mention>
      <entity_mention ID="adige20040907_id405586-E17-4" TYPE="NOM" PRIMARY="false" METONYMY_MENTION="FALSE">
        <extent>
          <charseq START="2026" END="2045">mondiale Ims a Capri</charseq>
        </extent>
        <head>
          <charseq START="2026" END="2033">mondiale</charseq>
        </head>
      </entity_mention>
      <entity_attributes>
        <name NAME="Dede De Luca">
          <charseq START="1987" END="1998">Dede De Luca</charseq>
        </name>
      </entity_attributes>
    </entity>
    <entity ID="adige20040907_id405586-E18" TYPE="PER" SUBTYPE="Group" CLASS="SPC">
      <entity_mention ID="adige20040907_id405586-E18-2" TYPE="NAM" PRIMARY="true" METONYMY_MENTION="FALSE">
        <extent>
          <charseq START="2069" END="2082">Percy e Devoti</charseq>
        </extent>
        <head>
          <charseq START="2069" END="2082">Percy e Devoti</charseq>
        </head>
      </entity_mention>
      <entity_mention ID="adige20040907_id405586-E18-4" TYPE="NOM" PRIMARY="false" METONYMY_MENTION="FALSE">
        <extent>
          <charseq START="1251" END="1435">skipper a terra Luca Devoti, il veronese argento a Sidney nella classe Finn, e skipper a bordo l'inglese Iain Percy, oro olimpionico a Sidney nella stessa classe, campione mondiale 2002</charseq>
        </extent>
        <head>
          <charseq START="1251" END="1435">skipper a terra Luca Devoti, il veronese argento a Sidney nella classe Finn, e skipper a bordo l'inglese Iain Percy, oro olimpionico a Sidney nella stessa classe, campione mondiale 2002</charseq>
        </head>
      </entity_mention>
      <entity_mention ID="adige20040907_id405586-E18-6" TYPE="PRO" PRIMARY="false" METONYMY_MENTION="FALSE">
        <extent>
          <charseq START="1477" END="1480">loro</charseq>
        </extent>
        <head>
          <charseq START="1477" END="1480">loro</charseq>
        </head>
      </entity_mention>
      <entity_attributes>
        <name NAME="Percy e Devoti">
          <charseq START="2069" END="2082">Percy e Devoti</charseq>
        </name>
      </entity_attributes>
    </entity>
    <entity ID="adige20040907_id405586-E19" TYPE="PER" SUBTYPE="Individual" CLASS="SPC">
      <entity_mention ID="adige20040907_id405586-E19-2" TYPE="NAM" PRIMARY="true" METONYMY_MENTION="FALSE">
        <extent>
          <charseq START="2134" END="2146">Xavier Rohart</charseq>
        </extent>
        <head>
          <charseq START="2134" END="2146">Xavier Rohart</charseq>
        </head>
      </entity_mention>
      <entity_mention ID="adige20040907_id405586-E19-4" TYPE="NOM" PRIMARY="false" METONYMY_MENTION="FALSE">
        <extent>
          <charseq START="2100" END="2132">sulla medaglia di bronzo ad Atene</charseq>
        </extent>
        <head>
          <charseq START="2106" END="2113">medaglia</charseq>
        </head>
      </entity_mention>
      <entity_mention ID="adige20040907_id405586-E19-6" TYPE="NOM" PRIMARY="false" METONYMY_MENTION="FALSE">
        <extent>
          <charseq START="2100" END="2193">sulla medaglia di bronzo ad Atene Xavier Rohart, il francese in passato mondiale Star nel 2003</charseq>
        </extent>
        <head>
          <charseq START="2100" END="2193">sulla medaglia di bronzo ad Atene Xavier Rohart, il francese in passato mondiale Star nel 2003</charseq>
        </head>
      </entity_mention>
      <entity_mention ID="adige20040907_id405586-E19-8" TYPE="NOM" PRIMARY="false" METONYMY_MENTION="FALSE">
        <extent>
          <charseq START="2149" END="2193">il francese in passato mondiale Star nel 2003</charseq>
        </extent>
        <head>
          <charseq START="2152" END="2159">francese</charseq>
        </head>
      </entity_mention>
      <entity_mention ID="adige20040907_id405586-E19-10" TYPE="NOM" PRIMARY="false" METONYMY_MENTION="FALSE">
        <extent>
          <charseq START="2172" END="2179">mondiale</charseq>
        </extent>
        <head>
          <charseq START="2172" END="2179">mondiale</charseq>
        </head>
      </entity_mention>
      <entity_mention ID="adige20040907_id405586-E19-12" TYPE="PRO" PRIMARY="false" METONYMY_MENTION="FALSE">
        <extent>
          <charseq START="2207" END="2209">suo</charseq>
        </extent>
        <head>
          <charseq START="2207" END="2209">suo</charseq>
        </head>
      </entity_mention>
      <entity_attributes>
        <name NAME="Xavier Rohart">
          <charseq START="2134" END="2146">Xavier Rohart</charseq>
        </name>
      </entity_attributes>
    </entity>
    <entity ID="adige20040907_id405586-E20" TYPE="PER" SUBTYPE="Individual" CLASS="SPC">
      <entity_mention ID="adige20040907_id405586-E20-2" TYPE="NAM" PRIMARY="true" METONYMY_MENTION="FALSE">
        <extent>
          <charseq START="2220" END="2233">Pascal Rambeau</charseq>
        </extent>
        <head>
          <charseq START="2220" END="2233">Pascal Rambeau</charseq>
        </head>
      </entity_mention>
      <entity_mention ID="adige20040907_id405586-E20-4" TYPE="NOM" PRIMARY="false" METONYMY_MENTION="FALSE">
        <extent>
          <charseq START="2203" END="2218">sul suo prodiere</charseq>
        </extent>
        <head>
          <charseq START="2211" END="2218">prodiere</charseq>
        </head>
      </entity_mention>
      <entity_mention ID="adige20040907_id405586-E20-6" TYPE="NOM" PRIMARY="false" METONYMY_MENTION="FALSE">
        <extent>
          <charseq START="2203" END="2269">sul suo prodiere Pascal Rambeau, pure lui terzo ad Atene nelle Star</charseq>
        </extent>
        <head>
          <charseq START="2203" END="2233">sul suo prodiere Pascal Rambeau</charseq>
        </head>
      </entity_mention>
      <entity_mention ID="adige20040907_id405586-E20-8" TYPE="PRO" PRIMARY="false" METONYMY_MENTION="FALSE">
        <extent>
          <charseq START="2241" END="2243">lui</charseq>
        </extent>
        <head>
          <charseq START="2241" END="2243">lui</charseq>
        </head>
      </entity_mention>
      <entity_attributes>
        <name NAME="Pascal Rambeau">
          <charseq START="2220" END="2233">Pascal Rambeau</charseq>
        </name>
      </entity_attributes>
    </entity>
    <entity ID="adige20040907_id405586-E21" TYPE="PER" SUBTYPE="Individual" CLASS="SPC">
      <entity_mention ID="adige20040907_id405586-E21-2" TYPE="NAM" PRIMARY="true" METONYMY_MENTION="FALSE">
        <extent>
          <charseq START="2307" END="2437">lo spagnolo Rafael Trujillo, argento ad Atene e vice mondiale 2003 nella classe Finn, a Sidney prodiere nelle Star di van der Ploeg</charseq>
        </extent>
        <head>
          <charseq START="2319" END="2333">Rafael Trujillo</charseq>
        </head>
      </entity_mention>
      <entity_mention ID="adige20040907_id405586-E21-6" TYPE="NOM" PRIMARY="false" METONYMY_MENTION="FALSE">
        <extent>
          <charseq START="2355" END="2390">vice mondiale 2003 nella classe Finn</charseq>
        </extent>
        <head>
          <charseq START="2355" END="2358">vice</charseq>
        </head>
      </entity_mention>
      <entity_mention ID="adige20040907_id405586-E21-8" TYPE="NOM" PRIMARY="false" METONYMY_MENTION="FALSE">
        <extent>
          <charseq START="2402" END="2437">prodiere nelle Star di van der Ploeg</charseq>
        </extent>
        <head>
          <charseq START="2402" END="2409">prodiere</charseq>
        </head>
      </entity_mention>
      <entity_attributes>
        <name NAME="Rafael Trujillo">
          <charseq START="2319" END="2333">Rafael Trujillo</charseq>
        </name>
      </entity_attributes>
    </entity>
    <entity ID="adige20040907_id405586-E23" TYPE="PER" SUBTYPE="Individual" CLASS="SPC">
      <entity_mention ID="adige20040907_id405586-E23-2" TYPE="NAM" PRIMARY="true" METONYMY_MENTION="FALSE">
        <extent>
          <charseq START="2516" END="2560">l'australiano Antony Nossiter, sesto nei Finn</charseq>
        </extent>
        <head>
          <charseq START="2530" END="2544">Antony Nossiter</charseq>
        </head>
      </entity_mention>
      <entity_attributes>
        <name NAME="Antony Nossiter">
          <charseq START="2530" END="2544">Antony Nossiter</charseq>
        </name>
      </entity_attributes>
    </entity>
    <entity ID="adige20040907_id405586-E24" TYPE="PER" SUBTYPE="Individual" CLASS="SPC">
      <entity_mention ID="adige20040907_id405586-E24-2" TYPE="NAM" PRIMARY="true" METONYMY_MENTION="FALSE">
        <extent>
          <charseq START="2563" END="2583">il croato Karlo Kuret</charseq>
        </extent>
        <head>
          <charseq START="2573" END="2583">Karlo Kuret</charseq>
        </head>
      </entity_mention>
      <entity_attributes>
        <name NAME="Karlo Kuret">
          <charseq START="2573" END="2583">Karlo Kuret</charseq>
        </name>
      </entity_attributes>
    </entity>
    <entity ID="adige20040907_id405586-E25" TYPE="PER" SUBTYPE="Individual" CLASS="SPC">
      <entity_mention ID="adige20040907_id405586-E25-2" TYPE="NAM" PRIMARY="true" METONYMY_MENTION="FALSE">
        <extent>
          <charseq START="2586" END="2612">l'argentino Alejandro Colla</charseq>
        </extent>
        <head>
          <charseq START="2598" END="2612">Alejandro Colla</charseq>
        </head>
      </entity_mention>
      <entity_attributes>
        <name NAME="Alejandro Colla">
          <charseq START="2598" END="2612">Alejandro Colla</charseq>
        </name>
      </entity_attributes>
    </entity>
    <entity ID="adige20040907_id405586-E26" TYPE="PER" SUBTYPE="Individual" CLASS="SPC">
      <entity_mention ID="adige20040907_id405586-E26-2" TYPE="NAM" PRIMARY="true" METONYMY_MENTION="FALSE">
        <extent>
          <charseq START="2615" END="2656">il francese Guillaume Florent, 5° nei Finn</charseq>
        </extent>
        <head>
          <charseq START="2627" END="2643">Guillaume Florent</charseq>
        </head>
      </entity_mention>
      <entity_attributes>
        <name NAME="Guillaume Florent">
          <charseq START="2627" END="2643">Guillaume Florent</charseq>
        </name>
      </entity_attributes>
    </entity>
    <entity ID="adige20040907_id405586-E27" TYPE="PER" SUBTYPE="Group" CLASS="SPC">
      <entity_mention ID="adige20040907_id405586-E27-2" TYPE="NAM" PRIMARY="true" METONYMY_MENTION="FALSE">
        <extent>
          <charseq START="2516" END="2656">l'australiano Antony Nossiter, sesto nei Finn, il croato Karlo Kuret, l'argentino Alejandro Colla, il francese Guillaume Florent, 5° nei Finn</charseq>
        </extent>
        <head>
          <charseq START="2516" END="2656">l'australiano Antony Nossiter, sesto nei Finn, il croato Karlo Kuret, l'argentino Alejandro Colla, il francese Guillaume Florent, 5° nei Finn</charseq>
        </head>
      </entity_mention>
      <entity_mention ID="adige20040907_id405586-E27-4" TYPE="NOM" PRIMARY="false" METONYMY_MENTION="FALSE">
        <extent>
          <charseq START="2444" END="2476">i reduci delle Olimpiadi di Atene</charseq>
        </extent>
        <head>
          <charseq START="2446" END="2451">reduci</charseq>
        </head>
      </entity_mention>
      <entity_attributes>
        <name NAME="l'australiano Antony Nossiter, sesto nei Finn, il croato Karlo Kuret, l'argentino Alejandro Colla, il francese Guillaume Florent, 5° nei Finn">
          <charseq START="2516" END="2656">l'australiano Antony Nossiter, sesto nei Finn, il croato Karlo Kuret, l'argentino Alejandro Colla, il francese Guillaume Florent, 5° nei Finn</charseq>
        </name>
      </entity_attributes>
    </entity>
    <entity ID="adige20040907_id405586-E28" TYPE="PER" SUBTYPE="Individual" CLASS="SPC">
      <entity_mention ID="adige20040907_id405586-E28-2" TYPE="NAM" PRIMARY="true" METONYMY_MENTION="FALSE">
        <extent>
          <charseq START="2713" END="2725">Chris Brittle</charseq>
        </extent>
        <head>
          <charseq START="2713" END="2725">Chris Brittle</charseq>
        </head>
      </entity_mention>
      <entity_attributes>
        <name NAME="Chris Brittle">
          <charseq START="2713" END="2725">Chris Brittle</charseq>
        </name>
      </entity_attributes>
    </entity>
    <entity ID="adige20040907_id405586-E29" TYPE="PER" SUBTYPE="Individual" CLASS="SPC">
      <entity_mention ID="adige20040907_id405586-E29-2" TYPE="NAM" PRIMARY="true" METONYMY_MENTION="FALSE">
        <extent>
          <charseq START="2728" END="2749">Andrew "Barth" Simpson</charseq>
        </extent>
        <head>
          <charseq START="2728" END="2749">Andrew "Barth" Simpson</charseq>
        </head>
      </entity_mention>
      <entity_attributes>
        <name NAME="Andrew &quot;Barth&quot; Simpson">
          <charseq START="2728" END="2749">Andrew "Barth" Simpson</charseq>
        </name>
      </entity_attributes>
    </entity>
    <entity ID="adige20040907_id405586-E30" TYPE="PER" SUBTYPE="Individual" CLASS="SPC">
      <entity_mention ID="adige20040907_id405586-E30-2" TYPE="NAM" PRIMARY="true" METONYMY_MENTION="FALSE">
        <extent>
          <charseq START="2753" END="2762">James Lyne</charseq>
        </extent>
        <head>
          <charseq START="2753" END="2762">James Lyne</charseq>
        </head>
      </entity_mention>
      <entity_attributes>
        <name NAME="James Lyne">
          <charseq START="2753" END="2762">James Lyne</charseq>
        </name>
      </entity_attributes>
    </entity>
    <entity ID="adige20040907_id405586-E31" TYPE="PER" SUBTYPE="Group" CLASS="SPC">
      <entity_mention ID="adige20040907_id405586-E31-2" TYPE="NAM" PRIMARY="true" METONYMY_MENTION="FALSE">
        <extent>
          <charseq START="2713" END="2762">Chris Brittle, Andrew "Barth" Simpson e James Lyne</charseq>
        </extent>
        <head>
          <charseq START="2713" END="2762">Chris Brittle, Andrew "Barth" Simpson e James Lyne</charseq>
        </head>
      </entity_mention>
      <entity_mention ID="adige20040907_id405586-E31-4" TYPE="NOM" PRIMARY="false" METONYMY_MENTION="FALSE">
        <extent>
          <charseq START="2672" END="2710">gli inglesi, esperti a livello mondiale</charseq>
        </extent>
        <head>
          <charseq START="2676" END="2682">inglesi</charseq>
        </head>
      </entity_mention>
      <entity_mention ID="adige20040907_id405586-E31-6" TYPE="NOM" PRIMARY="false" METONYMY_MENTION="FALSE">
        <extent>
          <charseq START="2672" END="2762">gli inglesi, esperti a livello mondiale, Chris Brittle, Andrew "Barth" Simpson e James Lyne</charseq>
        </extent>
        <head>
          <charseq START="2672" END="2762">gli inglesi, esperti a livello mondiale, Chris Brittle, Andrew "Barth" Simpson e James Lyne</charseq>
        </head>
      </entity_mention>
      <entity_attributes>
        <name NAME="Chris Brittle, Andrew &quot;Barth&quot; Simpson e James Lyne">
          <charseq START="2713" END="2762">Chris Brittle, Andrew "Barth" Simpson e James Lyne</charseq>
        </name>
      </entity_attributes>
    </entity>
    <entity ID="adige20040907_id405586-E32" TYPE="PER" SUBTYPE="Individual" CLASS="SPC">
      <entity_mention ID="adige20040907_id405586-E32-2" TYPE="NAM" PRIMARY="true" METONYMY_MENTION="FALSE">
        <extent>
          <charseq START="3179" END="3191">Emilio Munari</charseq>
        </extent>
        <head>
          <charseq START="3179" END="3191">Emilio Munari</charseq>
        </head>
      </entity_mention>
      <entity_attributes>
        <name NAME="Emilio Munari">
          <charseq START="3179" END="3191">Emilio Munari</charseq>
        </name>
      </entity_attributes>
    </entity>
    <entity ID="adige20040907_id405586-E33" TYPE="PER" SUBTYPE="Individual" CLASS="SPC">
      <entity_mention ID="adige20040907_id405586-E33-2" TYPE="NAM" PRIMARY="true" METONYMY_MENTION="FALSE">
        <extent>
          <charseq START="3224" END="3245">lo svizzero Jurg Menzi</charseq>
        </extent>
        <head>
          <charseq START="3236" END="3245">Jurg Menzi</charseq>
        </head>
      </entity_mention>
      <entity_mention ID="adige20040907_id405586-E33-4" TYPE="NOM" PRIMARY="false" METONYMY_MENTION="FALSE">
        <extent>
          <charseq START="3248" END="3277">già mondiale sul Garda nel '99</charseq>
        </extent>
        <head>
          <charseq START="3252" END="3259">mondiale</charseq>
        </head>
      </entity_mention>
      <entity_mention ID="adige20040907_id405586-E33-6" TYPE="NAM" PRIMARY="false" METONYMY_MENTION="FALSE">
        <extent>
          <charseq START="3224" END="3277">lo svizzero Jurg Menzi, già mondiale sul Garda nel '99</charseq>
        </extent>
        <head>
          <charseq START="3224" END="3277">lo svizzero Jurg Menzi, già mondiale sul Garda nel '99</charseq>
        </head>
      </entity_mention>
      <entity_mention ID="adige20040907_id405586-E33-8" TYPE="NOM" PRIMARY="false" METONYMY_MENTION="FALSE">
        <extent>
          <charseq START="3280" END="3289">L'elvetico</charseq>
        </extent>
        <head>
          <charseq START="3282" END="3289">elvetico</charseq>
        </head>
      </entity_mention>
      <entity_attributes>
        <name NAME="Jurg Menzi">
          <charseq START="3236" END="3245">Jurg Menzi</charseq>
        </name>
        <name NAME="lo svizzero Jurg Menzi, già mondiale sul Garda nel '99">
          <charseq START="3224" END="3277">lo svizzero Jurg Menzi, già mondiale sul Garda nel '99</charseq>
        </name>
      </entity_attributes>
    </entity>
    <entity ID="adige20040907_id405586-E34" TYPE="PER" SUBTYPE="Individual" CLASS="SPC">
      <entity_mention ID="adige20040907_id405586-E34-2" TYPE="NAM" PRIMARY="true" METONYMY_MENTION="FALSE">
        <extent>
          <charseq START="3307" END="3330">il finlandese Gullichsen</charseq>
        </extent>
        <head>
          <charseq START="3321" END="3330">Gullichsen</charseq>
        </head>
      </entity_mention>
      <entity_attributes>
        <name NAME="Gullichsen">
          <charseq START="3321" END="3330">Gullichsen</charseq>
        </name>
      </entity_attributes>
    </entity>
    <entity ID="adige20040907_id405586-E35" TYPE="PER" SUBTYPE="Individual" CLASS="SPC">
      <entity_mention ID="adige20040907_id405586-E35-2" TYPE="NAM" PRIMARY="true" METONYMY_MENTION="FALSE">
        <extent>
          <charseq START="3359" END="3413">Luca Chirieleison del Circolo verbano del Lago Maggiore</charseq>
        </extent>
        <head>
          <charseq START="3359" END="3375">Luca Chirieleison</charseq>
        </head>
      </entity_mention>
      <entity_mention ID="adige20040907_id405586-E35-4" TYPE="PRO" PRIMARY="false" METONYMY_MENTION="FALSE">
        <extent>
          <charseq START="3333" END="3351">primo degli azzurri</charseq>
        </extent>
        <head>
          <charseq START="3333" END="3337">primo</charseq>
        </head>
      </entity_mention>
      <entity_attributes>
        <name NAME="Luca Chirieleison">
          <charseq START="3359" END="3375">Luca Chirieleison</charseq>
        </name>
      </entity_attributes>
    </entity>
    <entity ID="adige20040907_id405586-E36" TYPE="PER" SUBTYPE="Group" CLASS="SPC">
      <entity_mention ID="adige20040907_id405586-E36-2" TYPE="NOM" PRIMARY="true" METONYMY_MENTION="FALSE">
        <extent>
          <charseq START="952" END="973">metà equipaggio bianco</charseq>
        </extent>
        <head>
          <charseq START="957" END="966">equipaggio</charseq>
        </head>
      </entity_mention>
    </entity>
    <entity ID="adige20040907_id405586-E38" TYPE="PER" SUBTYPE="Group" CLASS="SPC">
      <entity_mention ID="adige20040907_id405586-E38-2" TYPE="PRO" PRIMARY="true" METONYMY_MENTION="FALSE">
        <extent>
          <charseq START="977" END="985">metà nero</charseq>
        </extent>
        <head>
          <charseq START="977" END="980">metà</charseq>
        </head>
      </entity_mention>
    </entity>
    <entity ID="adige20040907_id405586-E40" TYPE="PER" SUBTYPE="Group" CLASS="SPC">
      <entity_mention ID="adige20040907_id405586-E40-2" TYPE="NOM" PRIMARY="true" METONYMY_MENTION="FALSE">
        <extent>
          <charseq START="1531" END="1542">gli italiani</charseq>
        </extent>
        <head>
          <charseq START="1535" END="1542">italiani</charseq>
        </head>
      </entity_mention>
      <entity_mention ID="adige20040907_id405586-E40-3" TYPE="NAM" PRIMARY="false" METONYMY_MENTION="FALSE">
        <extent>
          <charseq START="1545" END="2045">Claudio "Ciccio" Celon, gardesano di Brenzone di Malcesine, vice campione mondiale Fd nel '92, vincitore della "Louis Vitton" con Luna Rossa nel 2000, partecipante a tre Olimpiadi e al Giro del Mondo, poi Stefano Rizzi, pure lui su Luna Rossa e vincitore del Giro del Mondo senza scalo, Massimo Galli detto Centurione, 20 anni di Coppa America e su Luna Rossa, Gabriele Bruni, vice europeo sui 49er e mondiale con gli Hobie Cat Tiger, infine Dede De Luca, a Sidney con il Soling e mondiale Ims a Capri</charseq>
        </extent>
        <head>
          <charseq START="1545" END="2045">Claudio "Ciccio" Celon, gardesano di Brenzone di Malcesine, vice campione mondiale Fd nel '92, vincitore della "Louis Vitton" con Luna Rossa nel 2000, partecipante a tre Olimpiadi e al Giro del Mondo, poi Stefano Rizzi, pure lui su Luna Rossa e vincitore del Giro del Mondo senza scalo, Massimo Galli detto Centurione, 20 anni di Coppa America e su Luna Rossa, Gabriele Bruni, vice europeo sui 49er e mondiale con gli Hobie Cat Tiger, infine Dede De Luca, a Sidney con il Soling e mondiale Ims a Capri</charseq>
        </head>
      </entity_mention>
      <entity_attributes>
        <name NAME="Claudio &quot;Ciccio&quot; Celon, gardesano di Brenzone di Malcesine, vice campione mondiale Fd nel '92, vincitore della &quot;Louis Vitton&quot; con Luna Rossa nel 2000, partecipante a tre Olimpiadi e al Giro del Mondo, poi Stefano Rizzi, pure lui su Luna Rossa e vincitore del Giro del Mondo senza scalo, Massimo Galli detto Centurione, 20 anni di Coppa America e su Luna Rossa, Gabriele Bruni, vice europeo sui 49er e mondiale con gli Hobie Cat Tiger, infine Dede De Luca, a Sidney con il Soling e mondiale Ims a Capri">
          <charseq START="1545" END="2045">Claudio "Ciccio" Celon, gardesano di Brenzone di Malcesine, vice campione mondiale Fd nel '92, vincitore della "Louis Vitton" con Luna Rossa nel 2000, partecipante a tre Olimpiadi e al Giro del Mondo, poi Stefano Rizzi, pure lui su Luna Rossa e vincitore del Giro del Mondo senza scalo, Massimo Galli detto Centurione, 20 anni di Coppa America e su Luna Rossa, Gabriele Bruni, vice europeo sui 49er e mondiale con gli Hobie Cat Tiger, infine Dede De Luca, a Sidney con il Soling e mondiale Ims a Capri</charseq>
        </name>
      </entity_attributes>
    </entity>
    <entity ID="adige20040907_id405586-E41" TYPE="PER" SUBTYPE="Group" CLASS="SPC">
      <entity_mention ID="adige20040907_id405586-E41-2" TYPE="NOM" PRIMARY="true" METONYMY_MENTION="FALSE">
        <extent>
          <charseq START="1489" END="1513">un team di tutto rispetto</charseq>
        </extent>
        <head>
          <charseq START="1492" END="1495">team</charseq>
        </head>
      </entity_mention>
    </entity>
    <entity ID="adige20040907_id405586-E42" TYPE="ORG" SUBTYPE="Sports" CLASS="SPC">
      <entity_mention ID="adige20040907_id405586-E42-1" TYPE="NAM" PRIMARY="true" METONYMY_MENTION="FALSE">
        <extent>
          <charseq START="41" END="43">+39</charseq>
        </extent>
        <head>
          <charseq START="41" END="43">+39</charseq>
        </head>
      </entity_mention>
      <entity_mention ID="adige20040907_id405586-E42-3" TYPE="NAM" PRIMARY="false" METONYMY_MENTION="FALSE">
        <extent>
          <charseq START="261" END="263">+39</charseq>
        </extent>
        <head>
          <charseq START="261" END="263">+39</charseq>
        </head>
      </entity_mention>
      <entity_mention ID="adige20040907_id405586-E42-4" TYPE="NAM" PRIMARY="false" METONYMY_MENTION="FALSE">
        <extent>
          <charseq START="1199" END="1471">il « +39 » promosso dal manager Cesare Pasotti, con skipper a terra Luca Devoti, il veronese argento a Sidney nella classe Finn, e skipper a bordo l'inglese Iain Percy, oro olimpionico a Sidney nella stessa classe, campione mondiale 2002 e 6° di recente ad Atene nelle Star</charseq>
        </extent>
        <head>
          <charseq START="1204" END="1206">+39</charseq>
        </head>
      </entity_mention>
      <entity_mention ID="adige20040907_id405586-E42-5" TYPE="NAM" PRIMARY="false" METONYMY_MENTION="FALSE">
        <extent>
          <charseq START="2493" END="2495">+39</charseq>
        </extent>
        <head>
          <charseq START="2493" END="2495">+39</charseq>
        </head>
      </entity_mention>
      <entity_mention ID="adige20040907_id405586-E42-6" TYPE="NOM" PRIMARY="false" METONYMY_MENTION="FALSE">
        <extent>
          <charseq START="1158" END="1196">lo scafo Ita 59 del sodalizio del Garda</charseq>
        </extent>
        <head>
          <charseq START="1161" END="1165">scafo</charseq>
        </head>
      </entity_mention>
      <entity_mention ID="adige20040907_id405586-E42-7" TYPE="NOM" PRIMARY="false" METONYMY_MENTION="FALSE">
        <extent>
          <charseq START="1158" END="1471">lo scafo Ita 59 del sodalizio del Garda, il « +39 » promosso dal manager Cesare Pasotti, con skipper a terra Luca Devoti, il veronese argento a Sidney nella classe Finn, e skipper a bordo l'inglese Iain Percy, oro olimpionico a Sidney nella stessa classe, campione mondiale 2002 e 6° di recente ad Atene nelle Star</charseq>
        </extent>
        <head>
          <charseq START="1158" END="1471">lo scafo Ita 59 del sodalizio del Garda, il « +39 » promosso dal manager Cesare Pasotti, con skipper a terra Luca Devoti, il veronese argento a Sidney nella classe Finn, e skipper a bordo l'inglese Iain Percy, oro olimpionico a Sidney nella stessa classe, campione mondiale 2002 e 6° di recente ad Atene nelle Star</charseq>
        </head>
      </entity_mention>
      <entity_attributes>
        <name NAME="+39">
          <charseq START="41" END="43">+39</charseq>
        </name>
        <name NAME="+39">
          <charseq START="261" END="263">+39</charseq>
        </name>
        <name NAME="+39">
          <charseq START="1204" END="1206">+39</charseq>
        </name>
        <name NAME="+39">
          <charseq START="2493" END="2495">+39</charseq>
        </name>
      </entity_attributes>
    </entity>
    <entity ID="adige20040907_id405586-E43" TYPE="ORG" SUBTYPE="Sports" CLASS="SPC">
      <entity_mention ID="adige20040907_id405586-E43-1" TYPE="NAM" PRIMARY="true" METONYMY_MENTION="FALSE">
        <extent>
          <charseq START="570" END="576">Alinghi</charseq>
        </extent>
        <head>
          <charseq START="570" END="576">Alinghi</charseq>
        </head>
      </entity_mention>
      <entity_mention ID="adige20040907_id405586-E43-2" TYPE="NAM" PRIMARY="false" METONYMY_MENTION="FALSE">
        <extent>
          <charseq START="740" END="746">Alinghi</charseq>
        </extent>
        <head>
          <charseq START="740" END="746">Alinghi</charseq>
        </head>
      </entity_mention>
      <entity_attributes>
        <name NAME="Alinghi">
          <charseq START="570" END="576">Alinghi</charseq>
        </name>
        <name NAME="Alinghi">
          <charseq START="740" END="746">Alinghi</charseq>
        </name>
      </entity_attributes>
    </entity>
    <entity ID="adige20040907_id405586-E44" TYPE="ORG" SUBTYPE="Sports" CLASS="SPC">
      <entity_mention ID="adige20040907_id405586-E44-1" TYPE="NAM" PRIMARY="true" METONYMY_MENTION="FALSE">
        <extent>
          <charseq START="685" END="709">dallo statunitense Oracle</charseq>
        </extent>
        <head>
          <charseq START="704" END="709">Oracle</charseq>
        </head>
      </entity_mention>
      <entity_attributes>
        <name NAME="Oracle">
          <charseq START="704" END="709">Oracle</charseq>
        </name>
      </entity_attributes>
    </entity>
    <entity ID="adige20040907_id405586-E45" TYPE="ORG" SUBTYPE="Sports" CLASS="SPC">
      <entity_mention ID="adige20040907_id405586-E45-1" TYPE="NAM" PRIMARY="true" METONYMY_MENTION="FALSE">
        <extent>
          <charseq START="827" END="841">del K-Challenge</charseq>
        </extent>
        <head>
          <charseq START="831" END="841">K-Challenge</charseq>
        </head>
      </entity_mention>
      <entity_attributes>
        <name NAME="K-Challenge">
          <charseq START="831" END="841">K-Challenge</charseq>
        </name>
      </entity_attributes>
    </entity>
    <entity ID="adige20040907_id405586-E46" TYPE="ORG" SUBTYPE="Sports" CLASS="SPC">
      <entity_mention ID="adige20040907_id405586-E46-1" TYPE="NAM" PRIMARY="true" METONYMY_MENTION="FALSE">
        <extent>
          <charseq START="858" END="876">del Team Shosholoza</charseq>
        </extent>
        <head>
          <charseq START="862" END="876">Team Shosholoza</charseq>
        </head>
      </entity_mention>
      <entity_mention ID="adige20040907_id405586-E46-2" TYPE="PRO" PRIMARY="false" METONYMY_MENTION="FALSE">
        <extent>
          <charseq START="879" END="881">che</charseq>
        </extent>
        <head>
          <charseq START="879" END="881">che</charseq>
        </head>
      </entity_mention>
      <entity_attributes>
        <name NAME="Team Shosholoza">
          <charseq START="862" END="876">Team Shosholoza</charseq>
        </name>
      </entity_attributes>
    </entity>
    <entity ID="adige20040907_id405586-E47" TYPE="ORG" SUBTYPE="Sports" CLASS="SPC">
      <entity_mention ID="adige20040907_id405586-E47-1" TYPE="NAM" PRIMARY="true" METONYMY_MENTION="FALSE">
        <extent>
          <charseq START="995" END="1010">Le Defi francese</charseq>
        </extent>
        <head>
          <charseq START="995" END="1001">Le Defi</charseq>
        </head>
      </entity_mention>
      <entity_attributes>
        <name NAME="Le Defi">
          <charseq START="995" END="1001">Le Defi</charseq>
        </name>
      </entity_attributes>
    </entity>
    <entity ID="adige20040907_id405586-E48" TYPE="ORG" SUBTYPE="Sports" CLASS="SPC">
      <entity_mention ID="adige20040907_id405586-E48-1" TYPE="NOM" PRIMARY="true" METONYMY_MENTION="FALSE">
        <extent>
          <charseq START="1013" END="1027">I team italiani</charseq>
        </extent>
        <head>
          <charseq START="1015" END="1018">team</charseq>
        </head>
      </entity_mention>
    </entity>
    <entity ID="adige20040907_id405586-E50" TYPE="ORG" SUBTYPE="Sports" CLASS="SPC">
      <entity_mention ID="adige20040907_id405586-E50-1" TYPE="NAM" PRIMARY="true" METONYMY_MENTION="FALSE">
        <extent>
          <charseq START="1132" END="1141">Luna Rossa</charseq>
        </extent>
        <head>
          <charseq START="1132" END="1141">Luna Rossa</charseq>
        </head>
      </entity_mention>
      <entity_mention ID="adige20040907_id405586-E50-2" TYPE="NAM" PRIMARY="false" METONYMY_MENTION="FALSE">
        <extent>
          <charseq START="1675" END="1684">Luna Rossa</charseq>
        </extent>
        <head>
          <charseq START="1675" END="1684">Luna Rossa</charseq>
        </head>
      </entity_mention>
      <entity_mention ID="adige20040907_id405586-E50-3" TYPE="NAM" PRIMARY="false" METONYMY_MENTION="FALSE">
        <extent>
          <charseq START="1777" END="1786">Luna Rossa</charseq>
        </extent>
        <head>
          <charseq START="1777" END="1786">Luna Rossa</charseq>
        </head>
      </entity_mention>
      <entity_mention ID="adige20040907_id405586-E50-4" TYPE="NAM" PRIMARY="false" METONYMY_MENTION="FALSE">
        <extent>
          <charseq START="1894" END="1903">Luna Rossa</charseq>
        </extent>
        <head>
          <charseq START="1894" END="1903">Luna Rossa</charseq>
        </head>
      </entity_mention>
      <entity_attributes>
        <name NAME="Luna Rossa">
          <charseq START="1132" END="1141">Luna Rossa</charseq>
        </name>
        <name NAME="Luna Rossa">
          <charseq START="1675" END="1684">Luna Rossa</charseq>
        </name>
        <name NAME="Luna Rossa">
          <charseq START="1777" END="1786">Luna Rossa</charseq>
        </name>
        <name NAME="Luna Rossa">
          <charseq START="1894" END="1903">Luna Rossa</charseq>
        </name>
      </entity_attributes>
    </entity>
    <entity ID="adige20040907_id405586-E52" TYPE="ORG" SUBTYPE="Commercial" CLASS="SPC">
      <entity_mention ID="adige20040907_id405586-E52-1" TYPE="NOM" PRIMARY="true" METONYMY_MENTION="FALSE">
        <extent>
          <charseq START="2901" END="2922">un Consorzio del Garda</charseq>
        </extent>
        <head>
          <charseq START="2904" END="2912">Consorzio</charseq>
        </head>
      </entity_mention>
      <entity_mention ID="adige20040907_id405586-E52-2" TYPE="NOM" PRIMARY="false" METONYMY_MENTION="FALSE">
        <extent>
          <charseq START="1174" END="1196">del sodalizio del Garda</charseq>
        </extent>
        <head>
          <charseq START="1178" END="1186">sodalizio</charseq>
        </head>
      </entity_mention>
    </entity>
    <entity ID="adige20040907_id405586-E53" TYPE="PER" SUBTYPE="Individual" CLASS="SPC">
      <entity_mention ID="adige20040907_id405586-E53-1" TYPE="NAM" PRIMARY="true" METONYMY_MENTION="FALSE">
        <extent>
          <charseq START="3417" END="3422">essepi</charseq>
        </extent>
        <head>
          <charseq START="3417" END="3422">essepi</charseq>
        </head>
      </entity_mention>
      <entity_attributes>
        <name NAME="essepi">
          <charseq START="3417" END="3422">essepi</charseq>
        </name>
      </entity_attributes>
    </entity>
    <entity ID="adige20040907_id405586-E54" TYPE="ORG" SUBTYPE="Sports" CLASS="SPC">
      <entity_mention ID="adige20040907_id405586-E54-1" TYPE="NAM" PRIMARY="true" METONYMY_MENTION="FALSE">
        <extent>
          <charseq START="3381" END="3413">Circolo verbano del Lago Maggiore</charseq>
        </extent>
        <head>
          <charseq START="3381" END="3395">Circolo verbano</charseq>
        </head>
      </entity_mention>
      <entity_attributes>
        <name NAME="Circolo verbano">
          <charseq START="3381" END="3395">Circolo verbano</charseq>
        </name>
      </entity_attributes>
    </entity>
    <entity ID="adige20040907_id405586-E55" TYPE="ORG" SUBTYPE="Commercial" CLASS="SPC">
      <entity_mention ID="adige20040907_id405586-E55-1" TYPE="NAM" PRIMARY="true" METONYMY_MENTION="FALSE">
        <extent>
          <charseq START="1124" END="1128">Prada</charseq>
        </extent>
        <head>
          <charseq START="1124" END="1128">Prada</charseq>
        </head>
      </entity_mention>
      <entity_attributes>
        <name NAME="Prada">
          <charseq START="1124" END="1128">Prada</charseq>
        </name>
      </entity_attributes>
    </entity>
    <entity ID="adige20040907_id405586-E56" TYPE="ORG" SUBTYPE="Commercial" CLASS="SPC">
      <entity_mention ID="adige20040907_id405586-E56-1" TYPE="NAM" PRIMARY="true" METONYMY_MENTION="FALSE">
        <extent>
          <charseq START="1124" END="1141">Prada e Luna Rossa</charseq>
        </extent>
        <head>
          <charseq START="1124" END="1141">Prada e Luna Rossa</charseq>
        </head>
      </entity_mention>
      <entity_attributes>
        <name NAME="Prada e Luna Rossa">
          <charseq START="1124" END="1141">Prada e Luna Rossa</charseq>
        </name>
      </entity_attributes>
    </entity>
    <entity ID="adige20040907_id405586-E57" TYPE="GPE" SUBTYPE="Population-Center" CLASS="SPC">
      <entity_mention ID="adige20040907_id405586-E57-1" TYPE="NAM" PRIMARY="true" ROLE="LOC" METONYMY_MENTION="FALSE">
        <extent>
          <charseq START="184" END="191">GARGNANO</charseq>
        </extent>
        <head>
          <charseq START="184" END="191">GARGNANO</charseq>
        </head>
      </entity_mention>
      <entity_mention ID="adige20040907_id405586-E57-2" TYPE="NAM" PRIMARY="false" ROLE="LOC" METONYMY_MENTION="FALSE">
        <extent>
          <charseq START="8" END="15">Gargnano</charseq>
        </extent>
        <head>
          <charseq START="8" END="15">Gargnano</charseq>
        </head>
      </entity_mention>
      <entity_attributes>
        <name NAME="GARGNANO">
          <charseq START="184" END="191">GARGNANO</charseq>
        </name>
        <name NAME="Gargnano">
          <charseq START="8" END="15">Gargnano</charseq>
        </name>
      </entity_attributes>
    </entity>
    <entity ID="adige20040907_id405586-E58" TYPE="GPE" SUBTYPE="State-or-Province" CLASS="SPC">
      <entity_mention ID="adige20040907_id405586-E58-1" TYPE="NAM" PRIMARY="true" ROLE="LOC" METONYMY_MENTION="FALSE">
        <extent>
          <charseq START="194" END="200">Brescia</charseq>
        </extent>
        <head>
          <charseq START="194" END="200">Brescia</charseq>
        </head>
      </entity_mention>
      <entity_mention ID="adige20040907_id405586-E58-2" TYPE="NAM" PRIMARY="false" ROLE="GPE" METONYMY_MENTION="FALSE">
        <extent>
          <charseq START="357" END="365">bresciana</charseq>
        </extent>
        <head>
          <charseq START="357" END="365">bresciana</charseq>
        </head>
      </entity_mention>
      <entity_attributes>
        <name NAME="Brescia">
          <charseq START="194" END="200">Brescia</charseq>
        </name>
      </entity_attributes>
    </entity>
    <entity ID="adige20040907_id405586-E59" TYPE="GPE" SUBTYPE="Population-Center" CLASS="SPC">
      <entity_mention ID="adige20040907_id405586-E59-1" TYPE="NAM" PRIMARY="true" ROLE="LOC" METONYMY_MENTION="FALSE">
        <extent>
          <charseq START="485" END="493">Marsiglia</charseq>
        </extent>
        <head>
          <charseq START="485" END="493">Marsiglia</charseq>
        </head>
      </entity_mention>
      <entity_attributes>
        <name NAME="Marsiglia">
          <charseq START="485" END="493">Marsiglia</charseq>
        </name>
      </entity_attributes>
    </entity>
    <entity ID="adige20040907_id405586-E60" TYPE="GPE" SUBTYPE="Nation" CLASS="SPC">
      <entity_mention ID="adige20040907_id405586-E60-1" TYPE="NAM" PRIMARY="true" ROLE="GPE" METONYMY_MENTION="FALSE">
        <extent>
          <charseq START="558" END="565">svizzera</charseq>
        </extent>
        <head>
          <charseq START="558" END="565">svizzera</charseq>
        </head>
      </entity_mention>
      <entity_mention ID="adige20040907_id405586-E60-2" TYPE="NAM" PRIMARY="false" ROLE="GPE" METONYMY_MENTION="FALSE">
        <extent>
          <charseq START="3227" END="3234">svizzero</charseq>
        </extent>
        <head>
          <charseq START="3227" END="3234">svizzero</charseq>
        </head>
      </entity_mention>
    </entity>
    <entity ID="adige20040907_id405586-E61" TYPE="GPE" SUBTYPE="Nation" CLASS="SPC">
      <entity_mention ID="adige20040907_id405586-E61-1" TYPE="NAM" PRIMARY="true" ROLE="GPE" METONYMY_MENTION="FALSE">
        <extent>
          <charseq START="691" END="702">statunitense</charseq>
        </extent>
        <head>
          <charseq START="691" END="702">statunitense</charseq>
        </head>
      </entity_mention>
    </entity>
    <entity ID="adige20040907_id405586-E62" TYPE="GPE" SUBTYPE="Nation" CLASS="SPC">
      <entity_mention ID="adige20040907_id405586-E62-1" TYPE="NAM" PRIMARY="true" ROLE="GPE" METONYMY_MENTION="FALSE">
        <extent>
          <charseq START="767" END="778">neozelandese</charseq>
        </extent>
        <head>
          <charseq START="767" END="778">neozelandese</charseq>
        </head>
      </entity_mention>
    </entity>
    <entity ID="adige20040907_id405586-E63" TYPE="GPE" SUBTYPE="Nation" CLASS="SPC">
      <entity_mention ID="adige20040907_id405586-E63-1" TYPE="NAM" PRIMARY="true" ROLE="GPE" METONYMY_MENTION="FALSE">
        <extent>
          <charseq START="792" END="810">degli Emirati Arabi</charseq>
        </extent>
        <head>
          <charseq START="798" END="810">Emirati Arabi</charseq>
        </head>
      </entity_mention>
      <entity_attributes>
        <name NAME="Emirati Arabi">
          <charseq START="798" END="810">Emirati Arabi</charseq>
        </name>
      </entity_attributes>
    </entity>
    <entity ID="adige20040907_id405586-E64" TYPE="GPE" SUBTYPE="Nation" CLASS="SPC">
      <entity_mention ID="adige20040907_id405586-E64-1" TYPE="NAM" PRIMARY="true" ROLE="GPE" METONYMY_MENTION="FALSE">
        <extent>
          <charseq START="1003" END="1010">francese</charseq>
        </extent>
        <head>
          <charseq START="1003" END="1010">francese</charseq>
        </head>
      </entity_mention>
      <entity_mention ID="adige20040907_id405586-E64-2" TYPE="NAM" PRIMARY="false" ROLE="GPE" METONYMY_MENTION="FALSE">
        <extent>
          <charseq START="2618" END="2625">francese</charseq>
        </extent>
        <head>
          <charseq START="2618" END="2625">francese</charseq>
        </head>
      </entity_mention>
    </entity>
    <entity ID="adige20040907_id405586-E65" TYPE="GPE" SUBTYPE="Nation" CLASS="SPC">
      <entity_mention ID="adige20040907_id405586-E65-1" TYPE="NAM" PRIMARY="true" ROLE="GPE" METONYMY_MENTION="FALSE">
        <extent>
          <charseq START="1020" END="1027">italiani</charseq>
        </extent>
        <head>
          <charseq START="1020" END="1027">italiani</charseq>
        </head>
      </entity_mention>
    </entity>
    <entity ID="adige20040907_id405586-E66" TYPE="GPE" SUBTYPE="Population-Center" CLASS="SPC">
      <entity_mention ID="adige20040907_id405586-E66-1" TYPE="NAM" PRIMARY="true" ROLE="LOC" METONYMY_MENTION="FALSE">
        <extent>
          <charseq START="1302" END="1307">Sidney</charseq>
        </extent>
        <head>
          <charseq START="1302" END="1307">Sidney</charseq>
        </head>
      </entity_mention>
      <entity_mention ID="adige20040907_id405586-E66-2" TYPE="NAM" PRIMARY="false" ROLE="LOC" METONYMY_MENTION="FALSE">
        <extent>
          <charseq START="1386" END="1391">Sidney</charseq>
        </extent>
        <head>
          <charseq START="1386" END="1391">Sidney</charseq>
        </head>
      </entity_mention>
      <entity_mention ID="adige20040907_id405586-E66-3" TYPE="NAM" PRIMARY="false" ROLE="LOC" METONYMY_MENTION="FALSE">
        <extent>
          <charseq START="2003" END="2008">Sidney</charseq>
        </extent>
        <head>
          <charseq START="2003" END="2008">Sidney</charseq>
        </head>
      </entity_mention>
      <entity_mention ID="adige20040907_id405586-E66-4" TYPE="NAM" PRIMARY="false" ROLE="LOC" METONYMY_MENTION="FALSE">
        <extent>
          <charseq START="2395" END="2400">Sidney</charseq>
        </extent>
        <head>
          <charseq START="2395" END="2400">Sidney</charseq>
        </head>
      </entity_mention>
      <entity_attributes>
        <name NAME="Sidney">
          <charseq START="1302" END="1307">Sidney</charseq>
        </name>
        <name NAME="Sidney">
          <charseq START="1386" END="1391">Sidney</charseq>
        </name>
        <name NAME="Sidney">
          <charseq START="2003" END="2008">Sidney</charseq>
        </name>
        <name NAME="Sidney">
          <charseq START="2395" END="2400">Sidney</charseq>
        </name>
      </entity_attributes>
    </entity>
    <entity ID="adige20040907_id405586-E67" TYPE="GPE" SUBTYPE="Nation" CLASS="SPC">
      <entity_mention ID="adige20040907_id405586-E67-1" TYPE="NAM" PRIMARY="true" ROLE="GPE" METONYMY_MENTION="FALSE">
        <extent>
          <charseq START="1348" END="1354">inglese</charseq>
        </extent>
        <head>
          <charseq START="1348" END="1354">inglese</charseq>
        </head>
      </entity_mention>
    </entity>
    <entity ID="adige20040907_id405586-E68" TYPE="GPE" SUBTYPE="Population-Center" CLASS="SPC">
      <entity_mention ID="adige20040907_id405586-E68-5" TYPE="NAM" PRIMARY="true" ROLE="GPE" METONYMY_MENTION="FALSE">
        <extent>
          <charseq START="2472" END="2476">Atene</charseq>
        </extent>
        <head>
          <charseq START="2472" END="2476">Atene</charseq>
        </head>
      </entity_mention>
      <entity_attributes>
        <name NAME="Atene">
          <charseq START="2472" END="2476">Atene</charseq>
        </name>
      </entity_attributes>
    </entity>
    <entity ID="adige20040907_id405586-E69" TYPE="GPE" SUBTYPE="Population-Center" CLASS="SPC">
      <entity_mention ID="adige20040907_id405586-E69-1" TYPE="NAM" PRIMARY="true" ROLE="LOC" METONYMY_MENTION="FALSE">
        <extent>
          <charseq START="2041" END="2045">Capri</charseq>
        </extent>
        <head>
          <charseq START="2041" END="2045">Capri</charseq>
        </head>
      </entity_mention>
      <entity_attributes>
        <name NAME="Capri">
          <charseq START="2041" END="2045">Capri</charseq>
        </name>
      </entity_attributes>
    </entity>
    <entity ID="adige20040907_id405586-E70" TYPE="GPE" SUBTYPE="Nation" CLASS="SPC">
      <entity_mention ID="adige20040907_id405586-E70-1" TYPE="NAM" PRIMARY="true" ROLE="GPE" METONYMY_MENTION="FALSE">
        <extent>
          <charseq START="2518" END="2528">australiano</charseq>
        </extent>
        <head>
          <charseq START="2518" END="2528">australiano</charseq>
        </head>
      </entity_mention>
    </entity>
    <entity ID="adige20040907_id405586-E71" TYPE="GPE" SUBTYPE="Nation" CLASS="SPC">
      <entity_mention ID="adige20040907_id405586-E71-1" TYPE="NAM" PRIMARY="true" ROLE="GPE" METONYMY_MENTION="FALSE">
        <extent>
          <charseq START="2566" END="2571">croato</charseq>
        </extent>
        <head>
          <charseq START="2566" END="2571">croato</charseq>
        </head>
      </entity_mention>
    </entity>
    <entity ID="adige20040907_id405586-E72" TYPE="GPE" SUBTYPE="Nation" CLASS="SPC">
      <entity_mention ID="adige20040907_id405586-E72-1" TYPE="NAM" PRIMARY="true" ROLE="GPE" METONYMY_MENTION="FALSE">
        <extent>
          <charseq START="2588" END="2596">argentino</charseq>
        </extent>
        <head>
          <charseq START="2588" END="2596">argentino</charseq>
        </head>
      </entity_mention>
    </entity>
    <entity ID="adige20040907_id405586-E73" TYPE="GPE" SUBTYPE="Nation" CLASS="SPC">
      <entity_mention ID="adige20040907_id405586-E73-1" TYPE="NAM" PRIMARY="true" ROLE="GPE" METONYMY_MENTION="FALSE">
        <extent>
          <charseq START="3310" END="3319">finlandese</charseq>
        </extent>
        <head>
          <charseq START="3310" END="3319">finlandese</charseq>
        </head>
      </entity_mention>
    </entity>
    <entity ID="adige20040907_id405586-E74" TYPE="GPE" SUBTYPE="Population-Center" CLASS="SPC">
      <entity_mention ID="adige20040907_id405586-E74-1" TYPE="NAM" PRIMARY="true" ROLE="LOC" METONYMY_MENTION="FALSE">
        <extent>
          <charseq START="105" END="111">Trapani</charseq>
        </extent>
        <head>
          <charseq START="105" END="111">Trapani</charseq>
        </head>
      </entity_mention>
      <entity_attributes>
        <name NAME="Trapani">
          <charseq START="105" END="111">Trapani</charseq>
        </name>
      </entity_attributes>
    </entity>
    <entity ID="adige20040907_id405586-E75" TYPE="GPE" SUBTYPE="Population-Center" CLASS="SPC">
      <entity_mention ID="adige20040907_id405586-E75-1" TYPE="NAM" PRIMARY="true" ROLE="GPE" METONYMY_MENTION="FALSE">
        <extent>
          <charseq START="172" END="180">Malcesine</charseq>
        </extent>
        <head>
          <charseq START="172" END="180">Malcesine</charseq>
        </head>
      </entity_mention>
      <entity_mention ID="adige20040907_id405586-E75-2" TYPE="NAM" PRIMARY="false" ROLE="GPE" METONYMY_MENTION="FALSE">
        <extent>
          <charseq START="1594" END="1602">Malcesine</charseq>
        </extent>
        <head>
          <charseq START="1594" END="1602">Malcesine</charseq>
        </head>
      </entity_mention>
      <entity_attributes>
        <name NAME="Malcesine">
          <charseq START="172" END="180">Malcesine</charseq>
        </name>
        <name NAME="Malcesine">
          <charseq START="1594" END="1602">Malcesine</charseq>
        </name>
      </entity_attributes>
    </entity>
    <entity ID="adige20040907_id405586-E76" TYPE="GPE" SUBTYPE="Population-Center" CLASS="SPC">
      <entity_mention ID="adige20040907_id405586-E76-1" TYPE="NAM" PRIMARY="true" ROLE="GPE" METONYMY_MENTION="FALSE">
        <extent>
          <charseq START="1582" END="1602">Brenzone di Malcesine</charseq>
        </extent>
        <head>
          <charseq START="1582" END="1589">Brenzone</charseq>
        </head>
      </entity_mention>
      <entity_attributes>
        <name NAME="Brenzone">
          <charseq START="1582" END="1589">Brenzone</charseq>
        </name>
      </entity_attributes>
    </entity>
    <entity ID="adige20040907_id405586-E77" TYPE="PER" SUBTYPE="Individual" CLASS="SPC">
      <entity_mention ID="adige20040907_id405586-E77-1" TYPE="NAM" PRIMARY="true" METONYMY_MENTION="FALSE">
        <extent>
          <charseq START="2425" END="2437">van der Ploeg</charseq>
        </extent>
        <head>
          <charseq START="2425" END="2437">van der Ploeg</charseq>
        </head>
      </entity_mention>
      <entity_attributes>
        <name NAME="van der Ploeg">
          <charseq START="2425" END="2437">van der Ploeg</charseq>
        </name>
      </entity_attributes>
    </entity>
    <entity ID="adige20040907_id405586-E78" TYPE="GPE" SUBTYPE="Population-Center" CLASS="SPC">
      <entity_mention ID="adige20040907_id405586-E78-1" TYPE="NAM" PRIMARY="true" ROLE="LOC" METONYMY_MENTION="FALSE">
        <extent>
          <charseq START="2925" END="2931">TORBOLE</charseq>
        </extent>
        <head>
          <charseq START="2925" END="2931">TORBOLE</charseq>
        </head>
      </entity_mention>
      <entity_attributes>
        <name NAME="TORBOLE">
          <charseq START="2925" END="2931">TORBOLE</charseq>
        </name>
      </entity_attributes>
    </entity>
    <entity ID="adige20040907_id405586-E80" TYPE="LOC" SUBTYPE="Water-Body" CLASS="SPC">
      <entity_mention ID="adige20040907_id405586-E80-1" TYPE="NAM" PRIMARY="true" METONYMY_MENTION="FALSE">
        <extent>
          <charseq START="218" END="234">del lago di Garda</charseq>
        </extent>
        <head>
          <charseq START="222" END="234">lago di Garda</charseq>
        </head>
      </entity_mention>
      <entity_mention ID="adige20040907_id405586-E80-2" TYPE="NAM" PRIMARY="false" METONYMY_MENTION="FALSE">
        <extent>
          <charseq START="127" END="135">del Garda</charseq>
        </extent>
        <head>
          <charseq START="131" END="135">Garda</charseq>
        </head>
      </entity_mention>
      <entity_mention ID="adige20040907_id405586-E80-3" TYPE="NAM" PRIMARY="false" METONYMY_MENTION="FALSE">
        <extent>
          <charseq START="2914" END="2922">del Garda</charseq>
        </extent>
        <head>
          <charseq START="2918" END="2922">Garda</charseq>
        </head>
      </entity_mention>
      <entity_mention ID="adige20040907_id405586-E80-4" TYPE="NAM" PRIMARY="false" METONYMY_MENTION="FALSE">
        <extent>
          <charseq START="3261" END="3269">sul Garda</charseq>
        </extent>
        <head>
          <charseq START="3265" END="3269">Garda</charseq>
        </head>
      </entity_mention>
      <entity_mention ID="adige20040907_id405586-E80-5" TYPE="NAM" PRIMARY="false" METONYMY_MENTION="FALSE">
        <extent>
          <charseq START="1188" END="1196">del Garda</charseq>
        </extent>
        <head>
          <charseq START="1192" END="1196">Garda</charseq>
        </head>
      </entity_mention>
      <entity_attributes>
        <name NAME="lago di Garda">
          <charseq START="222" END="234">lago di Garda</charseq>
        </name>
        <name NAME="Garda">
          <charseq START="131" END="135">Garda</charseq>
        </name>
        <name NAME="Garda">
          <charseq START="2918" END="2922">Garda</charseq>
        </name>
        <name NAME="Garda">
          <charseq START="3265" END="3269">Garda</charseq>
        </name>
        <name NAME="Garda">
          <charseq START="1192" END="1196">Garda</charseq>
        </name>
      </entity_attributes>
    </entity>
    <entity ID="adige20040907_id405586-E81" TYPE="LOC" SUBTYPE="Land-Region-Natural" CLASS="SPC">
      <entity_mention ID="adige20040907_id405586-E81-1" TYPE="NOM" PRIMARY="true" METONYMY_MENTION="FALSE">
        <extent>
          <charseq START="634" END="654">nel golfo di Auckland</charseq>
        </extent>
        <head>
          <charseq START="638" END="642">golfo</charseq>
        </head>
      </entity_mention>
    </entity>
    <entity ID="adige20040907_id405586-E82" TYPE="GPE" SUBTYPE="Population-Center" CLASS="SPC">
      <entity_mention ID="adige20040907_id405586-E82-1" TYPE="NAM" PRIMARY="true" METONYMY_MENTION="FALSE">
        <extent>
          <charseq START="647" END="654">Auckland</charseq>
        </extent>
        <head>
          <charseq START="647" END="654">Auckland</charseq>
        </head>
      </entity_mention>
      <entity_attributes>
        <name NAME="Auckland">
          <charseq START="647" END="654">Auckland</charseq>
        </name>
      </entity_attributes>
    </entity>
    <entity ID="adige20040907_id405586-E83" TYPE="GPE" SUBTYPE="Nation" CLASS="SPC">
      <entity_mention ID="adige20040907_id405586-E83-1" TYPE="NAM" PRIMARY="true" ROLE="GPE" METONYMY_MENTION="FALSE">
        <extent>
          <charseq START="2310" END="2317">spagnolo</charseq>
        </extent>
        <head>
          <charseq START="2310" END="2317">spagnolo</charseq>
        </head>
      </entity_mention>
    </entity>
    <entity ID="adige20040907_id405586-E84" TYPE="LOC" SUBTYPE="Water-Body" CLASS="SPC">
      <entity_mention ID="adige20040907_id405586-E84-1" TYPE="NAM" PRIMARY="true" METONYMY_MENTION="FALSE">
        <extent>
          <charseq START="3397" END="3413">del Lago Maggiore</charseq>
        </extent>
        <head>
          <charseq START="3401" END="3413">Lago Maggiore</charseq>
        </head>
      </entity_mention>
      <entity_attributes>
        <name NAME="Lago Maggiore">
          <charseq START="3401" END="3413">Lago Maggiore</charseq>
        </name>
      </entity_attributes>
    </entity>
    <entity ID="adige20040907_id405586-E85" TYPE="LOC" SUBTYPE="Land-Region-Natural" CLASS="SPC">
      <entity_mention ID="adige20040907_id405586-E85-1" TYPE="NAM" PRIMARY="true" METONYMY_MENTION="FALSE">
        <extent>
          <charseq START="3102" END="3121">nel golfo di Torbole</charseq>
        </extent>
        <head>
          <charseq START="3106" END="3121">golfo di Torbole</charseq>
        </head>
      </entity_mention>
      <entity_attributes>
        <name NAME="golfo di Torbole">
          <charseq START="3106" END="3121">golfo di Torbole</charseq>
        </name>
      </entity_attributes>
    </entity>
    <entity ID="adige20040907_id405586-E86" TYPE="LOC" SUBTYPE="Land-Region-Natural" CLASS="SPC">
      <entity_mention ID="adige20040907_id405586-E86-1" TYPE="NAM" PRIMARY="true" METONYMY_MENTION="FALSE">
        <extent>
          <charseq START="1086" END="1106">nel golfo di Valencia</charseq>
        </extent>
        <head>
          <charseq START="1090" END="1106">golfo di Valencia</charseq>
        </head>
      </entity_mention>
      <entity_mention ID="adige20040907_id405586-E86-2" TYPE="PRO" PRIMARY="false" METONYMY_MENTION="FALSE">
        <extent>
          <charseq START="1111" END="1113">qui</charseq>
        </extent>
        <head>
          <charseq START="1111" END="1113">qui</charseq>
        </head>
      </entity_mention>
      <entity_attributes>
        <name NAME="golfo di Valencia">
          <charseq START="1090" END="1106">golfo di Valencia</charseq>
        </name>
      </entity_attributes>
    </entity>
    <entity ID="adige20040907_id405586-E87" TYPE="LOC" SUBTYPE="Region-General" CLASS="SPC">
      <entity_mention ID="adige20040907_id405586-E87-1" TYPE="NOM" PRIMARY="true" METONYMY_MENTION="FALSE">
        <extent>
          <charseq START="344" END="365">della sponda bresciana</charseq>
        </extent>
        <head>
          <charseq START="350" END="355">sponda</charseq>
        </head>
      </entity_mention>
    </entity>
  </document>
</source_file>
