<?xml version="1.0" encoding="UTF-8"?>
<!DOCTYPE source_file PUBLIC "SYSTEM" "apf.v5.2.0.dtd">

<source_file URI="adige20040907_id405581.txt" SOURCE="unknown" TYPE="text" VERSION="5.0" AUTHOR="Evalita" ENCODING="UTF-8">
  <document DOCID="adige20040907_id405581">
    <entity ID="adige20040907_id405581-E3" TYPE="PER" SUBTYPE="Individual" CLASS="SPC">
      <entity_mention ID="adige20040907_id405581-E3-1" TYPE="NAM" PRIMARY="true" METONYMY_MENTION="FALSE">
        <extent>
          <charseq START="530" END="543">Vickie Johnson</charseq>
        </extent>
        <head>
          <charseq START="530" END="543">Vickie Johnson</charseq>
        </head>
      </entity_mention>
      <entity_attributes>
        <name NAME="Vickie Johnson">
          <charseq START="530" END="543">Vickie Johnson</charseq>
        </name>
      </entity_attributes>
    </entity>
    <entity ID="adige20040907_id405581-E4" TYPE="PER" SUBTYPE="Group" CLASS="SPC">
      <entity_mention ID="adige20040907_id405581-E4-1" TYPE="NAM" PRIMARY="true" METONYMY_MENTION="FALSE">
        <extent>
          <charseq START="514" END="543">Tamecka Dixon e Vickie Johnson</charseq>
        </extent>
        <head>
          <charseq START="514" END="543">Tamecka Dixon e Vickie Johnson</charseq>
        </head>
      </entity_mention>
      <entity_mention ID="adige20040907_id405581-E4-3" TYPE="NOM" PRIMARY="false" METONYMY_MENTION="FALSE">
        <extent>
          <charseq START="493" END="511">delle due americane</charseq>
        </extent>
        <head>
          <charseq START="503" END="511">americane</charseq>
        </head>
      </entity_mention>
      <entity_mention ID="adige20040907_id405581-E4-4" TYPE="NOM" PRIMARY="false" METONYMY_MENTION="FALSE">
        <extent>
          <charseq START="1782" END="1800">delle due americane</charseq>
        </extent>
        <head>
          <charseq START="1792" END="1800">americane</charseq>
        </head>
      </entity_mention>
      <entity_mention ID="adige20040907_id405581-E4-5" TYPE="NAM" PRIMARY="false" METONYMY_MENTION="FALSE">
        <extent>
          <charseq START="514" END="526">Tamecka Dixon</charseq>
        </extent>
        <head>
          <charseq START="514" END="526">Tamecka Dixon</charseq>
        </head>
      </entity_mention>
      <entity_mention ID="adige20040907_id405581-E4-6" TYPE="NOM" PRIMARY="false" METONYMY_MENTION="FALSE">
        <extent>
          <charseq START="41" END="49">straniere</charseq>
        </extent>
        <head>
          <charseq START="41" END="49">straniere</charseq>
        </head>
      </entity_mention>
      <entity_attributes>
        <name NAME="Tamecka Dixon e Vickie Johnson">
          <charseq START="514" END="543">Tamecka Dixon e Vickie Johnson</charseq>
        </name>
        <name NAME="Tamecka Dixon">
          <charseq START="514" END="526">Tamecka Dixon</charseq>
        </name>
      </entity_attributes>
    </entity>
    <entity ID="adige20040907_id405581-E5" TYPE="PER" SUBTYPE="Individual" CLASS="SPC">
      <entity_mention ID="adige20040907_id405581-E5-1" TYPE="NAM" PRIMARY="true" METONYMY_MENTION="FALSE">
        <extent>
          <charseq START="571" END="587">Marianna Balleggi</charseq>
        </extent>
        <head>
          <charseq START="571" END="587">Marianna Balleggi</charseq>
        </head>
      </entity_mention>
      <entity_mention ID="adige20040907_id405581-E5-2" TYPE="NAM" PRIMARY="false" METONYMY_MENTION="FALSE">
        <extent>
          <charseq START="53" END="60">Balleggi</charseq>
        </extent>
        <head>
          <charseq START="53" END="60">Balleggi</charseq>
        </head>
      </entity_mention>
      <entity_attributes>
        <name NAME="Marianna Balleggi">
          <charseq START="571" END="587">Marianna Balleggi</charseq>
        </name>
        <name NAME="Balleggi">
          <charseq START="53" END="60">Balleggi</charseq>
        </name>
      </entity_attributes>
    </entity>
    <entity ID="adige20040907_id405581-E6" TYPE="PER" SUBTYPE="Individual" CLASS="SPC">
      <entity_mention ID="adige20040907_id405581-E6-1" TYPE="NAM" PRIMARY="true" METONYMY_MENTION="FALSE">
        <extent>
          <charseq START="591" END="604">Linda Fröhlich</charseq>
        </extent>
        <head>
          <charseq START="591" END="604">Linda Fröhlich</charseq>
        </head>
      </entity_mention>
      <entity_attributes>
        <name NAME="Linda Fröhlich">
          <charseq START="591" END="604">Linda Fröhlich</charseq>
        </name>
      </entity_attributes>
    </entity>
    <entity ID="adige20040907_id405581-E7" TYPE="PER" SUBTYPE="Group" CLASS="SPC">
      <entity_mention ID="adige20040907_id405581-E7-1" TYPE="NAM" PRIMARY="true" METONYMY_MENTION="FALSE">
        <extent>
          <charseq START="571" END="604">Marianna Balleggi e Linda Fröhlich</charseq>
        </extent>
        <head>
          <charseq START="571" END="604">Marianna Balleggi e Linda Fröhlich</charseq>
        </head>
      </entity_mention>
      <entity_attributes>
        <name NAME="Marianna Balleggi e Linda Fröhlich">
          <charseq START="571" END="604">Marianna Balleggi e Linda Fröhlich</charseq>
        </name>
      </entity_attributes>
    </entity>
    <entity ID="adige20040907_id405581-E8" TYPE="PER" SUBTYPE="Individual" CLASS="SPC">
      <entity_mention ID="adige20040907_id405581-E8-1" TYPE="NAM" PRIMARY="true" METONYMY_MENTION="FALSE">
        <extent>
          <charseq START="233" END="245">GIANPIERO LUI</charseq>
        </extent>
        <head>
          <charseq START="233" END="245">GIANPIERO LUI</charseq>
        </head>
      </entity_mention>
      <entity_attributes>
        <name NAME="GIANPIERO LUI">
          <charseq START="233" END="245">GIANPIERO LUI</charseq>
        </name>
      </entity_attributes>
    </entity>
    <entity ID="adige20040907_id405581-E9" TYPE="PER" SUBTYPE="Individual" CLASS="SPC">
      <entity_mention ID="adige20040907_id405581-E9-1" TYPE="NAM" PRIMARY="true" METONYMY_MENTION="FALSE">
        <extent>
          <charseq START="719" END="744">Monica Pellizzari, 31 anni</charseq>
        </extent>
        <head>
          <charseq START="719" END="735">Monica Pellizzari</charseq>
        </head>
      </entity_mention>
      <entity_mention ID="adige20040907_id405581-E9-2" TYPE="NOM" PRIMARY="false" METONYMY_MENTION="FALSE">
        <extent>
          <charseq START="747" END="763">guardia di 173 cm</charseq>
        </extent>
        <head>
          <charseq START="747" END="753">guardia</charseq>
        </head>
      </entity_mention>
      <entity_mention ID="adige20040907_id405581-E9-3" TYPE="NOM" PRIMARY="false" METONYMY_MENTION="FALSE">
        <extent>
          <charseq START="853" END="860">capitana</charseq>
        </extent>
        <head>
          <charseq START="853" END="860">capitana</charseq>
        </head>
      </entity_mention>
      <entity_mention ID="adige20040907_id405581-E9-4" TYPE="NOM" PRIMARY="false" METONYMY_MENTION="FALSE">
        <extent>
          <charseq START="872" END="891">una veterana dell'A1</charseq>
        </extent>
        <head>
          <charseq START="876" END="883">veterana</charseq>
        </head>
      </entity_mention>
      <entity_mention ID="adige20040907_id405581-E9-5" TYPE="PRO" PRIMARY="false" METONYMY_MENTION="FALSE">
        <extent>
          <charseq START="1052" END="1053">mi</charseq>
        </extent>
        <head>
          <charseq START="1052" END="1053">mi</charseq>
        </head>
      </entity_mention>
      <entity_mention ID="adige20040907_id405581-E9-6" TYPE="PRO" PRIMARY="false" METONYMY_MENTION="FALSE">
        <extent>
          <charseq START="1249" END="1251">mio</charseq>
        </extent>
        <head>
          <charseq START="1249" END="1251">mio</charseq>
        </head>
      </entity_mention>
      <entity_mention ID="adige20040907_id405581-E9-7" TYPE="NAM" PRIMARY="false" METONYMY_MENTION="FALSE">
        <extent>
          <charseq START="2096" END="2105">Pellizzari</charseq>
        </extent>
        <head>
          <charseq START="2096" END="2105">Pellizzari</charseq>
        </head>
      </entity_mention>
      <entity_mention ID="adige20040907_id405581-E9-8" TYPE="NAM" PRIMARY="false" METONYMY_MENTION="FALSE">
        <extent>
          <charseq START="2995" END="3004">Pellizzari</charseq>
        </extent>
        <head>
          <charseq START="2995" END="3004">Pellizzari</charseq>
        </head>
      </entity_mention>
      <entity_mention ID="adige20040907_id405581-E9-9" TYPE="NAM" PRIMARY="false" METONYMY_MENTION="FALSE">
        <extent>
          <charseq START="184" END="203">l'esperta Pellizzari</charseq>
        </extent>
        <head>
          <charseq START="194" END="203">Pellizzari</charseq>
        </head>
      </entity_mention>
      <entity_mention ID="adige20040907_id405581-E9-11" TYPE="NOM" PRIMARY="false" METONYMY_MENTION="FALSE">
        <extent>
          <charseq START="766" END="791">trevigiana di Montebelluna</charseq>
        </extent>
        <head>
          <charseq START="766" END="775">trevigiana</charseq>
        </head>
      </entity_mention>
      <entity_mention ID="adige20040907_id405581-E9-12" TYPE="NOM" PRIMARY="false" METONYMY_MENTION="FALSE">
        <extent>
          <charseq START="747" END="791">guardia di 173 cm, trevigiana di Montebelluna</charseq>
        </extent>
        <head>
          <charseq START="747" END="791">guardia di 173 cm, trevigiana di Montebelluna</charseq>
        </head>
      </entity_mention>
      <entity_mention ID="adige20040907_id405581-E9-13" TYPE="NAM" PRIMARY="false" METONYMY_MENTION="FALSE">
        <extent>
          <charseq START="719" END="791">Monica Pellizzari, 31 anni, guardia di 173 cm, trevigiana di Montebelluna</charseq>
        </extent>
        <head>
          <charseq START="719" END="791">Monica Pellizzari, 31 anni, guardia di 173 cm, trevigiana di Montebelluna</charseq>
        </head>
      </entity_mention>
      <entity_attributes>
        <name NAME="Monica Pellizzari">
          <charseq START="719" END="735">Monica Pellizzari</charseq>
        </name>
        <name NAME="Pellizzari">
          <charseq START="2096" END="2105">Pellizzari</charseq>
        </name>
        <name NAME="Pellizzari">
          <charseq START="2995" END="3004">Pellizzari</charseq>
        </name>
        <name NAME="Pellizzari">
          <charseq START="194" END="203">Pellizzari</charseq>
        </name>
        <name NAME="Monica Pellizzari, 31 anni, guardia di 173 cm, trevigiana di Montebelluna">
          <charseq START="719" END="791">Monica Pellizzari, 31 anni, guardia di 173 cm, trevigiana di Montebelluna</charseq>
        </name>
      </entity_attributes>
    </entity>
    <entity ID="adige20040907_id405581-E10" TYPE="PER" SUBTYPE="Group" CLASS="SPC">
      <entity_mention ID="adige20040907_id405581-E10-1" TYPE="NOM" PRIMARY="true" METONYMY_MENTION="FALSE">
        <extent>
          <charseq START="1216" END="1228">tante giovani</charseq>
        </extent>
        <head>
          <charseq START="1222" END="1228">giovani</charseq>
        </head>
      </entity_mention>
    </entity>
    <entity ID="adige20040907_id405581-E11" TYPE="PER" SUBTYPE="Indefinite" CLASS="USP">
      <entity_mention ID="adige20040907_id405581-E11-1" TYPE="PRO" PRIMARY="true" METONYMY_MENTION="FALSE">
        <extent>
          <charseq START="1290" END="1291">si</charseq>
        </extent>
        <head>
          <charseq START="1290" END="1291">si</charseq>
        </head>
      </entity_mention>
    </entity>
    <entity ID="adige20040907_id405581-E12" TYPE="PER" SUBTYPE="Individual" CLASS="SPC">
      <entity_mention ID="adige20040907_id405581-E12-1" TYPE="NAM" PRIMARY="true" METONYMY_MENTION="FALSE">
        <extent>
          <charseq START="1384" END="1409">Masha Maiorano, classe '82</charseq>
        </extent>
        <head>
          <charseq START="1384" END="1397">Masha Maiorano</charseq>
        </head>
      </entity_mention>
      <entity_mention ID="adige20040907_id405581-E12-2" TYPE="NOM" PRIMARY="false" METONYMY_MENTION="FALSE">
        <extent>
          <charseq START="1364" END="1380">L'altra new entry</charseq>
        </extent>
        <head>
          <charseq START="1376" END="1380">entry</charseq>
        </head>
      </entity_mention>
      <entity_mention ID="adige20040907_id405581-E12-3" TYPE="NOM" PRIMARY="false" METONYMY_MENTION="FALSE">
        <extent>
          <charseq START="1412" END="1418">guardia</charseq>
        </extent>
        <head>
          <charseq START="1412" END="1418">guardia</charseq>
        </head>
      </entity_mention>
      <entity_mention ID="adige20040907_id405581-E12-4" TYPE="NOM" PRIMARY="false" METONYMY_MENTION="FALSE">
        <extent>
          <charseq START="1520" END="1554">Un giovane talento che non ha paura</charseq>
        </extent>
        <head>
          <charseq START="1531" END="1537">talento</charseq>
        </head>
      </entity_mention>
      <entity_mention ID="adige20040907_id405581-E12-5" TYPE="PRO" PRIMARY="false" METONYMY_MENTION="FALSE">
        <extent>
          <charseq START="1539" END="1541">che</charseq>
        </extent>
        <head>
          <charseq START="1539" END="1541">che</charseq>
        </head>
      </entity_mention>
      <entity_mention ID="adige20040907_id405581-E12-6" TYPE="NOM" PRIMARY="false" METONYMY_MENTION="FALSE">
        <extent>
          <charseq START="1612" END="1622">una giovane</charseq>
        </extent>
        <head>
          <charseq START="1616" END="1622">giovane</charseq>
        </head>
      </entity_mention>
      <entity_mention ID="adige20040907_id405581-E12-7" TYPE="PRO" PRIMARY="false" METONYMY_MENTION="FALSE">
        <extent>
          <charseq START="1629" END="1630">me</charseq>
        </extent>
        <head>
          <charseq START="1629" END="1630">me</charseq>
        </head>
      </entity_mention>
      <entity_mention ID="adige20040907_id405581-E12-9" TYPE="PRO" PRIMARY="false" METONYMY_MENTION="FALSE">
        <extent>
          <charseq START="1845" END="1846">mi</charseq>
        </extent>
        <head>
          <charseq START="1845" END="1846">mi</charseq>
        </head>
      </entity_mention>
      <entity_mention ID="adige20040907_id405581-E12-10" TYPE="PRO" PRIMARY="false" METONYMY_MENTION="FALSE">
        <extent>
          <charseq START="1901" END="1902">Mi</charseq>
        </extent>
        <head>
          <charseq START="1901" END="1902">Mi</charseq>
        </head>
      </entity_mention>
      <entity_mention ID="adige20040907_id405581-E12-11" TYPE="NOM" PRIMARY="false" METONYMY_MENTION="FALSE">
        <extent>
          <charseq START="1990" END="2027">un'atleta dal carattere un po' ribelle</charseq>
        </extent>
        <head>
          <charseq START="1993" END="1998">atleta</charseq>
        </head>
      </entity_mention>
      <entity_mention ID="adige20040907_id405581-E12-12" TYPE="NAM" PRIMARY="false" METONYMY_MENTION="FALSE">
        <extent>
          <charseq START="2109" END="2116">Maiorano</charseq>
        </extent>
        <head>
          <charseq START="2109" END="2116">Maiorano</charseq>
        </head>
      </entity_mention>
      <entity_mention ID="adige20040907_id405581-E12-13" TYPE="NAM" PRIMARY="false" METONYMY_MENTION="FALSE">
        <extent>
          <charseq START="2984" END="2991">Maiorano</charseq>
        </extent>
        <head>
          <charseq START="2984" END="2991">Maiorano</charseq>
        </head>
      </entity_mention>
      <entity_mention ID="adige20040907_id405581-E12-14" TYPE="NAM" PRIMARY="false" METONYMY_MENTION="FALSE">
        <extent>
          <charseq START="162" END="180">La giovane Maiorano</charseq>
        </extent>
        <head>
          <charseq START="173" END="180">Maiorano</charseq>
        </head>
      </entity_mention>
      <entity_mention ID="adige20040907_id405581-E12-18" TYPE="NAM" PRIMARY="false" METONYMY_MENTION="FALSE">
        <extent>
          <charseq START="1384" END="1517">Masha Maiorano, classe '82, guardia, 179 cm, di scuola Sesto San Giovanni, l'anno scorso in A2 ad Ivrea con 28' e 11,2 punti a partita</charseq>
        </extent>
        <head>
          <charseq START="1384" END="1418">Masha Maiorano, classe '82, guardia</charseq>
        </head>
      </entity_mention>
      <entity_attributes>
        <name NAME="Masha Maiorano">
          <charseq START="1384" END="1397">Masha Maiorano</charseq>
        </name>
        <name NAME="Maiorano">
          <charseq START="2109" END="2116">Maiorano</charseq>
        </name>
        <name NAME="Maiorano">
          <charseq START="2984" END="2991">Maiorano</charseq>
        </name>
        <name NAME="Maiorano">
          <charseq START="173" END="180">Maiorano</charseq>
        </name>
        <name NAME="Masha Maiorano, classe '82, guardia">
          <charseq START="1384" END="1418">Masha Maiorano, classe '82, guardia</charseq>
        </name>
      </entity_attributes>
    </entity>
    <entity ID="adige20040907_id405581-E16" TYPE="PER" SUBTYPE="Group" CLASS="SPC">
      <entity_mention ID="adige20040907_id405581-E16-1" TYPE="NAM" PRIMARY="true" METONYMY_MENTION="FALSE">
        <extent>
          <charseq START="2096" END="2116">Pellizzari e Maiorano</charseq>
        </extent>
        <head>
          <charseq START="2096" END="2116">Pellizzari e Maiorano</charseq>
        </head>
      </entity_mention>
      <entity_mention ID="adige20040907_id405581-E16-2" TYPE="NOM" PRIMARY="false" METONYMY_MENTION="FALSE">
        <extent>
          <charseq START="2950" END="2981">delle due nuove esterne italiane</charseq>
        </extent>
        <head>
          <charseq START="2974" END="2981">italiane</charseq>
        </head>
      </entity_mention>
      <entity_mention ID="adige20040907_id405581-E16-3" TYPE="NAM" PRIMARY="false" METONYMY_MENTION="FALSE">
        <extent>
          <charseq START="2984" END="3004">Maiorano e Pellizzari</charseq>
        </extent>
        <head>
          <charseq START="2984" END="3004">Maiorano e Pellizzari</charseq>
        </head>
      </entity_mention>
      <entity_mention ID="adige20040907_id405581-E16-4" TYPE="NAM" PRIMARY="false" METONYMY_MENTION="FALSE">
        <extent>
          <charseq START="162" END="203">La giovane Maiorano e l'esperta Pellizzari</charseq>
        </extent>
        <head>
          <charseq START="162" END="203">La giovane Maiorano e l'esperta Pellizzari</charseq>
        </head>
      </entity_mention>
      <entity_mention ID="adige20040907_id405581-E16-5" TYPE="PRO" PRIMARY="false" METONYMY_MENTION="FALSE">
        <extent>
          <charseq START="685" END="687">Due</charseq>
        </extent>
        <head>
          <charseq START="685" END="687">Due</charseq>
        </head>
      </entity_mention>
      <entity_mention ID="adige20040907_id405581-E16-6" TYPE="NOM" PRIMARY="false" METONYMY_MENTION="FALSE">
        <extent>
          <charseq START="689" END="716">i nuovi arrivi di quest'anno</charseq>
        </extent>
        <head>
          <charseq START="697" END="702">arrivi</charseq>
        </head>
      </entity_mention>
      <entity_attributes>
        <name NAME="Pellizzari e Maiorano">
          <charseq START="2096" END="2116">Pellizzari e Maiorano</charseq>
        </name>
        <name NAME="Maiorano e Pellizzari">
          <charseq START="2984" END="3004">Maiorano e Pellizzari</charseq>
        </name>
        <name NAME="La giovane Maiorano e l'esperta Pellizzari">
          <charseq START="162" END="203">La giovane Maiorano e l'esperta Pellizzari</charseq>
        </name>
      </entity_attributes>
    </entity>
    <entity ID="adige20040907_id405581-E17" TYPE="PER" SUBTYPE="Individual" CLASS="SPC">
      <entity_mention ID="adige20040907_id405581-E17-1" TYPE="NAM" PRIMARY="true" METONYMY_MENTION="FALSE">
        <extent>
          <charseq START="2169" END="2196">la veronese Marzia Bonometti</charseq>
        </extent>
        <head>
          <charseq START="2181" END="2196">Marzia Bonometti</charseq>
        </head>
      </entity_mention>
      <entity_mention ID="adige20040907_id405581-E17-2" TYPE="PRO" PRIMARY="false" METONYMY_MENTION="FALSE">
        <extent>
          <charseq START="2270" END="2272">che</charseq>
        </extent>
        <head>
          <charseq START="2270" END="2272">che</charseq>
        </head>
      </entity_mention>
      <entity_attributes>
        <name NAME="Marzia Bonometti">
          <charseq START="2181" END="2196">Marzia Bonometti</charseq>
        </name>
      </entity_attributes>
    </entity>
    <entity ID="adige20040907_id405581-E18" TYPE="PER" SUBTYPE="Individual" CLASS="SPC">
      <entity_mention ID="adige20040907_id405581-E18-1" TYPE="NAM" PRIMARY="true" METONYMY_MENTION="FALSE">
        <extent>
          <charseq START="2391" END="2400">Marco Rota</charseq>
        </extent>
        <head>
          <charseq START="2391" END="2400">Marco Rota</charseq>
        </head>
      </entity_mention>
      <entity_mention ID="adige20040907_id405581-E18-2" TYPE="NOM" PRIMARY="false" METONYMY_MENTION="FALSE">
        <extent>
          <charseq START="2385" END="2389">coach</charseq>
        </extent>
        <head>
          <charseq START="2385" END="2389">coach</charseq>
        </head>
      </entity_mention>
      <entity_mention ID="adige20040907_id405581-E18-3" TYPE="NOM" PRIMARY="false" METONYMY_MENTION="FALSE">
        <extent>
          <charseq START="2385" END="2400">coach Marco Rota</charseq>
        </extent>
        <head>
          <charseq START="2385" END="2400">coach Marco Rota</charseq>
        </head>
      </entity_mention>
      <entity_mention ID="adige20040907_id405581-E18-4" TYPE="NAM" PRIMARY="false" METONYMY_MENTION="FALSE">
        <extent>
          <charseq START="2691" END="2694">Rota</charseq>
        </extent>
        <head>
          <charseq START="2691" END="2694">Rota</charseq>
        </head>
      </entity_mention>
      <entity_mention ID="adige20040907_id405581-E18-5" TYPE="NAM" PRIMARY="false" METONYMY_MENTION="FALSE">
        <extent>
          <charseq START="111" END="114">Rota</charseq>
        </extent>
        <head>
          <charseq START="111" END="114">Rota</charseq>
        </head>
      </entity_mention>
      <entity_mention ID="adige20040907_id405581-E18-6" TYPE="NOM" PRIMARY="false" METONYMY_MENTION="FALSE">
        <extent>
          <charseq START="105" END="109">coach</charseq>
        </extent>
        <head>
          <charseq START="105" END="109">coach</charseq>
        </head>
      </entity_mention>
      <entity_mention ID="adige20040907_id405581-E18-7" TYPE="NOM" PRIMARY="false" METONYMY_MENTION="FALSE">
        <extent>
          <charseq START="105" END="114">coach Rota</charseq>
        </extent>
        <head>
          <charseq START="105" END="114">coach Rota</charseq>
        </head>
      </entity_mention>
      <entity_attributes>
        <name NAME="Marco Rota">
          <charseq START="2391" END="2400">Marco Rota</charseq>
        </name>
        <name NAME="Rota">
          <charseq START="2691" END="2694">Rota</charseq>
        </name>
        <name NAME="Rota">
          <charseq START="111" END="114">Rota</charseq>
        </name>
      </entity_attributes>
    </entity>
    <entity ID="adige20040907_id405581-E19" TYPE="PER" SUBTYPE="Group" CLASS="SPC">
      <entity_mention ID="adige20040907_id405581-E19-1" TYPE="NOM" PRIMARY="true" METONYMY_MENTION="FALSE">
        <extent>
          <charseq START="2412" END="2425">quattro atlete</charseq>
        </extent>
        <head>
          <charseq START="2420" END="2425">atlete</charseq>
        </head>
      </entity_mention>
    </entity>
    <entity ID="adige20040907_id405581-E20" TYPE="PER" SUBTYPE="Indefinite" CLASS="USP">
      <entity_mention ID="adige20040907_id405581-E20-1" TYPE="NOM" PRIMARY="true" METONYMY_MENTION="FALSE">
        <extent>
          <charseq START="2638" END="2661">qualche altra giocatrice</charseq>
        </extent>
        <head>
          <charseq START="2652" END="2661">giocatrice</charseq>
        </head>
      </entity_mention>
      <entity_mention ID="adige20040907_id405581-E20-2" TYPE="NOM" PRIMARY="false" METONYMY_MENTION="FALSE">
        <extent>
          <charseq START="2668" END="2678">una "lunga"</charseq>
        </extent>
        <head>
          <charseq START="2673" END="2677">lunga</charseq>
        </head>
      </entity_mention>
      <entity_mention ID="adige20040907_id405581-E20-3" TYPE="PRO" PRIMARY="false" METONYMY_MENTION="FALSE">
        <extent>
          <charseq START="2791" END="2800">tesserarla</charseq>
        </extent>
        <head>
          <charseq START="2799" END="2800">la</charseq>
        </head>
      </entity_mention>
      <entity_mention ID="adige20040907_id405581-E20-4" TYPE="PRO" PRIMARY="false" METONYMY_MENTION="FALSE">
        <extent>
          <charseq START="2699" END="2700">la</charseq>
        </extent>
        <head>
          <charseq START="2699" END="2700">la</charseq>
        </head>
      </entity_mention>
    </entity>
    <entity ID="adige20040907_id405581-E23" TYPE="PER" SUBTYPE="Group" CLASS="SPC">
      <entity_mention ID="adige20040907_id405581-E23-1" TYPE="NOM" PRIMARY="true" METONYMY_MENTION="FALSE">
        <extent>
          <charseq START="2149" END="2161">le roveretane</charseq>
        </extent>
        <head>
          <charseq START="2152" END="2161">roveretane</charseq>
        </head>
      </entity_mention>
      <entity_mention ID="adige20040907_id405581-E23-2" TYPE="NOM" PRIMARY="false" METONYMY_MENTION="FALSE">
        <extent>
          <charseq START="93" END="114">del team di coach Rota</charseq>
        </extent>
        <head>
          <charseq START="97" END="100">team</charseq>
        </head>
      </entity_mention>
    </entity>
    <entity ID="adige20040907_id405581-E24" TYPE="ORG" SUBTYPE="Sports" CLASS="SPC">
      <entity_mention ID="adige20040907_id405581-E24-1" TYPE="NAM" PRIMARY="true" METONYMY_MENTION="FALSE">
        <extent>
          <charseq START="7" END="8">A1</charseq>
        </extent>
        <head>
          <charseq START="7" END="8">A1</charseq>
        </head>
      </entity_mention>
      <entity_mention ID="adige20040907_id405581-E24-2" TYPE="NAM" PRIMARY="false" METONYMY_MENTION="FALSE">
        <extent>
          <charseq START="885" END="891">dell'A1</charseq>
        </extent>
        <head>
          <charseq START="890" END="891">A1</charseq>
        </head>
      </entity_mention>
      <entity_mention ID="adige20040907_id405581-E24-3" TYPE="NAM" PRIMARY="false" METONYMY_MENTION="FALSE">
        <extent>
          <charseq START="1604" END="1605">A1</charseq>
        </extent>
        <head>
          <charseq START="1604" END="1605">A1</charseq>
        </head>
      </entity_mention>
      <entity_mention ID="adige20040907_id405581-E24-4" TYPE="NAM" PRIMARY="false" METONYMY_MENTION="FALSE">
        <extent>
          <charseq START="377" END="404">serie A1 femminile di basket</charseq>
        </extent>
        <head>
          <charseq START="377" END="384">serie A1</charseq>
        </head>
      </entity_mention>
      <entity_mention ID="adige20040907_id405581-E24-5" TYPE="NOM" PRIMARY="false" METONYMY_MENTION="FALSE">
        <extent>
          <charseq START="10" END="14">DONNE</charseq>
        </extent>
        <head>
          <charseq START="10" END="14">DONNE</charseq>
        </head>
      </entity_mention>
      <entity_attributes>
        <name NAME="A1">
          <charseq START="7" END="8">A1</charseq>
        </name>
        <name NAME="A1">
          <charseq START="890" END="891">A1</charseq>
        </name>
        <name NAME="A1">
          <charseq START="1604" END="1605">A1</charseq>
        </name>
        <name NAME="serie A1">
          <charseq START="377" END="384">serie A1</charseq>
        </name>
      </entity_attributes>
    </entity>
    <entity ID="adige20040907_id405581-E25" TYPE="ORG" SUBTYPE="Sports" CLASS="SPC">
      <entity_mention ID="adige20040907_id405581-E25-1" TYPE="NAM" PRIMARY="true" METONYMY_MENTION="FALSE">
        <extent>
          <charseq START="309" END="433">Rovereto Basket che dal 16 ottobre sarà impegnato nel campionato di serie A1 femminile di basket ed ancora in Fiba Europe Cup</charseq>
        </extent>
        <head>
          <charseq START="309" END="323">Rovereto Basket</charseq>
        </head>
      </entity_mention>
      <entity_mention ID="adige20040907_id405581-E25-2" TYPE="PRO" PRIMARY="false" METONYMY_MENTION="FALSE">
        <extent>
          <charseq START="325" END="327">che</charseq>
        </extent>
        <head>
          <charseq START="325" END="327">che</charseq>
        </head>
      </entity_mention>
      <entity_mention ID="adige20040907_id405581-E25-3" TYPE="NAM" PRIMARY="false" METONYMY_MENTION="FALSE">
        <extent>
          <charseq START="218" END="228">la Popolare</charseq>
        </extent>
        <head>
          <charseq START="221" END="228">Popolare</charseq>
        </head>
      </entity_mention>
      <entity_mention ID="adige20040907_id405581-E25-4" TYPE="NOM" PRIMARY="false" METONYMY_MENTION="FALSE">
        <extent>
          <charseq START="1264" END="1275">alla squadra</charseq>
        </extent>
        <head>
          <charseq START="1269" END="1275">squadra</charseq>
        </head>
      </entity_mention>
      <entity_mention ID="adige20040907_id405581-E25-5" TYPE="PRO" PRIMARY="false" METONYMY_MENTION="FALSE">
        <extent>
          <charseq START="2357" END="2359">noi</charseq>
        </extent>
        <head>
          <charseq START="2357" END="2359">noi</charseq>
        </head>
      </entity_mention>
      <entity_mention ID="adige20040907_id405581-E25-6" TYPE="PRO" PRIMARY="false" METONYMY_MENTION="FALSE">
        <extent>
          <charseq START="2806" END="2811">nostro</charseq>
        </extent>
        <head>
          <charseq START="2806" END="2811">nostro</charseq>
        </head>
      </entity_mention>
      <entity_mention ID="adige20040907_id405581-E25-7" TYPE="NOM" PRIMARY="false" METONYMY_MENTION="FALSE">
        <extent>
          <charseq START="2911" END="2933">una squadra competitiva</charseq>
        </extent>
        <head>
          <charseq START="2915" END="2921">squadra</charseq>
        </head>
      </entity_mention>
      <entity_mention ID="adige20040907_id405581-E25-8" TYPE="NOM" PRIMARY="false" METONYMY_MENTION="FALSE">
        <extent>
          <charseq START="1005" END="1027">una società in crescita</charseq>
        </extent>
        <head>
          <charseq START="1009" END="1015">società</charseq>
        </head>
      </entity_mention>
      <entity_mention ID="adige20040907_id405581-E25-9" TYPE="NAM" PRIMARY="false" METONYMY_MENTION="TRUE">
        <extent>
          <charseq START="119" END="157">Rovereto, occasione per crescere ancora</charseq>
        </extent>
        <head>
          <charseq START="119" END="126">Rovereto</charseq>
        </head>
      </entity_mention>
      <entity_mention ID="adige20040907_id405581-E25-10" TYPE="NAM" PRIMARY="false" METONYMY_MENTION="TRUE">
        <extent>
          <charseq START="803" END="810">Rovereto</charseq>
        </extent>
        <head>
          <charseq START="803" END="810">Rovereto</charseq>
        </head>
      </entity_mention>
      <entity_mention ID="adige20040907_id405581-E25-11" TYPE="PRO" PRIMARY="false" METONYMY_MENTION="FALSE">
        <extent>
          <charseq START="1204" END="1206">Qui</charseq>
        </extent>
        <head>
          <charseq START="1204" END="1206">Qui</charseq>
        </head>
      </entity_mention>
      <entity_mention ID="adige20040907_id405581-E25-12" TYPE="PRO" PRIMARY="false" METONYMY_MENTION="FALSE">
        <extent>
          <charseq START="1865" END="1867">qui</charseq>
        </extent>
        <head>
          <charseq START="1865" END="1867">qui</charseq>
        </head>
      </entity_mention>
      <entity_attributes>
        <name NAME="Rovereto Basket">
          <charseq START="309" END="323">Rovereto Basket</charseq>
        </name>
        <name NAME="Popolare">
          <charseq START="221" END="228">Popolare</charseq>
        </name>
        <name NAME="Rovereto">
          <charseq START="119" END="126">Rovereto</charseq>
        </name>
        <name NAME="Rovereto">
          <charseq START="803" END="810">Rovereto</charseq>
        </name>
      </entity_attributes>
    </entity>
    <entity ID="adige20040907_id405581-E26" TYPE="ORG" SUBTYPE="Sports" CLASS="SPC">
      <entity_mention ID="adige20040907_id405581-E26-1" TYPE="NAM" PRIMARY="true" METONYMY_MENTION="FALSE">
        <extent>
          <charseq START="556" END="565">nella Wnba</charseq>
        </extent>
        <head>
          <charseq START="562" END="565">Wnba</charseq>
        </head>
      </entity_mention>
      <entity_attributes>
        <name NAME="Wnba">
          <charseq START="562" END="565">Wnba</charseq>
        </name>
      </entity_attributes>
    </entity>
    <entity ID="adige20040907_id405581-E27" TYPE="ORG" SUBTYPE="Sports" CLASS="SPC">
      <entity_mention ID="adige20040907_id405581-E27-1" TYPE="NOM" PRIMARY="true" METONYMY_MENTION="FALSE">
        <extent>
          <charseq START="660" END="682">le rispettive nazionali</charseq>
        </extent>
        <head>
          <charseq START="674" END="682">nazionali</charseq>
        </head>
      </entity_mention>
    </entity>
    <entity ID="adige20040907_id405581-E28" TYPE="ORG" SUBTYPE="Sports" CLASS="SPC">
      <entity_mention ID="adige20040907_id405581-E28-1" TYPE="NAM" PRIMARY="true" METONYMY_MENTION="FALSE">
        <extent>
          <charseq START="1476" END="1477">A2</charseq>
        </extent>
        <head>
          <charseq START="1476" END="1477">A2</charseq>
        </head>
      </entity_mention>
      <entity_attributes>
        <name NAME="A2">
          <charseq START="1476" END="1477">A2</charseq>
        </name>
      </entity_attributes>
    </entity>
    <entity ID="adige20040907_id405581-E29" TYPE="ORG" SUBTYPE="Sports" CLASS="SPC">
      <entity_mention ID="adige20040907_id405581-E29-1" TYPE="NAM" PRIMARY="true" METONYMY_MENTION="FALSE">
        <extent>
          <charseq START="2267" END="2267">B</charseq>
        </extent>
        <head>
          <charseq START="2267" END="2267">B</charseq>
        </head>
      </entity_mention>
      <entity_attributes>
        <name NAME="B">
          <charseq START="2267" END="2267">B</charseq>
        </name>
      </entity_attributes>
    </entity>
    <entity ID="adige20040907_id405581-E31" TYPE="ORG" SUBTYPE="Sports" CLASS="SPC">
      <entity_mention ID="adige20040907_id405581-E31-1" TYPE="NOM" PRIMARY="true" METONYMY_MENTION="FALSE">
        <extent>
          <charseq START="1096" END="1105">la squadra</charseq>
        </extent>
        <head>
          <charseq START="1099" END="1105">squadra</charseq>
        </head>
      </entity_mention>
    </entity>
    <entity ID="adige20040907_id405581-E32" TYPE="ORG" SUBTYPE="Sports" CLASS="SPC">
      <entity_mention ID="adige20040907_id405581-E32-1" TYPE="NOM" PRIMARY="true" METONYMY_MENTION="FALSE">
        <extent>
          <charseq START="2529" END="2538">16 squadre</charseq>
        </extent>
        <head>
          <charseq START="2532" END="2538">squadre</charseq>
        </head>
      </entity_mention>
    </entity>
    <entity ID="adige20040907_id405581-E33" TYPE="ORG" SUBTYPE="Sports" CLASS="SPC">
      <entity_mention ID="adige20040907_id405581-E33-1" TYPE="NAM" PRIMARY="true" METONYMY_MENTION="TRUE">
        <extent>
          <charseq START="1720" END="1724">Sesto</charseq>
        </extent>
        <head>
          <charseq START="1720" END="1724">Sesto</charseq>
        </head>
      </entity_mention>
      <entity_mention ID="adige20040907_id405581-E33-2" TYPE="NAM" PRIMARY="false" METONYMY_MENTION="TRUE">
        <extent>
          <charseq START="1439" END="1456">Sesto San Giovanni</charseq>
        </extent>
        <head>
          <charseq START="1439" END="1456">Sesto San Giovanni</charseq>
        </head>
      </entity_mention>
      <entity_attributes>
        <name NAME="Sesto">
          <charseq START="1720" END="1724">Sesto</charseq>
        </name>
        <name NAME="Sesto San Giovanni">
          <charseq START="1439" END="1456">Sesto San Giovanni</charseq>
        </name>
      </entity_attributes>
    </entity>
    <entity ID="adige20040907_id405581-E34" TYPE="ORG" SUBTYPE="Sports" CLASS="SPC">
      <entity_mention ID="adige20040907_id405581-E34-1" TYPE="NAM" PRIMARY="true" METONYMY_MENTION="TRUE">
        <extent>
          <charseq START="1728" END="1732">Broni</charseq>
        </extent>
        <head>
          <charseq START="1728" END="1732">Broni</charseq>
        </head>
      </entity_mention>
      <entity_mention ID="adige20040907_id405581-E34-2" TYPE="NAM" PRIMARY="false" METONYMY_MENTION="FALSE">
        <extent>
          <charseq START="1482" END="1486">Ivrea</charseq>
        </extent>
        <head>
          <charseq START="1482" END="1486">Ivrea</charseq>
        </head>
      </entity_mention>
      <entity_attributes>
        <name NAME="Broni">
          <charseq START="1728" END="1732">Broni</charseq>
        </name>
        <name NAME="Ivrea">
          <charseq START="1482" END="1486">Ivrea</charseq>
        </name>
      </entity_attributes>
    </entity>
    <entity ID="adige20040907_id405581-E35" TYPE="ORG" SUBTYPE="Sports" CLASS="SPC">
      <entity_mention ID="adige20040907_id405581-E35-1" TYPE="NAM" PRIMARY="true" METONYMY_MENTION="TRUE">
        <extent>
          <charseq START="1720" END="1732">Sesto e Broni</charseq>
        </extent>
        <head>
          <charseq START="1720" END="1732">Sesto e Broni</charseq>
        </head>
      </entity_mention>
      <entity_attributes>
        <name NAME="Sesto e Broni">
          <charseq START="1720" END="1732">Sesto e Broni</charseq>
        </name>
      </entity_attributes>
    </entity>
    <entity ID="adige20040907_id405581-E37" TYPE="ORG" SUBTYPE="Sports" CLASS="SPC">
      <entity_mention ID="adige20040907_id405581-E37-1" TYPE="NAM" PRIMARY="true" METONYMY_MENTION="TRUE">
        <extent>
          <charseq START="2257" END="2262">Ancona</charseq>
        </extent>
        <head>
          <charseq START="2257" END="2262">Ancona</charseq>
        </head>
      </entity_mention>
      <entity_attributes>
        <name NAME="Ancona">
          <charseq START="2257" END="2262">Ancona</charseq>
        </name>
      </entity_attributes>
    </entity>
    <entity ID="adige20040907_id405581-E38" TYPE="ORG" SUBTYPE="Sports" CLASS="SPC">
      <entity_mention ID="adige20040907_id405581-E38-1" TYPE="NAM" PRIMARY="true" METONYMY_MENTION="TRUE">
        <extent>
          <charseq START="826" END="834">La Spezia</charseq>
        </extent>
        <head>
          <charseq START="826" END="834">La Spezia</charseq>
        </head>
      </entity_mention>
      <entity_mention ID="adige20040907_id405581-E38-2" TYPE="NAM" PRIMARY="false" METONYMY_MENTION="TRUE">
        <extent>
          <charseq START="1036" END="1076">La Spezia, dove mi sono trovata benissimo</charseq>
        </extent>
        <head>
          <charseq START="1036" END="1044">La Spezia</charseq>
        </head>
      </entity_mention>
      <entity_mention ID="adige20040907_id405581-E38-3" TYPE="PRO" PRIMARY="false" METONYMY_MENTION="FALSE">
        <extent>
          <charseq START="1047" END="1050">dove</charseq>
        </extent>
        <head>
          <charseq START="1047" END="1050">dove</charseq>
        </head>
      </entity_mention>
      <entity_attributes>
        <name NAME="La Spezia">
          <charseq START="826" END="834">La Spezia</charseq>
        </name>
        <name NAME="La Spezia">
          <charseq START="1036" END="1044">La Spezia</charseq>
        </name>
      </entity_attributes>
    </entity>
    <entity ID="adige20040907_id405581-E39" TYPE="ORG" SUBTYPE="Sports" CLASS="SPC">
      <entity_mention ID="adige20040907_id405581-E39-1" TYPE="NAM" PRIMARY="true" METONYMY_MENTION="TRUE">
        <extent>
          <charseq START="2222" END="2235">Riva del Garda</charseq>
        </extent>
        <head>
          <charseq START="2222" END="2235">Riva del Garda</charseq>
        </head>
      </entity_mention>
      <entity_attributes>
        <name NAME="Riva del Garda">
          <charseq START="2222" END="2235">Riva del Garda</charseq>
        </name>
      </entity_attributes>
    </entity>
    <entity ID="adige20040907_id405581-E40" TYPE="GPE" SUBTYPE="Population-Center" CLASS="SPC">
      <entity_mention ID="adige20040907_id405581-E40-1" TYPE="NAM" PRIMARY="true" ROLE="LOC" METONYMY_MENTION="FALSE">
        <extent>
          <charseq START="249" END="256">ROVERETO</charseq>
        </extent>
        <head>
          <charseq START="249" END="256">ROVERETO</charseq>
        </head>
      </entity_mention>
      <entity_mention ID="adige20040907_id405581-E40-2" TYPE="NAM" PRIMARY="false" ROLE="GPE" METONYMY_MENTION="FALSE">
        <extent>
          <charseq START="1891" END="1898">Rovereto</charseq>
        </extent>
        <head>
          <charseq START="1891" END="1898">Rovereto</charseq>
        </head>
      </entity_mention>
      <entity_mention ID="adige20040907_id405581-E40-3" TYPE="NOM" PRIMARY="false" ROLE="GPE" METONYMY_MENTION="FALSE">
        <extent>
          <charseq START="1911" END="1930">una città tranquilla</charseq>
        </extent>
        <head>
          <charseq START="1915" END="1919">città</charseq>
        </head>
      </entity_mention>
      <entity_attributes>
        <name NAME="ROVERETO">
          <charseq START="249" END="256">ROVERETO</charseq>
        </name>
        <name NAME="Rovereto">
          <charseq START="1891" END="1898">Rovereto</charseq>
        </name>
      </entity_attributes>
    </entity>
    <entity ID="adige20040907_id405581-E41" TYPE="GPE" SUBTYPE="Population-Center" CLASS="SPC">
      <entity_mention ID="adige20040907_id405581-E41-1" TYPE="NAM" PRIMARY="true" ROLE="GPE" METONYMY_MENTION="FALSE">
        <extent>
          <charseq START="780" END="791">Montebelluna</charseq>
        </extent>
        <head>
          <charseq START="780" END="791">Montebelluna</charseq>
        </head>
      </entity_mention>
      <entity_attributes>
        <name NAME="Montebelluna">
          <charseq START="780" END="791">Montebelluna</charseq>
        </name>
      </entity_attributes>
    </entity>
    <entity ID="adige20040907_id405581-E43" TYPE="GPE" SUBTYPE="State-or-Province" CLASS="SPC">
      <entity_mention ID="adige20040907_id405581-E43-1" TYPE="NAM" PRIMARY="true" ROLE="GPE" METONYMY_MENTION="FALSE">
        <extent>
          <charseq START="2172" END="2179">veronese</charseq>
        </extent>
        <head>
          <charseq START="2172" END="2179">veronese</charseq>
        </head>
      </entity_mention>
    </entity>
    <entity ID="adige20040907_id405581-E44" TYPE="GPE" SUBTYPE="State-or-Province" CLASS="SPC">
      <entity_mention ID="adige20040907_id405581-E44-1" TYPE="NAM" PRIMARY="true" ROLE="LOC" METONYMY_MENTION="FALSE">
        <extent>
          <charseq START="2212" END="2218">regione</charseq>
        </extent>
        <head>
          <charseq START="2212" END="2218">regione</charseq>
        </head>
      </entity_mention>
      <entity_attributes>
        <name NAME="regione">
          <charseq START="2212" END="2218">regione</charseq>
        </name>
      </entity_attributes>
    </entity>
  </document>
</source_file>
