<?xml version="1.0" encoding="UTF-8"?>
<!DOCTYPE source_file PUBLIC "SYSTEM" "apf.v5.2.0.dtd">

<source_file URI="adige20040907_id405589.txt" SOURCE="unknown" TYPE="text" VERSION="5.0" AUTHOR="Evalita" ENCODING="UTF-8">
  <document DOCID="adige20040907_id405589">
    <entity ID="adige20040907_id405589-E1" TYPE="PER" SUBTYPE="Group" CLASS="GEN">
      <entity_mention ID="adige20040907_id405589-E1-2" TYPE="NOM" PRIMARY="true" METONYMY_MENTION="FALSE">
        <extent>
          <charseq START="438" END="485">dei dilettanti che non vincono medaglie ad Atene</charseq>
        </extent>
        <head>
          <charseq START="442" END="451">dilettanti</charseq>
        </head>
      </entity_mention>
      <entity_mention ID="adige20040907_id405589-E1-4" TYPE="PRO" PRIMARY="false" METONYMY_MENTION="FALSE">
        <extent>
          <charseq START="453" END="455">che</charseq>
        </extent>
        <head>
          <charseq START="453" END="455">che</charseq>
        </head>
      </entity_mention>
    </entity>
    <entity ID="adige20040907_id405589-E3" TYPE="PER" SUBTYPE="Individual" CLASS="SPC">
      <entity_mention ID="adige20040907_id405589-E3-2" TYPE="NAM" PRIMARY="true" METONYMY_MENTION="FALSE">
        <extent>
          <charseq START="670" END="673">Cima</charseq>
        </extent>
        <head>
          <charseq START="670" END="673">Cima</charseq>
        </head>
      </entity_mention>
      <entity_attributes>
        <name NAME="Cima">
          <charseq START="670" END="673">Cima</charseq>
        </name>
      </entity_attributes>
    </entity>
    <entity ID="adige20040907_id405589-E4" TYPE="PER" SUBTYPE="Individual" CLASS="SPC">
      <entity_mention ID="adige20040907_id405589-E4-2" TYPE="NAM" PRIMARY="true" METONYMY_MENTION="FALSE">
        <extent>
          <charseq START="676" END="684">Brustolin</charseq>
        </extent>
        <head>
          <charseq START="676" END="684">Brustolin</charseq>
        </head>
      </entity_mention>
      <entity_attributes>
        <name NAME="Brustolin">
          <charseq START="676" END="684">Brustolin</charseq>
        </name>
      </entity_attributes>
    </entity>
    <entity ID="adige20040907_id405589-E5" TYPE="PER" SUBTYPE="Individual" CLASS="SPC">
      <entity_mention ID="adige20040907_id405589-E5-2" TYPE="NAM" PRIMARY="true" METONYMY_MENTION="FALSE">
        <extent>
          <charseq START="687" END="701">Dalla Bianchina</charseq>
        </extent>
        <head>
          <charseq START="687" END="701">Dalla Bianchina</charseq>
        </head>
      </entity_mention>
      <entity_attributes>
        <name NAME="Dalla Bianchina">
          <charseq START="687" END="701">Dalla Bianchina</charseq>
        </name>
      </entity_attributes>
    </entity>
    <entity ID="adige20040907_id405589-E6" TYPE="PER" SUBTYPE="Individual" CLASS="SPC">
      <entity_mention ID="adige20040907_id405589-E6-2" TYPE="NAM" PRIMARY="true" METONYMY_MENTION="FALSE">
        <extent>
          <charseq START="704" END="711">Salviato</charseq>
        </extent>
        <head>
          <charseq START="704" END="711">Salviato</charseq>
        </head>
      </entity_mention>
      <entity_attributes>
        <name NAME="Salviato">
          <charseq START="704" END="711">Salviato</charseq>
        </name>
      </entity_attributes>
    </entity>
    <entity ID="adige20040907_id405589-E7" TYPE="PER" SUBTYPE="Group" CLASS="SPC">
      <entity_mention ID="adige20040907_id405589-E7-2" TYPE="NAM" PRIMARY="true" METONYMY_MENTION="FALSE">
        <extent>
          <charseq START="670" END="711">Cima, Brustolin, Dalla Bianchina, Salviato</charseq>
        </extent>
        <head>
          <charseq START="670" END="711">Cima, Brustolin, Dalla Bianchina, Salviato</charseq>
        </head>
      </entity_mention>
      <entity_attributes>
        <name NAME="Cima, Brustolin, Dalla Bianchina, Salviato">
          <charseq START="670" END="711">Cima, Brustolin, Dalla Bianchina, Salviato</charseq>
        </name>
      </entity_attributes>
    </entity>
    <entity ID="adige20040907_id405589-E8" TYPE="PER" SUBTYPE="Individual" CLASS="SPC">
      <entity_mention ID="adige20040907_id405589-E8-2" TYPE="NAM" PRIMARY="true" METONYMY_MENTION="FALSE">
        <extent>
          <charseq START="783" END="830">Tiziano Spartera che quando vede rossonero segna</charseq>
        </extent>
        <head>
          <charseq START="783" END="798">Tiziano Spartera</charseq>
        </head>
      </entity_mention>
      <entity_mention ID="adige20040907_id405589-E8-4" TYPE="PRO" PRIMARY="false" METONYMY_MENTION="FALSE">
        <extent>
          <charseq START="774" END="776">uno</charseq>
        </extent>
        <head>
          <charseq START="774" END="776">uno</charseq>
        </head>
      </entity_mention>
      <entity_mention ID="adige20040907_id405589-E8-6" TYPE="PRO" PRIMARY="false" METONYMY_MENTION="FALSE">
        <extent>
          <charseq START="800" END="802">che</charseq>
        </extent>
        <head>
          <charseq START="800" END="802">che</charseq>
        </head>
      </entity_mention>
      <entity_mention ID="adige20040907_id405589-E8-8" TYPE="NAM" PRIMARY="false" METONYMY_MENTION="FALSE">
        <extent>
          <charseq START="74" END="81">Spartera</charseq>
        </extent>
        <head>
          <charseq START="74" END="81">Spartera</charseq>
        </head>
      </entity_mention>
      <entity_mention ID="adige20040907_id405589-E8-10" TYPE="PRO" PRIMARY="false" METONYMY_MENTION="FALSE">
        <extent>
          <charseq START="96" END="98">suo</charseq>
        </extent>
        <head>
          <charseq START="96" END="98">suo</charseq>
        </head>
      </entity_mention>
      <entity_mention ID="adige20040907_id405589-E8-11" TYPE="PRO" PRIMARY="false" METONYMY_MENTION="FALSE">
        <extent>
          <charseq START="757" END="758">lo</charseq>
        </extent>
        <head>
          <charseq START="757" END="758">lo</charseq>
        </head>
      </entity_mention>
      <entity_attributes>
        <name NAME="Tiziano Spartera">
          <charseq START="783" END="798">Tiziano Spartera</charseq>
        </name>
        <name NAME="Spartera">
          <charseq START="74" END="81">Spartera</charseq>
        </name>
      </entity_attributes>
    </entity>
    <entity ID="adige20040907_id405589-E9" TYPE="PER" SUBTYPE="Individual" CLASS="SPC">
      <entity_mention ID="adige20040907_id405589-E9-2" TYPE="NAM" PRIMARY="true" METONYMY_MENTION="FALSE">
        <extent>
          <charseq START="893" END="905">Manuel Brollo</charseq>
        </extent>
        <head>
          <charseq START="893" END="905">Manuel Brollo</charseq>
        </head>
      </entity_mention>
      <entity_mention ID="adige20040907_id405589-E9-4" TYPE="NOM" PRIMARY="false" METONYMY_MENTION="FALSE">
        <extent>
          <charseq START="876" END="891">all'ex aquilotto</charseq>
        </extent>
        <head>
          <charseq START="883" END="891">aquilotto</charseq>
        </head>
      </entity_mention>
      <entity_mention ID="adige20040907_id405589-E9-6" TYPE="NOM" PRIMARY="false" METONYMY_MENTION="FALSE">
        <extent>
          <charseq START="876" END="905">all'ex aquilotto Manuel Brollo</charseq>
        </extent>
        <head>
          <charseq START="876" END="905">all'ex aquilotto Manuel Brollo</charseq>
        </head>
      </entity_mention>
      <entity_attributes>
        <name NAME="Manuel Brollo">
          <charseq START="893" END="905">Manuel Brollo</charseq>
        </name>
      </entity_attributes>
    </entity>
    <entity ID="adige20040907_id405589-E10" TYPE="PER" SUBTYPE="Individual" CLASS="SPC">
      <entity_mention ID="adige20040907_id405589-E10-2" TYPE="NAM" PRIMARY="true" METONYMY_MENTION="FALSE">
        <extent>
          <charseq START="989" END="995">Maraner</charseq>
        </extent>
        <head>
          <charseq START="989" END="995">Maraner</charseq>
        </head>
      </entity_mention>
      <entity_attributes>
        <name NAME="Maraner">
          <charseq START="989" END="995">Maraner</charseq>
        </name>
      </entity_attributes>
    </entity>
    <entity ID="adige20040907_id405589-E11" TYPE="PER" SUBTYPE="Individual" CLASS="SPC">
      <entity_mention ID="adige20040907_id405589-E11-2" TYPE="NAM" PRIMARY="true" METONYMY_MENTION="FALSE">
        <extent>
          <charseq START="1014" END="1019">Gianni</charseq>
        </extent>
        <head>
          <charseq START="1014" END="1019">Gianni</charseq>
        </head>
      </entity_mention>
      <entity_mention ID="adige20040907_id405589-E11-4" TYPE="NAM" PRIMARY="false" METONYMY_MENTION="FALSE">
        <extent>
          <charseq START="1022" END="1031">Migliorini</charseq>
        </extent>
        <head>
          <charseq START="1022" END="1031">Migliorini</charseq>
        </head>
      </entity_mention>
      <entity_attributes>
        <name NAME="Gianni">
          <charseq START="1014" END="1019">Gianni</charseq>
        </name>
        <name NAME="Migliorini">
          <charseq START="1022" END="1031">Migliorini</charseq>
        </name>
      </entity_attributes>
    </entity>
    <entity ID="adige20040907_id405589-E12" TYPE="PER" SUBTYPE="Individual" CLASS="SPC">
      <entity_mention ID="adige20040907_id405589-E12-2" TYPE="NAM" PRIMARY="true" METONYMY_MENTION="FALSE">
        <extent>
          <charseq START="1194" END="1241">Nicolini Mattia, fisico da modello e gol-modello</charseq>
        </extent>
        <head>
          <charseq START="1194" END="1208">Nicolini Mattia</charseq>
        </head>
      </entity_mention>
      <entity_mention ID="adige20040907_id405589-E12-4" TYPE="NAM" PRIMARY="false" METONYMY_MENTION="FALSE">
        <extent>
          <charseq START="1157" END="1241">il "lampadato di Aladino", al secolo Nicolini Mattia, fisico da modello e gol-modello</charseq>
        </extent>
        <head>
          <charseq START="1161" END="1180">lampadato di Aladino</charseq>
        </head>
      </entity_mention>
      <entity_attributes>
        <name NAME="Nicolini Mattia">
          <charseq START="1194" END="1208">Nicolini Mattia</charseq>
        </name>
        <name NAME="lampadato di Aladino">
          <charseq START="1161" END="1180">lampadato di Aladino</charseq>
        </name>
      </entity_attributes>
    </entity>
    <entity ID="adige20040907_id405589-E13" TYPE="PER" SUBTYPE="Group" CLASS="GEN">
      <entity_mention ID="adige20040907_id405589-E13-2" TYPE="NOM" PRIMARY="true" METONYMY_MENTION="FALSE">
        <extent>
          <charseq START="1221" END="1227">modello</charseq>
        </extent>
        <head>
          <charseq START="1221" END="1227">modello</charseq>
        </head>
      </entity_mention>
    </entity>
    <entity ID="adige20040907_id405589-E14" TYPE="PER" SUBTYPE="Individual" CLASS="SPC">
      <entity_mention ID="adige20040907_id405589-E14-2" TYPE="NAM" PRIMARY="true" METONYMY_MENTION="FALSE">
        <extent>
          <charseq START="1554" END="1560">Gaburro</charseq>
        </extent>
        <head>
          <charseq START="1554" END="1560">Gaburro</charseq>
        </head>
      </entity_mention>
      <entity_attributes>
        <name NAME="Gaburro">
          <charseq START="1554" END="1560">Gaburro</charseq>
        </name>
      </entity_attributes>
    </entity>
    <entity ID="adige20040907_id405589-E15" TYPE="PER" SUBTYPE="Group" CLASS="SPC">
      <entity_mention ID="adige20040907_id405589-E15-2" TYPE="PRO" PRIMARY="true" METONYMY_MENTION="FALSE">
        <extent>
          <charseq START="1640" END="1659">un quarto di squadra</charseq>
        </extent>
        <head>
          <charseq START="1643" END="1648">quarto</charseq>
        </head>
      </entity_mention>
    </entity>
    <entity ID="adige20040907_id405589-E16" TYPE="PER" SUBTYPE="Individual" CLASS="SPC">
      <entity_mention ID="adige20040907_id405589-E16-2" TYPE="NAM" PRIMARY="true" METONYMY_MENTION="FALSE">
        <extent>
          <charseq START="1719" END="1729">Manfioletti</charseq>
        </extent>
        <head>
          <charseq START="1719" END="1729">Manfioletti</charseq>
        </head>
      </entity_mention>
      <entity_attributes>
        <name NAME="Manfioletti">
          <charseq START="1719" END="1729">Manfioletti</charseq>
        </name>
      </entity_attributes>
    </entity>
    <entity ID="adige20040907_id405589-E19" TYPE="PER" SUBTYPE="Indefinite" CLASS="USP">
      <entity_mention ID="adige20040907_id405589-E19-2" TYPE="PRO" PRIMARY="true" METONYMY_MENTION="FALSE">
        <extent>
          <charseq START="1667" END="1668">si</charseq>
        </extent>
        <head>
          <charseq START="1667" END="1668">si</charseq>
        </head>
      </entity_mention>
    </entity>
    <entity ID="adige20040907_id405589-E20" TYPE="PER" SUBTYPE="Group" CLASS="SPC">
      <entity_mention ID="adige20040907_id405589-E20-2" TYPE="NOM" PRIMARY="true" METONYMY_MENTION="FALSE">
        <extent>
          <charseq START="1653" END="1659">squadra</charseq>
        </extent>
        <head>
          <charseq START="1653" END="1659">squadra</charseq>
        </head>
      </entity_mention>
    </entity>
    <entity ID="adige20040907_id405589-E21" TYPE="PER" SUBTYPE="Individual" CLASS="SPC">
      <entity_mention ID="adige20040907_id405589-E21-2" TYPE="NAM" PRIMARY="true" METONYMY_MENTION="FALSE">
        <extent>
          <charseq START="543" END="547">Ennio</charseq>
        </extent>
        <head>
          <charseq START="543" END="547">Ennio</charseq>
        </head>
      </entity_mention>
      <entity_mention ID="adige20040907_id405589-E21-5" TYPE="NOM" PRIMARY="false" METONYMY_MENTION="FALSE">
        <extent>
          <charseq START="645" END="661">del nuovo tecnico</charseq>
        </extent>
        <head>
          <charseq START="655" END="661">tecnico</charseq>
        </head>
      </entity_mention>
      <entity_attributes>
        <name NAME="Ennio">
          <charseq START="543" END="547">Ennio</charseq>
        </name>
      </entity_attributes>
    </entity>
    <entity ID="adige20040907_id405589-E22" TYPE="ORG" SUBTYPE="Sports" CLASS="SPC">
      <entity_mention ID="adige20040907_id405589-E22-1" TYPE="NAM" PRIMARY="true" METONYMY_MENTION="TRUE">
        <extent>
          <charseq START="167" END="173">Bolzano</charseq>
        </extent>
        <head>
          <charseq START="167" END="173">Bolzano</charseq>
        </head>
      </entity_mention>
      <entity_mention ID="adige20040907_id405589-E22-2" TYPE="NOM" PRIMARY="false" METONYMY_MENTION="FALSE">
        <extent>
          <charseq START="256" END="271">casa biancorossa</charseq>
        </extent>
        <head>
          <charseq START="256" END="271">casa biancorossa</charseq>
        </head>
      </entity_mention>
      <entity_attributes>
        <name NAME="Bolzano">
          <charseq START="167" END="173">Bolzano</charseq>
        </name>
      </entity_attributes>
    </entity>
    <entity ID="adige20040907_id405589-E23" TYPE="ORG" SUBTYPE="Sports" CLASS="SPC">
      <entity_mention ID="adige20040907_id405589-E23-1" TYPE="NOM" PRIMARY="true" METONYMY_MENTION="TRUE">
        <extent>
          <charseq START="177" END="182">Trento</charseq>
        </extent>
        <head>
          <charseq START="177" END="182">Trento</charseq>
        </head>
      </entity_mention>
      <entity_mention ID="adige20040907_id405589-E23-2" TYPE="NAM" PRIMARY="false" METONYMY_MENTION="FALSE">
        <extent>
          <charseq START="1263" END="1270">Trentino</charseq>
        </extent>
        <head>
          <charseq START="1263" END="1270">Trentino</charseq>
        </head>
      </entity_mention>
      <entity_attributes>
        <name NAME="Trentino">
          <charseq START="1263" END="1270">Trentino</charseq>
        </name>
      </entity_attributes>
    </entity>
    <entity ID="adige20040907_id405589-E24" TYPE="ORG" SUBTYPE="Sports" CLASS="SPC">
      <entity_mention ID="adige20040907_id405589-E24-1" TYPE="NAM" PRIMARY="true" METONYMY_MENTION="TRUE">
        <extent>
          <charseq START="167" END="182">Bolzano e Trento</charseq>
        </extent>
        <head>
          <charseq START="167" END="182">Bolzano e Trento</charseq>
        </head>
      </entity_mention>
      <entity_attributes>
        <name NAME="Bolzano e Trento">
          <charseq START="167" END="182">Bolzano e Trento</charseq>
        </name>
      </entity_attributes>
    </entity>
    <entity ID="adige20040907_id405589-E25" TYPE="ORG" SUBTYPE="Sports" CLASS="SPC">
      <entity_mention ID="adige20040907_id405589-E25-1" TYPE="NAM" PRIMARY="true" METONYMY_MENTION="TRUE">
        <extent>
          <charseq START="195" END="198">Arco</charseq>
        </extent>
        <head>
          <charseq START="195" END="198">Arco</charseq>
        </head>
      </entity_mention>
      <entity_mention ID="adige20040907_id405589-E25-2" TYPE="NAM" PRIMARY="false" METONYMY_MENTION="TRUE">
        <extent>
          <charseq START="39" END="53">Arco esordiente</charseq>
        </extent>
        <head>
          <charseq START="39" END="42">Arco</charseq>
        </head>
      </entity_mention>
      <entity_attributes>
        <name NAME="Arco">
          <charseq START="195" END="198">Arco</charseq>
        </name>
        <name NAME="Arco">
          <charseq START="39" END="42">Arco</charseq>
        </name>
      </entity_attributes>
    </entity>
    <entity ID="adige20040907_id405589-E26" TYPE="ORG" SUBTYPE="Sports" CLASS="SPC">
      <entity_mention ID="adige20040907_id405589-E26-1" TYPE="NAM" PRIMARY="true" METONYMY_MENTION="TRUE">
        <extent>
          <charseq START="202" END="212">Mezzocorona</charseq>
        </extent>
        <head>
          <charseq START="202" END="212">Mezzocorona</charseq>
        </head>
      </entity_mention>
      <entity_mention ID="adige20040907_id405589-E26-2" TYPE="NAM" PRIMARY="false" METONYMY_MENTION="TRUE">
        <extent>
          <charseq START="57" END="71">mezzo « Mezzo »</charseq>
        </extent>
        <head>
          <charseq START="65" END="69">Mezzo</charseq>
        </head>
      </entity_mention>
      <entity_mention ID="adige20040907_id405589-E26-3" TYPE="NAM" PRIMARY="false" METONYMY_MENTION="TRUE">
        <extent>
          <charseq START="1616" END="1659">mezzo "Mezzo", cioè con un quarto di squadra</charseq>
        </extent>
        <head>
          <charseq START="1623" END="1627">Mezzo</charseq>
        </head>
      </entity_mention>
      <entity_attributes>
        <name NAME="Mezzocorona">
          <charseq START="202" END="212">Mezzocorona</charseq>
        </name>
        <name NAME="Mezzo">
          <charseq START="65" END="69">Mezzo</charseq>
        </name>
        <name NAME="Mezzo">
          <charseq START="1623" END="1627">Mezzo</charseq>
        </name>
      </entity_attributes>
    </entity>
    <entity ID="adige20040907_id405589-E27" TYPE="ORG" SUBTYPE="Sports" CLASS="SPC">
      <entity_mention ID="adige20040907_id405589-E27-1" TYPE="NAM" PRIMARY="true" METONYMY_MENTION="TRUE">
        <extent>
          <charseq START="195" END="212">Arco e Mezzocorona</charseq>
        </extent>
        <head>
          <charseq START="195" END="212">Arco e Mezzocorona</charseq>
        </head>
      </entity_mention>
      <entity_mention ID="adige20040907_id405589-E27-2" TYPE="PRO" PRIMARY="false" METONYMY_MENTION="FALSE">
        <extent>
          <charseq START="185" END="192">le altre</charseq>
        </extent>
        <head>
          <charseq START="188" END="192">altre</charseq>
        </head>
      </entity_mention>
      <entity_mention ID="adige20040907_id405589-E27-3" TYPE="NAM" PRIMARY="false" METONYMY_MENTION="TRUE">
        <extent>
          <charseq START="39" END="71">Arco esordiente e mezzo « Mezzo »</charseq>
        </extent>
        <head>
          <charseq START="39" END="71">Arco esordiente e mezzo « Mezzo »</charseq>
        </head>
      </entity_mention>
      <entity_attributes>
        <name NAME="Arco e Mezzocorona">
          <charseq START="195" END="212">Arco e Mezzocorona</charseq>
        </name>
        <name NAME="Arco esordiente e mezzo « Mezzo »">
          <charseq START="39" END="71">Arco esordiente e mezzo « Mezzo »</charseq>
        </name>
      </entity_attributes>
    </entity>
    <entity ID="adige20040907_id405589-E28" TYPE="ORG" SUBTYPE="Sports" CLASS="SPC">
      <entity_mention ID="adige20040907_id405589-E28-1" TYPE="NAM" PRIMARY="true" METONYMY_MENTION="TRUE">
        <extent>
          <charseq START="725" END="738">Al Fiorenzuola</charseq>
        </extent>
        <head>
          <charseq START="728" END="738">Fiorenzuola</charseq>
        </head>
      </entity_mention>
      <entity_mention ID="adige20040907_id405589-E28-2" TYPE="NOM" PRIMARY="false" METONYMY_MENTION="FALSE">
        <extent>
          <charseq START="926" END="938">ai piacentini</charseq>
        </extent>
        <head>
          <charseq START="929" END="938">piacentini</charseq>
        </head>
      </entity_mention>
      <entity_attributes>
        <name NAME="Fiorenzuola">
          <charseq START="728" END="738">Fiorenzuola</charseq>
        </name>
      </entity_attributes>
    </entity>
    <entity ID="adige20040907_id405589-E30" TYPE="ORG" SUBTYPE="Sports" CLASS="SPC">
      <entity_mention ID="adige20040907_id405589-E30-1" TYPE="NAM" PRIMARY="true" METONYMY_MENTION="FALSE">
        <extent>
          <charseq START="1364" END="1372">Nazionale</charseq>
        </extent>
        <head>
          <charseq START="1364" END="1372">Nazionale</charseq>
        </head>
      </entity_mention>
      <entity_attributes>
        <name NAME="Nazionale">
          <charseq START="1364" END="1372">Nazionale</charseq>
        </name>
      </entity_attributes>
    </entity>
    <entity ID="adige20040907_id405589-E31" TYPE="ORG" SUBTYPE="Sports" CLASS="SPC">
      <entity_mention ID="adige20040907_id405589-E31-1" TYPE="NAM" PRIMARY="true" METONYMY_MENTION="TRUE">
        <extent>
          <charseq START="1424" END="1433">il Brasile</charseq>
        </extent>
        <head>
          <charseq START="1427" END="1433">Brasile</charseq>
        </head>
      </entity_mention>
      <entity_attributes>
        <name NAME="Brasile">
          <charseq START="1427" END="1433">Brasile</charseq>
        </name>
      </entity_attributes>
    </entity>
    <entity ID="adige20040907_id405589-E32" TYPE="ORG" SUBTYPE="Sports" CLASS="SPC">
      <entity_mention ID="adige20040907_id405589-E32-1" TYPE="NAM" PRIMARY="true" METONYMY_MENTION="TRUE">
        <extent>
          <charseq START="1478" END="1488">la Norvegia</charseq>
        </extent>
        <head>
          <charseq START="1481" END="1488">Norvegia</charseq>
        </head>
      </entity_mention>
      <entity_attributes>
        <name NAME="Norvegia">
          <charseq START="1481" END="1488">Norvegia</charseq>
        </name>
      </entity_attributes>
    </entity>
    <entity ID="adige20040907_id405589-E33" TYPE="ORG" SUBTYPE="Sports" CLASS="SPC">
      <entity_mention ID="adige20040907_id405589-E33-1" TYPE="NAM" PRIMARY="true" METONYMY_MENTION="FALSE">
        <extent>
          <charseq START="1520" END="1523">Fifa</charseq>
        </extent>
        <head>
          <charseq START="1520" END="1523">Fifa</charseq>
        </head>
      </entity_mention>
      <entity_attributes>
        <name NAME="Fifa">
          <charseq START="1520" END="1523">Fifa</charseq>
        </name>
      </entity_attributes>
    </entity>
    <entity ID="adige20040907_id405589-E34" TYPE="ORG" SUBTYPE="Sports" CLASS="SPC">
      <entity_mention ID="adige20040907_id405589-E34-1" TYPE="NAM" PRIMARY="true" METONYMY_MENTION="TRUE">
        <extent>
          <charseq START="1533" END="1544">la Giordania</charseq>
        </extent>
        <head>
          <charseq START="1536" END="1544">Giordania</charseq>
        </head>
      </entity_mention>
      <entity_attributes>
        <name NAME="Giordania">
          <charseq START="1536" END="1544">Giordania</charseq>
        </name>
      </entity_attributes>
    </entity>
    <entity ID="adige20040907_id405589-E35" TYPE="ORG" SUBTYPE="Sports" CLASS="SPC">
      <entity_mention ID="adige20040907_id405589-E35-1" TYPE="NAM" PRIMARY="true" METONYMY_MENTION="FALSE">
        <extent>
          <charseq START="1768" END="1768">D</charseq>
        </extent>
        <head>
          <charseq START="1768" END="1768">D</charseq>
        </head>
      </entity_mention>
      <entity_mention ID="adige20040907_id405589-E35-2" TYPE="NOM" PRIMARY="false" METONYMY_MENTION="FALSE">
        <extent>
          <charseq START="335" END="346">quarta serie</charseq>
        </extent>
        <head>
          <charseq START="342" END="346">serie</charseq>
        </head>
      </entity_mention>
      <entity_attributes>
        <name NAME="D">
          <charseq START="1768" END="1768">D</charseq>
        </name>
      </entity_attributes>
    </entity>
    <entity ID="adige20040907_id405589-E36" TYPE="ORG" SUBTYPE="Sports" CLASS="SPC">
      <entity_mention ID="adige20040907_id405589-E36-1" TYPE="NAM" PRIMARY="true" METONYMY_MENTION="FALSE">
        <extent>
          <charseq START="1695" END="1700">Chiari</charseq>
        </extent>
        <head>
          <charseq START="1695" END="1700">Chiari</charseq>
        </head>
      </entity_mention>
      <entity_attributes>
        <name NAME="Chiari">
          <charseq START="1695" END="1700">Chiari</charseq>
        </name>
      </entity_attributes>
    </entity>
    <entity ID="adige20040907_id405589-E37" TYPE="ORG" SUBTYPE="Sports" CLASS="SPC">
      <entity_mention ID="adige20040907_id405589-E37-1" TYPE="NAM" PRIMARY="true" METONYMY_MENTION="FALSE">
        <extent>
          <charseq START="861" END="866">Casale</charseq>
        </extent>
        <head>
          <charseq START="861" END="866">Casale</charseq>
        </head>
      </entity_mention>
      <entity_attributes>
        <name NAME="Casale">
          <charseq START="861" END="866">Casale</charseq>
        </name>
      </entity_attributes>
    </entity>
    <entity ID="adige20040907_id405589-E38" TYPE="ORG" SUBTYPE="Media" CLASS="SPC">
      <entity_mention ID="adige20040907_id405589-E38-1" TYPE="NAM" PRIMARY="true" METONYMY_MENTION="FALSE">
        <extent>
          <charseq START="576" END="588">il Gazzettino</charseq>
        </extent>
        <head>
          <charseq START="579" END="588">Gazzettino</charseq>
        </head>
      </entity_mention>
      <entity_mention ID="adige20040907_id405589-E38-2" TYPE="NOM" PRIMARY="false" METONYMY_MENTION="FALSE">
        <extent>
          <charseq START="556" END="573">il Gazzetta minore</charseq>
        </extent>
        <head>
          <charseq START="559" END="566">Gazzetta</charseq>
        </head>
      </entity_mention>
      <entity_attributes>
        <name NAME="Gazzettino">
          <charseq START="579" END="588">Gazzettino</charseq>
        </name>
      </entity_attributes>
    </entity>
    <entity ID="adige20040907_id405589-E39" TYPE="ORG" SUBTYPE="Sports" CLASS="SPC">
      <entity_mention ID="adige20040907_id405589-E39-1" TYPE="PRO" PRIMARY="true" METONYMY_MENTION="FALSE">
        <extent>
          <charseq START="234" END="236">chi</charseq>
        </extent>
        <head>
          <charseq START="234" END="236">chi</charseq>
        </head>
      </entity_mention>
    </entity>
    <entity ID="adige20040907_id405589-E40" TYPE="ORG" SUBTYPE="Sports" CLASS="SPC">
      <entity_mention ID="adige20040907_id405589-E40-1" TYPE="PRO" PRIMARY="true" METONYMY_MENTION="FALSE">
        <extent>
          <charseq START="243" END="245">chi</charseq>
        </extent>
        <head>
          <charseq START="243" END="245">chi</charseq>
        </head>
      </entity_mention>
    </entity>
    <entity ID="adige20040907_id405589-E42" TYPE="GPE" SUBTYPE="State-or-Province" CLASS="SPC">
      <entity_mention ID="adige20040907_id405589-E42-1" TYPE="NAM" PRIMARY="true" ROLE="LOC" METONYMY_MENTION="FALSE">
        <extent>
          <charseq START="634" END="643">dal Veneto</charseq>
        </extent>
        <head>
          <charseq START="638" END="643">Veneto</charseq>
        </head>
      </entity_mention>
      <entity_attributes>
        <name NAME="Veneto">
          <charseq START="638" END="643">Veneto</charseq>
        </name>
      </entity_attributes>
    </entity>
    <entity ID="adige20040907_id405589-E43" TYPE="GPE" SUBTYPE="Population-Center" CLASS="SPC">
      <entity_mention ID="adige20040907_id405589-E43-1" TYPE="NAM" PRIMARY="true" ROLE="LOC" METONYMY_MENTION="FALSE">
        <extent>
          <charseq START="948" END="954">Bolzano</charseq>
        </extent>
        <head>
          <charseq START="948" END="954">Bolzano</charseq>
        </head>
      </entity_mention>
      <entity_attributes>
        <name NAME="Bolzano">
          <charseq START="948" END="954">Bolzano</charseq>
        </name>
      </entity_attributes>
    </entity>
    <entity ID="adige20040907_id405589-E44" TYPE="GPE" SUBTYPE="Population-Center" CLASS="SPC">
      <entity_mention ID="adige20040907_id405589-E44-1" TYPE="NAM" PRIMARY="true" ROLE="LOC" METONYMY_MENTION="FALSE">
        <extent>
          <charseq START="981" END="986">Trento</charseq>
        </extent>
        <head>
          <charseq START="981" END="986">Trento</charseq>
        </head>
      </entity_mention>
      <entity_attributes>
        <name NAME="Trento">
          <charseq START="981" END="986">Trento</charseq>
        </name>
      </entity_attributes>
    </entity>
    <entity ID="adige20040907_id405589-E45" TYPE="GPE" SUBTYPE="Population-Center" CLASS="SPC">
      <entity_mention ID="adige20040907_id405589-E45-1" TYPE="NAM" PRIMARY="true" ROLE="LOC" METONYMY_MENTION="FALSE">
        <extent>
          <charseq START="1734" END="1737">Arco</charseq>
        </extent>
        <head>
          <charseq START="1734" END="1737">Arco</charseq>
        </head>
      </entity_mention>
      <entity_attributes>
        <name NAME="Arco">
          <charseq START="1734" END="1737">Arco</charseq>
        </name>
      </entity_attributes>
    </entity>
    <entity ID="adige20040907_id405589-E46" TYPE="GPE" SUBTYPE="Population-Center" CLASS="SPC">
      <entity_mention ID="adige20040907_id405589-E46-1" TYPE="NAM" PRIMARY="true" ROLE="LOC" METONYMY_MENTION="FALSE">
        <extent>
          <charseq START="1773" END="1783">Mezzocorona</charseq>
        </extent>
        <head>
          <charseq START="1773" END="1783">Mezzocorona</charseq>
        </head>
      </entity_mention>
      <entity_attributes>
        <name NAME="Mezzocorona">
          <charseq START="1773" END="1783">Mezzocorona</charseq>
        </name>
      </entity_attributes>
    </entity>
    <entity ID="adige20040907_id405589-E47" TYPE="ORG" SUBTYPE="Sports" CLASS="SPC">
      <entity_mention ID="adige20040907_id405589-E47-1" TYPE="NOM" PRIMARY="true" ROLE="GPE" METONYMY_MENTION="FALSE">
        <extent>
          <charseq START="0" END="16">Capoluoghi ridono</charseq>
        </extent>
        <head>
          <charseq START="0" END="9">Capoluoghi</charseq>
        </head>
      </entity_mention>
    </entity>
    <entity ID="adige20040907_id405589-E48" TYPE="GPE" SUBTYPE="Population-Center" CLASS="SPC">
      <entity_mention ID="adige20040907_id405589-E48-1" TYPE="NAM" PRIMARY="true" METONYMY_MENTION="FALSE">
        <extent>
          <charseq START="481" END="485">Atene</charseq>
        </extent>
        <head>
          <charseq START="481" END="485">Atene</charseq>
        </head>
      </entity_mention>
      <entity_attributes>
        <name NAME="Atene">
          <charseq START="481" END="485">Atene</charseq>
        </name>
      </entity_attributes>
    </entity>
    <entity ID="adige20040907_id405589-E49" TYPE="ORG" SUBTYPE="Sports" CLASS="SPC">
      <entity_mention ID="adige20040907_id405589-E49-1" TYPE="NOM" PRIMARY="true" METONYMY_MENTION="FALSE">
        <extent>
          <charseq START="19" END="36">periferie piangono</charseq>
        </extent>
        <head>
          <charseq START="19" END="27">periferie</charseq>
        </head>
      </entity_mention>
    </entity>
  </document>
</source_file>
