<?xml version="1.0" encoding="UTF-8"?>
<!DOCTYPE source_file PUBLIC "SYSTEM" "apf.v5.2.0.dtd">

<source_file URI="adige20040907_id405592.txt" SOURCE="unknown" TYPE="text" VERSION="5.0" AUTHOR="Evalita" ENCODING="UTF-8">
  <document DOCID="adige20040907_id405592">
    <entity ID="adige20040907_id405592-E1" TYPE="PER" SUBTYPE="Individual" CLASS="SPC">
      <entity_mention ID="adige20040907_id405592-E1-2" TYPE="NAM" PRIMARY="true" METONYMY_MENTION="FALSE">
        <extent>
          <charseq START="435" END="449">Giulio Andreoli</charseq>
        </extent>
        <head>
          <charseq START="435" END="449">Giulio Andreoli</charseq>
        </head>
      </entity_mention>
      <entity_mention ID="adige20040907_id405592-E1-4" TYPE="NOM" PRIMARY="false" METONYMY_MENTION="FALSE">
        <extent>
          <charseq START="386" END="397">del capitano</charseq>
        </extent>
        <head>
          <charseq START="390" END="397">capitano</charseq>
        </head>
      </entity_mention>
      <entity_mention ID="adige20040907_id405592-E1-6" TYPE="NOM" PRIMARY="false" METONYMY_MENTION="FALSE">
        <extent>
          <charseq START="401" END="433">del leader carismatico del gruppo</charseq>
        </extent>
        <head>
          <charseq START="405" END="410">leader</charseq>
        </head>
      </entity_mention>
      <entity_mention ID="adige20040907_id405592-E1-8" TYPE="NOM" PRIMARY="false" METONYMY_MENTION="FALSE">
        <extent>
          <charseq START="386" END="433">del capitano e del leader carismatico del gruppo</charseq>
        </extent>
        <head>
          <charseq START="386" END="433">del capitano e del leader carismatico del gruppo</charseq>
        </head>
      </entity_mention>
      <entity_mention ID="adige20040907_id405592-E1-10" TYPE="NOM" PRIMARY="false" METONYMY_MENTION="FALSE">
        <extent>
          <charseq START="386" END="449">del capitano e del leader carismatico del gruppo Giulio Andreoli</charseq>
        </extent>
        <head>
          <charseq START="386" END="449">del capitano e del leader carismatico del gruppo Giulio Andreoli</charseq>
        </head>
      </entity_mention>
      <entity_mention ID="adige20040907_id405592-E1-12" TYPE="NOM" PRIMARY="false" METONYMY_MENTION="FALSE">
        <extent>
          <charseq START="452" END="487">L'elemento cardine del gioco arcense</charseq>
        </extent>
        <head>
          <charseq START="454" END="461">elemento</charseq>
        </head>
      </entity_mention>
      <entity_mention ID="adige20040907_id405592-E1-14" TYPE="PRO" PRIMARY="false" METONYMY_MENTION="FALSE">
        <extent>
          <charseq START="709" END="711">gli</charseq>
        </extent>
        <head>
          <charseq START="709" END="711">gli</charseq>
        </head>
      </entity_mention>
      <entity_mention ID="adige20040907_id405592-E1-16" TYPE="PRO" PRIMARY="false" METONYMY_MENTION="FALSE">
        <extent>
          <charseq START="619" END="629">accomodarsi</charseq>
        </extent>
        <head>
          <charseq START="628" END="629">si</charseq>
        </head>
      </entity_mention>
      <entity_mention ID="adige20040907_id405592-E1-18" TYPE="NOM" PRIMARY="false" METONYMY_MENTION="FALSE">
        <extent>
          <charseq START="756" END="776">il capitano gialloblu</charseq>
        </extent>
        <head>
          <charseq START="759" END="766">capitano</charseq>
        </head>
      </entity_mention>
      <entity_mention ID="adige20040907_id405592-E1-20" TYPE="PRO" PRIMARY="false" METONYMY_MENTION="FALSE">
        <extent>
          <charseq START="826" END="828">mie</charseq>
        </extent>
        <head>
          <charseq START="826" END="828">mie</charseq>
        </head>
      </entity_mention>
      <entity_mention ID="adige20040907_id405592-E1-22" TYPE="PRO" PRIMARY="false" METONYMY_MENTION="FALSE">
        <extent>
          <charseq START="864" END="865">mi</charseq>
        </extent>
        <head>
          <charseq START="864" END="865">mi</charseq>
        </head>
      </entity_mention>
      <entity_mention ID="adige20040907_id405592-E1-24" TYPE="PRO" PRIMARY="false" METONYMY_MENTION="FALSE">
        <extent>
          <charseq START="876" END="887">sbilanciarmi</charseq>
        </extent>
        <head>
          <charseq START="886" END="887">mi</charseq>
        </head>
      </entity_mention>
      <entity_mention ID="adige20040907_id405592-E1-26" TYPE="PRO" PRIMARY="false" METONYMY_MENTION="FALSE">
        <extent>
          <charseq START="1433" END="1436">miei</charseq>
        </extent>
        <head>
          <charseq START="1433" END="1436">miei</charseq>
        </head>
      </entity_mention>
      <entity_mention ID="adige20040907_id405592-E1-28" TYPE="NOM" PRIMARY="false" METONYMY_MENTION="FALSE">
        <extent>
          <charseq START="20" END="46">del capitano di lungo corso</charseq>
        </extent>
        <head>
          <charseq START="24" END="31">capitano</charseq>
        </head>
      </entity_mention>
      <entity_mention ID="adige20040907_id405592-E1-30" TYPE="NAM" PRIMARY="false" METONYMY_MENTION="FALSE">
        <extent>
          <charseq START="110" END="117">Andreoli</charseq>
        </extent>
        <head>
          <charseq START="110" END="117">Andreoli</charseq>
        </head>
      </entity_mention>
      <entity_attributes>
        <name NAME="Giulio Andreoli">
          <charseq START="435" END="449">Giulio Andreoli</charseq>
        </name>
        <name NAME="Andreoli">
          <charseq START="110" END="117">Andreoli</charseq>
        </name>
      </entity_attributes>
    </entity>
    <entity ID="adige20040907_id405592-E2" TYPE="PER" SUBTYPE="Group" CLASS="USP">
      <entity_mention ID="adige20040907_id405592-E2-2" TYPE="NOM" PRIMARY="true" METONYMY_MENTION="FALSE">
        <extent>
          <charseq START="1300" END="1317">al nostro pubblico</charseq>
        </extent>
        <head>
          <charseq START="1310" END="1317">pubblico</charseq>
        </head>
      </entity_mention>
    </entity>
    <entity ID="adige20040907_id405592-E3" TYPE="PER" SUBTYPE="Group" CLASS="SPC">
      <entity_mention ID="adige20040907_id405592-E3-2" TYPE="PRO" PRIMARY="true" METONYMY_MENTION="FALSE">
        <extent>
          <charseq START="1423" END="1445">molti dei miei compagni</charseq>
        </extent>
        <head>
          <charseq START="1423" END="1427">molti</charseq>
        </head>
      </entity_mention>
    </entity>
    <entity ID="adige20040907_id405592-E4" TYPE="PER" SUBTYPE="Group" CLASS="SPC">
      <entity_mention ID="adige20040907_id405592-E4-2" TYPE="NOM" PRIMARY="true" METONYMY_MENTION="FALSE">
        <extent>
          <charseq START="1429" END="1445">dei miei compagni</charseq>
        </extent>
        <head>
          <charseq START="1438" END="1445">compagni</charseq>
        </head>
      </entity_mention>
    </entity>
    <entity ID="adige20040907_id405592-E5" TYPE="PER" SUBTYPE="Individual" CLASS="SPC">
      <entity_mention ID="adige20040907_id405592-E5-2" TYPE="NAM" PRIMARY="true" METONYMY_MENTION="FALSE">
        <extent>
          <charseq START="1913" END="1919">Toccoli</charseq>
        </extent>
        <head>
          <charseq START="1913" END="1919">Toccoli</charseq>
        </head>
      </entity_mention>
      <entity_mention ID="adige20040907_id405592-E5-4" TYPE="NOM" PRIMARY="false" METONYMY_MENTION="FALSE">
        <extent>
          <charseq START="1933" END="1951">il centrale arcense</charseq>
        </extent>
        <head>
          <charseq START="1936" END="1943">centrale</charseq>
        </head>
      </entity_mention>
      <entity_attributes>
        <name NAME="Toccoli">
          <charseq START="1913" END="1919">Toccoli</charseq>
        </name>
      </entity_attributes>
    </entity>
    <entity ID="adige20040907_id405592-E6" TYPE="PER" SUBTYPE="Individual" CLASS="SPC">
      <entity_mention ID="adige20040907_id405592-E6-2" TYPE="NAM" PRIMARY="true" METONYMY_MENTION="FALSE">
        <extent>
          <charseq START="2029" END="2032">Atti</charseq>
        </extent>
        <head>
          <charseq START="2029" END="2032">Atti</charseq>
        </head>
      </entity_mention>
      <entity_mention ID="adige20040907_id405592-E6-4" TYPE="NOM" PRIMARY="false" METONYMY_MENTION="FALSE">
        <extent>
          <charseq START="2060" END="2075">il loro portiere</charseq>
        </extent>
        <head>
          <charseq START="2068" END="2075">portiere</charseq>
        </head>
      </entity_mention>
      <entity_attributes>
        <name NAME="Atti">
          <charseq START="2029" END="2032">Atti</charseq>
        </name>
      </entity_attributes>
    </entity>
    <entity ID="adige20040907_id405592-E7" TYPE="PER" SUBTYPE="Individual" CLASS="SPC">
      <entity_mention ID="adige20040907_id405592-E7-2" TYPE="NAM" PRIMARY="true" METONYMY_MENTION="FALSE">
        <extent>
          <charseq START="2129" END="2137">Dal Ferro</charseq>
        </extent>
        <head>
          <charseq START="2129" END="2137">Dal Ferro</charseq>
        </head>
      </entity_mention>
      <entity_attributes>
        <name NAME="Dal Ferro">
          <charseq START="2129" END="2137">Dal Ferro</charseq>
        </name>
      </entity_attributes>
    </entity>
    <entity ID="adige20040907_id405592-E11" TYPE="PER" SUBTYPE="Group" CLASS="SPC">
      <entity_mention ID="adige20040907_id405592-E11-2" TYPE="PRO" PRIMARY="true" METONYMY_MENTION="FALSE">
        <extent>
          <charseq START="2063" END="2066">loro</charseq>
        </extent>
        <head>
          <charseq START="2063" END="2066">loro</charseq>
        </head>
      </entity_mention>
      <entity_mention ID="adige20040907_id405592-E11-6" TYPE="PRO" PRIMARY="false" METONYMY_MENTION="FALSE">
        <extent>
          <charseq START="2279" END="2282">loro</charseq>
        </extent>
        <head>
          <charseq START="2279" END="2282">loro</charseq>
        </head>
      </entity_mention>
      <entity_mention ID="adige20040907_id405592-E11-8" TYPE="PRO" PRIMARY="false" METONYMY_MENTION="FALSE">
        <extent>
          <charseq START="2344" END="2347">loro</charseq>
        </extent>
        <head>
          <charseq START="2344" END="2347">loro</charseq>
        </head>
      </entity_mention>
      <entity_mention ID="adige20040907_id405592-E11-10" TYPE="NOM" PRIMARY="false" METONYMY_MENTION="FALSE">
        <extent>
          <charseq START="2354" END="2389">giocatori più minuti e rapidi di noi</charseq>
        </extent>
        <head>
          <charseq START="2354" END="2362">giocatori</charseq>
        </head>
      </entity_mention>
    </entity>
    <entity ID="adige20040907_id405592-E12" TYPE="PER" SUBTYPE="Individual" CLASS="SPC">
      <entity_mention ID="adige20040907_id405592-E12-2" TYPE="NOM" PRIMARY="true" METONYMY_MENTION="FALSE">
        <extent>
          <charseq START="2601" END="2610">del mister</charseq>
        </extent>
        <head>
          <charseq START="2605" END="2610">mister</charseq>
        </head>
      </entity_mention>
    </entity>
    <entity ID="adige20040907_id405592-E13" TYPE="PER" SUBTYPE="Group" CLASS="SPC">
      <entity_mention ID="adige20040907_id405592-E13-2" TYPE="NOM" PRIMARY="true" METONYMY_MENTION="FALSE">
        <extent>
          <charseq START="136" END="154">una squadra diversa</charseq>
        </extent>
        <head>
          <charseq START="140" END="146">squadra</charseq>
        </head>
      </entity_mention>
      <entity_mention ID="adige20040907_id405592-E13-6" TYPE="PRO" PRIMARY="false" METONYMY_MENTION="FALSE">
        <extent>
          <charseq START="1744" END="1746">noi</charseq>
        </extent>
        <head>
          <charseq START="1744" END="1746">noi</charseq>
        </head>
      </entity_mention>
      <entity_mention ID="adige20040907_id405592-E13-8" TYPE="PRO" PRIMARY="false" METONYMY_MENTION="FALSE">
        <extent>
          <charseq START="2248" END="2250">noi</charseq>
        </extent>
        <head>
          <charseq START="2248" END="2250">noi</charseq>
        </head>
      </entity_mention>
      <entity_mention ID="adige20040907_id405592-E13-10" TYPE="PRO" PRIMARY="false" METONYMY_MENTION="FALSE">
        <extent>
          <charseq START="2387" END="2389">noi</charseq>
        </extent>
        <head>
          <charseq START="2387" END="2389">noi</charseq>
        </head>
      </entity_mention>
      <entity_mention ID="adige20040907_id405592-E13-12" TYPE="PRO" PRIMARY="false" METONYMY_MENTION="FALSE">
        <extent>
          <charseq START="1180" END="1185">nostre</charseq>
        </extent>
        <head>
          <charseq START="1180" END="1185">nostre</charseq>
        </head>
      </entity_mention>
      <entity_mention ID="adige20040907_id405592-E13-14" TYPE="PRO" PRIMARY="false" METONYMY_MENTION="FALSE">
        <extent>
          <charseq START="1303" END="1308">nostro</charseq>
        </extent>
        <head>
          <charseq START="1303" END="1308">nostro</charseq>
        </head>
      </entity_mention>
      <entity_mention ID="adige20040907_id405592-E13-16" TYPE="PRO" PRIMARY="false" METONYMY_MENTION="FALSE">
        <extent>
          <charseq START="1782" END="1787">nostro</charseq>
        </extent>
        <head>
          <charseq START="1782" END="1787">nostro</charseq>
        </head>
      </entity_mention>
    </entity>
    <entity ID="adige20040907_id405592-E14" TYPE="ORG" SUBTYPE="Sports" CLASS="SPC">
      <entity_mention ID="adige20040907_id405592-E14-2" TYPE="NAM" PRIMARY="true" METONYMY_MENTION="TRUE">
        <extent>
          <charseq START="263" END="268">l'Arco</charseq>
        </extent>
        <head>
          <charseq START="265" END="268">Arco</charseq>
        </head>
      </entity_mention>
      <entity_mention ID="adige20040907_id405592-E14-4" TYPE="NOM" PRIMARY="false" METONYMY_MENTION="FALSE">
        <extent>
          <charseq START="424" END="433">del gruppo</charseq>
        </extent>
        <head>
          <charseq START="428" END="433">gruppo</charseq>
        </head>
      </entity_mention>
      <entity_mention ID="adige20040907_id405592-E14-6" TYPE="NAM" PRIMARY="false" METONYMY_MENTION="TRUE">
        <extent>
          <charseq START="4" END="7">ARCO</charseq>
        </extent>
        <head>
          <charseq START="4" END="7">ARCO</charseq>
        </head>
      </entity_mention>
      <entity_attributes>
        <name NAME="Arco">
          <charseq START="265" END="268">Arco</charseq>
        </name>
        <name NAME="ARCO">
          <charseq START="4" END="7">ARCO</charseq>
        </name>
      </entity_attributes>
    </entity>
    <entity ID="adige20040907_id405592-E15" TYPE="ORG" SUBTYPE="Sports" CLASS="SPC">
      <entity_mention ID="adige20040907_id405592-E15-2" TYPE="NAM" PRIMARY="true" METONYMY_MENTION="FALSE">
        <extent>
          <charseq START="535" END="549">nella Benacense</charseq>
        </extent>
        <head>
          <charseq START="541" END="549">Benacense</charseq>
        </head>
      </entity_mention>
      <entity_attributes>
        <name NAME="Benacense">
          <charseq START="541" END="549">Benacense</charseq>
        </name>
      </entity_attributes>
    </entity>
    <entity ID="adige20040907_id405592-E16" TYPE="ORG" SUBTYPE="Sports" CLASS="SPC">
      <entity_mention ID="adige20040907_id405592-E16-2" TYPE="NAM" PRIMARY="true" METONYMY_MENTION="TRUE">
        <extent>
          <charseq START="552" END="563">nel Rovereto</charseq>
        </extent>
        <head>
          <charseq START="556" END="563">Rovereto</charseq>
        </head>
      </entity_mention>
      <entity_attributes>
        <name NAME="Rovereto">
          <charseq START="556" END="563">Rovereto</charseq>
        </name>
      </entity_attributes>
    </entity>
    <entity ID="adige20040907_id405592-E17" TYPE="ORG" SUBTYPE="Sports" CLASS="SPC">
      <entity_mention ID="adige20040907_id405592-E17-2" TYPE="NAM" PRIMARY="true" METONYMY_MENTION="FALSE">
        <extent>
          <charseq START="566" END="579">nell'Arzignano</charseq>
        </extent>
        <head>
          <charseq START="571" END="579">Arzignano</charseq>
        </head>
      </entity_mention>
      <entity_attributes>
        <name NAME="Arzignano">
          <charseq START="571" END="579">Arzignano</charseq>
        </name>
      </entity_attributes>
    </entity>
    <entity ID="adige20040907_id405592-E18" TYPE="ORG" SUBTYPE="Sports" CLASS="SPC">
      <entity_mention ID="adige20040907_id405592-E18-2" TYPE="NAM" PRIMARY="true" METONYMY_MENTION="TRUE">
        <extent>
          <charseq START="582" END="592">nel Bassano</charseq>
        </extent>
        <head>
          <charseq START="586" END="592">Bassano</charseq>
        </head>
      </entity_mention>
      <entity_attributes>
        <name NAME="Bassano">
          <charseq START="586" END="592">Bassano</charseq>
        </name>
      </entity_attributes>
    </entity>
    <entity ID="adige20040907_id405592-E19" TYPE="ORG" SUBTYPE="Sports" CLASS="SPC">
      <entity_mention ID="adige20040907_id405592-E19-2" TYPE="NAM" PRIMARY="true" METONYMY_MENTION="TRUE">
        <extent>
          <charseq START="596" END="606">nel S. Donà</charseq>
        </extent>
        <head>
          <charseq START="600" END="606">S. Donà</charseq>
        </head>
      </entity_mention>
      <entity_attributes>
        <name NAME="S. Donà">
          <charseq START="600" END="606">S. Donà</charseq>
        </name>
      </entity_attributes>
    </entity>
    <entity ID="adige20040907_id405592-E20" TYPE="ORG" SUBTYPE="Sports" CLASS="SPC">
      <entity_mention ID="adige20040907_id405592-E20-2" TYPE="NAM" PRIMARY="true" METONYMY_MENTION="TRUE">
        <extent>
          <charseq START="535" END="606">nella Benacense, nel Rovereto, nell'Arzignano, nel Bassano e nel S. Donà</charseq>
        </extent>
        <head>
          <charseq START="535" END="606">nella Benacense, nel Rovereto, nell'Arzignano, nel Bassano e nel S. Donà</charseq>
        </head>
      </entity_mention>
      <entity_attributes>
        <name NAME="nella Benacense, nel Rovereto, nell'Arzignano, nel Bassano e nel S. Donà">
          <charseq START="535" END="606">nella Benacense, nel Rovereto, nell'Arzignano, nel Bassano e nel S. Donà</charseq>
        </name>
      </entity_attributes>
    </entity>
    <entity ID="adige20040907_id405592-E21" TYPE="ORG" SUBTYPE="Sports" CLASS="SPC">
      <entity_mention ID="adige20040907_id405592-E21-2" TYPE="NOM" PRIMARY="true" METONYMY_MENTION="FALSE">
        <extent>
          <charseq START="1482" END="1493">questa serie</charseq>
        </extent>
        <head>
          <charseq START="1489" END="1493">serie</charseq>
        </head>
      </entity_mention>
    </entity>
    <entity ID="adige20040907_id405592-E22" TYPE="ORG" SUBTYPE="Sports" CLASS="SPC">
      <entity_mention ID="adige20040907_id405592-E22-2" TYPE="NAM" PRIMARY="true" METONYMY_MENTION="TRUE">
        <extent>
          <charseq START="2766" END="2780">la Reno Centese</charseq>
        </extent>
        <head>
          <charseq START="2769" END="2780">Reno Centese</charseq>
        </head>
      </entity_mention>
      <entity_mention ID="adige20040907_id405592-E22-4" TYPE="NOM" PRIMARY="false" METONYMY_MENTION="FALSE">
        <extent>
          <charseq START="229" END="250">la matricola ferrarese</charseq>
        </extent>
        <head>
          <charseq START="232" END="240">matricola</charseq>
        </head>
      </entity_mention>
      <entity_attributes>
        <name NAME="Reno Centese">
          <charseq START="2769" END="2780">Reno Centese</charseq>
        </name>
      </entity_attributes>
    </entity>
    <entity ID="adige20040907_id405592-E23" TYPE="PER" SUBTYPE="Individual" CLASS="SPC">
      <entity_mention ID="adige20040907_id405592-E23-2" TYPE="NAM" PRIMARY="true" METONYMY_MENTION="FALSE">
        <extent>
          <charseq START="160" END="175">GIANLUCA DE MASI</charseq>
        </extent>
        <head>
          <charseq START="160" END="175">GIANLUCA DE MASI</charseq>
        </head>
      </entity_mention>
      <entity_attributes>
        <name NAME="GIANLUCA DE MASI">
          <charseq START="160" END="175">GIANLUCA DE MASI</charseq>
        </name>
      </entity_attributes>
    </entity>
    <entity ID="adige20040907_id405592-E24" TYPE="ORG" SUBTYPE="Sports" CLASS="SPC">
      <entity_mention ID="adige20040907_id405592-E24-2" TYPE="NAM" PRIMARY="true" METONYMY_MENTION="FALSE">
        <extent>
          <charseq START="516" END="516">D</charseq>
        </extent>
        <head>
          <charseq START="516" END="516">D</charseq>
        </head>
      </entity_mention>
      <entity_attributes>
        <name NAME="D">
          <charseq START="516" END="516">D</charseq>
        </name>
      </entity_attributes>
    </entity>
    <entity ID="adige20040907_id405592-E25" TYPE="GPE" SUBTYPE="Population-Center" CLASS="SPC">
      <entity_mention ID="adige20040907_id405592-E25-1" TYPE="NAM" PRIMARY="true" ROLE="LOC" METONYMY_MENTION="FALSE">
        <extent>
          <charseq START="179" END="182">ARCO</charseq>
        </extent>
        <head>
          <charseq START="179" END="182">ARCO</charseq>
        </head>
      </entity_mention>
      <entity_attributes>
        <name NAME="ARCO">
          <charseq START="179" END="182">ARCO</charseq>
        </name>
      </entity_attributes>
    </entity>
    <entity ID="adige20040907_id405592-E26" TYPE="GPE" SUBTYPE="State-or-Province" CLASS="SPC">
      <entity_mention ID="adige20040907_id405592-E26-1" TYPE="NAM" PRIMARY="true" ROLE="GPE" METONYMY_MENTION="FALSE">
        <extent>
          <charseq START="242" END="250">ferrarese</charseq>
        </extent>
        <head>
          <charseq START="242" END="250">ferrarese</charseq>
        </head>
      </entity_mention>
    </entity>
    <entity ID="adige20040907_id405592-E27" TYPE="GPE" SUBTYPE="Population-Center" CLASS="SPC">
      <entity_mention ID="adige20040907_id405592-E27-1" TYPE="NAM" PRIMARY="true" ROLE="LOC" METONYMY_MENTION="FALSE">
        <extent>
          <charseq START="1140" END="1143">Salò</charseq>
        </extent>
        <head>
          <charseq START="1140" END="1143">Salò</charseq>
        </head>
      </entity_mention>
      <entity_mention ID="adige20040907_id405592-E27-2" TYPE="NAM" PRIMARY="false" ROLE="LOC" METONYMY_MENTION="FALSE">
        <extent>
          <charseq START="123" END="126">Salò</charseq>
        </extent>
        <head>
          <charseq START="123" END="126">Salò</charseq>
        </head>
      </entity_mention>
      <entity_attributes>
        <name NAME="Salò">
          <charseq START="1140" END="1143">Salò</charseq>
        </name>
        <name NAME="Salò">
          <charseq START="123" END="126">Salò</charseq>
        </name>
      </entity_attributes>
    </entity>
  </document>
</source_file>
