<?xml version="1.0" encoding="UTF-8"?>
<!DOCTYPE source_file PUBLIC "SYSTEM" "apf.v5.2.0.dtd">

<source_file URI="adige20040907_id405618.txt" SOURCE="unknown" TYPE="text" VERSION="5.0" AUTHOR="Evalita" ENCODING="UTF-8">
  <document DOCID="adige20040907_id405618">
    <entity ID="adige20040907_id405618-E1" TYPE="PER" SUBTYPE="Group" CLASS="GEN">
      <entity_mention ID="adige20040907_id405618-E1-1" TYPE="NOM" PRIMARY="true" METONYMY_MENTION="FALSE">
        <extent>
          <charseq START="187" END="203">giovani stranieri</charseq>
        </extent>
        <head>
          <charseq START="195" END="203">stranieri</charseq>
        </head>
      </entity_mention>
    </entity>
    <entity ID="adige20040907_id405618-E2" TYPE="PER" SUBTYPE="Group" CLASS="SPC">
      <entity_mention ID="adige20040907_id405618-E2-1" TYPE="NOM" PRIMARY="true" METONYMY_MENTION="FALSE">
        <extent>
          <charseq START="244" END="268">un'ottantina di matricole</charseq>
        </extent>
        <head>
          <charseq START="260" END="268">matricole</charseq>
        </head>
      </entity_mention>
      <entity_mention ID="adige20040907_id405618-E2-2" TYPE="PRO" PRIMARY="false" METONYMY_MENTION="FALSE">
        <extent>
          <charseq START="321" END="324">loro</charseq>
        </extent>
        <head>
          <charseq START="321" END="324">loro</charseq>
        </head>
      </entity_mention>
      <entity_mention ID="adige20040907_id405618-E2-3" TYPE="NOM" PRIMARY="false" METONYMY_MENTION="FALSE">
        <extent>
          <charseq START="499" END="523">Gli studenti accolti ieri</charseq>
        </extent>
        <head>
          <charseq START="503" END="510">studenti</charseq>
        </head>
      </entity_mention>
      <entity_mention ID="adige20040907_id405618-E2-4" TYPE="NOM" PRIMARY="false" METONYMY_MENTION="FALSE">
        <extent>
          <charseq START="535" END="615">una parte degli stranieri che si sono immatricolati presso l'Università di Trento</charseq>
        </extent>
        <head>
          <charseq START="539" END="543">parte</charseq>
        </head>
      </entity_mention>
      <entity_mention ID="adige20040907_id405618-E2-5" TYPE="NOM" PRIMARY="false" METONYMY_MENTION="FALSE">
        <extent>
          <charseq START="661" END="956">dei giovani extracomunitari che hanno individualmente scelto di iscriversi al nostro ateneo al di fuori dei consueti programmi di scambio (come per esempio "Erasmus") o degli accordi bilaterali attivati con altre sedi (come i giovani dell'American University o del progetto "Università a colori")</charseq>
        </extent>
        <head>
          <charseq START="665" END="671">giovani</charseq>
        </head>
      </entity_mention>
      <entity_mention ID="adige20040907_id405618-E2-6" TYPE="PRO" PRIMARY="false" METONYMY_MENTION="FALSE">
        <extent>
          <charseq START="689" END="691">che</charseq>
        </extent>
        <head>
          <charseq START="689" END="691">che</charseq>
        </head>
      </entity_mention>
      <entity_mention ID="adige20040907_id405618-E2-7" TYPE="NOM" PRIMARY="false" METONYMY_MENTION="FALSE">
        <extent>
          <charseq START="2002" END="2023">gli studenti stranieri</charseq>
        </extent>
        <head>
          <charseq START="2006" END="2013">studenti</charseq>
        </head>
      </entity_mention>
      <entity_mention ID="adige20040907_id405618-E2-8" TYPE="PRO" PRIMARY="false" METONYMY_MENTION="FALSE">
        <extent>
          <charseq START="1135" END="1136">76</charseq>
        </extent>
        <head>
          <charseq START="1135" END="1136">76</charseq>
        </head>
      </entity_mention>
      <entity_mention ID="adige20040907_id405618-E2-9" TYPE="NOM" PRIMARY="false" METONYMY_MENTION="FALSE">
        <extent>
          <charseq START="83" END="96">agli stranieri</charseq>
        </extent>
        <head>
          <charseq START="88" END="96">stranieri</charseq>
        </head>
      </entity_mention>
    </entity>
    <entity ID="adige20040907_id405618-E3" TYPE="PER" SUBTYPE="Group" CLASS="SPC">
      <entity_mention ID="adige20040907_id405618-E3-1" TYPE="NOM" PRIMARY="true" METONYMY_MENTION="FALSE">
        <extent>
          <charseq START="545" END="615">degli stranieri che si sono immatricolati presso l'Università di Trento</charseq>
        </extent>
        <head>
          <charseq START="551" END="559">stranieri</charseq>
        </head>
      </entity_mention>
      <entity_mention ID="adige20040907_id405618-E3-2" TYPE="PRO" PRIMARY="false" METONYMY_MENTION="FALSE">
        <extent>
          <charseq START="561" END="563">che</charseq>
        </extent>
        <head>
          <charseq START="561" END="563">che</charseq>
        </head>
      </entity_mention>
    </entity>
    <entity ID="adige20040907_id405618-E6" TYPE="PER" SUBTYPE="Group" CLASS="SPC">
      <entity_mention ID="adige20040907_id405618-E6-1" TYPE="NOM" PRIMARY="true" METONYMY_MENTION="FALSE">
        <extent>
          <charseq START="885" END="955">i giovani dell'American University o del progetto "Università a colori"</charseq>
        </extent>
        <head>
          <charseq START="887" END="893">giovani</charseq>
        </head>
      </entity_mention>
    </entity>
    <entity ID="adige20040907_id405618-E7" TYPE="PER" SUBTYPE="Group" CLASS="GEN">
      <entity_mention ID="adige20040907_id405618-E7-1" TYPE="NOM" PRIMARY="true" METONYMY_MENTION="FALSE">
        <extent>
          <charseq START="1423" END="1444">agli studenti italiani</charseq>
        </extent>
        <head>
          <charseq START="1428" END="1435">studenti</charseq>
        </head>
      </entity_mention>
    </entity>
    <entity ID="adige20040907_id405618-E8" TYPE="PER" SUBTYPE="Group" CLASS="SPC">
      <entity_mention ID="adige20040907_id405618-E8-1" TYPE="NOM" PRIMARY="true" METONYMY_MENTION="FALSE">
        <extent>
          <charseq START="1890" END="1909">un gruppo brasiliano</charseq>
        </extent>
        <head>
          <charseq START="1893" END="1898">gruppo</charseq>
        </head>
      </entity_mention>
    </entity>
    <entity ID="adige20040907_id405618-E9" TYPE="PER" SUBTYPE="Group" CLASS="GEN">
      <entity_mention ID="adige20040907_id405618-E9-1" TYPE="NOM" PRIMARY="true" METONYMY_MENTION="FALSE">
        <extent>
          <charseq START="2242" END="2261">i giovani comunitari</charseq>
        </extent>
        <head>
          <charseq START="2244" END="2250">giovani</charseq>
        </head>
      </entity_mention>
    </entity>
    <entity ID="adige20040907_id405618-E10" TYPE="PER" SUBTYPE="Group" CLASS="GEN">
      <entity_mention ID="adige20040907_id405618-E10-1" TYPE="NOM" PRIMARY="true" METONYMY_MENTION="FALSE">
        <extent>
          <charseq START="2268" END="2304">i partecipanti al programma "Erasmus"</charseq>
        </extent>
        <head>
          <charseq START="2270" END="2281">partecipanti</charseq>
        </head>
      </entity_mention>
    </entity>
    <entity ID="adige20040907_id405618-E11" TYPE="PER" SUBTYPE="Group" CLASS="GEN">
      <entity_mention ID="adige20040907_id405618-E11-1" TYPE="NOM" PRIMARY="true" METONYMY_MENTION="FALSE">
        <extent>
          <charseq START="2312" END="2323">i dottorandi</charseq>
        </extent>
        <head>
          <charseq START="2314" END="2323">dottorandi</charseq>
        </head>
      </entity_mention>
    </entity>
    <entity ID="adige20040907_id405618-E12" TYPE="PER" SUBTYPE="Group" CLASS="SPC">
      <entity_mention ID="adige20040907_id405618-E12-1" TYPE="PRO" PRIMARY="true" METONYMY_MENTION="FALSE">
        <extent>
          <charseq START="1142" END="1144">113</charseq>
        </extent>
        <head>
          <charseq START="1142" END="1144">113</charseq>
        </head>
      </entity_mention>
    </entity>
    <entity ID="adige20040907_id405618-E13" TYPE="PER" SUBTYPE="Individual" CLASS="SPC">
      <entity_mention ID="adige20040907_id405618-E13-1" TYPE="NAM" PRIMARY="true" METONYMY_MENTION="FALSE">
        <extent>
          <charseq START="2326" END="2329">P.B.</charseq>
        </extent>
        <head>
          <charseq START="2326" END="2329">P.B.</charseq>
        </head>
      </entity_mention>
      <entity_attributes>
        <name NAME="P.B.">
          <charseq START="2326" END="2329">P.B.</charseq>
        </name>
      </entity_attributes>
    </entity>
    <entity ID="adige20040907_id405618-E14" TYPE="PER" SUBTYPE="Group" CLASS="SPC">
      <entity_mention ID="adige20040907_id405618-E14-2" TYPE="NAM" PRIMARY="true" METONYMY_MENTION="FALSE">
        <extent>
          <charseq START="1481" END="1547">Chiara Lombardo e Flavia Evandri dell'Ufficio accoglienza stranieri</charseq>
        </extent>
        <head>
          <charseq START="1481" END="1547">Chiara Lombardo e Flavia Evandri dell'Ufficio accoglienza stranieri</charseq>
        </head>
      </entity_mention>
      <entity_attributes>
        <name NAME="Chiara Lombardo e Flavia Evandri dell'Ufficio accoglienza stranieri">
          <charseq START="1481" END="1547">Chiara Lombardo e Flavia Evandri dell'Ufficio accoglienza stranieri</charseq>
        </name>
      </entity_attributes>
    </entity>
    <entity ID="adige20040907_id405618-E15" TYPE="PER" SUBTYPE="Individual" CLASS="SPC">
      <entity_mention ID="adige20040907_id405618-E15-2" TYPE="NAM" PRIMARY="true" METONYMY_MENTION="FALSE">
        <extent>
          <charseq START="1481" END="1495">Chiara Lombardo</charseq>
        </extent>
        <head>
          <charseq START="1481" END="1495">Chiara Lombardo</charseq>
        </head>
      </entity_mention>
      <entity_attributes>
        <name NAME="Chiara Lombardo">
          <charseq START="1481" END="1495">Chiara Lombardo</charseq>
        </name>
      </entity_attributes>
    </entity>
    <entity ID="adige20040907_id405618-E16" TYPE="PER" SUBTYPE="Individual" CLASS="SPC">
      <entity_mention ID="adige20040907_id405618-E16-2" TYPE="NAM" PRIMARY="true" METONYMY_MENTION="FALSE">
        <extent>
          <charseq START="1499" END="1512">Flavia Evandri</charseq>
        </extent>
        <head>
          <charseq START="1499" END="1512">Flavia Evandri</charseq>
        </head>
      </entity_mention>
      <entity_attributes>
        <name NAME="Flavia Evandri">
          <charseq START="1499" END="1512">Flavia Evandri</charseq>
        </name>
      </entity_attributes>
    </entity>
    <entity ID="adige20040907_id405618-E17" TYPE="PER" SUBTYPE="Group" CLASS="GEN">
      <entity_mention ID="adige20040907_id405618-E17-2" TYPE="NOM" PRIMARY="true" METONYMY_MENTION="FALSE">
        <extent>
          <charseq START="2242" END="2323">i giovani comunitari, per i partecipanti al programma "Erasmus" e per i dottorandi</charseq>
        </extent>
        <head>
          <charseq START="2242" END="2323">i giovani comunitari, per i partecipanti al programma "Erasmus" e per i dottorandi</charseq>
        </head>
      </entity_mention>
    </entity>
    <entity ID="adige20040907_id405618-E18" TYPE="ORG" SUBTYPE="Educational" CLASS="SPC">
      <entity_mention ID="adige20040907_id405618-E18-1" TYPE="NOM" PRIMARY="true" METONYMY_MENTION="FALSE">
        <extent>
          <charseq START="102" END="203">Un'università sempre più aperta al mondo e capace di attirare un crescente numero di giovani stranieri</charseq>
        </extent>
        <head>
          <charseq START="105" END="114">università</charseq>
        </head>
      </entity_mention>
      <entity_mention ID="adige20040907_id405618-E18-2" TYPE="NOM" PRIMARY="false" METONYMY_MENTION="FALSE">
        <extent>
          <charseq START="211" END="218">l'ateneo</charseq>
        </extent>
        <head>
          <charseq START="213" END="218">ateneo</charseq>
        </head>
      </entity_mention>
      <entity_mention ID="adige20040907_id405618-E18-3" TYPE="NAM" PRIMARY="false" METONYMY_MENTION="FALSE">
        <extent>
          <charseq START="594" END="615">l'Università di Trento</charseq>
        </extent>
        <head>
          <charseq START="596" END="615">Università di Trento</charseq>
        </head>
      </entity_mention>
      <entity_mention ID="adige20040907_id405618-E18-4" TYPE="NOM" PRIMARY="false" METONYMY_MENTION="FALSE">
        <extent>
          <charseq START="736" END="751">al nostro ateneo</charseq>
        </extent>
        <head>
          <charseq START="746" END="751">ateneo</charseq>
        </head>
      </entity_mention>
      <entity_mention ID="adige20040907_id405618-E18-5" TYPE="NOM" PRIMARY="false" METONYMY_MENTION="FALSE">
        <extent>
          <charseq START="1585" END="1595">dell'ateneo</charseq>
        </extent>
        <head>
          <charseq START="1590" END="1595">ateneo</charseq>
        </head>
      </entity_mention>
      <entity_attributes>
        <name NAME="Università di Trento">
          <charseq START="596" END="615">Università di Trento</charseq>
        </name>
      </entity_attributes>
    </entity>
    <entity ID="adige20040907_id405618-E19" TYPE="ORG" SUBTYPE="Non-Governmental" CLASS="SPC">
      <entity_mention ID="adige20040907_id405618-E19-1" TYPE="NAM" PRIMARY="true" METONYMY_MENTION="FALSE">
        <extent>
          <charseq START="401" END="434">dall'Ufficio accoglienza stranieri</charseq>
        </extent>
        <head>
          <charseq START="406" END="434">Ufficio accoglienza stranieri</charseq>
        </head>
      </entity_mention>
      <entity_mention ID="adige20040907_id405618-E19-2" TYPE="NAM" PRIMARY="false" METONYMY_MENTION="FALSE">
        <extent>
          <charseq START="1514" END="1547">dell'Ufficio accoglienza stranieri</charseq>
        </extent>
        <head>
          <charseq START="1519" END="1547">Ufficio accoglienza stranieri</charseq>
        </head>
      </entity_mention>
      <entity_mention ID="adige20040907_id405618-E19-3" TYPE="NAM" PRIMARY="false" METONYMY_MENTION="FALSE">
        <extent>
          <charseq START="1971" END="1979">L'Ufficio</charseq>
        </extent>
        <head>
          <charseq START="1973" END="1979">Ufficio</charseq>
        </head>
      </entity_mention>
      <entity_attributes>
        <name NAME="Ufficio accoglienza stranieri">
          <charseq START="406" END="434">Ufficio accoglienza stranieri</charseq>
        </name>
        <name NAME="Ufficio accoglienza stranieri">
          <charseq START="1519" END="1547">Ufficio accoglienza stranieri</charseq>
        </name>
        <name NAME="Ufficio">
          <charseq START="1973" END="1979">Ufficio</charseq>
        </name>
      </entity_attributes>
    </entity>
    <entity ID="adige20040907_id405618-E20" TYPE="ORG" SUBTYPE="Educational" CLASS="SPC">
      <entity_mention ID="adige20040907_id405618-E20-1" TYPE="NAM" PRIMARY="true" METONYMY_MENTION="FALSE">
        <extent>
          <charseq START="895" END="918">dell'American University</charseq>
        </extent>
        <head>
          <charseq START="900" END="918">American University</charseq>
        </head>
      </entity_mention>
      <entity_attributes>
        <name NAME="American University">
          <charseq START="900" END="918">American University</charseq>
        </name>
      </entity_attributes>
    </entity>
    <entity ID="adige20040907_id405618-E21" TYPE="ORG" SUBTYPE="Government" CLASS="SPC">
      <entity_mention ID="adige20040907_id405618-E21-1" TYPE="NOM" PRIMARY="true" METONYMY_MENTION="FALSE">
        <extent>
          <charseq START="1096" END="1129">le ambasciate dei rispettivi Paesi</charseq>
        </extent>
        <head>
          <charseq START="1099" END="1108">ambasciate</charseq>
        </head>
      </entity_mention>
    </entity>
    <entity ID="adige20040907_id405618-E22" TYPE="ORG" SUBTYPE="Government" CLASS="SPC">
      <entity_mention ID="adige20040907_id405618-E22-1" TYPE="NAM" PRIMARY="true" METONYMY_MENTION="FALSE">
        <extent>
          <charseq START="1599" END="1622">dell'Opera universitaria</charseq>
        </extent>
        <head>
          <charseq START="1604" END="1622">Opera universitaria</charseq>
        </head>
      </entity_mention>
      <entity_attributes>
        <name NAME="Opera universitaria">
          <charseq START="1604" END="1622">Opera universitaria</charseq>
        </name>
      </entity_attributes>
    </entity>
  <entity ID="adige20040907_id405618-E25" TYPE="GPE" SUBTYPE="GPE-Cluster" CLASS="SPC">
      <entity_mention ID="adige20040907_id405618-E25-1" TYPE="NAM" PRIMARY="true" ROLE="LOC" METONYMY_MENTION="FALSE">
        <extent>
          <charseq START="970" END="989">dall'Europa dell'Est</charseq>
        </extent>
        <head>
          <charseq START="975" END="989">Europa dell'Est</charseq>
        </head>
      </entity_mention>
      <entity_attributes>
        <name NAME="Europa dell'Est">
          <charseq START="975" END="989">Europa dell'Est</charseq>
        </name>
      </entity_attributes>
    </entity>
    <entity ID="adige20040907_id405618-E26" TYPE="GPE" SUBTYPE="Nation" CLASS="SPC">
      <entity_mention ID="adige20040907_id405618-E26-1" TYPE="NAM" PRIMARY="true" ROLE="LOC" METONYMY_MENTION="FALSE">
        <extent>
          <charseq START="1007" END="1018">dall'Albania</charseq>
        </extent>
        <head>
          <charseq START="1012" END="1018">Albania</charseq>
        </head>
      </entity_mention>
      <entity_attributes>
        <name NAME="Albania">
          <charseq START="1012" END="1018">Albania</charseq>
        </name>
      </entity_attributes>
    </entity>
    <entity ID="adige20040907_id405618-E27" TYPE="GPE" SUBTYPE="Continent" CLASS="SPC">
      <entity_mention ID="adige20040907_id405618-E27-1" TYPE="NAM" PRIMARY="true" ROLE="LOC" METONYMY_MENTION="FALSE">
        <extent>
          <charseq START="1021" END="1035">dal Sud America</charseq>
        </extent>
        <head>
          <charseq START="1025" END="1035">Sud America</charseq>
        </head>
      </entity_mention>
      <entity_attributes>
        <name NAME="Sud America">
          <charseq START="1025" END="1035">Sud America</charseq>
        </name>
      </entity_attributes>
    </entity>
    <entity ID="adige20040907_id405618-E28" TYPE="GPE" SUBTYPE="Continent" CLASS="SPC">
      <entity_mention ID="adige20040907_id405618-E28-1" TYPE="NAM" PRIMARY="true" ROLE="LOC" METONYMY_MENTION="FALSE">
        <extent>
          <charseq START="1038" END="1046">dall'Asia</charseq>
        </extent>
        <head>
          <charseq START="1043" END="1046">Asia</charseq>
        </head>
      </entity_mention>
      <entity_attributes>
        <name NAME="Asia">
          <charseq START="1043" END="1046">Asia</charseq>
        </name>
      </entity_attributes>
    </entity>
    <entity ID="adige20040907_id405618-E29" TYPE="GPE" SUBTYPE="Continent" CLASS="SPC">
      <entity_mention ID="adige20040907_id405618-E29-1" TYPE="NAM" PRIMARY="true" ROLE="LOC" METONYMY_MENTION="FALSE">
        <extent>
          <charseq START="1050" END="1060">dall'Africa</charseq>
        </extent>
        <head>
          <charseq START="1055" END="1060">Africa</charseq>
        </head>
      </entity_mention>
      <entity_attributes>
        <name NAME="Africa">
          <charseq START="1055" END="1060">Africa</charseq>
        </name>
      </entity_attributes>
    </entity>
    <entity ID="adige20040907_id405618-E30" TYPE="GPE" SUBTYPE="Nation" CLASS="SPC">
      <entity_mention ID="adige20040907_id405618-E30-1" TYPE="NAM" PRIMARY="true" ROLE="LOC" METONYMY_MENTION="FALSE">
        <extent>
          <charseq START="1007" END="1060">dall'Albania, dal Sud America, dall'Asia e dall'Africa</charseq>
        </extent>
        <head>
          <charseq START="1007" END="1060">dall'Albania, dal Sud America, dall'Asia e dall'Africa</charseq>
        </head>
      </entity_mention>
      <entity_attributes>
        <name NAME="dall'Albania, dal Sud America, dall'Asia e dall'Africa">
          <charseq START="1007" END="1060">dall'Albania, dal Sud America, dall'Asia e dall'Africa</charseq>
        </name>
      </entity_attributes>
    </entity>
    <entity ID="adige20040907_id405618-E31" TYPE="GPE" SUBTYPE="Nation" CLASS="SPC">
      <entity_mention ID="adige20040907_id405618-E31-1" TYPE="NOM" PRIMARY="true" ROLE="GPE" METONYMY_MENTION="FALSE">
        <extent>
          <charseq START="1110" END="1129">dei rispettivi Paesi</charseq>
        </extent>
        <head>
          <charseq START="1125" END="1129">Paesi</charseq>
        </head>
      </entity_mention>
    </entity>
    <entity ID="adige20040907_id405618-E32" TYPE="GPE" SUBTYPE="Nation" CLASS="SPC">
      <entity_mention ID="adige20040907_id405618-E32-1" TYPE="NAM" PRIMARY="true" ROLE="GPE" METONYMY_MENTION="FALSE">
        <extent>
          <charseq START="1241" END="1248">italiana</charseq>
        </extent>
        <head>
          <charseq START="1241" END="1248">italiana</charseq>
        </head>
      </entity_mention>
      <entity_mention ID="adige20040907_id405618-E32-2" TYPE="NAM" PRIMARY="false" ROLE="GPE" METONYMY_MENTION="FALSE">
        <extent>
          <charseq START="1437" END="1444">italiani</charseq>
        </extent>
        <head>
          <charseq START="1437" END="1444">italiani</charseq>
        </head>
      </entity_mention>
    </entity>
    <entity ID="adige20040907_id405618-E33" TYPE="GPE" SUBTYPE="Population-Center" CLASS="SPC">
      <entity_mention ID="adige20040907_id405618-E33-1" TYPE="NAM" PRIMARY="true" ROLE="LOC" METONYMY_MENTION="FALSE">
        <extent>
          <charseq START="1328" END="1333">Trento</charseq>
        </extent>
        <head>
          <charseq START="1328" END="1333">Trento</charseq>
        </head>
      </entity_mention>
      <entity_mention ID="adige20040907_id405618-E33-3" TYPE="NAM" PRIMARY="false" ROLE="GPE" METONYMY_MENTION="FALSE">
        <extent>
          <charseq START="1730" END="1737">trentine</charseq>
        </extent>
        <head>
          <charseq START="1730" END="1737">trentine</charseq>
        </head>
      </entity_mention>
      <entity_mention ID="adige20040907_id405618-E33-4" TYPE="NOM" PRIMARY="false" ROLE="LOC" METONYMY_MENTION="FALSE">
        <extent>
          <charseq START="1959" END="1968">alla città</charseq>
        </extent>
        <head>
          <charseq START="1964" END="1968">città</charseq>
        </head>
      </entity_mention>
      <entity_mention ID="adige20040907_id405618-E33-5" TYPE="PRO" PRIMARY="false" ROLE="GPE" METONYMY_MENTION="FALSE">
        <extent>
          <charseq START="739" END="744">nostro</charseq>
        </extent>
        <head>
          <charseq START="739" END="744">nostro</charseq>
        </head>
      </entity_mention>
      <entity_attributes>
        <name NAME="Trento">
          <charseq START="1328" END="1333">Trento</charseq>
        </name>
      </entity_attributes>
    </entity>
    <entity ID="adige20040907_id405618-E34" TYPE="GPE" SUBTYPE="Nation" CLASS="SPC">
      <entity_mention ID="adige20040907_id405618-E34-1" TYPE="NAM" PRIMARY="true" ROLE="GPE" METONYMY_MENTION="FALSE">
        <extent>
          <charseq START="1900" END="1909">brasiliano</charseq>
        </extent>
        <head>
          <charseq START="1900" END="1909">brasiliano</charseq>
        </head>
      </entity_mention>
    </entity>
    <entity ID="adige20040907_id405618-E35" TYPE="LOC" SUBTYPE="Celestial" CLASS="SPC">
      <entity_mention ID="adige20040907_id405618-E35-1" TYPE="NOM" PRIMARY="true" METONYMY_MENTION="FALSE">
        <extent>
          <charseq START="134" END="141">al mondo</charseq>
        </extent>
        <head>
          <charseq START="137" END="141">mondo</charseq>
        </head>
      </entity_mention>
    </entity>
  </document>
</source_file>
