<?xml version="1.0" encoding="UTF-8"?>
<!DOCTYPE source_file PUBLIC "SYSTEM" "apf.v5.2.0.dtd">

<source_file URI="adige20040907_id405631.txt" SOURCE="unknown" TYPE="text" VERSION="5.0" AUTHOR="Evalita" ENCODING="UTF-8">
  <document DOCID="adige20040907_id405631">
    <entity ID="adige20040907_id405631-E1" TYPE="PER" SUBTYPE="Group" CLASS="SPC">
      <entity_mention ID="adige20040907_id405631-E1-1" TYPE="NOM" PRIMARY="true" METONYMY_MENTION="FALSE">
        <extent>
          <charseq START="288" END="309">i consiglieri di Meano</charseq>
        </extent>
        <head>
          <charseq START="290" END="300">consiglieri</charseq>
        </head>
      </entity_mention>
    </entity>
    <entity ID="adige20040907_id405631-E2" TYPE="PER" SUBTYPE="Group" CLASS="SPC">
      <entity_mention ID="adige20040907_id405631-E2-1" TYPE="NOM" PRIMARY="true" METONYMY_MENTION="FALSE">
        <extent>
          <charseq START="436" END="491">i consiglieri della lista civica Insieme per il Sobborgo</charseq>
        </extent>
        <head>
          <charseq START="438" END="448">consiglieri</charseq>
        </head>
      </entity_mention>
      <entity_mention ID="adige20040907_id405631-E2-2" TYPE="NOM" PRIMARY="false" METONYMY_MENTION="FALSE">
        <extent>
          <charseq START="868" END="880">i consiglieri</charseq>
        </extent>
        <head>
          <charseq START="870" END="880">consiglieri</charseq>
        </head>
      </entity_mention>
      <entity_mention ID="adige20040907_id405631-E2-3" TYPE="NOM" PRIMARY="false" METONYMY_MENTION="FALSE">
        <extent>
          <charseq START="19" END="77">dai consiglieri circoscrizionali di Insieme per il sobborgo</charseq>
        </extent>
        <head>
          <charseq START="23" END="33">consiglieri</charseq>
        </head>
      </entity_mention>
    </entity>
    <entity ID="adige20040907_id405631-E3" TYPE="PER" SUBTYPE="Group" CLASS="SPC">
      <entity_mention ID="adige20040907_id405631-E3-1" TYPE="NOM" PRIMARY="true" METONYMY_MENTION="FALSE">
        <extent>
          <charseq START="690" END="724">i rappresentanti di Sobborgo Aperto</charseq>
        </extent>
        <head>
          <charseq START="692" END="705">rappresentanti</charseq>
        </head>
      </entity_mention>
    </entity>
    <entity ID="adige20040907_id405631-E5" TYPE="PER" SUBTYPE="Individual" CLASS="SPC">
      <entity_mention ID="adige20040907_id405631-E5-1" TYPE="NOM" PRIMARY="true" METONYMY_MENTION="FALSE">
        <extent>
          <charseq START="940" END="953">dell'assessore</charseq>
        </extent>
        <head>
          <charseq START="945" END="953">assessore</charseq>
        </head>
      </entity_mention>
    </entity>
    <entity ID="adige20040907_id405631-E6" TYPE="PER" SUBTYPE="Individual" CLASS="SPC">
      <entity_mention ID="adige20040907_id405631-E6-1" TYPE="NAM" PRIMARY="true" METONYMY_MENTION="FALSE">
        <extent>
          <charseq START="1022" END="1062">Italo Stenico, di Insieme per il Sobborgo</charseq>
        </extent>
        <head>
          <charseq START="1022" END="1034">Italo Stenico</charseq>
        </head>
      </entity_mention>
      <entity_attributes>
        <name NAME="Italo Stenico">
          <charseq START="1022" END="1034">Italo Stenico</charseq>
        </name>
      </entity_attributes>
    </entity>
    <entity ID="adige20040907_id405631-E7" TYPE="PER" SUBTYPE="Group" CLASS="USP">
      <entity_mention ID="adige20040907_id405631-E7-1" TYPE="PRO" PRIMARY="true" METONYMY_MENTION="FALSE">
        <extent>
          <charseq START="1296" END="1297">ci</charseq>
        </extent>
        <head>
          <charseq START="1296" END="1297">ci</charseq>
        </head>
      </entity_mention>
    </entity>
    <entity ID="adige20040907_id405631-E8" TYPE="PER" SUBTYPE="Indefinite" CLASS="USP">
      <entity_mention ID="adige20040907_id405631-E8-1" TYPE="PRO" PRIMARY="true" METONYMY_MENTION="FALSE">
        <extent>
          <charseq START="1287" END="1294">qualcuno</charseq>
        </extent>
        <head>
          <charseq START="1287" END="1294">qualcuno</charseq>
        </head>
      </entity_mention>
    </entity>
    <entity ID="adige20040907_id405631-E10" TYPE="ORG" SUBTYPE="Non-Governmental" CLASS="SPC">
      <entity_mention ID="adige20040907_id405631-E10-1" TYPE="NAM" PRIMARY="true" METONYMY_MENTION="FALSE">
        <extent>
          <charseq START="469" END="491">Insieme per il Sobborgo</charseq>
        </extent>
        <head>
          <charseq START="469" END="491">Insieme per il Sobborgo</charseq>
        </head>
      </entity_mention>
      <entity_mention ID="adige20040907_id405631-E10-2" TYPE="NOM" PRIMARY="false" METONYMY_MENTION="FALSE">
        <extent>
          <charseq START="450" END="467">della lista civica</charseq>
        </extent>
        <head>
          <charseq START="456" END="460">lista</charseq>
        </head>
      </entity_mention>
      <entity_mention ID="adige20040907_id405631-E10-3" TYPE="NOM" PRIMARY="false" METONYMY_MENTION="FALSE">
        <extent>
          <charseq START="450" END="491">della lista civica Insieme per il Sobborgo</charseq>
        </extent>
        <head>
          <charseq START="450" END="491">della lista civica Insieme per il Sobborgo</charseq>
        </head>
      </entity_mention>
      <entity_mention ID="adige20040907_id405631-E10-4" TYPE="NAM" PRIMARY="false" METONYMY_MENTION="FALSE">
        <extent>
          <charseq START="1040" END="1062">Insieme per il Sobborgo</charseq>
        </extent>
        <head>
          <charseq START="1040" END="1062">Insieme per il Sobborgo</charseq>
        </head>
      </entity_mention>
      <entity_mention ID="adige20040907_id405631-E10-5" TYPE="NAM" PRIMARY="false" METONYMY_MENTION="FALSE">
        <extent>
          <charseq START="55" END="77">Insieme per il sobborgo</charseq>
        </extent>
        <head>
          <charseq START="55" END="77">Insieme per il sobborgo</charseq>
        </head>
      </entity_mention>
      <entity_attributes>
        <name NAME="Insieme per il Sobborgo">
          <charseq START="469" END="491">Insieme per il Sobborgo</charseq>
        </name>
        <name NAME="Insieme per il Sobborgo">
          <charseq START="1040" END="1062">Insieme per il Sobborgo</charseq>
        </name>
        <name NAME="Insieme per il sobborgo">
          <charseq START="55" END="77">Insieme per il sobborgo</charseq>
        </name>
      </entity_attributes>
    </entity>
    <entity ID="adige20040907_id405631-E11" TYPE="ORG" SUBTYPE="Non-Governmental" CLASS="SPC">
      <entity_mention ID="adige20040907_id405631-E11-1" TYPE="NAM" PRIMARY="true" METONYMY_MENTION="FALSE">
        <extent>
          <charseq START="710" END="724">Sobborgo Aperto</charseq>
        </extent>
        <head>
          <charseq START="710" END="724">Sobborgo Aperto</charseq>
        </head>
      </entity_mention>
      <entity_attributes>
        <name NAME="Sobborgo Aperto">
          <charseq START="710" END="724">Sobborgo Aperto</charseq>
        </name>
      </entity_attributes>
    </entity>
    <entity ID="adige20040907_id405631-E12" TYPE="GPE" SUBTYPE="Population-Center" CLASS="SPC">
      <entity_mention ID="adige20040907_id405631-E12-2" TYPE="NAM" PRIMARY="true" ROLE="GPE" METONYMY_MENTION="FALSE">
        <extent>
          <charseq START="35" END="50">circoscrizionali</charseq>
        </extent>
        <head>
          <charseq START="35" END="50">circoscrizionali</charseq>
        </head>
      </entity_mention>
      <entity_mention ID="adige20040907_id405631-E12-3" TYPE="NAM" PRIMARY="false" ROLE="GPE" METONYMY_MENTION="FALSE">
        <extent>
          <charseq START="305" END="309">Meano</charseq>
        </extent>
        <head>
          <charseq START="305" END="309">Meano</charseq>
        </head>
      </entity_mention>
      <entity_attributes>
        <name NAME="Meano">
          <charseq START="305" END="309">Meano</charseq>
        </name>
      </entity_attributes>
    </entity>
    <entity ID="adige20040907_id405631-E13" TYPE="GPE" SUBTYPE="Population-Center" CLASS="SPC">
      <entity_mention ID="adige20040907_id405631-E13-1" TYPE="NAM" PRIMARY="true" ROLE="GPE" METONYMY_MENTION="FALSE">
        <extent>
          <charseq START="84" END="92">Gazzadina</charseq>
        </extent>
        <head>
          <charseq START="84" END="92">Gazzadina</charseq>
        </head>
      </entity_mention>
      <entity_mention ID="adige20040907_id405631-E13-2" TYPE="NOM" PRIMARY="false" ROLE="LOC" METONYMY_MENTION="FALSE">
        <extent>
          <charseq START="409" END="433">dell'abitato di Gazzadina</charseq>
        </extent>
        <head>
          <charseq START="414" END="420">abitato</charseq>
        </head>
      </entity_mention>
      <entity_mention ID="adige20040907_id405631-E13-3" TYPE="NAM" PRIMARY="false" ROLE="GPE" METONYMY_MENTION="FALSE">
        <extent>
          <charseq START="425" END="433">Gazzadina</charseq>
        </extent>
        <head>
          <charseq START="425" END="433">Gazzadina</charseq>
        </head>
      </entity_mention>
      <entity_mention ID="adige20040907_id405631-E13-4" TYPE="NOM" PRIMARY="false" ROLE="LOC" METONYMY_MENTION="FALSE">
        <extent>
          <charseq START="616" END="626">quella zona</charseq>
        </extent>
        <head>
          <charseq START="623" END="626">zona</charseq>
        </head>
      </entity_mention>
      <entity_mention ID="adige20040907_id405631-E13-5" TYPE="NOM" PRIMARY="false" ROLE="GPE" METONYMY_MENTION="FALSE">
        <extent>
          <charseq START="1205" END="1215">la frazione</charseq>
        </extent>
        <head>
          <charseq START="1208" END="1215">frazione</charseq>
        </head>
      </entity_mention>
      <entity_attributes>
        <name NAME="Gazzadina">
          <charseq START="84" END="92">Gazzadina</charseq>
        </name>
        <name NAME="Gazzadina">
          <charseq START="425" END="433">Gazzadina</charseq>
        </name>
      </entity_attributes>
    </entity>
  </document>
</source_file>
