<?xml version="1.0" encoding="UTF-8"?>
<!DOCTYPE source_file PUBLIC "SYSTEM" "apf.v5.2.0.dtd">

<source_file URI="adige20040907_id405602.txt" SOURCE="unknown" TYPE="text" VERSION="5.0" AUTHOR="Evalita" ENCODING="UTF-8">
  <document DOCID="adige20040907_id405602">
    <entity ID="adige20040907_id405602-E1" TYPE="PER" SUBTYPE="Individual" CLASS="SPC">
      <entity_mention ID="adige20040907_id405602-E1-1" TYPE="NAM" PRIMARY="true" METONYMY_MENTION="FALSE">
        <extent>
          <charseq START="232" END="248">UBALDO CORDELLINI</charseq>
        </extent>
        <head>
          <charseq START="232" END="248">UBALDO CORDELLINI</charseq>
        </head>
      </entity_mention>
      <entity_attributes>
        <name NAME="UBALDO CORDELLINI">
          <charseq START="232" END="248">UBALDO CORDELLINI</charseq>
        </name>
      </entity_attributes>
    </entity>
    <entity ID="adige20040907_id405602-E2" TYPE="PER" SUBTYPE="Group" CLASS="SPC">
      <entity_mention ID="adige20040907_id405602-E2-1" TYPE="NOM" PRIMARY="true" METONYMY_MENTION="FALSE">
        <extent>
          <charseq START="393" END="451">una quarantina di soci della Cooperativa servizio casa, Csc</charseq>
        </extent>
        <head>
          <charseq START="411" END="414">soci</charseq>
        </head>
      </entity_mention>
      <entity_mention ID="adige20040907_id405602-E2-2" TYPE="PRO" PRIMARY="false" METONYMY_MENTION="FALSE">
        <extent>
          <charseq START="527" END="530">loro</charseq>
        </extent>
        <head>
          <charseq START="527" END="530">loro</charseq>
        </head>
      </entity_mention>
      <entity_mention ID="adige20040907_id405602-E2-3" TYPE="NOM" PRIMARY="false" METONYMY_MENTION="FALSE">
        <extent>
          <charseq START="18" END="78">quaranta famiglie che hanno perso oltre 50 mila euro ciascuna</charseq>
        </extent>
        <head>
          <charseq START="27" END="34">famiglie</charseq>
        </head>
      </entity_mention>
      <entity_mention ID="adige20040907_id405602-E2-4" TYPE="PRO" PRIMARY="false" METONYMY_MENTION="FALSE">
        <extent>
          <charseq START="36" END="38">che</charseq>
        </extent>
        <head>
          <charseq START="36" END="38">che</charseq>
        </head>
      </entity_mention>
      <entity_mention ID="adige20040907_id405602-E2-5" TYPE="PRO" PRIMARY="false" METONYMY_MENTION="FALSE">
        <extent>
          <charseq START="71" END="78">ciascuna</charseq>
        </extent>
        <head>
          <charseq START="71" END="78">ciascuna</charseq>
        </head>
      </entity_mention>
    </entity>
    <entity ID="adige20040907_id405602-E3" TYPE="PER" SUBTYPE="Group" CLASS="SPC">
      <entity_mention ID="adige20040907_id405602-E3-1" TYPE="PRO" PRIMARY="true" METONYMY_MENTION="FALSE">
        <extent>
          <charseq START="513" END="530">Una decina di loro</charseq>
        </extent>
        <head>
          <charseq START="517" END="522">decina</charseq>
        </head>
      </entity_mention>
      <entity_mention ID="adige20040907_id405602-E3-2" TYPE="NOM" PRIMARY="false" METONYMY_MENTION="FALSE">
        <extent>
          <charseq START="547" END="565">inquilini dell'Itea</charseq>
        </extent>
        <head>
          <charseq START="547" END="555">inquilini</charseq>
        </head>
      </entity_mention>
      <entity_mention ID="adige20040907_id405602-E3-3" TYPE="NOM" PRIMARY="false" METONYMY_MENTION="FALSE">
        <extent>
          <charseq START="3985" END="4027">dei soci che avevano acquistato casa a Nomi</charseq>
        </extent>
        <head>
          <charseq START="3989" END="3992">soci</charseq>
        </head>
      </entity_mention>
      <entity_mention ID="adige20040907_id405602-E3-4" TYPE="PRO" PRIMARY="false" METONYMY_MENTION="FALSE">
        <extent>
          <charseq START="3994" END="3996">che</charseq>
        </extent>
        <head>
          <charseq START="3994" END="3996">che</charseq>
        </head>
      </entity_mention>
      <entity_mention ID="adige20040907_id405602-E3-5" TYPE="NOM" PRIMARY="false" METONYMY_MENTION="FALSE">
        <extent>
          <charseq START="4048" END="4162">dei soci che non hanno potuto acquistare la casa perché non erano passati i dieci anni dal versamento dell'anticipo</charseq>
        </extent>
        <head>
          <charseq START="4052" END="4055">soci</charseq>
        </head>
      </entity_mention>
      <entity_mention ID="adige20040907_id405602-E3-6" TYPE="PRO" PRIMARY="false" METONYMY_MENTION="FALSE">
        <extent>
          <charseq START="4057" END="4059">che</charseq>
        </extent>
        <head>
          <charseq START="4057" END="4059">che</charseq>
        </head>
      </entity_mention>
      <entity_mention ID="adige20040907_id405602-E3-7" TYPE="NOM" PRIMARY="false" METONYMY_MENTION="FALSE">
        <extent>
          <charseq START="4295" END="4308">inquilini Itea</charseq>
        </extent>
        <head>
          <charseq START="4295" END="4303">inquilini</charseq>
        </head>
      </entity_mention>
    </entity>
    <entity ID="adige20040907_id405602-E4" TYPE="PER" SUBTYPE="Group" CLASS="SPC">
      <entity_mention ID="adige20040907_id405602-E4-1" TYPE="PRO" PRIMARY="true" METONYMY_MENTION="FALSE">
        <extent>
          <charseq START="694" END="712">I più « fortunati »</charseq>
        </extent>
        <head>
          <charseq START="702" END="710">fortunati</charseq>
        </head>
      </entity_mention>
      <entity_mention ID="adige20040907_id405602-E4-2" TYPE="PRO" PRIMARY="false" METONYMY_MENTION="FALSE">
        <extent>
          <charseq START="856" END="859">loro</charseq>
        </extent>
        <head>
          <charseq START="856" END="859">loro</charseq>
        </head>
      </entity_mention>
    </entity>
    <entity ID="adige20040907_id405602-E5" TYPE="PER" SUBTYPE="Indefinite" CLASS="NEG">
      <entity_mention ID="adige20040907_id405602-E5-1" TYPE="PRO" PRIMARY="true" METONYMY_MENTION="FALSE">
        <extent>
          <charseq START="932" END="938">nessuno</charseq>
        </extent>
        <head>
          <charseq START="932" END="938">nessuno</charseq>
        </head>
      </entity_mention>
    </entity>
    <entity ID="adige20040907_id405602-E6" TYPE="PER" SUBTYPE="Individual" CLASS="SPC">
      <entity_mention ID="adige20040907_id405602-E6-1" TYPE="NAM" PRIMARY="true" METONYMY_MENTION="FALSE">
        <extent>
          <charseq START="1180" END="1193">Marco La Ganga</charseq>
        </extent>
        <head>
          <charseq START="1180" END="1193">Marco La Ganga</charseq>
        </head>
      </entity_mention>
      <entity_mention ID="adige20040907_id405602-E6-2" TYPE="NOM" PRIMARY="false" METONYMY_MENTION="FALSE">
        <extent>
          <charseq START="1173" END="1178">il gip</charseq>
        </extent>
        <head>
          <charseq START="1176" END="1178">gip</charseq>
        </head>
      </entity_mention>
      <entity_mention ID="adige20040907_id405602-E6-3" TYPE="NOM" PRIMARY="false" METONYMY_MENTION="FALSE">
        <extent>
          <charseq START="1173" END="1193">il gip Marco La Ganga</charseq>
        </extent>
        <head>
          <charseq START="1173" END="1193">il gip Marco La Ganga</charseq>
        </head>
      </entity_mention>
      <entity_attributes>
        <name NAME="Marco La Ganga">
          <charseq START="1180" END="1193">Marco La Ganga</charseq>
        </name>
      </entity_attributes>
    </entity>
    <entity ID="adige20040907_id405602-E7" TYPE="PER" SUBTYPE="Individual" CLASS="SPC">
      <entity_mention ID="adige20040907_id405602-E7-1" TYPE="NAM" PRIMARY="true" METONYMY_MENTION="FALSE">
        <extent>
          <charseq START="1284" END="1302">Alessandra Liverani</charseq>
        </extent>
        <head>
          <charseq START="1284" END="1302">Alessandra Liverani</charseq>
        </head>
      </entity_mention>
      <entity_mention ID="adige20040907_id405602-E7-2" TYPE="NOM" PRIMARY="false" METONYMY_MENTION="FALSE">
        <extent>
          <charseq START="1278" END="1282">Il pm</charseq>
        </extent>
        <head>
          <charseq START="1281" END="1282">pm</charseq>
        </head>
      </entity_mention>
      <entity_mention ID="adige20040907_id405602-E7-3" TYPE="NOM" PRIMARY="false" METONYMY_MENTION="FALSE">
        <extent>
          <charseq START="1278" END="1302">Il pm Alessandra Liverani</charseq>
        </extent>
        <head>
          <charseq START="1278" END="1302">Il pm Alessandra Liverani</charseq>
        </head>
      </entity_mention>
      <entity_mention ID="adige20040907_id405602-E7-4" TYPE="NOM" PRIMARY="false" METONYMY_MENTION="FALSE">
        <extent>
          <charseq START="1250" END="1254">al pm</charseq>
        </extent>
        <head>
          <charseq START="1253" END="1254">pm</charseq>
        </head>
      </entity_mention>
      <entity_attributes>
        <name NAME="Alessandra Liverani">
          <charseq START="1284" END="1302">Alessandra Liverani</charseq>
        </name>
      </entity_attributes>
    </entity>
    <entity ID="adige20040907_id405602-E8" TYPE="PER" SUBTYPE="Group" CLASS="SPC">
      <entity_mention ID="adige20040907_id405602-E8-1" TYPE="NOM" PRIMARY="true" METONYMY_MENTION="FALSE">
        <extent>
          <charseq START="1356" END="1366">sei persone</charseq>
        </extent>
        <head>
          <charseq START="1360" END="1366">persone</charseq>
        </head>
      </entity_mention>
      <entity_mention ID="adige20040907_id405602-E8-2" TYPE="PRO" PRIMARY="false" METONYMY_MENTION="FALSE">
        <extent>
          <charseq START="1373" END="1378">queste</charseq>
        </extent>
        <head>
          <charseq START="1373" END="1378">queste</charseq>
        </head>
      </entity_mention>
    </entity>
    <entity ID="adige20040907_id405602-E9" TYPE="PER" SUBTYPE="Group" CLASS="SPC">
      <entity_mention ID="adige20040907_id405602-E9-1" TYPE="NOM" PRIMARY="true" METONYMY_MENTION="FALSE">
        <extent>
          <charseq START="1388" END="1429">cinque ex amministratori della cooperativa</charseq>
        </extent>
        <head>
          <charseq START="1398" END="1411">amministratori</charseq>
        </head>
      </entity_mention>
      <entity_mention ID="adige20040907_id405602-E9-2" TYPE="NOM" PRIMARY="false" METONYMY_MENTION="FALSE">
        <extent>
          <charseq START="152" END="182">Gli ex amministratori della Csc</charseq>
        </extent>
        <head>
          <charseq START="159" END="172">amministratori</charseq>
        </head>
      </entity_mention>
      <entity_mention ID="adige20040907_id405602-E9-3" TYPE="NOM" PRIMARY="false" METONYMY_MENTION="FALSE">
        <extent>
          <charseq START="1875" END="1910">gli amministratori della cooperativa</charseq>
        </extent>
        <head>
          <charseq START="1879" END="1892">amministratori</charseq>
        </head>
      </entity_mention>
      <entity_mention ID="adige20040907_id405602-E9-4" TYPE="NOM" PRIMARY="false" METONYMY_MENTION="FALSE">
        <extent>
          <charseq START="2955" END="3000">tutti e cinque gli ex amministratori della Csc</charseq>
        </extent>
        <head>
          <charseq START="2977" END="2990">amministratori</charseq>
        </head>
      </entity_mention>
    </entity>
    <entity ID="adige20040907_id405602-E10" TYPE="PER" SUBTYPE="Individual" CLASS="SPC">
      <entity_mention ID="adige20040907_id405602-E10-1" TYPE="NAM" PRIMARY="true" METONYMY_MENTION="FALSE">
        <extent>
          <charseq START="1462" END="1476">Luigi Trombetta</charseq>
        </extent>
        <head>
          <charseq START="1462" END="1476">Luigi Trombetta</charseq>
        </head>
      </entity_mention>
      <entity_mention ID="adige20040907_id405602-E10-2" TYPE="NAM" PRIMARY="false" METONYMY_MENTION="FALSE">
        <extent>
          <charseq START="1946" END="1954">Trombetta</charseq>
        </extent>
        <head>
          <charseq START="1946" END="1954">Trombetta</charseq>
        </head>
      </entity_mention>
      <entity_mention ID="adige20040907_id405602-E10-3" TYPE="NAM" PRIMARY="false" METONYMY_MENTION="FALSE">
        <extent>
          <charseq START="2413" END="2421">Trombetta</charseq>
        </extent>
        <head>
          <charseq START="2413" END="2421">Trombetta</charseq>
        </head>
      </entity_mention>
      <entity_mention ID="adige20040907_id405602-E10-4" TYPE="NAM" PRIMARY="false" METONYMY_MENTION="FALSE">
        <extent>
          <charseq START="2613" END="2939">Trombetta nella sua qualità di vicepresidente della Lega Trentina delle cooperative che percepiva un utile ricollegato agli utili e al patrimonio delle cooperative associate convogliando i debiti della Csc sulla Domka, società controllata al 94 per cento proprio dalla Csc e che versava in una pesantissima situazione debitoria</charseq>
        </extent>
        <head>
          <charseq START="2613" END="2621">Trombetta</charseq>
        </head>
      </entity_mention>
      <entity_mention ID="adige20040907_id405602-E10-5" TYPE="PRO" PRIMARY="false" METONYMY_MENTION="FALSE">
        <extent>
          <charseq START="2697" END="2699">che</charseq>
        </extent>
        <head>
          <charseq START="2697" END="2699">che</charseq>
        </head>
      </entity_mention>
      <entity_mention ID="adige20040907_id405602-E10-6" TYPE="NOM" PRIMARY="false" METONYMY_MENTION="FALSE">
        <extent>
          <charseq START="2644" END="2939">vicepresidente della Lega Trentina delle cooperative che percepiva un utile ricollegato agli utili e al patrimonio delle cooperative associate convogliando i debiti della Csc sulla Domka, società controllata al 94 per cento proprio dalla Csc e che versava in una pesantissima situazione debitoria</charseq>
        </extent>
        <head>
          <charseq START="2644" END="2657">vicepresidente</charseq>
        </head>
      </entity_mention>
      <entity_mention ID="adige20040907_id405602-E10-7" TYPE="NAM" PRIMARY="false" METONYMY_MENTION="FALSE">
        <extent>
          <charseq START="3680" END="3688">Trombetta</charseq>
        </extent>
        <head>
          <charseq START="3680" END="3688">Trombetta</charseq>
        </head>
      </entity_mention>
      <entity_mention ID="adige20040907_id405602-E10-8" TYPE="PRO" PRIMARY="false" METONYMY_MENTION="FALSE">
        <extent>
          <charseq START="2629" END="2631">sua</charseq>
        </extent>
        <head>
          <charseq START="2629" END="2631">sua</charseq>
        </head>
      </entity_mention>
      <entity_attributes>
        <name NAME="Luigi Trombetta">
          <charseq START="1462" END="1476">Luigi Trombetta</charseq>
        </name>
        <name NAME="Trombetta">
          <charseq START="1946" END="1954">Trombetta</charseq>
        </name>
        <name NAME="Trombetta">
          <charseq START="2413" END="2421">Trombetta</charseq>
        </name>
        <name NAME="Trombetta">
          <charseq START="2613" END="2621">Trombetta</charseq>
        </name>
        <name NAME="Trombetta">
          <charseq START="3680" END="3688">Trombetta</charseq>
        </name>
      </entity_attributes>
    </entity>
    <entity ID="adige20040907_id405602-E11" TYPE="PER" SUBTYPE="Individual" CLASS="SPC">
      <entity_mention ID="adige20040907_id405602-E11-1" TYPE="NAM" PRIMARY="true" METONYMY_MENTION="FALSE">
        <extent>
          <charseq START="1480" END="1496">Roberto Menegaldo</charseq>
        </extent>
        <head>
          <charseq START="1480" END="1496">Roberto Menegaldo</charseq>
        </head>
      </entity_mention>
      <entity_mention ID="adige20040907_id405602-E11-2" TYPE="NAM" PRIMARY="false" METONYMY_MENTION="FALSE">
        <extent>
          <charseq START="1957" END="1965">Menegaldo</charseq>
        </extent>
        <head>
          <charseq START="1957" END="1965">Menegaldo</charseq>
        </head>
      </entity_mention>
      <entity_mention ID="adige20040907_id405602-E11-3" TYPE="NAM" PRIMARY="false" METONYMY_MENTION="FALSE">
        <extent>
          <charseq START="2224" END="2232">Menegaldo</charseq>
        </extent>
        <head>
          <charseq START="2224" END="2232">Menegaldo</charseq>
        </head>
      </entity_mention>
      <entity_mention ID="adige20040907_id405602-E11-4" TYPE="NAM" PRIMARY="false" METONYMY_MENTION="FALSE">
        <extent>
          <charseq START="2442" END="2450">Menegaldo</charseq>
        </extent>
        <head>
          <charseq START="2442" END="2450">Menegaldo</charseq>
        </head>
      </entity_mention>
      <entity_attributes>
        <name NAME="Roberto Menegaldo">
          <charseq START="1480" END="1496">Roberto Menegaldo</charseq>
        </name>
        <name NAME="Menegaldo">
          <charseq START="1957" END="1965">Menegaldo</charseq>
        </name>
        <name NAME="Menegaldo">
          <charseq START="2224" END="2232">Menegaldo</charseq>
        </name>
        <name NAME="Menegaldo">
          <charseq START="2442" END="2450">Menegaldo</charseq>
        </name>
      </entity_attributes>
    </entity>
    <entity ID="adige20040907_id405602-E12" TYPE="PER" SUBTYPE="Group" CLASS="SPC">
      <entity_mention ID="adige20040907_id405602-E12-1" TYPE="NOM" PRIMARY="true" METONYMY_MENTION="FALSE">
        <extent>
          <charseq START="1442" END="1496">degli ex presidenti Luigi Trombetta e Roberto Menegaldo</charseq>
        </extent>
        <head>
          <charseq START="1442" END="1496">degli ex presidenti Luigi Trombetta e Roberto Menegaldo</charseq>
        </head>
      </entity_mention>
      <entity_mention ID="adige20040907_id405602-E12-2" TYPE="NOM" PRIMARY="false" METONYMY_MENTION="FALSE">
        <extent>
          <charseq START="1442" END="1460">degli ex presidenti</charseq>
        </extent>
        <head>
          <charseq START="1451" END="1460">presidenti</charseq>
        </head>
      </entity_mention>
    </entity>
    <entity ID="adige20040907_id405602-E13" TYPE="PER" SUBTYPE="Individual" CLASS="SPC">
      <entity_mention ID="adige20040907_id405602-E13-1" TYPE="NAM" PRIMARY="true" METONYMY_MENTION="FALSE">
        <extent>
          <charseq START="1521" END="1536">Fiorello Demozzi</charseq>
        </extent>
        <head>
          <charseq START="1521" END="1536">Fiorello Demozzi</charseq>
        </head>
      </entity_mention>
      <entity_mention ID="adige20040907_id405602-E13-2" TYPE="NAM" PRIMARY="false" METONYMY_MENTION="FALSE">
        <extent>
          <charseq START="1977" END="1983">Demozzi</charseq>
        </extent>
        <head>
          <charseq START="1977" END="1983">Demozzi</charseq>
        </head>
      </entity_mention>
      <entity_mention ID="adige20040907_id405602-E13-3" TYPE="NAM" PRIMARY="false" METONYMY_MENTION="FALSE">
        <extent>
          <charseq START="2432" END="2438">Demozzi</charseq>
        </extent>
        <head>
          <charseq START="2432" END="2438">Demozzi</charseq>
        </head>
      </entity_mention>
      <entity_mention ID="adige20040907_id405602-E13-4" TYPE="NAM" PRIMARY="false" METONYMY_MENTION="FALSE">
        <extent>
          <charseq START="3692" END="3698">Demozzi</charseq>
        </extent>
        <head>
          <charseq START="3692" END="3698">Demozzi</charseq>
        </head>
      </entity_mention>
      <entity_attributes>
        <name NAME="Fiorello Demozzi">
          <charseq START="1521" END="1536">Fiorello Demozzi</charseq>
        </name>
        <name NAME="Demozzi">
          <charseq START="1977" END="1983">Demozzi</charseq>
        </name>
        <name NAME="Demozzi">
          <charseq START="2432" END="2438">Demozzi</charseq>
        </name>
        <name NAME="Demozzi">
          <charseq START="3692" END="3698">Demozzi</charseq>
        </name>
      </entity_attributes>
    </entity>
    <entity ID="adige20040907_id405602-E14" TYPE="PER" SUBTYPE="Individual" CLASS="SPC">
      <entity_mention ID="adige20040907_id405602-E14-1" TYPE="NAM" PRIMARY="true" METONYMY_MENTION="FALSE">
        <extent>
          <charseq START="1539" END="1550">Mauro Sester</charseq>
        </extent>
        <head>
          <charseq START="1539" END="1550">Mauro Sester</charseq>
        </head>
      </entity_mention>
      <entity_mention ID="adige20040907_id405602-E14-2" TYPE="NAM" PRIMARY="false" METONYMY_MENTION="FALSE">
        <extent>
          <charseq START="2424" END="2429">Sester</charseq>
        </extent>
        <head>
          <charseq START="2424" END="2429">Sester</charseq>
        </head>
      </entity_mention>
      <entity_attributes>
        <name NAME="Mauro Sester">
          <charseq START="1539" END="1550">Mauro Sester</charseq>
        </name>
        <name NAME="Sester">
          <charseq START="2424" END="2429">Sester</charseq>
        </name>
      </entity_attributes>
    </entity>
    <entity ID="adige20040907_id405602-E15" TYPE="PER" SUBTYPE="Individual" CLASS="SPC">
      <entity_mention ID="adige20040907_id405602-E15-1" TYPE="NAM" PRIMARY="true" METONYMY_MENTION="FALSE">
        <extent>
          <charseq START="1555" END="1568">Lorenzo Holler</charseq>
        </extent>
        <head>
          <charseq START="1555" END="1568">Lorenzo Holler</charseq>
        </head>
      </entity_mention>
      <entity_mention ID="adige20040907_id405602-E15-2" TYPE="NAM" PRIMARY="false" METONYMY_MENTION="FALSE">
        <extent>
          <charseq START="1968" END="1973">Holler</charseq>
        </extent>
        <head>
          <charseq START="1968" END="1973">Holler</charseq>
        </head>
      </entity_mention>
      <entity_mention ID="adige20040907_id405602-E15-3" TYPE="NAM" PRIMARY="false" METONYMY_MENTION="FALSE">
        <extent>
          <charseq START="2236" END="2241">Holler</charseq>
        </extent>
        <head>
          <charseq START="2236" END="2241">Holler</charseq>
        </head>
      </entity_mention>
      <entity_attributes>
        <name NAME="Lorenzo Holler">
          <charseq START="1555" END="1568">Lorenzo Holler</charseq>
        </name>
        <name NAME="Holler">
          <charseq START="1968" END="1973">Holler</charseq>
        </name>
        <name NAME="Holler">
          <charseq START="2236" END="2241">Holler</charseq>
        </name>
      </entity_attributes>
    </entity>
    <entity ID="adige20040907_id405602-E16" TYPE="PER" SUBTYPE="Group" CLASS="SPC">
      <entity_mention ID="adige20040907_id405602-E16-1" TYPE="NOM" PRIMARY="true" METONYMY_MENTION="FALSE">
        <extent>
          <charseq START="1500" END="1568">degli ex consiglieri Fiorello Demozzi, Mauro Sester, e Lorenzo Holler</charseq>
        </extent>
        <head>
          <charseq START="1500" END="1568">degli ex consiglieri Fiorello Demozzi, Mauro Sester, e Lorenzo Holler</charseq>
        </head>
      </entity_mention>
      <entity_mention ID="adige20040907_id405602-E16-2" TYPE="NOM" PRIMARY="false" METONYMY_MENTION="FALSE">
        <extent>
          <charseq START="1500" END="1519">degli ex consiglieri</charseq>
        </extent>
        <head>
          <charseq START="1509" END="1519">consiglieri</charseq>
        </head>
      </entity_mention>
    </entity>
    <entity ID="adige20040907_id405602-E17" TYPE="PER" SUBTYPE="Individual" CLASS="SPC">
      <entity_mention ID="adige20040907_id405602-E17-1" TYPE="NAM" PRIMARY="true" METONYMY_MENTION="FALSE">
        <extent>
          <charseq START="1614" END="1632">Sergio Cristofolini</charseq>
        </extent>
        <head>
          <charseq START="1614" END="1632">Sergio Cristofolini</charseq>
        </head>
      </entity_mention>
      <entity_mention ID="adige20040907_id405602-E17-2" TYPE="NOM" PRIMARY="false" METONYMY_MENTION="FALSE">
        <extent>
          <charseq START="1635" END="1759">proprietario di un terreno a Monte Terlago per l'acquisto del quale la Csc avrebbe versato un anticipo di 374 milioni di lire</charseq>
        </extent>
        <head>
          <charseq START="1635" END="1646">proprietario</charseq>
        </head>
      </entity_mention>
      <entity_mention ID="adige20040907_id405602-E17-3" TYPE="NAM" PRIMARY="false" METONYMY_MENTION="FALSE">
        <extent>
          <charseq START="1614" END="1759">Sergio Cristofolini, proprietario di un terreno a Monte Terlago per l'acquisto del quale la Csc avrebbe versato un anticipo di 374 milioni di lire</charseq>
        </extent>
        <head>
          <charseq START="1614" END="1759">Sergio Cristofolini, proprietario di un terreno a Monte Terlago per l'acquisto del quale la Csc avrebbe versato un anticipo di 374 milioni di lire</charseq>
        </head>
      </entity_mention>
      <entity_attributes>
        <name NAME="Sergio Cristofolini">
          <charseq START="1614" END="1632">Sergio Cristofolini</charseq>
        </name>
        <name NAME="Sergio Cristofolini, proprietario di un terreno a Monte Terlago per l'acquisto del quale la Csc avrebbe versato un anticipo di 374 milioni di lire">
          <charseq START="1614" END="1759">Sergio Cristofolini, proprietario di un terreno a Monte Terlago per l'acquisto del quale la Csc avrebbe versato un anticipo di 374 milioni di lire</charseq>
        </name>
      </entity_attributes>
    </entity>
    <entity ID="adige20040907_id405602-E18" TYPE="PER" SUBTYPE="Group" CLASS="GEN">
      <entity_mention ID="adige20040907_id405602-E18-1" TYPE="NOM" PRIMARY="true" METONYMY_MENTION="FALSE">
        <extent>
          <charseq START="2150" END="2155">i soci</charseq>
        </extent>
        <head>
          <charseq START="2152" END="2155">soci</charseq>
        </head>
      </entity_mention>
      <entity_mention ID="adige20040907_id405602-E18-2" TYPE="NOM" PRIMARY="false" METONYMY_MENTION="FALSE">
        <extent>
          <charseq START="2578" END="2585">dei soci</charseq>
        </extent>
        <head>
          <charseq START="2582" END="2585">soci</charseq>
        </head>
      </entity_mention>
      <entity_mention ID="adige20040907_id405602-E18-3" TYPE="NOM" PRIMARY="false" METONYMY_MENTION="FALSE">
        <extent>
          <charseq START="3300" END="3333">dai singoli soci della cooperativa</charseq>
        </extent>
        <head>
          <charseq START="3312" END="3315">soci</charseq>
        </head>
      </entity_mention>
    </entity>
    <entity ID="adige20040907_id405602-E19" TYPE="PER" SUBTYPE="Group" CLASS="GEN">
      <entity_mention ID="adige20040907_id405602-E19-1" TYPE="NOM" PRIMARY="true" METONYMY_MENTION="FALSE">
        <extent>
          <charseq START="2159" END="2169">il pubblico</charseq>
        </extent>
        <head>
          <charseq START="2162" END="2169">pubblico</charseq>
        </head>
      </entity_mention>
    </entity>
    <entity ID="adige20040907_id405602-E20" TYPE="PER" SUBTYPE="Group" CLASS="SPC">
      <entity_mention ID="adige20040907_id405602-E20-1" TYPE="NAM" PRIMARY="true" METONYMY_MENTION="FALSE">
        <extent>
          <charseq START="2216" END="2241">Ai soli Menegaldo e Holler</charseq>
        </extent>
        <head>
          <charseq START="2216" END="2241">Ai soli Menegaldo e Holler</charseq>
        </head>
      </entity_mention>
      <entity_attributes>
        <name NAME="Ai soli Menegaldo e Holler">
          <charseq START="2216" END="2241">Ai soli Menegaldo e Holler</charseq>
        </name>
      </entity_attributes>
    </entity>
    <entity ID="adige20040907_id405602-E21" TYPE="PER" SUBTYPE="Individual" CLASS="SPC">
      <entity_mention ID="adige20040907_id405602-E21-1" TYPE="NAM" PRIMARY="true" METONYMY_MENTION="FALSE">
        <extent>
          <charseq START="3416" END="3428">Carlo Palermo</charseq>
        </extent>
        <head>
          <charseq START="3416" END="3428">Carlo Palermo</charseq>
        </head>
      </entity_mention>
      <entity_mention ID="adige20040907_id405602-E21-2" TYPE="NOM" PRIMARY="false" METONYMY_MENTION="FALSE">
        <extent>
          <charseq START="3387" END="3413">dall'avvocato di molti soci</charseq>
        </extent>
        <head>
          <charseq START="3392" END="3399">avvocato</charseq>
        </head>
      </entity_mention>
      <entity_mention ID="adige20040907_id405602-E21-3" TYPE="NOM" PRIMARY="false" METONYMY_MENTION="FALSE">
        <extent>
          <charseq START="3387" END="3428">dall'avvocato di molti soci, Carlo Palermo</charseq>
        </extent>
        <head>
          <charseq START="3387" END="3428">dall'avvocato di molti soci, Carlo Palermo</charseq>
        </head>
      </entity_mention>
      <entity_attributes>
        <name NAME="Carlo Palermo">
          <charseq START="3416" END="3428">Carlo Palermo</charseq>
        </name>
      </entity_attributes>
    </entity>
    <entity ID="adige20040907_id405602-E22" TYPE="PER" SUBTYPE="Group" CLASS="SPC">
      <entity_mention ID="adige20040907_id405602-E22-1" TYPE="NOM" PRIMARY="true" METONYMY_MENTION="FALSE">
        <extent>
          <charseq START="3404" END="3413">molti soci</charseq>
        </extent>
        <head>
          <charseq START="3410" END="3413">soci</charseq>
        </head>
      </entity_mention>
    </entity>
    <entity ID="adige20040907_id405602-E23" TYPE="PER" SUBTYPE="Group" CLASS="SPC">
      <entity_mention ID="adige20040907_id405602-E23-1" TYPE="NOM" PRIMARY="true" METONYMY_MENTION="FALSE">
        <extent>
          <charseq START="3517" END="3566">gli acquirenti degli immobili costruiti per ultimi</charseq>
        </extent>
        <head>
          <charseq START="3521" END="3530">acquirenti</charseq>
        </head>
      </entity_mention>
    </entity>
    <entity ID="adige20040907_id405602-E24" TYPE="PER" SUBTYPE="Individual" CLASS="USP">
      <entity_mention ID="adige20040907_id405602-E24-1" TYPE="NOM" PRIMARY="true" METONYMY_MENTION="FALSE">
        <extent>
          <charseq START="3633" END="3642">al giudice</charseq>
        </extent>
        <head>
          <charseq START="3636" END="3642">giudice</charseq>
        </head>
      </entity_mention>
    </entity>
    <entity ID="adige20040907_id405602-E26" TYPE="PER" SUBTYPE="Group" CLASS="SPC">
      <entity_mention ID="adige20040907_id405602-E26-1" TYPE="NOM" PRIMARY="true" METONYMY_MENTION="FALSE">
        <extent>
          <charseq START="3863" END="3921">dagli acquirenti degli immobili dell'iniziativa di Sardagna</charseq>
        </extent>
        <head>
          <charseq START="3869" END="3878">acquirenti</charseq>
        </head>
      </entity_mention>
    </entity>
    <entity ID="adige20040907_id405602-E28" TYPE="PER" SUBTYPE="Group" CLASS="SPC">
      <entity_mention ID="adige20040907_id405602-E28-1" TYPE="PRO" PRIMARY="true" METONYMY_MENTION="FALSE">
        <extent>
          <charseq START="81" END="85">molte</charseq>
        </extent>
        <head>
          <charseq START="81" END="85">molte</charseq>
        </head>
      </entity_mention>
    </entity>
    <entity ID="adige20040907_id405602-E29" TYPE="PER" SUBTYPE="Group" CLASS="SPC">
      <entity_mention ID="adige20040907_id405602-E29-1" TYPE="NAM" PRIMARY="true" METONYMY_MENTION="FALSE">
        <extent>
          <charseq START="1946" END="1983">Trombetta, Menegaldo, Holler e Demozzi</charseq>
        </extent>
        <head>
          <charseq START="1946" END="1983">Trombetta, Menegaldo, Holler e Demozzi</charseq>
        </head>
      </entity_mention>
      <entity_attributes>
        <name NAME="Trombetta, Menegaldo, Holler e Demozzi">
          <charseq START="1946" END="1983">Trombetta, Menegaldo, Holler e Demozzi</charseq>
        </name>
      </entity_attributes>
    </entity>
    <entity ID="adige20040907_id405602-E30" TYPE="PER" SUBTYPE="Group" CLASS="GEN">
      <entity_mention ID="adige20040907_id405602-E30-1" TYPE="NOM" PRIMARY="true" METONYMY_MENTION="FALSE">
        <extent>
          <charseq START="2150" END="2169">i soci e il pubblico</charseq>
        </extent>
        <head>
          <charseq START="2150" END="2169">i soci e il pubblico</charseq>
        </head>
      </entity_mention>
    </entity>
    <entity ID="adige20040907_id405602-E31" TYPE="PER" SUBTYPE="Group" CLASS="SPC">
      <entity_mention ID="adige20040907_id405602-E31-1" TYPE="NAM" PRIMARY="true" METONYMY_MENTION="FALSE">
        <extent>
          <charseq START="2413" END="2450">Trombetta, Sester, Demozzi e Menegaldo</charseq>
        </extent>
        <head>
          <charseq START="2413" END="2450">Trombetta, Sester, Demozzi e Menegaldo</charseq>
        </head>
      </entity_mention>
      <entity_attributes>
        <name NAME="Trombetta, Sester, Demozzi e Menegaldo">
          <charseq START="2413" END="2450">Trombetta, Sester, Demozzi e Menegaldo</charseq>
        </name>
      </entity_attributes>
    </entity>
    <entity ID="adige20040907_id405602-E32" TYPE="PER" SUBTYPE="Group" CLASS="SPC">
      <entity_mention ID="adige20040907_id405602-E32-1" TYPE="NAM" PRIMARY="true" METONYMY_MENTION="FALSE">
        <extent>
          <charseq START="3680" END="3698">Trombetta e Demozzi</charseq>
        </extent>
        <head>
          <charseq START="3680" END="3698">Trombetta e Demozzi</charseq>
        </head>
      </entity_mention>
      <entity_mention ID="adige20040907_id405602-E32-2" TYPE="PRO" PRIMARY="false" METONYMY_MENTION="FALSE">
        <extent>
          <charseq START="3703" END="3710">entrambi</charseq>
        </extent>
        <head>
          <charseq START="3703" END="3710">entrambi</charseq>
        </head>
      </entity_mention>
      <entity_attributes>
        <name NAME="Trombetta e Demozzi">
          <charseq START="3680" END="3698">Trombetta e Demozzi</charseq>
        </name>
      </entity_attributes>
    </entity>
    <entity ID="adige20040907_id405602-E33" TYPE="PER" SUBTYPE="Group" CLASS="SPC">
      <entity_mention ID="adige20040907_id405602-E33-1" TYPE="NAM" PRIMARY="true" METONYMY_MENTION="FALSE">
        <extent>
          <charseq START="1462" END="1496">Luigi Trombetta e Roberto Menegaldo</charseq>
        </extent>
        <head>
          <charseq START="1462" END="1496">Luigi Trombetta e Roberto Menegaldo</charseq>
        </head>
      </entity_mention>
      <entity_attributes>
        <name NAME="Luigi Trombetta e Roberto Menegaldo">
          <charseq START="1462" END="1496">Luigi Trombetta e Roberto Menegaldo</charseq>
        </name>
      </entity_attributes>
    </entity>
    <entity ID="adige20040907_id405602-E34" TYPE="PER" SUBTYPE="Group" CLASS="SPC">
      <entity_mention ID="adige20040907_id405602-E34-1" TYPE="NAM" PRIMARY="true" METONYMY_MENTION="FALSE">
        <extent>
          <charseq START="1521" END="1568">Fiorello Demozzi, Mauro Sester, e Lorenzo Holler</charseq>
        </extent>
        <head>
          <charseq START="1521" END="1568">Fiorello Demozzi, Mauro Sester, e Lorenzo Holler</charseq>
        </head>
      </entity_mention>
      <entity_attributes>
        <name NAME="Fiorello Demozzi, Mauro Sester, e Lorenzo Holler">
          <charseq START="1521" END="1568">Fiorello Demozzi, Mauro Sester, e Lorenzo Holler</charseq>
        </name>
      </entity_attributes>
    </entity>
    <entity ID="adige20040907_id405602-E35" TYPE="PER" SUBTYPE="Group" CLASS="SPC">
      <entity_mention ID="adige20040907_id405602-E35-1" TYPE="NOM" PRIMARY="true" METONYMY_MENTION="FALSE">
        <extent>
          <charseq START="1442" END="1568">degli ex presidenti Luigi Trombetta e Roberto Menegaldo e degli ex consiglieri Fiorello Demozzi, Mauro Sester, e Lorenzo Holler</charseq>
        </extent>
        <head>
          <charseq START="1442" END="1568">degli ex presidenti Luigi Trombetta e Roberto Menegaldo e degli ex consiglieri Fiorello Demozzi, Mauro Sester, e Lorenzo Holler</charseq>
        </head>
      </entity_mention>
    </entity>
    <entity ID="adige20040907_id405602-E36" TYPE="ORG" SUBTYPE="Commercial" CLASS="SPC">
      <entity_mention ID="adige20040907_id405602-E36-1" TYPE="NAM" PRIMARY="true" METONYMY_MENTION="FALSE">
        <extent>
          <charseq START="416" END="446">della Cooperativa servizio casa</charseq>
        </extent>
        <head>
          <charseq START="422" END="446">Cooperativa servizio casa</charseq>
        </head>
      </entity_mention>
      <entity_mention ID="adige20040907_id405602-E36-2" TYPE="NAM" PRIMARY="false" METONYMY_MENTION="FALSE">
        <extent>
          <charseq START="449" END="451">Csc</charseq>
        </extent>
        <head>
          <charseq START="449" END="451">Csc</charseq>
        </head>
      </entity_mention>
      <entity_mention ID="adige20040907_id405602-E36-3" TYPE="NAM" PRIMARY="false" METONYMY_MENTION="FALSE">
        <extent>
          <charseq START="416" END="451">della Cooperativa servizio casa, Csc</charseq>
        </extent>
        <head>
          <charseq START="416" END="451">della Cooperativa servizio casa, Csc</charseq>
        </head>
      </entity_mention>
      <entity_mention ID="adige20040907_id405602-E36-4" TYPE="NAM" PRIMARY="false" METONYMY_MENTION="FALSE">
        <extent>
          <charseq START="1048" END="1053">la Csc</charseq>
        </extent>
        <head>
          <charseq START="1051" END="1053">Csc</charseq>
        </head>
      </entity_mention>
      <entity_mention ID="adige20040907_id405602-E36-5" TYPE="NAM" PRIMARY="false" METONYMY_MENTION="FALSE">
        <extent>
          <charseq START="1413" END="1429">della cooperativa</charseq>
        </extent>
        <head>
          <charseq START="1413" END="1429">della cooperativa</charseq>
        </head>
      </entity_mention>
      <entity_mention ID="adige20040907_id405602-E36-6" TYPE="NAM" PRIMARY="false" METONYMY_MENTION="FALSE">
        <extent>
          <charseq START="1703" END="1708">la Csc</charseq>
        </extent>
        <head>
          <charseq START="1706" END="1708">Csc</charseq>
        </head>
      </entity_mention>
      <entity_mention ID="adige20040907_id405602-E36-7" TYPE="NAM" PRIMARY="false" METONYMY_MENTION="FALSE">
        <extent>
          <charseq START="1894" END="1910">della cooperativa</charseq>
        </extent>
        <head>
          <charseq START="1894" END="1910">della cooperativa</charseq>
        </head>
      </entity_mention>
      <entity_mention ID="adige20040907_id405602-E36-8" TYPE="NAM" PRIMARY="false" METONYMY_MENTION="FALSE">
        <extent>
          <charseq START="2587" END="2594">alla Csc</charseq>
        </extent>
        <head>
          <charseq START="2592" END="2594">Csc</charseq>
        </head>
      </entity_mention>
      <entity_mention ID="adige20040907_id405602-E36-9" TYPE="NAM" PRIMARY="false" METONYMY_MENTION="FALSE">
        <extent>
          <charseq START="2809" END="2817">della Csc</charseq>
        </extent>
        <head>
          <charseq START="2815" END="2817">Csc</charseq>
        </head>
      </entity_mention>
      <entity_mention ID="adige20040907_id405602-E36-10" TYPE="NAM" PRIMARY="false" METONYMY_MENTION="FALSE">
        <extent>
          <charseq START="2992" END="3000">della Csc</charseq>
        </extent>
        <head>
          <charseq START="2998" END="3000">Csc</charseq>
        </head>
      </entity_mention>
      <entity_mention ID="adige20040907_id405602-E36-11" TYPE="NAM" PRIMARY="false" METONYMY_MENTION="FALSE">
        <extent>
          <charseq START="3317" END="3333">della cooperativa</charseq>
        </extent>
        <head>
          <charseq START="3323" END="3333">cooperativa</charseq>
        </head>
      </entity_mention>
      <entity_mention ID="adige20040907_id405602-E36-12" TYPE="NAM" PRIMARY="false" METONYMY_MENTION="FALSE">
        <extent>
          <charseq START="174" END="182">della Csc</charseq>
        </extent>
        <head>
          <charseq START="180" END="182">Csc</charseq>
        </head>
      </entity_mention>
      <entity_mention ID="adige20040907_id405602-E36-13" TYPE="NAM" PRIMARY="false" METONYMY_MENTION="FALSE">
        <extent>
          <charseq START="1413" END="1429">della cooperativa</charseq>
        </extent>
        <head>
          <charseq START="1419" END="1429">cooperativa</charseq>
        </head>
      </entity_mention>
      <entity_mention ID="adige20040907_id405602-E36-14" TYPE="NAM" PRIMARY="false" METONYMY_MENTION="FALSE">
        <extent>
          <charseq START="1703" END="1708">la Csc</charseq>
        </extent>
        <head>
          <charseq START="1706" END="1708">Csc</charseq>
        </head>
      </entity_mention>
      <entity_mention ID="adige20040907_id405602-E36-15" TYPE="NAM" PRIMARY="false" METONYMY_MENTION="FALSE">
        <extent>
          <charseq START="2197" END="2213">della cooperativa</charseq>
        </extent>
        <head>
          <charseq START="2203" END="2213">cooperativa</charseq>
        </head>
      </entity_mention>
      <entity_mention ID="adige20040907_id405602-E36-16" TYPE="NAM" PRIMARY="false" METONYMY_MENTION="FALSE">
        <extent>
          <charseq START="2876" END="2884">dalla Csc</charseq>
        </extent>
        <head>
          <charseq START="2882" END="2884">Csc</charseq>
        </head>
      </entity_mention>
      <entity_mention ID="adige20040907_id405602-E36-17" TYPE="PRO" PRIMARY="false" METONYMY_MENTION="FALSE">
        <extent>
          <charseq START="1083" END="1085">sua</charseq>
        </extent>
        <head>
          <charseq START="1083" END="1085">sua</charseq>
        </head>
      </entity_mention>
      <entity_attributes>
        <name NAME="Cooperativa servizio casa">
          <charseq START="422" END="446">Cooperativa servizio casa</charseq>
        </name>
        <name NAME="Csc">
          <charseq START="449" END="451">Csc</charseq>
        </name>
        <name NAME="della Cooperativa servizio casa, Csc">
          <charseq START="416" END="451">della Cooperativa servizio casa, Csc</charseq>
        </name>
        <name NAME="Csc">
          <charseq START="1051" END="1053">Csc</charseq>
        </name>
        <name NAME="della cooperativa">
          <charseq START="1413" END="1429">della cooperativa</charseq>
        </name>
        <name NAME="Csc">
          <charseq START="1706" END="1708">Csc</charseq>
        </name>
        <name NAME="della cooperativa">
          <charseq START="1894" END="1910">della cooperativa</charseq>
        </name>
        <name NAME="Csc">
          <charseq START="2592" END="2594">Csc</charseq>
        </name>
        <name NAME="Csc">
          <charseq START="2815" END="2817">Csc</charseq>
        </name>
        <name NAME="Csc">
          <charseq START="2998" END="3000">Csc</charseq>
        </name>
        <name NAME="cooperativa">
          <charseq START="3323" END="3333">cooperativa</charseq>
        </name>
        <name NAME="Csc">
          <charseq START="180" END="182">Csc</charseq>
        </name>
        <name NAME="cooperativa">
          <charseq START="1419" END="1429">cooperativa</charseq>
        </name>
        <name NAME="Csc">
          <charseq START="1706" END="1708">Csc</charseq>
        </name>
        <name NAME="cooperativa">
          <charseq START="2203" END="2213">cooperativa</charseq>
        </name>
        <name NAME="Csc">
          <charseq START="2882" END="2884">Csc</charseq>
        </name>
      </entity_attributes>
    </entity>
    <entity ID="adige20040907_id405602-E37" TYPE="ORG" SUBTYPE="Government" CLASS="SPC">
      <entity_mention ID="adige20040907_id405602-E37-1" TYPE="NAM" PRIMARY="true" METONYMY_MENTION="FALSE">
        <extent>
          <charseq START="557" END="565">dell'Itea</charseq>
        </extent>
        <head>
          <charseq START="562" END="565">Itea</charseq>
        </head>
      </entity_mention>
      <entity_mention ID="adige20040907_id405602-E37-2" TYPE="NAM" PRIMARY="false" METONYMY_MENTION="FALSE">
        <extent>
          <charseq START="4305" END="4308">Itea</charseq>
        </extent>
        <head>
          <charseq START="4305" END="4308">Itea</charseq>
        </head>
      </entity_mention>
      <entity_attributes>
        <name NAME="Itea">
          <charseq START="562" END="565">Itea</charseq>
        </name>
        <name NAME="Itea">
          <charseq START="4305" END="4308">Itea</charseq>
        </name>
      </entity_attributes>
    </entity>
    <entity ID="adige20040907_id405602-E38" TYPE="ORG" SUBTYPE="Government" CLASS="SPC">
      <entity_mention ID="adige20040907_id405602-E38-1" TYPE="NAM" PRIMARY="true" METONYMY_MENTION="FALSE">
        <extent>
          <charseq START="2244" END="2253">la Procura</charseq>
        </extent>
        <head>
          <charseq START="2247" END="2253">Procura</charseq>
        </head>
      </entity_mention>
      <entity_mention ID="adige20040907_id405602-E38-2" TYPE="NAM" PRIMARY="false" METONYMY_MENTION="FALSE">
        <extent>
          <charseq START="2452" END="2461">la Procura</charseq>
        </extent>
        <head>
          <charseq START="2455" END="2461">Procura</charseq>
        </head>
      </entity_mention>
      <entity_mention ID="adige20040907_id405602-E38-3" TYPE="NAM" PRIMARY="false" METONYMY_MENTION="FALSE">
        <extent>
          <charseq START="3712" END="3721">la Procura</charseq>
        </extent>
        <head>
          <charseq START="3715" END="3721">Procura</charseq>
        </head>
      </entity_mention>
      <entity_mention ID="adige20040907_id405602-E38-5" TYPE="NAM" PRIMARY="false" METONYMY_MENTION="FALSE">
        <extent>
          <charseq START="1924" END="1933">La Procura</charseq>
        </extent>
        <head>
          <charseq START="1927" END="1933">Procura</charseq>
        </head>
      </entity_mention>
      <entity_attributes>
        <name NAME="Procura">
          <charseq START="2247" END="2253">Procura</charseq>
        </name>
        <name NAME="Procura">
          <charseq START="2455" END="2461">Procura</charseq>
        </name>
        <name NAME="Procura">
          <charseq START="3715" END="3721">Procura</charseq>
        </name>
        <name NAME="Procura">
          <charseq START="1927" END="1933">Procura</charseq>
        </name>
      </entity_attributes>
    </entity>
    <entity ID="adige20040907_id405602-E40" TYPE="ORG" SUBTYPE="Commercial" CLASS="SPC">
      <entity_mention ID="adige20040907_id405602-E40-1" TYPE="NAM" PRIMARY="true" METONYMY_MENTION="FALSE">
        <extent>
          <charseq START="2659" END="2939">della Lega Trentina delle cooperative che percepiva un utile ricollegato agli utili e al patrimonio delle cooperative associate convogliando i debiti della Csc sulla Domka, società controllata al 94 per cento proprio dalla Csc e che versava in una pesantissima situazione debitoria</charseq>
        </extent>
        <head>
          <charseq START="2665" END="2695">Lega Trentina delle cooperative</charseq>
        </head>
      </entity_mention>
      <entity_mention ID="adige20040907_id405602-E40-2" TYPE="PRO" PRIMARY="false" METONYMY_MENTION="FALSE">
        <extent>
          <charseq START="2697" END="2699">che</charseq>
        </extent>
        <head>
          <charseq START="2697" END="2699">che</charseq>
        </head>
      </entity_mention>
      <entity_attributes>
        <name NAME="Lega Trentina delle cooperative">
          <charseq START="2665" END="2695">Lega Trentina delle cooperative</charseq>
        </name>
      </entity_attributes>
    </entity>
    <entity ID="adige20040907_id405602-E41" TYPE="ORG" SUBTYPE="Commercial" CLASS="SPC">
      <entity_mention ID="adige20040907_id405602-E41-1" TYPE="NOM" PRIMARY="true" METONYMY_MENTION="FALSE">
        <extent>
          <charseq START="2759" END="2785">delle cooperative associate</charseq>
        </extent>
        <head>
          <charseq START="2765" END="2775">cooperative</charseq>
        </head>
      </entity_mention>
    </entity>
    <entity ID="adige20040907_id405602-E42" TYPE="ORG" SUBTYPE="Commercial" CLASS="SPC">
      <entity_mention ID="adige20040907_id405602-E42-1" TYPE="NAM" PRIMARY="true" METONYMY_MENTION="FALSE">
        <extent>
          <charseq START="2819" END="2829">sulla Domka</charseq>
        </extent>
        <head>
          <charseq START="2825" END="2829">Domka</charseq>
        </head>
      </entity_mention>
      <entity_mention ID="adige20040907_id405602-E42-2" TYPE="NOM" PRIMARY="false" METONYMY_MENTION="FALSE">
        <extent>
          <charseq START="2832" END="2884">società controllata al 94 per cento proprio dalla Csc</charseq>
        </extent>
        <head>
          <charseq START="2832" END="2838">società</charseq>
        </head>
      </entity_mention>
      <entity_mention ID="adige20040907_id405602-E42-3" TYPE="PRO" PRIMARY="false" METONYMY_MENTION="FALSE">
        <extent>
          <charseq START="2888" END="2890">che</charseq>
        </extent>
        <head>
          <charseq START="2888" END="2890">che</charseq>
        </head>
      </entity_mention>
      <entity_mention ID="adige20040907_id405602-E42-4" TYPE="NAM" PRIMARY="false" METONYMY_MENTION="FALSE">
        <extent>
          <charseq START="2819" END="2884">sulla Domka, società controllata al 94 per cento proprio dalla Csc</charseq>
        </extent>
        <head>
          <charseq START="2819" END="2884">sulla Domka, società controllata al 94 per cento proprio dalla Csc</charseq>
        </head>
      </entity_mention>
      <entity_attributes>
        <name NAME="Domka">
          <charseq START="2825" END="2829">Domka</charseq>
        </name>
        <name NAME="sulla Domka, società controllata al 94 per cento proprio dalla Csc">
          <charseq START="2819" END="2884">sulla Domka, società controllata al 94 per cento proprio dalla Csc</charseq>
        </name>
      </entity_attributes>
    </entity>
    <entity ID="adige20040907_id405602-E43" TYPE="PER" SUBTYPE="Group" CLASS="SPC">
      <entity_mention ID="adige20040907_id405602-E43-2" TYPE="NOM" PRIMARY="true" METONYMY_MENTION="FALSE">
        <extent>
          <charseq START="883" END="898">le due categorie</charseq>
        </extent>
        <head>
          <charseq START="890" END="898">categorie</charseq>
        </head>
      </entity_mention>
    </entity>
    <entity ID="adige20040907_id405602-E44" TYPE="GPE" SUBTYPE="State-or-Province" CLASS="SPC">
      <entity_mention ID="adige20040907_id405602-E44-1" TYPE="NAM" PRIMARY="true" ROLE="ORG" METONYMY_MENTION="FALSE">
        <extent>
          <charseq START="943" END="951">Provincia</charseq>
        </extent>
        <head>
          <charseq START="943" END="951">Provincia</charseq>
        </head>
      </entity_mention>
      <entity_mention ID="adige20040907_id405602-E44-2" TYPE="NAM" PRIMARY="false" ROLE="ORG" METONYMY_MENTION="FALSE">
        <extent>
          <charseq START="2345" END="2368">dalla Provincia autonoma</charseq>
        </extent>
        <head>
          <charseq START="2351" END="2368">Provincia autonoma</charseq>
        </head>
      </entity_mention>
      <entity_mention ID="adige20040907_id405602-E44-3" TYPE="NAM" PRIMARY="false" ROLE="ORG" METONYMY_MENTION="FALSE">
        <extent>
          <charseq START="3156" END="3179">dalla Provincia autonoma</charseq>
        </extent>
        <head>
          <charseq START="3162" END="3179">Provincia autonoma</charseq>
        </head>
      </entity_mention>
      <entity_mention ID="adige20040907_id405602-E44-4" TYPE="NAM" PRIMARY="false" ROLE="GPE" METONYMY_MENTION="FALSE">
        <extent>
          <charseq START="3348" END="3358">provinciale</charseq>
        </extent>
        <head>
          <charseq START="3348" END="3358">provinciale</charseq>
        </head>
      </entity_mention>
      <entity_attributes>
        <name NAME="Provincia">
          <charseq START="943" END="951">Provincia</charseq>
        </name>
        <name NAME="Provincia autonoma">
          <charseq START="2351" END="2368">Provincia autonoma</charseq>
        </name>
        <name NAME="Provincia autonoma">
          <charseq START="3162" END="3179">Provincia autonoma</charseq>
        </name>
      </entity_attributes>
    </entity>
    <entity ID="adige20040907_id405602-E45" TYPE="GPE" SUBTYPE="Population-Center" CLASS="SPC">
      <entity_mention ID="adige20040907_id405602-E45-1" TYPE="NAM" PRIMARY="true" ROLE="LOC" METONYMY_MENTION="FALSE">
        <extent>
          <charseq START="4024" END="4027">Nomi</charseq>
        </extent>
        <head>
          <charseq START="4024" END="4027">Nomi</charseq>
        </head>
      </entity_mention>
      <entity_attributes>
        <name NAME="Nomi">
          <charseq START="4024" END="4027">Nomi</charseq>
        </name>
      </entity_attributes>
    </entity>
    <entity ID="adige20040907_id405602-E46" TYPE="GPE" SUBTYPE="Population-Center" CLASS="SPC">
      <entity_mention ID="adige20040907_id405602-E46-1" TYPE="NAM" PRIMARY="true" ROLE="LOC" METONYMY_MENTION="FALSE">
        <extent>
          <charseq START="1664" END="1676">Monte Terlago</charseq>
        </extent>
        <head>
          <charseq START="1664" END="1676">Monte Terlago</charseq>
        </head>
      </entity_mention>
      <entity_attributes>
        <name NAME="Monte Terlago">
          <charseq START="1664" END="1676">Monte Terlago</charseq>
        </name>
      </entity_attributes>
    </entity>
    <entity ID="adige20040907_id405602-E47" TYPE="GPE" SUBTYPE="Population-Center" CLASS="SPC">
      <entity_mention ID="adige20040907_id405602-E47-1" TYPE="NAM" PRIMARY="true" ROLE="GPE" METONYMY_MENTION="FALSE">
        <extent>
          <charseq START="3914" END="3921">Sardagna</charseq>
        </extent>
        <head>
          <charseq START="3914" END="3921">Sardagna</charseq>
        </head>
      </entity_mention>
      <entity_attributes>
        <name NAME="Sardagna">
          <charseq START="3914" END="3921">Sardagna</charseq>
        </name>
      </entity_attributes>
    </entity>
  </document>
</source_file>
