<?xml version="1.0" encoding="UTF-8"?>
<!DOCTYPE source_file PUBLIC "SYSTEM" "apf.v5.2.0.dtd">

<source_file URI="adige20040907_id405624.txt" SOURCE="unknown" TYPE="text" VERSION="5.0" AUTHOR="Evalita" ENCODING="UTF-8">
  <document DOCID="adige20040907_id405624">
    <entity ID="adige20040907_id405624-E1" TYPE="PER" SUBTYPE="Group" CLASS="SPC">
      <entity_mention ID="adige20040907_id405624-E1-1" TYPE="NOM" PRIMARY="true" METONYMY_MENTION="FALSE">
        <extent>
          <charseq START="455" END="466">gli studenti</charseq>
        </extent>
        <head>
          <charseq START="459" END="466">studenti</charseq>
        </head>
      </entity_mention>
      <entity_mention ID="adige20040907_id405624-E1-2" TYPE="NOM" PRIMARY="false" METONYMY_MENTION="FALSE">
        <extent>
          <charseq START="152" END="163">gli studenti</charseq>
        </extent>
        <head>
          <charseq START="156" END="163">studenti</charseq>
        </head>
      </entity_mention>
    </entity>
    <entity ID="adige20040907_id405624-E2" TYPE="PER" SUBTYPE="Group" CLASS="SPC">
      <entity_mention ID="adige20040907_id405624-E2-1" TYPE="NOM" PRIMARY="true" METONYMY_MENTION="FALSE">
        <extent>
          <charseq START="477" END="488">i lavoratori</charseq>
        </extent>
        <head>
          <charseq START="479" END="488">lavoratori</charseq>
        </head>
      </entity_mention>
      <entity_mention ID="adige20040907_id405624-E2-2" TYPE="NOM" PRIMARY="false" METONYMY_MENTION="FALSE">
        <extent>
          <charseq START="650" END="661">i lavoratori</charseq>
        </extent>
        <head>
          <charseq START="652" END="661">lavoratori</charseq>
        </head>
      </entity_mention>
      <entity_mention ID="adige20040907_id405624-E2-3" TYPE="NOM" PRIMARY="false" METONYMY_MENTION="FALSE">
        <extent>
          <charseq START="182" END="203">i lavoratori pendolari</charseq>
        </extent>
        <head>
          <charseq START="184" END="193">lavoratori</charseq>
        </head>
      </entity_mention>
      <entity_mention ID="adige20040907_id405624-E2-4" TYPE="NOM" PRIMARY="false" METONYMY_MENTION="FALSE">
        <extent>
          <charseq START="2493" END="2545">I pendolari, che vorrebbero lasciare l'auto in garage</charseq>
        </extent>
        <head>
          <charseq START="2495" END="2503">pendolari</charseq>
        </head>
      </entity_mention>
      <entity_mention ID="adige20040907_id405624-E2-5" TYPE="PRO" PRIMARY="false" METONYMY_MENTION="FALSE">
        <extent>
          <charseq START="2506" END="2508">che</charseq>
        </extent>
        <head>
          <charseq START="2506" END="2508">che</charseq>
        </head>
      </entity_mention>
    </entity>
    <entity ID="adige20040907_id405624-E3" TYPE="PER" SUBTYPE="Group" CLASS="SPC">
      <entity_mention ID="adige20040907_id405624-E3-1" TYPE="NOM" PRIMARY="true" METONYMY_MENTION="FALSE">
        <extent>
          <charseq START="455" END="488">gli studenti ma anche i lavoratori</charseq>
        </extent>
        <head>
          <charseq START="455" END="488">gli studenti ma anche i lavoratori</charseq>
        </head>
      </entity_mention>
    </entity>
    <entity ID="adige20040907_id405624-E4" TYPE="PER" SUBTYPE="Group" CLASS="SPC">
      <entity_mention ID="adige20040907_id405624-E4-1" TYPE="NOM" PRIMARY="true" METONYMY_MENTION="FALSE">
        <extent>
          <charseq START="812" END="870">gli utenti che parlano addirittura di una « superstangata »</charseq>
        </extent>
        <head>
          <charseq START="816" END="821">utenti</charseq>
        </head>
      </entity_mention>
      <entity_mention ID="adige20040907_id405624-E4-2" TYPE="PRO" PRIMARY="false" METONYMY_MENTION="FALSE">
        <extent>
          <charseq START="823" END="825">che</charseq>
        </extent>
        <head>
          <charseq START="823" END="825">che</charseq>
        </head>
      </entity_mention>
    </entity>
    <entity ID="adige20040907_id405624-E5" TYPE="PER" SUBTYPE="Group" CLASS="GEN">
      <entity_mention ID="adige20040907_id405624-E5-1" TYPE="NOM" PRIMARY="true" METONYMY_MENTION="FALSE">
        <extent>
          <charseq START="1379" END="1391">del personale</charseq>
        </extent>
        <head>
          <charseq START="1383" END="1391">personale</charseq>
        </head>
      </entity_mention>
    </entity>
    <entity ID="adige20040907_id405624-E6" TYPE="PER" SUBTYPE="Indefinite" CLASS="SPC">
      <entity_mention ID="adige20040907_id405624-E6-1" TYPE="PRO" PRIMARY="true" METONYMY_MENTION="FALSE">
        <extent>
          <charseq START="1670" END="1708">chi si avvale dei servizi di Trenitalia</charseq>
        </extent>
        <head>
          <charseq START="1670" END="1672">chi</charseq>
        </head>
      </entity_mention>
    </entity>
    <entity ID="adige20040907_id405624-E7" TYPE="PER" SUBTYPE="Indefinite" CLASS="SPC">
      <entity_mention ID="adige20040907_id405624-E7-1" TYPE="NOM" PRIMARY="true" METONYMY_MENTION="FALSE">
        <extent>
          <charseq START="2258" END="2339">chi ogni giorno deve venire a Trento per lavoro da Borgo Valsugana (38 chilometri)</charseq>
        </extent>
        <head>
          <charseq START="2258" END="2260">chi</charseq>
        </head>
      </entity_mention>
    </entity>
    <entity ID="adige20040907_id405624-E9" TYPE="PER" SUBTYPE="Indefinite" CLASS="USP">
      <entity_mention ID="adige20040907_id405624-E9-1" TYPE="PRO" PRIMARY="true" METONYMY_MENTION="FALSE">
        <extent>
          <charseq START="2685" END="2686">si</charseq>
        </extent>
        <head>
          <charseq START="2685" END="2686">si</charseq>
        </head>
      </entity_mention>
      <entity_mention ID="adige20040907_id405624-E9-2" TYPE="PRO" PRIMARY="false" METONYMY_MENTION="FALSE">
        <extent>
          <charseq START="2682" END="2683">ci</charseq>
        </extent>
        <head>
          <charseq START="2682" END="2683">ci</charseq>
        </head>
      </entity_mention>
    </entity>
    <entity ID="adige20040907_id405624-E10" TYPE="PER" SUBTYPE="Individual" CLASS="SPC">
      <entity_mention ID="adige20040907_id405624-E10-1" TYPE="NAM" PRIMARY="true" METONYMY_MENTION="FALSE">
        <extent>
          <charseq START="2986" END="2989">R.B.</charseq>
        </extent>
        <head>
          <charseq START="2986" END="2989">R.B.</charseq>
        </head>
      </entity_mention>
      <entity_attributes>
        <name NAME="R.B.">
          <charseq START="2986" END="2989">R.B.</charseq>
        </name>
      </entity_attributes>
    </entity>
    <entity ID="adige20040907_id405624-E11" TYPE="ORG" SUBTYPE="Non-Governmental" CLASS="SPC">
      <entity_mention ID="adige20040907_id405624-E11-1" TYPE="NOM" PRIMARY="true" METONYMY_MENTION="FALSE">
        <extent>
          <charseq START="234" END="244">i sindacati</charseq>
        </extent>
        <head>
          <charseq START="236" END="244">sindacati</charseq>
        </head>
      </entity_mention>
      <entity_mention ID="adige20040907_id405624-E11-3" TYPE="NOM" PRIMARY="false" METONYMY_MENTION="FALSE">
        <extent>
          <charseq START="1175" END="1201">le confederazioni sindacali</charseq>
        </extent>
        <head>
          <charseq START="1178" END="1191">confederazioni</charseq>
        </head>
      </entity_mention>
    </entity>
    <entity ID="adige20040907_id405624-E12" TYPE="ORG" SUBTYPE="Commercial" CLASS="SPC">
      <entity_mention ID="adige20040907_id405624-E12-1" TYPE="NAM" PRIMARY="true" METONYMY_MENTION="FALSE">
        <extent>
          <charseq START="768" END="777">Trenitalia</charseq>
        </extent>
        <head>
          <charseq START="768" END="777">Trenitalia</charseq>
        </head>
      </entity_mention>
      <entity_mention ID="adige20040907_id405624-E12-2" TYPE="NAM" PRIMARY="false" METONYMY_MENTION="FALSE">
        <extent>
          <charseq START="1699" END="1708">Trenitalia</charseq>
        </extent>
        <head>
          <charseq START="1699" END="1708">Trenitalia</charseq>
        </head>
      </entity_mention>
      <entity_mention ID="adige20040907_id405624-E12-3" TYPE="NAM" PRIMARY="false" METONYMY_MENTION="FALSE">
        <extent>
          <charseq START="2636" END="2645">Trenitalia</charseq>
        </extent>
        <head>
          <charseq START="2636" END="2645">Trenitalia</charseq>
        </head>
      </entity_mention>
      <entity_attributes>
        <name NAME="Trenitalia">
          <charseq START="768" END="777">Trenitalia</charseq>
        </name>
        <name NAME="Trenitalia">
          <charseq START="1699" END="1708">Trenitalia</charseq>
        </name>
        <name NAME="Trenitalia">
          <charseq START="2636" END="2645">Trenitalia</charseq>
        </name>
      </entity_attributes>
    </entity>
    <entity ID="adige20040907_id405624-E13" TYPE="ORG" SUBTYPE="Commercial" CLASS="SPC">
      <entity_mention ID="adige20040907_id405624-E13-1" TYPE="NAM" PRIMARY="true" METONYMY_MENTION="FALSE">
        <extent>
          <charseq START="781" END="798">Trentino trasporti</charseq>
        </extent>
        <head>
          <charseq START="781" END="798">Trentino trasporti</charseq>
        </head>
      </entity_mention>
      <entity_attributes>
        <name NAME="Trentino trasporti">
          <charseq START="781" END="798">Trentino trasporti</charseq>
        </name>
      </entity_attributes>
    </entity>
    <entity ID="adige20040907_id405624-E14" TYPE="ORG" SUBTYPE="Commercial" CLASS="SPC">
      <entity_mention ID="adige20040907_id405624-E14-1" TYPE="NAM" PRIMARY="true" METONYMY_MENTION="FALSE">
        <extent>
          <charseq START="768" END="798">Trenitalia e Trentino trasporti</charseq>
        </extent>
        <head>
          <charseq START="768" END="798">Trenitalia e Trentino trasporti</charseq>
        </head>
      </entity_mention>
      <entity_attributes>
        <name NAME="Trenitalia e Trentino trasporti">
          <charseq START="768" END="798">Trenitalia e Trentino trasporti</charseq>
        </name>
      </entity_attributes>
    </entity>
    <entity ID="adige20040907_id405624-E15" TYPE="ORG" SUBTYPE="Government" CLASS="SPC">
      <entity_mention ID="adige20040907_id405624-E15-1" TYPE="NAM" PRIMARY="true" METONYMY_MENTION="FALSE">
        <extent>
          <charseq START="1075" END="1098">dalla giunta provinciale</charseq>
        </extent>
        <head>
          <charseq START="1081" END="1098">giunta provinciale</charseq>
        </head>
      </entity_mention>
      <entity_attributes>
        <name NAME="giunta provinciale">
          <charseq START="1081" END="1098">giunta provinciale</charseq>
        </name>
      </entity_attributes>
    </entity>
    <entity ID="adige20040907_id405624-E16" TYPE="ORG" SUBTYPE="Government" CLASS="SPC">
      <entity_mention ID="adige20040907_id405624-E16-1" TYPE="NAM" PRIMARY="true" METONYMY_MENTION="FALSE">
        <extent>
          <charseq START="1149" END="1171">il Consorzio dei Comuni</charseq>
        </extent>
        <head>
          <charseq START="1152" END="1171">Consorzio dei Comuni</charseq>
        </head>
      </entity_mention>
      <entity_attributes>
        <name NAME="Consorzio dei Comuni">
          <charseq START="1152" END="1171">Consorzio dei Comuni</charseq>
        </name>
      </entity_attributes>
    </entity>
  <entity ID="adige20040907_id405624-E19" TYPE="GPE" SUBTYPE="State-or-Province" CLASS="SPC">
      <entity_mention ID="adige20040907_id405624-E19-2" TYPE="NAM" PRIMARY="true" ROLE="LOC" METONYMY_MENTION="FALSE">
        <extent>
          <charseq START="1601" END="1619">provincia di Trento</charseq>
        </extent>
        <head>
          <charseq START="1601" END="1619">provincia di Trento</charseq>
        </head>
      </entity_mention>
      <entity_mention ID="adige20040907_id405624-E19-3" TYPE="NAM" PRIMARY="false" ROLE="GPE" METONYMY_MENTION="FALSE">
        <extent>
          <charseq START="1756" END="1766">provinciale</charseq>
        </extent>
        <head>
          <charseq START="1756" END="1766">provinciale</charseq>
        </head>
      </entity_mention>
      <entity_mention ID="adige20040907_id405624-E19-4" TYPE="NAM" PRIMARY="false" ROLE="ORG" METONYMY_MENTION="FALSE">
        <extent>
          <charseq START="2238" END="2252">dalla Provincia</charseq>
        </extent>
        <head>
          <charseq START="2244" END="2252">Provincia</charseq>
        </head>
      </entity_mention>
      <entity_mention ID="adige20040907_id405624-E19-5" TYPE="NOM" PRIMARY="false" ROLE="LOC" METONYMY_MENTION="FALSE">
        <extent>
          <charseq START="1736" END="1766">tutto il territorio provinciale</charseq>
        </extent>
        <head>
          <charseq START="1745" END="1754">territorio</charseq>
        </head>
      </entity_mention>
      <entity_attributes>
        <name NAME="provincia di Trento">
          <charseq START="1601" END="1619">provincia di Trento</charseq>
        </name>
        <name NAME="Provincia">
          <charseq START="2244" END="2252">Provincia</charseq>
        </name>
      </entity_attributes>
    </entity>
    <entity ID="adige20040907_id405624-E20" TYPE="GPE" SUBTYPE="Population-Center" CLASS="SPC">
      <entity_mention ID="adige20040907_id405624-E20-1" TYPE="NAM" PRIMARY="true" ROLE="LOC" METONYMY_MENTION="FALSE">
        <extent>
          <charseq START="1915" END="1922">Rovereto</charseq>
        </extent>
        <head>
          <charseq START="1915" END="1922">Rovereto</charseq>
        </head>
      </entity_mention>
      <entity_attributes>
        <name NAME="Rovereto">
          <charseq START="1915" END="1922">Rovereto</charseq>
        </name>
      </entity_attributes>
    </entity>
    <entity ID="adige20040907_id405624-E21" TYPE="GPE" SUBTYPE="Population-Center" CLASS="SPC">
      <entity_mention ID="adige20040907_id405624-E21-1" TYPE="NAM" PRIMARY="true" ROLE="LOC" METONYMY_MENTION="FALSE">
        <extent>
          <charseq START="1926" END="1931">Trento</charseq>
        </extent>
        <head>
          <charseq START="1926" END="1931">Trento</charseq>
        </head>
      </entity_mention>
      <entity_mention ID="adige20040907_id405624-E21-2" TYPE="NAM" PRIMARY="false" ROLE="LOC" METONYMY_MENTION="FALSE">
        <extent>
          <charseq START="2288" END="2293">Trento</charseq>
        </extent>
        <head>
          <charseq START="2288" END="2293">Trento</charseq>
        </head>
      </entity_mention>
      <entity_mention ID="adige20040907_id405624-E21-3" TYPE="NOM" PRIMARY="false" ROLE="LOC" METONYMY_MENTION="FALSE">
        <extent>
          <charseq START="2810" END="2814">città</charseq>
        </extent>
        <head>
          <charseq START="2810" END="2814">città</charseq>
        </head>
      </entity_mention>
      <entity_attributes>
        <name NAME="Trento">
          <charseq START="1926" END="1931">Trento</charseq>
        </name>
        <name NAME="Trento">
          <charseq START="2288" END="2293">Trento</charseq>
        </name>
      </entity_attributes>
    </entity>
    <entity ID="adige20040907_id405624-E22" TYPE="GPE" SUBTYPE="Population-Center" CLASS="SPC">
      <entity_mention ID="adige20040907_id405624-E22-1" TYPE="NAM" PRIMARY="true" ROLE="LOC" METONYMY_MENTION="FALSE">
        <extent>
          <charseq START="2309" END="2323">Borgo Valsugana</charseq>
        </extent>
        <head>
          <charseq START="2309" END="2323">Borgo Valsugana</charseq>
        </head>
      </entity_mention>
      <entity_attributes>
        <name NAME="Borgo Valsugana">
          <charseq START="2309" END="2323">Borgo Valsugana</charseq>
        </name>
      </entity_attributes>
    </entity>
  </document>
</source_file>
