<?xml version="1.0" encoding="UTF-8"?>
<!DOCTYPE source_file PUBLIC "SYSTEM" "apf.v5.2.0.dtd">

<source_file URI="adige20040907_id405607.txt" SOURCE="unknown" TYPE="text" VERSION="5.0" AUTHOR="Evalita" ENCODING="UTF-8">
  <document DOCID="adige20040907_id405607">
    <entity ID="adige20040907_id405607-E1" TYPE="PER" SUBTYPE="Individual" CLASS="SPC">
      <entity_mention ID="adige20040907_id405607-E1-2" TYPE="NAM" PRIMARY="true" METONYMY_MENTION="FALSE">
        <extent>
          <charseq START="120" END="134">Davide Ognibene</charseq>
        </extent>
        <head>
          <charseq START="120" END="134">Davide Ognibene</charseq>
        </head>
      </entity_mention>
      <entity_attributes>
        <name NAME="Davide Ognibene">
          <charseq START="120" END="134">Davide Ognibene</charseq>
        </name>
      </entity_attributes>
    </entity>
    <entity ID="adige20040907_id405607-E2" TYPE="PER" SUBTYPE="Individual" CLASS="SPC">
      <entity_mention ID="adige20040907_id405607-E2-2" TYPE="NAM" PRIMARY="true" METONYMY_MENTION="FALSE">
        <extent>
          <charseq START="138" END="158">Giuseppe De Benedetto</charseq>
        </extent>
        <head>
          <charseq START="138" END="158">Giuseppe De Benedetto</charseq>
        </head>
      </entity_mention>
      <entity_attributes>
        <name NAME="Giuseppe De Benedetto">
          <charseq START="138" END="158">Giuseppe De Benedetto</charseq>
        </name>
      </entity_attributes>
    </entity>
    <entity ID="adige20040907_id405607-E4" TYPE="PER" SUBTYPE="Individual" CLASS="SPC">
      <entity_mention ID="adige20040907_id405607-E4-2" TYPE="NOM" PRIMARY="true" METONYMY_MENTION="FALSE">
        <extent>
          <charseq START="190" END="210">il comandante dei Nas</charseq>
        </extent>
        <head>
          <charseq START="193" END="202">comandante</charseq>
        </head>
      </entity_mention>
    </entity>
    <entity ID="adige20040907_id405607-E5" TYPE="PER" SUBTYPE="Individual" CLASS="SPC">
      <entity_mention ID="adige20040907_id405607-E5-2" TYPE="NOM" PRIMARY="true" METONYMY_MENTION="FALSE">
        <extent>
          <charseq START="438" END="466">una paziente malata di tumore</charseq>
        </extent>
        <head>
          <charseq START="442" END="449">paziente</charseq>
        </head>
      </entity_mention>
      <entity_mention ID="adige20040907_id405607-E5-4" TYPE="NOM" PRIMARY="false" METONYMY_MENTION="FALSE">
        <extent>
          <charseq START="600" END="610">della donna</charseq>
        </extent>
        <head>
          <charseq START="606" END="610">donna</charseq>
        </head>
      </entity_mention>
      <entity_mention ID="adige20040907_id405607-E5-6" TYPE="NOM" PRIMARY="false" METONYMY_MENTION="FALSE">
        <extent>
          <charseq START="1054" END="1061">la donna</charseq>
        </extent>
        <head>
          <charseq START="1057" END="1061">donna</charseq>
        </head>
      </entity_mention>
    </entity>
    <entity ID="adige20040907_id405607-E6" TYPE="PER" SUBTYPE="Group" CLASS="SPC">
      <entity_mention ID="adige20040907_id405607-E6-2" TYPE="NOM" PRIMARY="true" METONYMY_MENTION="FALSE">
        <extent>
          <charseq START="532" END="545">Gli inquirenti</charseq>
        </extent>
        <head>
          <charseq START="536" END="545">inquirenti</charseq>
        </head>
      </entity_mention>
    </entity>
    <entity ID="adige20040907_id405607-E7" TYPE="PER" SUBTYPE="Group" CLASS="USP">
      <entity_mention ID="adige20040907_id405607-E7-2" TYPE="NOM" PRIMARY="true" METONYMY_MENTION="FALSE">
        <extent>
          <charseq START="712" END="725">identificabili</charseq>
        </extent>
        <head>
          <charseq START="712" END="725">identificabili</charseq>
        </head>
      </entity_mention>
    </entity>
    <entity ID="adige20040907_id405607-E8" TYPE="PER" SUBTYPE="Indefinite" CLASS="USP">
      <entity_mention ID="adige20040907_id405607-E8-2" TYPE="NOM" PRIMARY="true" METONYMY_MENTION="FALSE">
        <extent>
          <charseq START="772" END="779">indagati</charseq>
        </extent>
        <head>
          <charseq START="772" END="779">indagati</charseq>
        </head>
      </entity_mention>
    </entity>
    <entity ID="adige20040907_id405607-E9" TYPE="PER" SUBTYPE="Group" CLASS="SPC">
      <entity_mention ID="adige20040907_id405607-E9-2" TYPE="NAM" PRIMARY="true" METONYMY_MENTION="FALSE">
        <extent>
          <charseq START="120" END="158">Davide Ognibene e Giuseppe De Benedetto</charseq>
        </extent>
        <head>
          <charseq START="120" END="158">Davide Ognibene e Giuseppe De Benedetto</charseq>
        </head>
      </entity_mention>
      <entity_mention ID="adige20040907_id405607-E9-4" TYPE="NOM" PRIMARY="false" METONYMY_MENTION="FALSE">
        <extent>
          <charseq START="99" END="118">i pubblici ministeri</charseq>
        </extent>
        <head>
          <charseq START="110" END="118">ministeri</charseq>
        </head>
      </entity_mention>
      <entity_mention ID="adige20040907_id405607-E9-6" TYPE="NOM" PRIMARY="false" METONYMY_MENTION="FALSE">
        <extent>
          <charseq START="99" END="158">i pubblici ministeri Davide Ognibene e Giuseppe De Benedetto</charseq>
        </extent>
        <head>
          <charseq START="99" END="158">i pubblici ministeri Davide Ognibene e Giuseppe De Benedetto</charseq>
        </head>
      </entity_mention>
      <entity_attributes>
        <name NAME="Davide Ognibene e Giuseppe De Benedetto">
          <charseq START="120" END="158">Davide Ognibene e Giuseppe De Benedetto</charseq>
        </name>
      </entity_attributes>
    </entity>
    <entity ID="adige20040907_id405607-E11" TYPE="ORG" SUBTYPE="Government" CLASS="SPC">
      <entity_mention ID="adige20040907_id405607-E11-1" TYPE="NAM" PRIMARY="true" METONYMY_MENTION="FALSE">
        <extent>
          <charseq START="204" END="210">dei Nas</charseq>
        </extent>
        <head>
          <charseq START="208" END="210">Nas</charseq>
        </head>
      </entity_mention>
      <entity_attributes>
        <name NAME="Nas">
          <charseq START="208" END="210">Nas</charseq>
        </name>
      </entity_attributes>
    </entity>
    <entity ID="adige20040907_id405607-E12" TYPE="GPE" SUBTYPE="Population-Center" CLASS="SPC">
      <entity_mention ID="adige20040907_id405607-E12-1" TYPE="NAM" PRIMARY="true" ROLE="LOC" METONYMY_MENTION="FALSE">
        <extent>
          <charseq START="1100" END="1106">Bologna</charseq>
        </extent>
        <head>
          <charseq START="1100" END="1106">Bologna</charseq>
        </head>
      </entity_mention>
      <entity_attributes>
        <name NAME="Bologna">
          <charseq START="1100" END="1106">Bologna</charseq>
        </name>
      </entity_attributes>
    </entity>
  </document>
</source_file>
