<?xml version="1.0" encoding="UTF-8"?>
<!DOCTYPE source_file PUBLIC "SYSTEM" "apf.v5.2.0.dtd">

<source_file URI="adige20040907_id405623.txt" SOURCE="unknown" TYPE="text" VERSION="5.0" AUTHOR="Evalita" ENCODING="UTF-8">
  <document DOCID="adige20040907_id405623">
    <entity ID="adige20040907_id405623-E1" TYPE="PER" SUBTYPE="Individual" CLASS="SPC">
      <entity_mention ID="adige20040907_id405623-E1-1" TYPE="NAM" PRIMARY="true" METONYMY_MENTION="FALSE">
        <extent>
          <charseq START="265" END="281">Claudio Albertani</charseq>
        </extent>
        <head>
          <charseq START="265" END="281">Claudio Albertani</charseq>
        </head>
      </entity_mention>
      <entity_mention ID="adige20040907_id405623-E1-2" TYPE="NOM" PRIMARY="false" METONYMY_MENTION="FALSE">
        <extent>
          <charseq START="253" END="263">il geometra</charseq>
        </extent>
        <head>
          <charseq START="256" END="263">geometra</charseq>
        </head>
      </entity_mention>
      <entity_mention ID="adige20040907_id405623-E1-3" TYPE="NAM" PRIMARY="false" METONYMY_MENTION="FALSE">
        <extent>
          <charseq START="1310" END="1318">Albertani</charseq>
        </extent>
        <head>
          <charseq START="1310" END="1318">Albertani</charseq>
        </head>
      </entity_mention>
      <entity_mention ID="adige20040907_id405623-E1-4" TYPE="NOM" PRIMARY="false" METONYMY_MENTION="FALSE">
        <extent>
          <charseq START="253" END="281">il geometra Claudio Albertani</charseq>
        </extent>
        <head>
          <charseq START="253" END="281">il geometra Claudio Albertani</charseq>
        </head>
      </entity_mention>
      <entity_attributes>
        <name NAME="Claudio Albertani">
          <charseq START="265" END="281">Claudio Albertani</charseq>
        </name>
        <name NAME="Albertani">
          <charseq START="1310" END="1318">Albertani</charseq>
        </name>
      </entity_attributes>
    </entity>
    <entity ID="adige20040907_id405623-E2" TYPE="PER" SUBTYPE="Group" CLASS="GEN">
      <entity_mention ID="adige20040907_id405623-E2-1" TYPE="NOM" PRIMARY="true" METONYMY_MENTION="FALSE">
        <extent>
          <charseq START="525" END="531">persona</charseq>
        </extent>
        <head>
          <charseq START="525" END="531">persona</charseq>
        </head>
      </entity_mention>
    </entity>
    <entity ID="adige20040907_id405623-E3" TYPE="PER" SUBTYPE="Group" CLASS="SPC">
      <entity_mention ID="adige20040907_id405623-E3-1" TYPE="NOM" PRIMARY="true" METONYMY_MENTION="FALSE">
        <extent>
          <charseq START="577" END="679">ragazzi che - forse per divertimento - fermati dai controllori fornivano informazioni anagrafiche false</charseq>
        </extent>
        <head>
          <charseq START="577" END="583">ragazzi</charseq>
        </head>
      </entity_mention>
      <entity_mention ID="adige20040907_id405623-E3-2" TYPE="PRO" PRIMARY="false" METONYMY_MENTION="FALSE">
        <extent>
          <charseq START="585" END="587">che</charseq>
        </extent>
        <head>
          <charseq START="585" END="587">che</charseq>
        </head>
      </entity_mention>
      <entity_mention ID="adige20040907_id405623-E3-3" TYPE="NOM" PRIMARY="false" METONYMY_MENTION="FALSE">
        <extent>
          <charseq START="777" END="786">il fermato</charseq>
        </extent>
        <head>
          <charseq START="780" END="786">fermato</charseq>
        </head>
      </entity_mention>
    </entity>
    <entity ID="adige20040907_id405623-E4" TYPE="PER" SUBTYPE="Group" CLASS="SPC">
      <entity_mention ID="adige20040907_id405623-E4-1" TYPE="NOM" PRIMARY="true" METONYMY_MENTION="FALSE">
        <extent>
          <charseq START="624" END="638">dai controllori</charseq>
        </extent>
        <head>
          <charseq START="628" END="638">controllori</charseq>
        </head>
      </entity_mention>
      <entity_mention ID="adige20040907_id405623-E4-2" TYPE="NOM" PRIMARY="false" METONYMY_MENTION="FALSE">
        <extent>
          <charseq START="696" END="729">i dipendenti di Trentino trasporti</charseq>
        </extent>
        <head>
          <charseq START="698" END="707">dipendenti</charseq>
        </head>
      </entity_mention>
    </entity>
    <entity ID="adige20040907_id405623-E6" TYPE="PER" SUBTYPE="Group" CLASS="SPC">
      <entity_mention ID="adige20040907_id405623-E6-1" TYPE="NOM" PRIMARY="true" METONYMY_MENTION="FALSE">
        <extent>
          <charseq START="1060" END="1088">agli involontari protagonisti</charseq>
        </extent>
        <head>
          <charseq START="1077" END="1088">protagonisti</charseq>
        </head>
      </entity_mention>
      <entity_mention ID="adige20040907_id405623-E6-2" TYPE="NOM" PRIMARY="false" METONYMY_MENTION="FALSE">
        <extent>
          <charseq START="1165" END="1202">la vittima di uno scherzo così sciocco</charseq>
        </extent>
        <head>
          <charseq START="1168" END="1174">vittima</charseq>
        </head>
      </entity_mention>
      <entity_mention ID="adige20040907_id405623-E6-3" TYPE="NOM" PRIMARY="false" METONYMY_MENTION="FALSE">
        <extent>
          <charseq START="1602" END="1631">ignari e incolpevoli cittadini</charseq>
        </extent>
        <head>
          <charseq START="1623" END="1631">cittadini</charseq>
        </head>
      </entity_mention>
    </entity>
    <entity ID="adige20040907_id405623-E7" TYPE="PER" SUBTYPE="Indefinite" CLASS="SPC">
      <entity_mention ID="adige20040907_id405623-E7-1" TYPE="PRO" PRIMARY="true" METONYMY_MENTION="FALSE">
        <extent>
          <charseq START="1378" END="1405">chi ha commesso l'infrazione</charseq>
        </extent>
        <head>
          <charseq START="1378" END="1380">chi</charseq>
        </head>
      </entity_mention>
    </entity>
    <entity ID="adige20040907_id405623-E8" TYPE="PER" SUBTYPE="Group" CLASS="SPC">
      <entity_mention ID="adige20040907_id405623-E8-1" TYPE="NOM" PRIMARY="true" METONYMY_MENTION="FALSE">
        <extent>
          <charseq START="1448" END="1458">dei multati</charseq>
        </extent>
        <head>
          <charseq START="1452" END="1458">multati</charseq>
        </head>
      </entity_mention>
    </entity>
    <entity ID="adige20040907_id405623-E10" TYPE="ORG" SUBTYPE="Government" CLASS="SPC">
      <entity_mention ID="adige20040907_id405623-E10-2" TYPE="NAM" PRIMARY="true" METONYMY_MENTION="FALSE">
        <extent>
          <charseq START="225" END="251">Al Servizio reti del Comune</charseq>
        </extent>
        <head>
          <charseq START="228" END="240">Servizio reti</charseq>
        </head>
      </entity_mention>
      <entity_mention ID="adige20040907_id405623-E10-3" TYPE="PRO" PRIMARY="false" METONYMY_MENTION="FALSE">
        <extent>
          <charseq START="1462" END="1464">noi</charseq>
        </extent>
        <head>
          <charseq START="1462" END="1464">noi</charseq>
        </head>
      </entity_mention>
      <entity_mention ID="adige20040907_id405623-E10-4" TYPE="PRO" PRIMARY="false" METONYMY_MENTION="FALSE">
        <extent>
          <charseq START="1480" END="1485">nostri</charseq>
        </extent>
        <head>
          <charseq START="1480" END="1485">nostri</charseq>
        </head>
      </entity_mention>
      <entity_attributes>
        <name NAME="Servizio reti">
          <charseq START="228" END="240">Servizio reti</charseq>
        </name>
      </entity_attributes>
    </entity>
    <entity ID="adige20040907_id405623-E12" TYPE="ORG" SUBTYPE="Commercial" CLASS="SPC">
      <entity_mention ID="adige20040907_id405623-E12-2" TYPE="NAM" PRIMARY="true" METONYMY_MENTION="FALSE">
        <extent>
          <charseq START="712" END="729">Trentino trasporti</charseq>
        </extent>
        <head>
          <charseq START="712" END="729">Trentino trasporti</charseq>
        </head>
      </entity_mention>
      <entity_mention ID="adige20040907_id405623-E12-4" TYPE="NAM" PRIMARY="false" METONYMY_MENTION="FALSE">
        <extent>
          <charseq START="1410" END="1427">Trentino trasporti</charseq>
        </extent>
        <head>
          <charseq START="1410" END="1427">Trentino trasporti</charseq>
        </head>
      </entity_mention>
      <entity_attributes>
        <name NAME="Trentino trasporti">
          <charseq START="712" END="729">Trentino trasporti</charseq>
        </name>
        <name NAME="Trentino trasporti">
          <charseq START="1410" END="1427">Trentino trasporti</charseq>
        </name>
      </entity_attributes>
    </entity>
    <entity ID="adige20040907_id405623-E13" TYPE="ORG" SUBTYPE="Media" CLASS="SPC">
      <entity_mention ID="adige20040907_id405623-E13-1" TYPE="NAM" PRIMARY="true" METONYMY_MENTION="FALSE">
        <extent>
          <charseq START="337" END="343">l'Adige</charseq>
        </extent>
        <head>
          <charseq START="337" END="343">l'Adige</charseq>
        </head>
      </entity_mention>
      <entity_attributes>
        <name NAME="l'Adige">
          <charseq START="337" END="343">l'Adige</charseq>
        </name>
      </entity_attributes>
    </entity>
    <entity ID="adige20040907_id405623-E14" TYPE="GPE" SUBTYPE="County-or-District" CLASS="SPC">
      <entity_mention ID="adige20040907_id405623-E14-1" TYPE="NAM" PRIMARY="true" ROLE="ORG" METONYMY_MENTION="FALSE">
        <extent>
          <charseq START="242" END="251">del Comune</charseq>
        </extent>
        <head>
          <charseq START="246" END="251">Comune</charseq>
        </head>
      </entity_mention>
      <entity_mention ID="adige20040907_id405623-E14-2" TYPE="NAM" PRIMARY="false" ROLE="ORG" METONYMY_MENTION="FALSE">
        <extent>
          <charseq START="377" END="382">Comune</charseq>
        </extent>
        <head>
          <charseq START="377" END="382">Comune</charseq>
        </head>
      </entity_mention>
      <entity_mention ID="adige20040907_id405623-E14-3" TYPE="NAM" PRIMARY="false" ROLE="ORG" METONYMY_MENTION="FALSE">
        <extent>
          <charseq START="960" END="965">Comune</charseq>
        </extent>
        <head>
          <charseq START="960" END="965">Comune</charseq>
        </head>
      </entity_mention>
      <entity_mention ID="adige20040907_id405623-E14-4" TYPE="NAM" PRIMARY="false" ROLE="ORG" METONYMY_MENTION="FALSE">
        <extent>
          <charseq START="75" END="83">Il Comune</charseq>
        </extent>
        <head>
          <charseq START="78" END="83">Comune</charseq>
        </head>
      </entity_mention>
      <entity_attributes>
        <name NAME="Comune">
          <charseq START="246" END="251">Comune</charseq>
        </name>
        <name NAME="Comune">
          <charseq START="377" END="382">Comune</charseq>
        </name>
        <name NAME="Comune">
          <charseq START="960" END="965">Comune</charseq>
        </name>
        <name NAME="Comune">
          <charseq START="78" END="83">Comune</charseq>
        </name>
      </entity_attributes>
    </entity>
  </document>
</source_file>
