<?xml version="1.0" encoding="UTF-8"?>
<!DOCTYPE source_file PUBLIC "SYSTEM" "apf.v5.2.0.dtd">

<source_file URI="adige20040907_id405613.txt" SOURCE="unknown" TYPE="text" VERSION="5.0" AUTHOR="Evalita" ENCODING="UTF-8">
  <document DOCID="adige20040907_id405613">
    <entity ID="adige20040907_id405613-E1" TYPE="PER" SUBTYPE="Individual" CLASS="SPC">
      <entity_mention ID="adige20040907_id405613-E1-2" TYPE="NAM" PRIMARY="true" METONYMY_MENTION="FALSE">
        <extent>
          <charseq START="408" END="424">Roberto Calderoli</charseq>
        </extent>
        <head>
          <charseq START="408" END="424">Roberto Calderoli</charseq>
        </head>
      </entity_mention>
      <entity_mention ID="adige20040907_id405613-E1-4" TYPE="NOM" PRIMARY="false" METONYMY_MENTION="FALSE">
        <extent>
          <charseq START="395" END="406">del ministro</charseq>
        </extent>
        <head>
          <charseq START="399" END="406">ministro</charseq>
        </head>
      </entity_mention>
      <entity_mention ID="adige20040907_id405613-E1-6" TYPE="NOM" PRIMARY="false" METONYMY_MENTION="FALSE">
        <extent>
          <charseq START="395" END="424">del ministro Roberto Calderoli</charseq>
        </extent>
        <head>
          <charseq START="395" END="424">del ministro Roberto Calderoli</charseq>
        </head>
      </entity_mention>
      <entity_mention ID="adige20040907_id405613-E1-8" TYPE="NOM" PRIMARY="false" METONYMY_MENTION="FALSE">
        <extent>
          <charseq START="526" END="543">al padrone di casa</charseq>
        </extent>
        <head>
          <charseq START="529" END="535">padrone</charseq>
        </head>
      </entity_mention>
      <entity_mention ID="adige20040907_id405613-E1-10" TYPE="NOM" PRIMARY="false" METONYMY_MENTION="FALSE">
        <extent>
          <charseq START="558" END="597">lo stesso esponente leghista del governo</charseq>
        </extent>
        <head>
          <charseq START="568" END="576">esponente</charseq>
        </head>
      </entity_mention>
      <entity_mention ID="adige20040907_id405613-E1-12" TYPE="PRO" PRIMARY="false" METONYMY_MENTION="FALSE">
        <extent>
          <charseq START="600" END="602">che</charseq>
        </extent>
        <head>
          <charseq START="600" END="602">che</charseq>
        </head>
      </entity_mention>
      <entity_mention ID="adige20040907_id405613-E1-14" TYPE="NAM" PRIMARY="false" METONYMY_MENTION="FALSE">
        <extent>
          <charseq START="1147" END="1155">Calderoli</charseq>
        </extent>
        <head>
          <charseq START="1147" END="1155">Calderoli</charseq>
        </head>
      </entity_mention>
      <entity_mention ID="adige20040907_id405613-E1-16" TYPE="NAM" PRIMARY="false" METONYMY_MENTION="FALSE">
        <extent>
          <charseq START="2251" END="2259">Calderoli</charseq>
        </extent>
        <head>
          <charseq START="2251" END="2259">Calderoli</charseq>
        </head>
      </entity_mention>
      <entity_mention ID="adige20040907_id405613-E1-18" TYPE="NOM" PRIMARY="false" METONYMY_MENTION="FALSE">
        <extent>
          <charseq START="2239" END="2249">al ministro</charseq>
        </extent>
        <head>
          <charseq START="2242" END="2249">ministro</charseq>
        </head>
      </entity_mention>
      <entity_mention ID="adige20040907_id405613-E1-20" TYPE="NOM" PRIMARY="false" METONYMY_MENTION="FALSE">
        <extent>
          <charseq START="2239" END="2259">al ministro Calderoli</charseq>
        </extent>
        <head>
          <charseq START="2239" END="2259">al ministro Calderoli</charseq>
        </head>
      </entity_mention>
      <entity_mention ID="adige20040907_id405613-E1-22" TYPE="NAM" PRIMARY="false" METONYMY_MENTION="FALSE">
        <extent>
          <charseq START="3229" END="3237">Calderoli</charseq>
        </extent>
        <head>
          <charseq START="3229" END="3237">Calderoli</charseq>
        </head>
      </entity_mention>
      <entity_mention ID="adige20040907_id405613-E1-24" TYPE="NOM" PRIMARY="false" METONYMY_MENTION="FALSE">
        <extent>
          <charseq START="3217" END="3227">il ministro</charseq>
        </extent>
        <head>
          <charseq START="3220" END="3227">ministro</charseq>
        </head>
      </entity_mention>
      <entity_mention ID="adige20040907_id405613-E1-26" TYPE="NOM" PRIMARY="false" METONYMY_MENTION="FALSE">
        <extent>
          <charseq START="3217" END="3237">il ministro Calderoli</charseq>
        </extent>
        <head>
          <charseq START="3217" END="3237">il ministro Calderoli</charseq>
        </head>
      </entity_mention>
      <entity_mention ID="adige20040907_id405613-E1-28" TYPE="NAM" PRIMARY="false" METONYMY_MENTION="FALSE">
        <extent>
          <charseq START="3500" END="3508">Calderoli</charseq>
        </extent>
        <head>
          <charseq START="3500" END="3508">Calderoli</charseq>
        </head>
      </entity_mention>
      <entity_mention ID="adige20040907_id405613-E1-30" TYPE="NOM" PRIMARY="false" METONYMY_MENTION="FALSE">
        <extent>
          <charseq START="3984" END="3994">al ministro</charseq>
        </extent>
        <head>
          <charseq START="3987" END="3994">ministro</charseq>
        </head>
      </entity_mention>
      <entity_mention ID="adige20040907_id405613-E1-32" TYPE="NOM" PRIMARY="false" METONYMY_MENTION="FALSE">
        <extent>
          <charseq START="4335" END="4346">dal ministro</charseq>
        </extent>
        <head>
          <charseq START="4339" END="4346">ministro</charseq>
        </head>
      </entity_mention>
      <entity_mention ID="adige20040907_id405613-E1-34" TYPE="NAM" PRIMARY="false" METONYMY_MENTION="FALSE">
        <extent>
          <charseq START="58" END="66">Calderoli</charseq>
        </extent>
        <head>
          <charseq START="58" END="66">Calderoli</charseq>
        </head>
      </entity_mention>
      <entity_mention ID="adige20040907_id405613-E1-36" TYPE="NOM" PRIMARY="false" METONYMY_MENTION="FALSE">
        <extent>
          <charseq START="46" END="56">il leghista</charseq>
        </extent>
        <head>
          <charseq START="49" END="56">leghista</charseq>
        </head>
      </entity_mention>
      <entity_mention ID="adige20040907_id405613-E1-38" TYPE="NOM" PRIMARY="false" METONYMY_MENTION="FALSE">
        <extent>
          <charseq START="46" END="66">il leghista Calderoli</charseq>
        </extent>
        <head>
          <charseq START="46" END="66">il leghista Calderoli</charseq>
        </head>
      </entity_mention>
      <entity_mention ID="adige20040907_id405613-E1-40" TYPE="NOM" PRIMARY="false" METONYMY_MENTION="FALSE">
        <extent>
          <charseq START="171" END="182">dal ministro</charseq>
        </extent>
        <head>
          <charseq START="175" END="182">ministro</charseq>
        </head>
      </entity_mention>
      <entity_mention ID="adige20040907_id405613-E1-42" TYPE="NOM" PRIMARY="false" METONYMY_MENTION="FALSE">
        <extent>
          <charseq START="321" END="342">il successore di Bossi</charseq>
        </extent>
        <head>
          <charseq START="324" END="333">successore</charseq>
        </head>
      </entity_mention>
      <entity_attributes>
        <name NAME="Roberto Calderoli">
          <charseq START="408" END="424">Roberto Calderoli</charseq>
        </name>
        <name NAME="Calderoli">
          <charseq START="1147" END="1155">Calderoli</charseq>
        </name>
        <name NAME="Calderoli">
          <charseq START="2251" END="2259">Calderoli</charseq>
        </name>
        <name NAME="Calderoli">
          <charseq START="3229" END="3237">Calderoli</charseq>
        </name>
        <name NAME="Calderoli">
          <charseq START="3500" END="3508">Calderoli</charseq>
        </name>
        <name NAME="Calderoli">
          <charseq START="58" END="66">Calderoli</charseq>
        </name>
      </entity_attributes>
    </entity>
    <entity ID="adige20040907_id405613-E2" TYPE="PER" SUBTYPE="Individual" CLASS="SPC">
      <entity_mention ID="adige20040907_id405613-E2-2" TYPE="NAM" PRIMARY="true" METONYMY_MENTION="FALSE">
        <extent>
          <charseq START="625" END="629">Bossi</charseq>
        </extent>
        <head>
          <charseq START="625" END="629">Bossi</charseq>
        </head>
      </entity_mention>
      <entity_mention ID="adige20040907_id405613-E2-4" TYPE="NAM" PRIMARY="false" METONYMY_MENTION="FALSE">
        <extent>
          <charseq START="338" END="342">Bossi</charseq>
        </extent>
        <head>
          <charseq START="338" END="342">Bossi</charseq>
        </head>
      </entity_mention>
      <entity_attributes>
        <name NAME="Bossi">
          <charseq START="625" END="629">Bossi</charseq>
        </name>
        <name NAME="Bossi">
          <charseq START="338" END="342">Bossi</charseq>
        </name>
      </entity_attributes>
    </entity>
    <entity ID="adige20040907_id405613-E3" TYPE="PER" SUBTYPE="Indefinite" CLASS="SPC">
      <entity_mention ID="adige20040907_id405613-E3-2" TYPE="NOM" PRIMARY="true" METONYMY_MENTION="FALSE">
        <extent>
          <charseq START="657" END="751">i presidenti delle giunte e delle assemblee legislative delle cinque regioni a statuto speciale</charseq>
        </extent>
        <head>
          <charseq START="659" END="668">presidenti</charseq>
        </head>
      </entity_mention>
      <entity_mention ID="adige20040907_id405613-E3-4" TYPE="NOM" PRIMARY="false" METONYMY_MENTION="FALSE">
        <extent>
          <charseq START="2205" END="2216">I presidenti</charseq>
        </extent>
        <head>
          <charseq START="2207" END="2216">presidenti</charseq>
        </head>
      </entity_mention>
      <entity_mention ID="adige20040907_id405613-E3-6" TYPE="NOM" PRIMARY="false" METONYMY_MENTION="FALSE">
        <extent>
          <charseq START="2575" END="2586">i presidenti</charseq>
        </extent>
        <head>
          <charseq START="2577" END="2586">presidenti</charseq>
        </head>
      </entity_mention>
      <entity_mention ID="adige20040907_id405613-E3-8" TYPE="NOM" PRIMARY="false" METONYMY_MENTION="FALSE">
        <extent>
          <charseq START="2933" END="2946">dei presidenti</charseq>
        </extent>
        <head>
          <charseq START="2937" END="2946">presidenti</charseq>
        </head>
      </entity_mention>
      <entity_mention ID="adige20040907_id405613-E3-10" TYPE="NOM" PRIMARY="false" METONYMY_MENTION="FALSE">
        <extent>
          <charseq START="3203" END="3214">i presidenti</charseq>
        </extent>
        <head>
          <charseq START="3205" END="3214">presidenti</charseq>
        </head>
      </entity_mention>
      <entity_mention ID="adige20040907_id405613-E3-12" TYPE="NOM" PRIMARY="false" METONYMY_MENTION="FALSE">
        <extent>
          <charseq START="3562" END="3589">dei presidenti delle regioni</charseq>
        </extent>
        <head>
          <charseq START="3566" END="3575">presidenti</charseq>
        </head>
      </entity_mention>
      <entity_mention ID="adige20040907_id405613-E3-14" TYPE="NOM" PRIMARY="false" METONYMY_MENTION="FALSE">
        <extent>
          <charseq START="228" END="239">I presidenti</charseq>
        </extent>
        <head>
          <charseq START="230" END="239">presidenti</charseq>
        </head>
      </entity_mention>
      <entity_mention ID="adige20040907_id405613-E3-16" TYPE="PRO" PRIMARY="false" METONYMY_MENTION="FALSE">
        <extent>
          <charseq START="210" END="212">noi</charseq>
        </extent>
        <head>
          <charseq START="210" END="212">noi</charseq>
        </head>
      </entity_mention>
    </entity>
    <entity ID="adige20040907_id405613-E4" TYPE="PER" SUBTYPE="Individual" CLASS="SPC">
      <entity_mention ID="adige20040907_id405613-E4-2" TYPE="NAM" PRIMARY="true" METONYMY_MENTION="FALSE">
        <extent>
          <charseq START="813" END="826">Lorenzo Dellai</charseq>
        </extent>
        <head>
          <charseq START="813" END="826">Lorenzo Dellai</charseq>
        </head>
      </entity_mention>
      <entity_mention ID="adige20040907_id405613-E4-4" TYPE="NOM" PRIMARY="false" METONYMY_MENTION="FALSE">
        <extent>
          <charseq START="789" END="811">il capo della Provincia</charseq>
        </extent>
        <head>
          <charseq START="792" END="795">capo</charseq>
        </head>
      </entity_mention>
      <entity_mention ID="adige20040907_id405613-E4-6" TYPE="NOM" PRIMARY="false" METONYMY_MENTION="FALSE">
        <extent>
          <charseq START="789" END="826">il capo della Provincia Lorenzo Dellai</charseq>
        </extent>
        <head>
          <charseq START="789" END="826">il capo della Provincia Lorenzo Dellai</charseq>
        </head>
      </entity_mention>
      <entity_mention ID="adige20040907_id405613-E4-8" TYPE="NAM" PRIMARY="false" METONYMY_MENTION="FALSE">
        <extent>
          <charseq START="2006" END="2011">Dellai</charseq>
        </extent>
        <head>
          <charseq START="2006" END="2011">Dellai</charseq>
        </head>
      </entity_mention>
      <entity_mention ID="adige20040907_id405613-E4-10" TYPE="NAM" PRIMARY="false" METONYMY_MENTION="FALSE">
        <extent>
          <charseq START="142" END="147">Dellai</charseq>
        </extent>
        <head>
          <charseq START="142" END="147">Dellai</charseq>
        </head>
      </entity_mention>
      <entity_attributes>
        <name NAME="Lorenzo Dellai">
          <charseq START="813" END="826">Lorenzo Dellai</charseq>
        </name>
        <name NAME="Dellai">
          <charseq START="2006" END="2011">Dellai</charseq>
        </name>
        <name NAME="Dellai">
          <charseq START="142" END="147">Dellai</charseq>
        </name>
      </entity_attributes>
    </entity>
    <entity ID="adige20040907_id405613-E5" TYPE="PER" SUBTYPE="Individual" CLASS="SPC">
      <entity_mention ID="adige20040907_id405613-E5-2" TYPE="NAM" PRIMARY="true" METONYMY_MENTION="FALSE">
        <extent>
          <charseq START="869" END="881">Giacomo Bezzi</charseq>
        </extent>
        <head>
          <charseq START="869" END="881">Giacomo Bezzi</charseq>
        </head>
      </entity_mention>
      <entity_mention ID="adige20040907_id405613-E5-4" TYPE="NOM" PRIMARY="false" METONYMY_MENTION="FALSE">
        <extent>
          <charseq START="829" END="867">il presidente del Consiglio provinciale</charseq>
        </extent>
        <head>
          <charseq START="832" END="841">presidente</charseq>
        </head>
      </entity_mention>
      <entity_mention ID="adige20040907_id405613-E5-6" TYPE="NOM" PRIMARY="false" METONYMY_MENTION="FALSE">
        <extent>
          <charseq START="829" END="881">il presidente del Consiglio provinciale Giacomo Bezzi</charseq>
        </extent>
        <head>
          <charseq START="829" END="881">il presidente del Consiglio provinciale Giacomo Bezzi</charseq>
        </head>
      </entity_mention>
      <entity_mention ID="adige20040907_id405613-E5-8" TYPE="NAM" PRIMARY="false" METONYMY_MENTION="FALSE">
        <extent>
          <charseq START="2015" END="2019">Bezzi</charseq>
        </extent>
        <head>
          <charseq START="2015" END="2019">Bezzi</charseq>
        </head>
      </entity_mention>
      <entity_mention ID="adige20040907_id405613-E5-10" TYPE="NAM" PRIMARY="false" METONYMY_MENTION="FALSE">
        <extent>
          <charseq START="4278" END="4290">Giacomo Bezzi</charseq>
        </extent>
        <head>
          <charseq START="4278" END="4290">Giacomo Bezzi</charseq>
        </head>
      </entity_mention>
      <entity_mention ID="adige20040907_id405613-E5-12" TYPE="NOM" PRIMARY="false" METONYMY_MENTION="FALSE">
        <extent>
          <charseq START="4238" END="4276">il presidente del Consiglio provinciale</charseq>
        </extent>
        <head>
          <charseq START="4241" END="4250">presidente</charseq>
        </head>
      </entity_mention>
      <entity_mention ID="adige20040907_id405613-E5-14" TYPE="NOM" PRIMARY="false" METONYMY_MENTION="FALSE">
        <extent>
          <charseq START="4238" END="4290">il presidente del Consiglio provinciale Giacomo Bezzi</charseq>
        </extent>
        <head>
          <charseq START="4238" END="4290">il presidente del Consiglio provinciale Giacomo Bezzi</charseq>
        </head>
      </entity_mention>
      <entity_mention ID="adige20040907_id405613-E5-16" TYPE="NAM" PRIMARY="false" METONYMY_MENTION="FALSE">
        <extent>
          <charseq START="160" END="164">Bezzi</charseq>
        </extent>
        <head>
          <charseq START="160" END="164">Bezzi</charseq>
        </head>
      </entity_mention>
      <entity_attributes>
        <name NAME="Giacomo Bezzi">
          <charseq START="869" END="881">Giacomo Bezzi</charseq>
        </name>
        <name NAME="Bezzi">
          <charseq START="2015" END="2019">Bezzi</charseq>
        </name>
        <name NAME="Giacomo Bezzi">
          <charseq START="4278" END="4290">Giacomo Bezzi</charseq>
        </name>
        <name NAME="Bezzi">
          <charseq START="160" END="164">Bezzi</charseq>
        </name>
      </entity_attributes>
    </entity>
    <entity ID="adige20040907_id405613-E6" TYPE="PER" SUBTYPE="Individual" CLASS="SPC">
      <entity_mention ID="adige20040907_id405613-E6-2" TYPE="NAM" PRIMARY="true" METONYMY_MENTION="FALSE">
        <extent>
          <charseq START="923" END="935">Mario Magnani</charseq>
        </extent>
        <head>
          <charseq START="923" END="935">Mario Magnani</charseq>
        </head>
      </entity_mention>
      <entity_mention ID="adige20040907_id405613-E6-4" TYPE="NOM" PRIMARY="false" METONYMY_MENTION="FALSE">
        <extent>
          <charseq START="884" END="921">il presidente dell'assemblea regionale</charseq>
        </extent>
        <head>
          <charseq START="887" END="896">presidente</charseq>
        </head>
      </entity_mention>
      <entity_mention ID="adige20040907_id405613-E6-6" TYPE="NOM" PRIMARY="false" METONYMY_MENTION="FALSE">
        <extent>
          <charseq START="884" END="935">il presidente dell'assemblea regionale Mario Magnani</charseq>
        </extent>
        <head>
          <charseq START="884" END="935">il presidente dell'assemblea regionale Mario Magnani</charseq>
        </head>
      </entity_mention>
      <entity_mention ID="adige20040907_id405613-E6-8" TYPE="NAM" PRIMARY="false" METONYMY_MENTION="FALSE">
        <extent>
          <charseq START="150" END="156">Magnani</charseq>
        </extent>
        <head>
          <charseq START="150" END="156">Magnani</charseq>
        </head>
      </entity_mention>
      <entity_attributes>
        <name NAME="Mario Magnani">
          <charseq START="923" END="935">Mario Magnani</charseq>
        </name>
        <name NAME="Magnani">
          <charseq START="150" END="156">Magnani</charseq>
        </name>
      </entity_attributes>
    </entity>
    <entity ID="adige20040907_id405613-E7" TYPE="PER" SUBTYPE="Group" CLASS="SPC">
      <entity_mention ID="adige20040907_id405613-E7-2" TYPE="NOM" PRIMARY="true" METONYMY_MENTION="FALSE">
        <extent>
          <charseq START="1701" END="1716">dal centrodestra</charseq>
        </extent>
        <head>
          <charseq START="1705" END="1716">centrodestra</charseq>
        </head>
      </entity_mention>
    </entity>
    <entity ID="adige20040907_id405613-E8" TYPE="PER" SUBTYPE="Indefinite" CLASS="USP">
      <entity_mention ID="adige20040907_id405613-E8-2" TYPE="PRO" PRIMARY="true" METONYMY_MENTION="FALSE">
        <extent>
          <charseq START="1750" END="1751">si</charseq>
        </extent>
        <head>
          <charseq START="1750" END="1751">si</charseq>
        </head>
      </entity_mention>
    </entity>
    <entity ID="adige20040907_id405613-E9" TYPE="PER" SUBTYPE="Group" CLASS="GEN">
      <entity_mention ID="adige20040907_id405613-E9-2" TYPE="NOM" PRIMARY="true" METONYMY_MENTION="FALSE">
        <extent>
          <charseq START="2882" END="2912">dal presidente della Repubblica</charseq>
        </extent>
        <head>
          <charseq START="2886" END="2895">presidente</charseq>
        </head>
      </entity_mention>
    </entity>
    <entity ID="adige20040907_id405613-E10" TYPE="PER" SUBTYPE="Individual" CLASS="SPC">
      <entity_mention ID="adige20040907_id405613-E10-2" TYPE="NAM" PRIMARY="true" METONYMY_MENTION="FALSE">
        <extent>
          <charseq START="3264" END="3276">Sergio Divina</charseq>
        </extent>
        <head>
          <charseq START="3264" END="3276">Sergio Divina</charseq>
        </head>
      </entity_mention>
      <entity_mention ID="adige20040907_id405613-E10-4" TYPE="NOM" PRIMARY="false" METONYMY_MENTION="FALSE">
        <extent>
          <charseq START="3252" END="3262">il leghista</charseq>
        </extent>
        <head>
          <charseq START="3255" END="3262">leghista</charseq>
        </head>
      </entity_mention>
      <entity_mention ID="adige20040907_id405613-E10-6" TYPE="NOM" PRIMARY="false" METONYMY_MENTION="FALSE">
        <extent>
          <charseq START="3252" END="3276">il leghista Sergio Divina</charseq>
        </extent>
        <head>
          <charseq START="3252" END="3276">il leghista Sergio Divina</charseq>
        </head>
      </entity_mention>
      <entity_mention ID="adige20040907_id405613-E10-8" TYPE="NAM" PRIMARY="false" METONYMY_MENTION="FALSE">
        <extent>
          <charseq START="3447" END="3462">Lo stesso Divina</charseq>
        </extent>
        <head>
          <charseq START="3457" END="3462">Divina</charseq>
        </head>
      </entity_mention>
      <entity_mention ID="adige20040907_id405613-E10-10" TYPE="NAM" PRIMARY="false" METONYMY_MENTION="FALSE">
        <extent>
          <charseq START="3882" END="3887">Divina</charseq>
        </extent>
        <head>
          <charseq START="3882" END="3887">Divina</charseq>
        </head>
      </entity_mention>
      <entity_mention ID="adige20040907_id405613-E10-12" TYPE="NAM" PRIMARY="false" METONYMY_MENTION="FALSE">
        <extent>
          <charseq START="346" END="351">Divina</charseq>
        </extent>
        <head>
          <charseq START="346" END="351">Divina</charseq>
        </head>
      </entity_mention>
      <entity_attributes>
        <name NAME="Sergio Divina">
          <charseq START="3264" END="3276">Sergio Divina</charseq>
        </name>
        <name NAME="Divina">
          <charseq START="3457" END="3462">Divina</charseq>
        </name>
        <name NAME="Divina">
          <charseq START="3882" END="3887">Divina</charseq>
        </name>
        <name NAME="Divina">
          <charseq START="346" END="351">Divina</charseq>
        </name>
      </entity_attributes>
    </entity>
    <entity ID="adige20040907_id405613-E12" TYPE="PER" SUBTYPE="Indefinite" CLASS="USP">
      <entity_mention ID="adige20040907_id405613-E12-2" TYPE="PRO" PRIMARY="true" METONYMY_MENTION="FALSE">
        <extent>
          <charseq START="3617" END="3618">si</charseq>
        </extent>
        <head>
          <charseq START="3617" END="3618">si</charseq>
        </head>
      </entity_mention>
    </entity>
    <entity ID="adige20040907_id405613-E13" TYPE="PER" SUBTYPE="Indefinite" CLASS="USP">
      <entity_mention ID="adige20040907_id405613-E13-2" TYPE="PRO" PRIMARY="true" METONYMY_MENTION="FALSE">
        <extent>
          <charseq START="3733" END="3734">si</charseq>
        </extent>
        <head>
          <charseq START="3733" END="3734">si</charseq>
        </head>
      </entity_mention>
    </entity>
    <entity ID="adige20040907_id405613-E14" TYPE="PER" SUBTYPE="Group" CLASS="USP">
      <entity_mention ID="adige20040907_id405613-E14-2" TYPE="NOM" PRIMARY="true" METONYMY_MENTION="FALSE">
        <extent>
          <charseq START="4210" END="4220">popolazione</charseq>
        </extent>
        <head>
          <charseq START="4210" END="4220">popolazione</charseq>
        </head>
      </entity_mention>
    </entity>
    <entity ID="adige20040907_id405613-E15" TYPE="PER" SUBTYPE="Individual" CLASS="SPC">
      <entity_mention ID="adige20040907_id405613-E15-2" TYPE="NAM" PRIMARY="true" METONYMY_MENTION="FALSE">
        <extent>
          <charseq START="4533" END="4537">P.Mi.</charseq>
        </extent>
        <head>
          <charseq START="4533" END="4537">P.Mi.</charseq>
        </head>
      </entity_mention>
      <entity_attributes>
        <name NAME="P.Mi.">
          <charseq START="4533" END="4537">P.Mi.</charseq>
        </name>
      </entity_attributes>
    </entity>
    <entity ID="adige20040907_id405613-E16" TYPE="PER" SUBTYPE="Indefinite" CLASS="USP">
      <entity_mention ID="adige20040907_id405613-E16-2" TYPE="PRO" PRIMARY="true" METONYMY_MENTION="FALSE">
        <extent>
          <charseq START="4412" END="4413">si</charseq>
        </extent>
        <head>
          <charseq START="4412" END="4413">si</charseq>
        </head>
      </entity_mention>
    </entity>
    <entity ID="adige20040907_id405613-E18" TYPE="PER" SUBTYPE="Group" CLASS="SPC">
      <entity_mention ID="adige20040907_id405613-E18-1" TYPE="NAM" PRIMARY="true" METONYMY_MENTION="FALSE">
        <extent>
          <charseq START="142" END="182">Dellai, Magnani e Bezzi oggi dal ministro</charseq>
        </extent>
        <head>
          <charseq START="142" END="182">Dellai, Magnani e Bezzi oggi dal ministro</charseq>
        </head>
      </entity_mention>
      <entity_mention ID="adige20040907_id405613-E18-2" TYPE="NOM" PRIMARY="false" METONYMY_MENTION="FALSE">
        <extent>
          <charseq START="789" END="935">il capo della Provincia Lorenzo Dellai, il presidente del Consiglio provinciale Giacomo Bezzi, il presidente dell'assemblea regionale Mario Magnani</charseq>
        </extent>
        <head>
          <charseq START="789" END="935">il capo della Provincia Lorenzo Dellai, il presidente del Consiglio provinciale Giacomo Bezzi, il presidente dell'assemblea regionale Mario Magnani</charseq>
        </head>
      </entity_mention>
      <entity_attributes>
        <name NAME="Dellai, Magnani e Bezzi oggi dal ministro">
          <charseq START="142" END="182">Dellai, Magnani e Bezzi oggi dal ministro</charseq>
        </name>
      </entity_attributes>
    </entity>
    <entity ID="adige20040907_id405613-E19" TYPE="PER" SUBTYPE="Group" CLASS="SPC">
      <entity_mention ID="adige20040907_id405613-E19-1" TYPE="NAM" PRIMARY="true" METONYMY_MENTION="FALSE">
        <extent>
          <charseq START="2006" END="2019">Dellai e Bezzi</charseq>
        </extent>
        <head>
          <charseq START="2006" END="2019">Dellai e Bezzi</charseq>
        </head>
      </entity_mention>
      <entity_attributes>
        <name NAME="Dellai e Bezzi">
          <charseq START="2006" END="2019">Dellai e Bezzi</charseq>
        </name>
      </entity_attributes>
    </entity>
    <entity ID="adige20040907_id405613-E20" TYPE="PER" SUBTYPE="Group" CLASS="SPC">
      <entity_mention ID="adige20040907_id405613-E20-2" TYPE="PRO" PRIMARY="false" METONYMY_MENTION="FALSE">
        <extent>
          <charseq START="3283" END="3287">i due</charseq>
        </extent>
        <head>
          <charseq START="3285" END="3287">due</charseq>
        </head>
      </entity_mention>
    </entity>
    <entity ID="adige20040907_id405613-E21" TYPE="ORG" SUBTYPE="Government" CLASS="SPC">
      <entity_mention ID="adige20040907_id405613-E21-1" TYPE="NAM" PRIMARY="true" METONYMY_MENTION="FALSE">
        <extent>
          <charseq START="631" END="642">al ministero</charseq>
        </extent>
        <head>
          <charseq START="634" END="642">ministero</charseq>
        </head>
      </entity_mention>
      <entity_attributes>
        <name NAME="ministero">
          <charseq START="634" END="642">ministero</charseq>
        </name>
      </entity_attributes>
    </entity>
    <entity ID="adige20040907_id405613-E22" TYPE="ORG" SUBTYPE="Government" CLASS="SPC">
      <entity_mention ID="adige20040907_id405613-E22-1" TYPE="NOM" PRIMARY="true" METONYMY_MENTION="FALSE">
        <extent>
          <charseq START="670" END="681">delle giunte</charseq>
        </extent>
        <head>
          <charseq START="676" END="681">giunte</charseq>
        </head>
      </entity_mention>
    </entity>
    <entity ID="adige20040907_id405613-E23" TYPE="ORG" SUBTYPE="Government" CLASS="SPC">
      <entity_mention ID="adige20040907_id405613-E23-1" TYPE="NOM" PRIMARY="true" METONYMY_MENTION="FALSE">
        <extent>
          <charseq START="685" END="751">delle assemblee legislative delle cinque regioni a statuto speciale</charseq>
        </extent>
        <head>
          <charseq START="691" END="699">assemblee</charseq>
        </head>
      </entity_mention>
      <entity_mention ID="adige20040907_id405613-E23-2" TYPE="NOM" PRIMARY="false" METONYMY_MENTION="FALSE">
        <extent>
          <charseq START="2603" END="2626">alle assemblee regionali</charseq>
        </extent>
        <head>
          <charseq START="2608" END="2616">assemblee</charseq>
        </head>
      </entity_mention>
    </entity>
    <entity ID="adige20040907_id405613-E24" TYPE="ORG" SUBTYPE="Government" CLASS="SPC">
      <entity_mention ID="adige20040907_id405613-E24-1" TYPE="NOM" PRIMARY="true" METONYMY_MENTION="FALSE">
        <extent>
          <charseq START="670" END="751">delle giunte e delle assemblee legislative delle cinque regioni a statuto speciale</charseq>
        </extent>
        <head>
          <charseq START="670" END="751">delle giunte e delle assemblee legislative delle cinque regioni a statuto speciale</charseq>
        </head>
      </entity_mention>
    </entity>
    <entity ID="adige20040907_id405613-E25" TYPE="ORG" SUBTYPE="Government" CLASS="SPC">
      <entity_mention ID="adige20040907_id405613-E25-1" TYPE="NAM" PRIMARY="true" METONYMY_MENTION="FALSE">
        <extent>
          <charseq START="843" END="867">del Consiglio provinciale</charseq>
        </extent>
        <head>
          <charseq START="847" END="867">Consiglio provinciale</charseq>
        </head>
      </entity_mention>
      <entity_mention ID="adige20040907_id405613-E25-2" TYPE="NAM" PRIMARY="false" METONYMY_MENTION="FALSE">
        <extent>
          <charseq START="4252" END="4276">del Consiglio provinciale</charseq>
        </extent>
        <head>
          <charseq START="4256" END="4276">Consiglio provinciale</charseq>
        </head>
      </entity_mention>
      <entity_attributes>
        <name NAME="Consiglio provinciale">
          <charseq START="847" END="867">Consiglio provinciale</charseq>
        </name>
        <name NAME="Consiglio provinciale">
          <charseq START="4256" END="4276">Consiglio provinciale</charseq>
        </name>
      </entity_attributes>
    </entity>
    <entity ID="adige20040907_id405613-E26" TYPE="ORG" SUBTYPE="Government" CLASS="SPC">
      <entity_mention ID="adige20040907_id405613-E26-1" TYPE="NOM" PRIMARY="true" METONYMY_MENTION="FALSE">
        <extent>
          <charseq START="898" END="921">dell'assemblea regionale</charseq>
        </extent>
        <head>
          <charseq START="903" END="911">assemblea</charseq>
        </head>
      </entity_mention>
    </entity>
    <entity ID="adige20040907_id405613-E27" TYPE="ORG" SUBTYPE="Government" CLASS="SPC">
      <entity_mention ID="adige20040907_id405613-E27-1" TYPE="NAM" PRIMARY="true" METONYMY_MENTION="FALSE">
        <extent>
          <charseq START="985" END="996">della Camera</charseq>
        </extent>
        <head>
          <charseq START="991" END="996">Camera</charseq>
        </head>
      </entity_mention>
      <entity_mention ID="adige20040907_id405613-E27-2" TYPE="NAM" PRIMARY="false" METONYMY_MENTION="FALSE">
        <extent>
          <charseq START="1553" END="1564">della Camera</charseq>
        </extent>
        <head>
          <charseq START="1559" END="1564">Camera</charseq>
        </head>
      </entity_mention>
      <entity_attributes>
        <name NAME="Camera">
          <charseq START="991" END="996">Camera</charseq>
        </name>
        <name NAME="Camera">
          <charseq START="1559" END="1564">Camera</charseq>
        </name>
      </entity_attributes>
    </entity>
    <entity ID="adige20040907_id405613-E28" TYPE="ORG" SUBTYPE="Government" CLASS="SPC">
      <entity_mention ID="adige20040907_id405613-E28-1" TYPE="NAM" PRIMARY="true" METONYMY_MENTION="FALSE">
        <extent>
          <charseq START="1331" END="1343">il Parlamento</charseq>
        </extent>
        <head>
          <charseq START="1334" END="1343">Parlamento</charseq>
        </head>
      </entity_mention>
      <entity_mention ID="adige20040907_id405613-E28-2" TYPE="NAM" PRIMARY="false" METONYMY_MENTION="FALSE">
        <extent>
          <charseq START="1909" END="1921">il Parlamento</charseq>
        </extent>
        <head>
          <charseq START="1912" END="1921">Parlamento</charseq>
        </head>
      </entity_mention>
      <entity_mention ID="adige20040907_id405613-E28-3" TYPE="NAM" PRIMARY="false" METONYMY_MENTION="FALSE">
        <extent>
          <charseq START="2505" END="2514">Parlamento</charseq>
        </extent>
        <head>
          <charseq START="2505" END="2514">Parlamento</charseq>
        </head>
      </entity_mention>
      <entity_attributes>
        <name NAME="Parlamento">
          <charseq START="1334" END="1343">Parlamento</charseq>
        </name>
        <name NAME="Parlamento">
          <charseq START="1912" END="1921">Parlamento</charseq>
        </name>
        <name NAME="Parlamento">
          <charseq START="2505" END="2514">Parlamento</charseq>
        </name>
      </entity_attributes>
    </entity>
    <entity ID="adige20040907_id405613-E29" TYPE="ORG" SUBTYPE="Government" CLASS="SPC">
      <entity_mention ID="adige20040907_id405613-E29-1" TYPE="NAM" PRIMARY="true" METONYMY_MENTION="FALSE">
        <extent>
          <charseq START="1568" END="1577">del Senato</charseq>
        </extent>
        <head>
          <charseq START="1572" END="1577">Senato</charseq>
        </head>
      </entity_mention>
      <entity_attributes>
        <name NAME="Senato">
          <charseq START="1572" END="1577">Senato</charseq>
        </name>
      </entity_attributes>
    </entity>
    <entity ID="adige20040907_id405613-E30" TYPE="ORG" SUBTYPE="Government" CLASS="SPC">
      <entity_mention ID="adige20040907_id405613-E30-1" TYPE="NAM" PRIMARY="true" METONYMY_MENTION="FALSE">
        <extent>
          <charseq START="1553" END="1577">della Camera e del Senato</charseq>
        </extent>
        <head>
          <charseq START="1553" END="1577">della Camera e del Senato</charseq>
        </head>
      </entity_mention>
      <entity_mention ID="adige20040907_id405613-E30-2" TYPE="NOM" PRIMARY="false" METONYMY_MENTION="FALSE">
        <extent>
          <charseq START="2557" END="2568">dalle Camere</charseq>
        </extent>
        <head>
          <charseq START="2563" END="2568">Camere</charseq>
        </head>
      </entity_mention>
      <entity_attributes>
        <name NAME="della Camera e del Senato">
          <charseq START="1553" END="1577">della Camera e del Senato</charseq>
        </name>
      </entity_attributes>
    </entity>
    <entity ID="adige20040907_id405613-E31" TYPE="ORG" SUBTYPE="Government" CLASS="SPC">
      <entity_mention ID="adige20040907_id405613-E31-1" TYPE="NOM" PRIMARY="true" METONYMY_MENTION="FALSE">
        <extent>
          <charseq START="2436" END="2457">dei Consigli regionali</charseq>
        </extent>
        <head>
          <charseq START="2440" END="2447">Consigli</charseq>
        </head>
      </entity_mention>
      <entity_mention ID="adige20040907_id405613-E31-2" TYPE="NOM" PRIMARY="false" METONYMY_MENTION="FALSE">
        <extent>
          <charseq START="2790" END="2815">tutti i consigli regionali</charseq>
        </extent>
        <head>
          <charseq START="2798" END="2805">consigli</charseq>
        </head>
      </entity_mention>
      <entity_mention ID="adige20040907_id405613-E31-3" TYPE="NOM" PRIMARY="false" METONYMY_MENTION="FALSE">
        <extent>
          <charseq START="3040" END="3051">dei consigli</charseq>
        </extent>
        <head>
          <charseq START="3044" END="3051">consigli</charseq>
        </head>
      </entity_mention>
    </entity>
    <entity ID="adige20040907_id405613-E33" TYPE="ORG" SUBTYPE="Government" CLASS="SPC">
      <entity_mention ID="adige20040907_id405613-E33-1" TYPE="NAM" PRIMARY="true" METONYMY_MENTION="FALSE">
        <extent>
          <charseq START="2846" END="2864">del Senato federale</charseq>
        </extent>
        <head>
          <charseq START="2850" END="2864">Senato federale</charseq>
        </head>
      </entity_mention>
      <entity_attributes>
        <name NAME="Senato federale">
          <charseq START="2850" END="2864">Senato federale</charseq>
        </name>
      </entity_attributes>
    </entity>
    <entity ID="adige20040907_id405613-E35" TYPE="ORG" SUBTYPE="Non-Governmental" CLASS="SPC">
      <entity_mention ID="adige20040907_id405613-E35-1" TYPE="NAM" PRIMARY="true" METONYMY_MENTION="FALSE">
        <extent>
          <charseq START="3344" END="3356">nel Carroccio</charseq>
        </extent>
        <head>
          <charseq START="3348" END="3356">Carroccio</charseq>
        </head>
      </entity_mention>
      <entity_mention ID="adige20040907_id405613-E35-2" TYPE="NAM" PRIMARY="false" METONYMY_MENTION="FALSE">
        <extent>
          <charseq START="4099" END="4105">la Lega</charseq>
        </extent>
        <head>
          <charseq START="4102" END="4105">Lega</charseq>
        </head>
      </entity_mention>
      <entity_mention ID="adige20040907_id405613-E35-3" TYPE="NOM" PRIMARY="false" METONYMY_MENTION="FALSE">
        <extent>
          <charseq START="4112" END="4142">forza che rispetta le autonomie</charseq>
        </extent>
        <head>
          <charseq START="4112" END="4116">forza</charseq>
        </head>
      </entity_mention>
      <entity_attributes>
        <name NAME="Carroccio">
          <charseq START="3348" END="3356">Carroccio</charseq>
        </name>
        <name NAME="Lega">
          <charseq START="4102" END="4105">Lega</charseq>
        </name>
      </entity_attributes>
    </entity>
    <entity ID="adige20040907_id405613-E37" TYPE="GPE" SUBTYPE="Nation" CLASS="SPC">
      <entity_mention ID="adige20040907_id405613-E37-1" TYPE="NOM" PRIMARY="true" ROLE="ORG" METONYMY_MENTION="FALSE">
        <extent>
          <charseq START="587" END="597">del governo</charseq>
        </extent>
        <head>
          <charseq START="591" END="597">governo</charseq>
        </head>
      </entity_mention>
      <entity_mention ID="adige20040907_id405613-E37-2" TYPE="NAM" PRIMARY="false" ROLE="GPE" METONYMY_MENTION="FALSE">
        <extent>
          <charseq START="2897" END="2912">della Repubblica</charseq>
        </extent>
        <head>
          <charseq START="2903" END="2912">Repubblica</charseq>
        </head>
      </entity_mention>
      <entity_attributes>
        <name NAME="Repubblica">
          <charseq START="2903" END="2912">Repubblica</charseq>
        </name>
      </entity_attributes>
    </entity>
    <entity ID="adige20040907_id405613-E38" TYPE="GPE" SUBTYPE="State-or-Province" CLASS="GEN">
      <entity_mention ID="adige20040907_id405613-E38-1" TYPE="NOM" PRIMARY="true" ROLE="ORG" METONYMY_MENTION="FALSE">
        <extent>
          <charseq START="713" END="751">delle cinque regioni a statuto speciale</charseq>
        </extent>
        <head>
          <charseq START="726" END="732">regioni</charseq>
        </head>
      </entity_mention>
      <entity_mention ID="adige20040907_id405613-E38-2" TYPE="NOM" PRIMARY="false" ROLE="ORG" METONYMY_MENTION="FALSE">
        <extent>
          <charseq START="1611" END="1639">le regioni a Statuto speciale</charseq>
        </extent>
        <head>
          <charseq START="1614" END="1620">regioni</charseq>
        </head>
      </entity_mention>
      <entity_mention ID="adige20040907_id405613-E38-3" TYPE="NOM" PRIMARY="false" ROLE="ORG" METONYMY_MENTION="FALSE">
        <extent>
          <charseq START="1794" END="1815">le Regioni interessate</charseq>
        </extent>
        <head>
          <charseq START="1797" END="1803">Regioni</charseq>
        </head>
      </entity_mention>
      <entity_mention ID="adige20040907_id405613-E38-4" TYPE="NOM" PRIMARY="false" ROLE="GPE" METONYMY_MENTION="FALSE">
        <extent>
          <charseq START="2153" END="2174">delle regioni speciali</charseq>
        </extent>
        <head>
          <charseq START="2159" END="2165">regioni</charseq>
        </head>
      </entity_mention>
      <entity_mention ID="adige20040907_id405613-E38-5" TYPE="NAM" PRIMARY="false" ROLE="GPE" METONYMY_MENTION="FALSE">
        <extent>
          <charseq START="2449" END="2457">regionali</charseq>
        </extent>
        <head>
          <charseq START="2449" END="2457">regionali</charseq>
        </head>
      </entity_mention>
      <entity_mention ID="adige20040907_id405613-E38-6" TYPE="NAM" PRIMARY="false" ROLE="GPE" METONYMY_MENTION="FALSE">
        <extent>
          <charseq START="2618" END="2626">regionali</charseq>
        </extent>
        <head>
          <charseq START="2618" END="2626">regionali</charseq>
        </head>
      </entity_mention>
      <entity_mention ID="adige20040907_id405613-E38-7" TYPE="NAM" PRIMARY="false" ROLE="GPE" METONYMY_MENTION="FALSE">
        <extent>
          <charseq START="2807" END="2815">regionali</charseq>
        </extent>
        <head>
          <charseq START="2807" END="2815">regionali</charseq>
        </head>
      </entity_mention>
      <entity_mention ID="adige20040907_id405613-E38-8" TYPE="NAM" PRIMARY="false" ROLE="GPE" METONYMY_MENTION="FALSE">
        <extent>
          <charseq START="3089" END="3097">regionali</charseq>
        </extent>
        <head>
          <charseq START="3089" END="3097">regionali</charseq>
        </head>
      </entity_mention>
      <entity_mention ID="adige20040907_id405613-E38-9" TYPE="NOM" PRIMARY="false" ROLE="ORG" METONYMY_MENTION="FALSE">
        <extent>
          <charseq START="3577" END="3589">delle regioni</charseq>
        </extent>
        <head>
          <charseq START="3583" END="3589">regioni</charseq>
        </head>
      </entity_mention>
      <entity_mention ID="adige20040907_id405613-E38-10" TYPE="PRO" PRIMARY="false" ROLE="GPE" METONYMY_MENTION="FALSE">
        <extent>
          <charseq START="3855" END="3879">quelle a statuto speciale</charseq>
        </extent>
        <head>
          <charseq START="3855" END="3860">quelle</charseq>
        </head>
      </entity_mention>
    </entity>
    <entity ID="adige20040907_id405613-E39" TYPE="GPE" SUBTYPE="State-or-Province" CLASS="SPC">
      <entity_mention ID="adige20040907_id405613-E39-1" TYPE="NAM" PRIMARY="true" ROLE="ORG" METONYMY_MENTION="FALSE">
        <extent>
          <charseq START="758" END="768">il Trentino</charseq>
        </extent>
        <head>
          <charseq START="761" END="768">Trentino</charseq>
        </head>
      </entity_mention>
      <entity_mention ID="adige20040907_id405613-E39-2" TYPE="NAM" PRIMARY="false" ROLE="ORG" METONYMY_MENTION="FALSE">
        <extent>
          <charseq START="797" END="811">della Provincia</charseq>
        </extent>
        <head>
          <charseq START="803" END="811">Provincia</charseq>
        </head>
      </entity_mention>
      <entity_mention ID="adige20040907_id405613-E39-4" TYPE="NAM" PRIMARY="false" ROLE="ORG" METONYMY_MENTION="FALSE">
        <extent>
          <charseq START="1175" END="1186">del Trentino</charseq>
        </extent>
        <head>
          <charseq START="1179" END="1186">Trentino</charseq>
        </head>
      </entity_mention>
      <entity_mention ID="adige20040907_id405613-E39-5" TYPE="NAM" PRIMARY="false" ROLE="GPE" METONYMY_MENTION="FALSE">
        <extent>
          <charseq START="3437" END="3444">trentina</charseq>
        </extent>
        <head>
          <charseq START="3437" END="3444">trentina</charseq>
        </head>
      </entity_mention>
      <entity_attributes>
        <name NAME="Trentino">
          <charseq START="761" END="768">Trentino</charseq>
        </name>
        <name NAME="Provincia">
          <charseq START="803" END="811">Provincia</charseq>
        </name>
        <name NAME="Trentino">
          <charseq START="1179" END="1186">Trentino</charseq>
        </name>
      </entity_attributes>
    </entity>
    <entity ID="adige20040907_id405613-E42" TYPE="GPE" SUBTYPE="State-or-Province" CLASS="SPC">
      <entity_mention ID="adige20040907_id405613-E42-1" TYPE="NAM" PRIMARY="true" ROLE="GPE" METONYMY_MENTION="FALSE">
        <extent>
          <charseq START="1432" END="1454">del Trentino Alto Adige</charseq>
        </extent>
        <head>
          <charseq START="1436" END="1454">Trentino Alto Adige</charseq>
        </head>
      </entity_mention>
      <entity_mention ID="adige20040907_id405613-E42-2" TYPE="NAM" PRIMARY="false" ROLE="GPE" METONYMY_MENTION="FALSE">
        <extent>
          <charseq START="913" END="921">regionale</charseq>
        </extent>
        <head>
          <charseq START="913" END="921">regionale</charseq>
        </head>
      </entity_mention>
      <entity_attributes>
        <name NAME="Trentino Alto Adige">
          <charseq START="1436" END="1454">Trentino Alto Adige</charseq>
        </name>
      </entity_attributes>
    </entity>
    <entity ID="adige20040907_id405613-E43" TYPE="GPE" SUBTYPE="State-or-Province" CLASS="GEN">
      <entity_mention ID="adige20040907_id405613-E43-1" TYPE="NOM" PRIMARY="true" ROLE="GPE" METONYMY_MENTION="FALSE">
        <extent>
          <charseq START="2178" END="2200">delle province autonome</charseq>
        </extent>
        <head>
          <charseq START="2184" END="2191">province</charseq>
        </head>
      </entity_mention>
    </entity>
    <entity ID="adige20040907_id405613-E44" TYPE="GPE" SUBTYPE="State-or-Province" CLASS="GEN">
      <entity_mention ID="adige20040907_id405613-E44-1" TYPE="NOM" PRIMARY="true" ROLE="GPE" METONYMY_MENTION="FALSE">
        <extent>
          <charseq START="2153" END="2200">delle regioni speciali e delle province autonome</charseq>
        </extent>
        <head>
          <charseq START="2153" END="2200">delle regioni speciali e delle province autonome</charseq>
        </head>
      </entity_mention>
      <entity_mention ID="adige20040907_id405613-E44-2" TYPE="NOM" PRIMARY="false" ROLE="ORG" METONYMY_MENTION="FALSE">
        <extent>
          <charseq START="128" END="139">le autonomie</charseq>
        </extent>
        <head>
          <charseq START="131" END="139">autonomie</charseq>
        </head>
      </entity_mention>
      <entity_mention ID="adige20040907_id405613-E44-3" TYPE="NOM" PRIMARY="false" ROLE="ORG" METONYMY_MENTION="FALSE">
        <extent>
          <charseq START="4131" END="4142">le autonomie</charseq>
        </extent>
        <head>
          <charseq START="4134" END="4142">autonomie</charseq>
        </head>
      </entity_mention>
    </entity>
    <entity ID="adige20040907_id405613-E45" TYPE="GPE" SUBTYPE="State-or-Province" CLASS="GEN">
      <entity_mention ID="adige20040907_id405613-E45-1" TYPE="NOM" PRIMARY="true" ROLE="GPE" METONYMY_MENTION="FALSE">
        <extent>
          <charseq START="3820" END="3841">alle regioni ordinarie</charseq>
        </extent>
        <head>
          <charseq START="3825" END="3831">regioni</charseq>
        </head>
      </entity_mention>
    </entity>
    <entity ID="adige20040907_id405613-E46" TYPE="GPE" SUBTYPE="Population-Center" CLASS="SPC">
      <entity_mention ID="adige20040907_id405613-E46-1" TYPE="NAM" PRIMARY="true" ROLE="LOC" METONYMY_MENTION="FALSE">
        <extent>
          <charseq START="4524" END="4530">Trieste</charseq>
        </extent>
        <head>
          <charseq START="4524" END="4530">Trieste</charseq>
        </head>
      </entity_mention>
      <entity_attributes>
        <name NAME="Trieste">
          <charseq START="4524" END="4530">Trieste</charseq>
        </name>
      </entity_attributes>
    </entity>
    <entity ID="adige20040907_id405613-E47" TYPE="GPE" SUBTYPE="Population-Center" CLASS="SPC">
      <entity_mention ID="adige20040907_id405613-E47-1" TYPE="NAM" PRIMARY="true" ROLE="LOC" METONYMY_MENTION="FALSE">
        <extent>
          <charseq START="26" END="29">Roma</charseq>
        </extent>
        <head>
          <charseq START="26" END="29">Roma</charseq>
        </head>
      </entity_mention>
      <entity_mention ID="adige20040907_id405613-E47-2" TYPE="NAM" PRIMARY="false" ROLE="GPE" METONYMY_MENTION="FALSE">
        <extent>
          <charseq START="1059" END="1064">romano</charseq>
        </extent>
        <head>
          <charseq START="1059" END="1064">romano</charseq>
        </head>
      </entity_mention>
      <entity_attributes>
        <name NAME="Roma">
          <charseq START="26" END="29">Roma</charseq>
        </name>
      </entity_attributes>
    </entity>
  </document>
</source_file>
