<?xml version="1.0" encoding="UTF-8"?>
<!DOCTYPE source_file PUBLIC "SYSTEM" "apf.v5.2.0.dtd">

<source_file URI="adige20040907_id405633.txt" SOURCE="unknown" TYPE="text" VERSION="5.0" AUTHOR="Evalita" ENCODING="UTF-8">
  <document DOCID="adige20040907_id405633">
    <entity ID="adige20040907_id405633-E4" TYPE="ORG" SUBTYPE="Commercial" CLASS="SPC">
      <entity_mention ID="adige20040907_id405633-E4-1" TYPE="NAM" PRIMARY="true" METONYMY_MENTION="FALSE">
        <extent>
          <charseq START="279" END="291">Terme Dolomia</charseq>
        </extent>
        <head>
          <charseq START="279" END="291">Terme Dolomia</charseq>
        </head>
      </entity_mention>
      <entity_attributes>
        <name NAME="Terme Dolomia">
          <charseq START="279" END="291">Terme Dolomia</charseq>
        </name>
      </entity_attributes>
    </entity>
    <entity ID="adige20040907_id405633-E9" TYPE="ORG" SUBTYPE="Commercial" CLASS="SPC">
      <entity_mention ID="adige20040907_id405633-E9-1" TYPE="NAM" PRIMARY="true" METONYMY_MENTION="FALSE">
        <extent>
          <charseq START="606" END="619">terme di Rabbi</charseq>
        </extent>
        <head>
          <charseq START="606" END="619">terme di Rabbi</charseq>
        </head>
      </entity_mention>
      <entity_attributes>
        <name NAME="terme di Rabbi">
          <charseq START="606" END="619">terme di Rabbi</charseq>
        </name>
      </entity_attributes>
    </entity>
    <entity ID="adige20040907_id405633-E11" TYPE="ORG" SUBTYPE="Commercial" CLASS="SPC">
      <entity_mention ID="adige20040907_id405633-E11-1" TYPE="NAM" PRIMARY="true" METONYMY_MENTION="FALSE">
        <extent>
          <charseq START="743" END="757">terme di Comano</charseq>
        </extent>
        <head>
          <charseq START="743" END="757">terme di Comano</charseq>
        </head>
      </entity_mention>
      <entity_mention ID="adige20040907_id405633-E11-2" TYPE="NAM" PRIMARY="false" METONYMY_MENTION="FALSE">
        <extent>
          <charseq START="233" END="247">Terme di Comano</charseq>
        </extent>
        <head>
          <charseq START="233" END="247">Terme di Comano</charseq>
        </head>
      </entity_mention>
      <entity_attributes>
        <name NAME="terme di Comano">
          <charseq START="743" END="757">terme di Comano</charseq>
        </name>
        <name NAME="Terme di Comano">
          <charseq START="233" END="247">Terme di Comano</charseq>
        </name>
      </entity_attributes>
    </entity>
    <entity ID="adige20040907_id405633-E14" TYPE="ORG" SUBTYPE="Commercial" CLASS="SPC">
      <entity_mention ID="adige20040907_id405633-E14-1" TYPE="NOM" PRIMARY="true" METONYMY_MENTION="FALSE">
        <extent>
          <charseq START="116" END="141">delle attività idrotermali</charseq>
        </extent>
        <head>
          <charseq START="122" END="129">attività</charseq>
        </head>
      </entity_mention>
    </entity>
    <entity ID="adige20040907_id405633-E15" TYPE="ORG" SUBTYPE="Commercial" CLASS="SPC">
      <entity_mention ID="adige20040907_id405633-E15-1" TYPE="NOM" PRIMARY="true" METONYMY_MENTION="FALSE">
        <extent>
          <charseq START="761" END="776">centro benessere</charseq>
        </extent>
        <head>
          <charseq START="761" END="766">centro</charseq>
        </head>
      </entity_mention>
    </entity>
    <entity ID="adige20040907_id405633-E16" TYPE="ORG" SUBTYPE="Commercial" CLASS="SPC">
      <entity_mention ID="adige20040907_id405633-E16-1" TYPE="NOM" PRIMARY="true" METONYMY_MENTION="FALSE">
        <extent>
          <charseq START="815" END="830">centro benessere</charseq>
        </extent>
        <head>
          <charseq START="815" END="820">centro</charseq>
        </head>
      </entity_mention>
    </entity>
    <entity ID="adige20040907_id405633-E17" TYPE="ORG" SUBTYPE="Commercial" CLASS="SPC">
      <entity_mention ID="adige20040907_id405633-E17-1" TYPE="NOM" PRIMARY="true" METONYMY_MENTION="FALSE">
        <extent>
          <charseq START="623" END="635">centro salute</charseq>
        </extent>
        <head>
          <charseq START="623" END="628">centro</charseq>
        </head>
      </entity_mention>
    </entity>
    <entity ID="adige20040907_id405633-E18" TYPE="ORG" SUBTYPE="Commercial" CLASS="SPC">
      <entity_mention ID="adige20040907_id405633-E18-1" TYPE="NOM" PRIMARY="true" METONYMY_MENTION="FALSE">
        <extent>
          <charseq START="654" END="667">centro termale</charseq>
        </extent>
        <head>
          <charseq START="654" END="659">centro</charseq>
        </head>
      </entity_mention>
    </entity>
    <entity ID="adige20040907_id405633-E19" TYPE="ORG" SUBTYPE="Commercial" CLASS="SPC">
      <entity_mention ID="adige20040907_id405633-E19-1" TYPE="NOM" PRIMARY="true" METONYMY_MENTION="FALSE">
        <extent>
          <charseq START="848" END="869">bar annesso alle terme</charseq>
        </extent>
        <head>
          <charseq START="848" END="850">bar</charseq>
        </head>
      </entity_mention>
    </entity>
    <entity ID="adige20040907_id405633-E20" TYPE="ORG" SUBTYPE="Commercial" CLASS="SPC">
      <entity_mention ID="adige20040907_id405633-E20-1" TYPE="NOM" PRIMARY="true" METONYMY_MENTION="FALSE">
        <extent>
          <charseq START="20" END="31">nuovi centri</charseq>
        </extent>
        <head>
          <charseq START="26" END="31">centri</charseq>
        </head>
      </entity_mention>
    </entity>
    <entity ID="adige20040907_id405633-E21" TYPE="ORG" SUBTYPE="Commercial" CLASS="SPC">
      <entity_mention ID="adige20040907_id405633-E21-1" TYPE="NOM" PRIMARY="true" METONYMY_MENTION="FALSE">
        <extent>
          <charseq START="34" END="38">Terme</charseq>
        </extent>
        <head>
          <charseq START="34" END="38">Terme</charseq>
        </head>
      </entity_mention>
    </entity>
    <entity ID="adige20040907_id405633-E22" TYPE="GPE" SUBTYPE="State-or-Province" CLASS="SPC">
      <entity_mention ID="adige20040907_id405633-E22-1" TYPE="NAM" PRIMARY="true" ROLE="ORG" METONYMY_MENTION="FALSE">
        <extent>
          <charseq START="76" END="87">La Provincia</charseq>
        </extent>
        <head>
          <charseq START="79" END="87">Provincia</charseq>
        </head>
      </entity_mention>
      <entity_attributes>
        <name NAME="Provincia">
          <charseq START="79" END="87">Provincia</charseq>
        </name>
      </entity_attributes>
    </entity>
    <entity ID="adige20040907_id405633-E23" TYPE="GPE" SUBTYPE="County-or-District" CLASS="SPC">
      <entity_mention ID="adige20040907_id405633-E23-1" TYPE="NAM" PRIMARY="true" ROLE="ORG" METONYMY_MENTION="FALSE">
        <extent>
          <charseq START="163" END="177">Comune di Rabbi</charseq>
        </extent>
        <head>
          <charseq START="163" END="177">Comune di Rabbi</charseq>
        </head>
      </entity_mention>
      <entity_attributes>
        <name NAME="Comune di Rabbi">
          <charseq START="163" END="177">Comune di Rabbi</charseq>
        </name>
      </entity_attributes>
    </entity>
    <entity ID="adige20040907_id405633-E24" TYPE="GPE" SUBTYPE="Population-Center" CLASS="SPC">
      <entity_mention ID="adige20040907_id405633-E24-1" TYPE="NAM" PRIMARY="true" ROLE="LOC" METONYMY_MENTION="FALSE">
        <extent>
          <charseq START="294" END="307">Pozza di Fassa</charseq>
        </extent>
        <head>
          <charseq START="294" END="307">Pozza di Fassa</charseq>
        </head>
      </entity_mention>
      <entity_mention ID="adige20040907_id405633-E24-2" TYPE="NAM" PRIMARY="false" ROLE="LOC" METONYMY_MENTION="FALSE">
        <extent>
          <charseq START="699" END="712">Pozza di Fassa</charseq>
        </extent>
        <head>
          <charseq START="699" END="712">Pozza di Fassa</charseq>
        </head>
      </entity_mention>
      <entity_attributes>
        <name NAME="Pozza di Fassa">
          <charseq START="294" END="307">Pozza di Fassa</charseq>
        </name>
        <name NAME="Pozza di Fassa">
          <charseq START="699" END="712">Pozza di Fassa</charseq>
        </name>
      </entity_attributes>
    </entity>
    <entity ID="adige20040907_id405633-E25" TYPE="GPE" SUBTYPE="County-or-District" CLASS="SPC">
      <entity_mention ID="adige20040907_id405633-E25-1" TYPE="NAM" PRIMARY="true" ROLE="ORG" METONYMY_MENTION="FALSE">
        <extent>
          <charseq START="354" END="369">Comune di Cimego</charseq>
        </extent>
        <head>
          <charseq START="354" END="369">Comune di Cimego</charseq>
        </head>
      </entity_mention>
      <entity_attributes>
        <name NAME="Comune di Cimego">
          <charseq START="354" END="369">Comune di Cimego</charseq>
        </name>
      </entity_attributes>
    </entity>
    <entity ID="adige20040907_id405633-E26" TYPE="GPE" SUBTYPE="County-or-District" CLASS="SPC">
      <entity_mention ID="adige20040907_id405633-E26-1" TYPE="NAM" PRIMARY="true" ROLE="ORG" METONYMY_MENTION="FALSE">
        <extent>
          <charseq START="446" END="462">Comune di Roncone</charseq>
        </extent>
        <head>
          <charseq START="446" END="462">Comune di Roncone</charseq>
        </head>
      </entity_mention>
      <entity_attributes>
        <name NAME="Comune di Roncone">
          <charseq START="446" END="462">Comune di Roncone</charseq>
        </name>
      </entity_attributes>
    </entity>
    <entity ID="adige20040907_id405633-E27" TYPE="GPE" SUBTYPE="County-or-District" CLASS="SPC">
      <entity_mention ID="adige20040907_id405633-E27-1" TYPE="NAM" PRIMARY="true" ROLE="ORG" METONYMY_MENTION="FALSE">
        <extent>
          <charseq START="497" END="519">Comune di Garniga Terme</charseq>
        </extent>
        <head>
          <charseq START="497" END="519">Comune di Garniga Terme</charseq>
        </head>
      </entity_mention>
      <entity_attributes>
        <name NAME="Comune di Garniga Terme">
          <charseq START="497" END="519">Comune di Garniga Terme</charseq>
        </name>
      </entity_attributes>
    </entity>
    <entity ID="adige20040907_id405633-E28" TYPE="GPE" SUBTYPE="County-or-District" CLASS="SPC">
      <entity_mention ID="adige20040907_id405633-E28-1" TYPE="NAM" PRIMARY="true" ROLE="ORG" METONYMY_MENTION="FALSE">
        <extent>
          <charseq START="552" END="568">Comune di Bresimo</charseq>
        </extent>
        <head>
          <charseq START="552" END="568">Comune di Bresimo</charseq>
        </head>
      </entity_mention>
      <entity_attributes>
        <name NAME="Comune di Bresimo">
          <charseq START="552" END="568">Comune di Bresimo</charseq>
        </name>
      </entity_attributes>
    </entity>
    <entity ID="adige20040907_id405633-E29" TYPE="GPE" SUBTYPE="County-or-District" CLASS="SPC">
      <entity_mention ID="adige20040907_id405633-E29-1" TYPE="NAM" PRIMARY="true" ROLE="ORG" METONYMY_MENTION="FALSE">
        <extent>
          <charseq START="793" END="811">Comune di Caderzone</charseq>
        </extent>
        <head>
          <charseq START="793" END="811">Comune di Caderzone</charseq>
        </head>
      </entity_mention>
      <entity_attributes>
        <name NAME="Comune di Caderzone">
          <charseq START="793" END="811">Comune di Caderzone</charseq>
        </name>
      </entity_attributes>
    </entity>
    <entity ID="adige20040907_id405633-E30" TYPE="ORG" SUBTYPE="Commercial" CLASS="SPC">
      <entity_mention ID="adige20040907_id405633-E30-1" TYPE="NAM" PRIMARY="true" METONYMY_MENTION="FALSE">
        <extent>
          <charseq START="685" END="696">Antico Bagno</charseq>
        </extent>
        <head>
          <charseq START="685" END="696">Antico Bagno</charseq>
        </head>
      </entity_mention>
      <entity_attributes>
        <name NAME="Antico Bagno">
          <charseq START="685" END="696">Antico Bagno</charseq>
        </name>
      </entity_attributes>
    </entity>
    <entity ID="adige20040907_id405633-E31" TYPE="LOC" SUBTYPE="Water-Body" CLASS="SPC">
      <entity_mention ID="adige20040907_id405633-E31-1" TYPE="NAM" PRIMARY="true" METONYMY_MENTION="FALSE">
        <extent>
          <charseq START="205" END="216">Antica Fonte</charseq>
        </extent>
        <head>
          <charseq START="205" END="216">Antica Fonte</charseq>
        </head>
      </entity_mention>
      <entity_mention ID="adige20040907_id405633-E31-2" TYPE="NOM" PRIMARY="false" METONYMY_MENTION="FALSE">
        <extent>
          <charseq START="196" END="203">sorgente</charseq>
        </extent>
        <head>
          <charseq START="196" END="203">sorgente</charseq>
        </head>
      </entity_mention>
      <entity_mention ID="adige20040907_id405633-E31-3" TYPE="NOM" PRIMARY="false" METONYMY_MENTION="FALSE">
        <extent>
          <charseq START="196" END="216">sorgente Antica Fonte</charseq>
        </extent>
        <head>
          <charseq START="196" END="216">sorgente Antica Fonte</charseq>
        </head>
      </entity_mention>
      <entity_attributes>
        <name NAME="Antica Fonte">
          <charseq START="205" END="216">Antica Fonte</charseq>
        </name>
      </entity_attributes>
    </entity>
    <entity ID="adige20040907_id405633-E32" TYPE="LOC" SUBTYPE="Water-Body" CLASS="SPC">
      <entity_mention ID="adige20040907_id405633-E32-1" TYPE="NAM" PRIMARY="true" METONYMY_MENTION="FALSE">
        <extent>
          <charseq START="399" END="403">Caino</charseq>
        </extent>
        <head>
          <charseq START="399" END="403">Caino</charseq>
        </head>
      </entity_mention>
      <entity_mention ID="adige20040907_id405633-E32-2" TYPE="NOM" PRIMARY="false" METONYMY_MENTION="FALSE">
        <extent>
          <charseq START="390" END="397">sorgente</charseq>
        </extent>
        <head>
          <charseq START="390" END="397">sorgente</charseq>
        </head>
      </entity_mention>
      <entity_mention ID="adige20040907_id405633-E32-3" TYPE="NOM" PRIMARY="false" METONYMY_MENTION="FALSE">
        <extent>
          <charseq START="390" END="403">sorgente Caino</charseq>
        </extent>
        <head>
          <charseq START="390" END="403">sorgente Caino</charseq>
        </head>
      </entity_mention>
      <entity_attributes>
        <name NAME="Caino">
          <charseq START="399" END="403">Caino</charseq>
        </name>
      </entity_attributes>
    </entity>
    <entity ID="adige20040907_id405633-E33" TYPE="LOC" SUBTYPE="Water-Body" CLASS="SPC">
      <entity_mention ID="adige20040907_id405633-E33-1" TYPE="NAM" PRIMARY="true" METONYMY_MENTION="FALSE">
        <extent>
          <charseq START="326" END="337">Fonte Alloch</charseq>
        </extent>
        <head>
          <charseq START="326" END="337">Fonte Alloch</charseq>
        </head>
      </entity_mention>
      <entity_attributes>
        <name NAME="Fonte Alloch">
          <charseq START="326" END="337">Fonte Alloch</charseq>
        </name>
      </entity_attributes>
    </entity>
  </document>
</source_file>
