<?xml version="1.0" encoding="UTF-8"?>
<!DOCTYPE source_file PUBLIC "SYSTEM" "apf.v5.2.0.dtd">

<source_file URI="adige20040907_id405627.txt" SOURCE="unknown" TYPE="text" VERSION="5.0" AUTHOR="Evalita" ENCODING="UTF-8">
  <document DOCID="adige20040907_id405627">
    <entity ID="adige20040907_id405627-E2" TYPE="PER" SUBTYPE="Individual" CLASS="SPC">
      <entity_mention ID="adige20040907_id405627-E2-2" TYPE="NAM" PRIMARY="true" METONYMY_MENTION="FALSE">
        <extent>
          <charseq START="410" END="422">Ennio Bordato</charseq>
        </extent>
        <head>
          <charseq START="410" END="422">Ennio Bordato</charseq>
        </head>
      </entity_mention>
      <entity_mention ID="adige20040907_id405627-E2-4" TYPE="PRO" PRIMARY="false" METONYMY_MENTION="FALSE">
        <extent>
          <charseq START="404" END="406">Lui</charseq>
        </extent>
        <head>
          <charseq START="404" END="406">Lui</charseq>
        </head>
      </entity_mention>
      <entity_mention ID="adige20040907_id405627-E2-6" TYPE="NOM" PRIMARY="false" METONYMY_MENTION="FALSE">
        <extent>
          <charseq START="425" END="486">presidente dell'associazione « Aiutateci a salvare i bambini »</charseq>
        </extent>
        <head>
          <charseq START="425" END="434">presidente</charseq>
        </head>
      </entity_mention>
      <entity_mention ID="adige20040907_id405627-E2-8" TYPE="NAM" PRIMARY="false" METONYMY_MENTION="FALSE">
        <extent>
          <charseq START="410" END="486">Ennio Bordato, presidente dell'associazione « Aiutateci a salvare i bambini »</charseq>
        </extent>
        <head>
          <charseq START="410" END="486">Ennio Bordato, presidente dell'associazione « Aiutateci a salvare i bambini »</charseq>
        </head>
      </entity_mention>
      <entity_mention ID="adige20040907_id405627-E2-10" TYPE="NOM" PRIMARY="false" METONYMY_MENTION="FALSE">
        <extent>
          <charseq START="489" END="503">Ex sindacalista</charseq>
        </extent>
        <head>
          <charseq START="492" END="503">sindacalista</charseq>
        </head>
      </entity_mention>
      <entity_mention ID="adige20040907_id405627-E2-12" TYPE="NOM" PRIMARY="false" METONYMY_MENTION="FALSE">
        <extent>
          <charseq START="506" END="543">funionario dell'Associaizone artigiani</charseq>
        </extent>
        <head>
          <charseq START="506" END="515">funionario</charseq>
        </head>
      </entity_mention>
      <entity_mention ID="adige20040907_id405627-E2-14" TYPE="NOM" PRIMARY="false" METONYMY_MENTION="FALSE">
        <extent>
          <charseq START="546" END="753">autore di un libro (« Sotto un cielo straniero », casa editrice Osiride) apprezzato da pubblico e critica (l'ex ambasciatore Sergio Romano vi ha dedicato un intero capitolo del libro « I volti della storia »)</charseq>
        </extent>
        <head>
          <charseq START="546" END="551">autore</charseq>
        </head>
      </entity_mention>
      <entity_mention ID="adige20040907_id405627-E2-16" TYPE="NOM" PRIMARY="false" METONYMY_MENTION="FALSE">
        <extent>
          <charseq START="489" END="753">Ex sindacalista, funionario dell'Associaizone artigiani, autore di un libro (« Sotto un cielo straniero », casa editrice Osiride) apprezzato da pubblico e critica (l'ex ambasciatore Sergio Romano vi ha dedicato un intero capitolo del libro « I volti della storia »)</charseq>
        </extent>
        <head>
          <charseq START="489" END="753">Ex sindacalista, funionario dell'Associaizone artigiani, autore di un libro (« Sotto un cielo straniero », casa editrice Osiride) apprezzato da pubblico e critica (l'ex ambasciatore Sergio Romano vi ha dedicato un intero capitolo del libro « I volti della storia »)</charseq>
        </head>
      </entity_mention>
      <entity_mention ID="adige20040907_id405627-E2-18" TYPE="NOM" PRIMARY="false" METONYMY_MENTION="FALSE">
        <extent>
          <charseq START="373" END="383">un trentino</charseq>
        </extent>
        <head>
          <charseq START="376" END="383">trentino</charseq>
        </head>
      </entity_mention>
      <entity_mention ID="adige20040907_id405627-E2-20" TYPE="NAM" PRIMARY="false" METONYMY_MENTION="FALSE">
        <extent>
          <charseq START="1536" END="1542">Bordato</charseq>
        </extent>
        <head>
          <charseq START="1536" END="1542">Bordato</charseq>
        </head>
      </entity_mention>
      <entity_mention ID="adige20040907_id405627-E2-22" TYPE="NAM" PRIMARY="false" METONYMY_MENTION="FALSE">
        <extent>
          <charseq START="1854" END="1860">Bordato</charseq>
        </extent>
        <head>
          <charseq START="1854" END="1860">Bordato</charseq>
        </head>
      </entity_mention>
      <entity_mention ID="adige20040907_id405627-E2-24" TYPE="NAM" PRIMARY="false" METONYMY_MENTION="FALSE">
        <extent>
          <charseq START="3113" END="3119">Bordato</charseq>
        </extent>
        <head>
          <charseq START="3113" END="3119">Bordato</charseq>
        </head>
      </entity_mention>
      <entity_mention ID="adige20040907_id405627-E2-26" TYPE="NAM" PRIMARY="false" METONYMY_MENTION="FALSE">
        <extent>
          <charseq START="137" END="151">Bordato a Mosca</charseq>
        </extent>
        <head>
          <charseq START="137" END="143">Bordato</charseq>
        </head>
      </entity_mention>
      <entity_mention ID="adige20040907_id405627-E2-28" TYPE="NOM" PRIMARY="false" METONYMY_MENTION="FALSE">
        <extent>
          <charseq START="17" END="48">Trentino nella « Russia ferita »</charseq>
        </extent>
        <head>
          <charseq START="17" END="24">Trentino</charseq>
        </head>
      </entity_mention>
      <entity_attributes>
        <name NAME="Ennio Bordato">
          <charseq START="410" END="422">Ennio Bordato</charseq>
        </name>
        <name NAME="Ennio Bordato, presidente dell'associazione « Aiutateci a salvare i bambini »">
          <charseq START="410" END="486">Ennio Bordato, presidente dell'associazione « Aiutateci a salvare i bambini »</charseq>
        </name>
        <name NAME="Bordato">
          <charseq START="1536" END="1542">Bordato</charseq>
        </name>
        <name NAME="Bordato">
          <charseq START="1854" END="1860">Bordato</charseq>
        </name>
        <name NAME="Bordato">
          <charseq START="3113" END="3119">Bordato</charseq>
        </name>
        <name NAME="Bordato">
          <charseq START="137" END="143">Bordato</charseq>
        </name>
      </entity_attributes>
    </entity>
    <entity ID="adige20040907_id405627-E3" TYPE="PER" SUBTYPE="Group" CLASS="GEN">
      <entity_mention ID="adige20040907_id405627-E3-2" TYPE="NOM" PRIMARY="true" METONYMY_MENTION="FALSE">
        <extent>
          <charseq START="633" END="640">pubblico</charseq>
        </extent>
        <head>
          <charseq START="633" END="640">pubblico</charseq>
        </head>
      </entity_mention>
    </entity>
    <entity ID="adige20040907_id405627-E4" TYPE="PER" SUBTYPE="Group" CLASS="GEN">
      <entity_mention ID="adige20040907_id405627-E4-2" TYPE="NOM" PRIMARY="true" METONYMY_MENTION="FALSE">
        <extent>
          <charseq START="644" END="650">critica</charseq>
        </extent>
        <head>
          <charseq START="644" END="650">critica</charseq>
        </head>
      </entity_mention>
    </entity>
    <entity ID="adige20040907_id405627-E5" TYPE="PER" SUBTYPE="Group" CLASS="GEN">
      <entity_mention ID="adige20040907_id405627-E5-2" TYPE="NOM" PRIMARY="true" METONYMY_MENTION="FALSE">
        <extent>
          <charseq START="633" END="650">pubblico e critica</charseq>
        </extent>
        <head>
          <charseq START="633" END="650">pubblico e critica</charseq>
        </head>
      </entity_mention>
    </entity>
    <entity ID="adige20040907_id405627-E6" TYPE="PER" SUBTYPE="Individual" CLASS="SPC">
      <entity_mention ID="adige20040907_id405627-E6-2" TYPE="NAM" PRIMARY="true" METONYMY_MENTION="FALSE">
        <extent>
          <charseq START="671" END="683">Sergio Romano</charseq>
        </extent>
        <head>
          <charseq START="671" END="683">Sergio Romano</charseq>
        </head>
      </entity_mention>
      <entity_mention ID="adige20040907_id405627-E6-6" TYPE="NOM" PRIMARY="false" METONYMY_MENTION="FALSE">
        <extent>
          <charseq START="653" END="669">l'ex ambasciatore</charseq>
        </extent>
        <head>
          <charseq START="658" END="669">ambasciatore</charseq>
        </head>
      </entity_mention>
      <entity_mention ID="adige20040907_id405627-E6-8" TYPE="NOM" PRIMARY="false" METONYMY_MENTION="FALSE">
        <extent>
          <charseq START="653" END="683">l'ex ambasciatore Sergio Romano</charseq>
        </extent>
        <head>
          <charseq START="653" END="683">l'ex ambasciatore Sergio Romano</charseq>
        </head>
      </entity_mention>
      <entity_attributes>
        <name NAME="Sergio Romano">
          <charseq START="671" END="683">Sergio Romano</charseq>
        </name>
      </entity_attributes>
    </entity>
    <entity ID="adige20040907_id405627-E7" TYPE="PER" SUBTYPE="Group" CLASS="SPC">
      <entity_mention ID="adige20040907_id405627-E7-2" TYPE="NOM" PRIMARY="true" METONYMY_MENTION="FALSE">
        <extent>
          <charseq START="891" END="919">ragazzini affetti da leucemie</charseq>
        </extent>
        <head>
          <charseq START="891" END="899">ragazzini</charseq>
        </head>
      </entity_mention>
    </entity>
    <entity ID="adige20040907_id405627-E8" TYPE="PER" SUBTYPE="Individual" CLASS="SPC">
      <entity_mention ID="adige20040907_id405627-E8-2" TYPE="NAM" PRIMARY="true" METONYMY_MENTION="FALSE">
        <extent>
          <charseq START="969" END="981">Alessio Osele</charseq>
        </extent>
        <head>
          <charseq START="969" END="981">Alessio Osele</charseq>
        </head>
      </entity_mention>
      <entity_mention ID="adige20040907_id405627-E8-4" TYPE="NOM" PRIMARY="false" METONYMY_MENTION="FALSE">
        <extent>
          <charseq START="984" END="1033">titolare dell'agenzia di videoproduzioni Real View</charseq>
        </extent>
        <head>
          <charseq START="984" END="991">titolare</charseq>
        </head>
      </entity_mention>
      <entity_mention ID="adige20040907_id405627-E8-6" TYPE="NOM" PRIMARY="false" METONYMY_MENTION="FALSE">
        <extent>
          <charseq START="969" END="1033">Alessio Osele, titolare dell'agenzia di videoproduzioni Real View</charseq>
        </extent>
        <head>
          <charseq START="969" END="1033">Alessio Osele, titolare dell'agenzia di videoproduzioni Real View</charseq>
        </head>
      </entity_mention>
      <entity_attributes>
        <name NAME="Alessio Osele">
          <charseq START="969" END="981">Alessio Osele</charseq>
        </name>
      </entity_attributes>
    </entity>
    <entity ID="adige20040907_id405627-E12" TYPE="PER" SUBTYPE="Group" CLASS="SPC">
      <entity_mention ID="adige20040907_id405627-E12-2" TYPE="NOM" PRIMARY="true" METONYMY_MENTION="FALSE">
        <extent>
          <charseq START="1186" END="1242">i medici della clinica, a cui l'associazione presta aiuto</charseq>
        </extent>
        <head>
          <charseq START="1188" END="1193">medici</charseq>
        </head>
      </entity_mention>
      <entity_mention ID="adige20040907_id405627-E12-4" TYPE="PRO" PRIMARY="false" METONYMY_MENTION="FALSE">
        <extent>
          <charseq START="1212" END="1214">cui</charseq>
        </extent>
        <head>
          <charseq START="1212" END="1214">cui</charseq>
        </head>
      </entity_mention>
    </entity>
    <entity ID="adige20040907_id405627-E13" TYPE="PER" SUBTYPE="Group" CLASS="SPC">
      <entity_mention ID="adige20040907_id405627-E13-2" TYPE="NOM" PRIMARY="true" METONYMY_MENTION="FALSE">
        <extent>
          <charseq START="1303" END="1358">i bambini che sono stati feriti nell'attentato di Beslan</charseq>
        </extent>
        <head>
          <charseq START="1305" END="1311">bambini</charseq>
        </head>
      </entity_mention>
      <entity_mention ID="adige20040907_id405627-E13-4" TYPE="PRO" PRIMARY="false" METONYMY_MENTION="FALSE">
        <extent>
          <charseq START="1313" END="1315">che</charseq>
        </extent>
        <head>
          <charseq START="1313" END="1315">che</charseq>
        </head>
      </entity_mention>
    </entity>
    <entity ID="adige20040907_id405627-E14" TYPE="PER" SUBTYPE="Group" CLASS="SPC">
      <entity_mention ID="adige20040907_id405627-E14-2" TYPE="NOM" PRIMARY="true" METONYMY_MENTION="FALSE">
        <extent>
          <charseq START="1486" END="1512">alle famiglie delle vittime</charseq>
        </extent>
        <head>
          <charseq START="1491" END="1498">famiglie</charseq>
        </head>
      </entity_mention>
    </entity>
    <entity ID="adige20040907_id405627-E15" TYPE="PER" SUBTYPE="Group" CLASS="SPC">
      <entity_mention ID="adige20040907_id405627-E15-2" TYPE="NOM" PRIMARY="true" METONYMY_MENTION="FALSE">
        <extent>
          <charseq START="1500" END="1512">delle vittime</charseq>
        </extent>
        <head>
          <charseq START="1506" END="1512">vittime</charseq>
        </head>
      </entity_mention>
      <entity_mention ID="adige20040907_id405627-E15-4" TYPE="NOM" PRIMARY="false" METONYMY_MENTION="FALSE">
        <extent>
          <charseq START="90" END="99">le vittime</charseq>
        </extent>
        <head>
          <charseq START="93" END="99">vittime</charseq>
        </head>
      </entity_mention>
    </entity>
    <entity ID="adige20040907_id405627-E16" TYPE="PER" SUBTYPE="Group" CLASS="SPC">
      <entity_mention ID="adige20040907_id405627-E16-2" TYPE="NOM" PRIMARY="true" METONYMY_MENTION="FALSE">
        <extent>
          <charseq START="1896" END="1978">molte persone, che come tutti sono rimaste sconvolte dagli ultimi fatti di violenza</charseq>
        </extent>
        <head>
          <charseq START="1902" END="1908">persone</charseq>
        </head>
      </entity_mention>
      <entity_mention ID="adige20040907_id405627-E16-4" TYPE="PRO" PRIMARY="false" METONYMY_MENTION="FALSE">
        <extent>
          <charseq START="1911" END="1913">che</charseq>
        </extent>
        <head>
          <charseq START="1911" END="1913">che</charseq>
        </head>
      </entity_mention>
    </entity>
    <entity ID="adige20040907_id405627-E17" TYPE="PER" SUBTYPE="Group" CLASS="USP">
      <entity_mention ID="adige20040907_id405627-E17-2" TYPE="PRO" PRIMARY="true" METONYMY_MENTION="FALSE">
        <extent>
          <charseq START="1920" END="1924">tutti</charseq>
        </extent>
        <head>
          <charseq START="1920" END="1924">tutti</charseq>
        </head>
      </entity_mention>
    </entity>
    <entity ID="adige20040907_id405627-E19" TYPE="PER" SUBTYPE="Group" CLASS="SPC">
      <entity_mention ID="adige20040907_id405627-E19-2" TYPE="NAM" PRIMARY="true" METONYMY_MENTION="FALSE">
        <extent>
          <charseq START="2158" END="2162">Putin</charseq>
        </extent>
        <head>
          <charseq START="2158" END="2162">Putin</charseq>
        </head>
      </entity_mention>
      <entity_mention ID="adige20040907_id405627-E19-4" TYPE="NOM" PRIMARY="false" METONYMY_MENTION="FALSE">
        <extent>
          <charseq START="2144" END="2156">il presidente</charseq>
        </extent>
        <head>
          <charseq START="2147" END="2156">presidente</charseq>
        </head>
      </entity_mention>
      <entity_mention ID="adige20040907_id405627-E19-6" TYPE="NOM" PRIMARY="false" METONYMY_MENTION="FALSE">
        <extent>
          <charseq START="2144" END="2162">il presidente Putin</charseq>
        </extent>
        <head>
          <charseq START="2144" END="2162">il presidente Putin</charseq>
        </head>
      </entity_mention>
      <entity_mention ID="adige20040907_id405627-E19-8" TYPE="NOM" PRIMARY="false" METONYMY_MENTION="FALSE">
        <extent>
          <charseq START="3188" END="3200">al presidente</charseq>
        </extent>
        <head>
          <charseq START="3191" END="3200">presidente</charseq>
        </head>
      </entity_mention>
      <entity_mention ID="adige20040907_id405627-E19-10" TYPE="NAM" PRIMARY="false" METONYMY_MENTION="FALSE">
        <extent>
          <charseq START="3230" END="3234">Putin</charseq>
        </extent>
        <head>
          <charseq START="3230" END="3234">Putin</charseq>
        </head>
      </entity_mention>
      <entity_mention ID="adige20040907_id405627-E19-12" TYPE="NAM" PRIMARY="false" METONYMY_MENTION="FALSE">
        <extent>
          <charseq START="3773" END="3787">Vlaidimir Putin</charseq>
        </extent>
        <head>
          <charseq START="3773" END="3787">Vlaidimir Putin</charseq>
        </head>
      </entity_mention>
      <entity_mention ID="adige20040907_id405627-E19-14" TYPE="NOM" PRIMARY="false" METONYMY_MENTION="FALSE">
        <extent>
          <charseq START="3752" END="3771">Del presidente russo</charseq>
        </extent>
        <head>
          <charseq START="3756" END="3765">presidente</charseq>
        </head>
      </entity_mention>
      <entity_mention ID="adige20040907_id405627-E19-16" TYPE="NOM" PRIMARY="false" METONYMY_MENTION="FALSE">
        <extent>
          <charseq START="3752" END="3787">Del presidente russo Vlaidimir Putin</charseq>
        </extent>
        <head>
          <charseq START="3752" END="3787">Del presidente russo Vlaidimir Putin</charseq>
        </head>
      </entity_mention>
      <entity_attributes>
        <name NAME="Putin">
          <charseq START="2158" END="2162">Putin</charseq>
        </name>
        <name NAME="Putin">
          <charseq START="3230" END="3234">Putin</charseq>
        </name>
        <name NAME="Vlaidimir Putin">
          <charseq START="3773" END="3787">Vlaidimir Putin</charseq>
        </name>
      </entity_attributes>
    </entity>
    <entity ID="adige20040907_id405627-E21" TYPE="PER" SUBTYPE="Indefinite" CLASS="USP">
      <entity_mention ID="adige20040907_id405627-E21-2" TYPE="PRO" PRIMARY="true" METONYMY_MENTION="FALSE">
        <extent>
          <charseq START="2496" END="2497">si</charseq>
        </extent>
        <head>
          <charseq START="2496" END="2497">si</charseq>
        </head>
      </entity_mention>
    </entity>
    <entity ID="adige20040907_id405627-E22" TYPE="PER" SUBTYPE="Group" CLASS="GEN">
      <entity_mention ID="adige20040907_id405627-E22-2" TYPE="NOM" PRIMARY="true" METONYMY_MENTION="FALSE">
        <extent>
          <charseq START="2653" END="2662">i genitori</charseq>
        </extent>
        <head>
          <charseq START="2655" END="2662">genitori</charseq>
        </head>
      </entity_mention>
    </entity>
    <entity ID="adige20040907_id405627-E23" TYPE="PER" SUBTYPE="Group" CLASS="GEN">
      <entity_mention ID="adige20040907_id405627-E23-2" TYPE="NOM" PRIMARY="true" METONYMY_MENTION="FALSE">
        <extent>
          <charseq START="2665" END="2671">i nonni</charseq>
        </extent>
        <head>
          <charseq START="2667" END="2671">nonni</charseq>
        </head>
      </entity_mention>
    </entity>
    <entity ID="adige20040907_id405627-E24" TYPE="PER" SUBTYPE="Group" CLASS="GEN">
      <entity_mention ID="adige20040907_id405627-E24-2" TYPE="NOM" PRIMARY="true" METONYMY_MENTION="FALSE">
        <extent>
          <charseq START="2675" END="2689">tutti i parenti</charseq>
        </extent>
        <head>
          <charseq START="2683" END="2689">parenti</charseq>
        </head>
      </entity_mention>
    </entity>
    <entity ID="adige20040907_id405627-E25" TYPE="PER" SUBTYPE="Group" CLASS="GEN">
      <entity_mention ID="adige20040907_id405627-E25-2" TYPE="NOM" PRIMARY="true" METONYMY_MENTION="FALSE">
        <extent>
          <charseq START="2653" END="2689">i genitori, i nonni e tutti i parenti</charseq>
        </extent>
        <head>
          <charseq START="2653" END="2689">i genitori, i nonni e tutti i parenti</charseq>
        </head>
      </entity_mention>
    </entity>
    <entity ID="adige20040907_id405627-E26" TYPE="PER" SUBTYPE="Indefinite" CLASS="USP">
      <entity_mention ID="adige20040907_id405627-E26-2" TYPE="PRO" PRIMARY="true" METONYMY_MENTION="FALSE">
        <extent>
          <charseq START="3046" END="3048">chi</charseq>
        </extent>
        <head>
          <charseq START="3046" END="3048">chi</charseq>
        </head>
      </entity_mention>
    </entity>
    <entity ID="adige20040907_id405627-E27" TYPE="PER" SUBTYPE="Indefinite" CLASS="USP">
      <entity_mention ID="adige20040907_id405627-E27-2" TYPE="PRO" PRIMARY="true" METONYMY_MENTION="FALSE">
        <extent>
          <charseq START="2272" END="2273">si</charseq>
        </extent>
        <head>
          <charseq START="2272" END="2273">si</charseq>
        </head>
      </entity_mention>
    </entity>
    <entity ID="adige20040907_id405627-E28" TYPE="PER" SUBTYPE="Individual" CLASS="SPC">
      <entity_mention ID="adige20040907_id405627-E28-2" TYPE="NOM" PRIMARY="true" METONYMY_MENTION="FALSE">
        <extent>
          <charseq START="3214" END="3234">della moglie di Putin</charseq>
        </extent>
        <head>
          <charseq START="3220" END="3225">moglie</charseq>
        </head>
      </entity_mention>
    </entity>
    <entity ID="adige20040907_id405627-E32" TYPE="PER" SUBTYPE="Indefinite" CLASS="USP">
      <entity_mention ID="adige20040907_id405627-E32-2" TYPE="PRO" PRIMARY="true" METONYMY_MENTION="FALSE">
        <extent>
          <charseq START="3985" END="3986">si</charseq>
        </extent>
        <head>
          <charseq START="3985" END="3986">si</charseq>
        </head>
      </entity_mention>
    </entity>
    <entity ID="adige20040907_id405627-E33" TYPE="PER" SUBTYPE="Individual" CLASS="SPC">
      <entity_mention ID="adige20040907_id405627-E33-2" TYPE="NAM" PRIMARY="true" METONYMY_MENTION="FALSE">
        <extent>
          <charseq START="4080" END="4085">A.Tom.</charseq>
        </extent>
        <head>
          <charseq START="4080" END="4085">A.Tom.</charseq>
        </head>
      </entity_mention>
      <entity_attributes>
        <name NAME="A.Tom.">
          <charseq START="4080" END="4085">A.Tom.</charseq>
        </name>
      </entity_attributes>
    </entity>
    <entity ID="adige20040907_id405627-E34" TYPE="PER" SUBTYPE="Group" CLASS="SPC">
      <entity_mention ID="adige20040907_id405627-E34-2" TYPE="PRO" PRIMARY="true" METONYMY_MENTION="FALSE">
        <extent>
          <charseq START="2422" END="2447">più del 30% dei terroristi</charseq>
        </extent>
        <head>
          <charseq START="2432" END="2432">%</charseq>
        </head>
      </entity_mention>
      <entity_mention ID="adige20040907_id405627-E34-4" TYPE="NOM" PRIMARY="false" METONYMY_MENTION="FALSE">
        <extent>
          <charseq START="2455" END="2463">stranieri</charseq>
        </extent>
        <head>
          <charseq START="2455" END="2463">stranieri</charseq>
        </head>
      </entity_mention>
    </entity>
    <entity ID="adige20040907_id405627-E35" TYPE="PER" SUBTYPE="Group" CLASS="SPC">
      <entity_mention ID="adige20040907_id405627-E35-2" TYPE="NOM" PRIMARY="true" METONYMY_MENTION="FALSE">
        <extent>
          <charseq START="2434" END="2447">dei terroristi</charseq>
        </extent>
        <head>
          <charseq START="2438" END="2447">terroristi</charseq>
        </head>
      </entity_mention>
    </entity>
    <entity ID="adige20040907_id405627-E36" TYPE="PER" SUBTYPE="Indefinite" CLASS="USP">
      <entity_mention ID="adige20040907_id405627-E36-2" TYPE="PRO" PRIMARY="true" METONYMY_MENTION="FALSE">
        <extent>
          <charseq START="166" END="167">si</charseq>
        </extent>
        <head>
          <charseq START="166" END="167">si</charseq>
        </head>
      </entity_mention>
    </entity>
    <entity ID="adige20040907_id405627-E37" TYPE="PER" SUBTYPE="Group" CLASS="SPC">
      <entity_mention ID="adige20040907_id405627-E37-1" TYPE="NOM" PRIMARY="true" METONYMY_MENTION="FALSE">
        <extent>
          <charseq START="1067" END="1080">I due trentini</charseq>
        </extent>
        <head>
          <charseq START="1073" END="1080">trentini</charseq>
        </head>
      </entity_mention>
    </entity>
    <entity ID="adige20040907_id405627-E38" TYPE="ORG" SUBTYPE="Non-Governmental" CLASS="SPC">
      <entity_mention ID="adige20040907_id405627-E38-1" TYPE="NAM" PRIMARY="true" METONYMY_MENTION="FALSE">
        <extent>
          <charseq START="517" END="543">dell'Associaizone artigiani</charseq>
        </extent>
        <head>
          <charseq START="522" END="543">Associaizone artigiani</charseq>
        </head>
      </entity_mention>
      <entity_attributes>
        <name NAME="Associaizone artigiani">
          <charseq START="522" END="543">Associaizone artigiani</charseq>
        </name>
      </entity_attributes>
    </entity>
    <entity ID="adige20040907_id405627-E39" TYPE="ORG" SUBTYPE="Commercial" CLASS="SPC">
      <entity_mention ID="adige20040907_id405627-E39-1" TYPE="NAM" PRIMARY="true" METONYMY_MENTION="FALSE">
        <extent>
          <charseq START="610" END="616">Osiride</charseq>
        </extent>
        <head>
          <charseq START="610" END="616">Osiride</charseq>
        </head>
      </entity_mention>
      <entity_mention ID="adige20040907_id405627-E39-2" TYPE="NOM" PRIMARY="false" METONYMY_MENTION="FALSE">
        <extent>
          <charseq START="596" END="608">casa editrice</charseq>
        </extent>
        <head>
          <charseq START="596" END="599">casa</charseq>
        </head>
      </entity_mention>
      <entity_mention ID="adige20040907_id405627-E39-3" TYPE="NOM" PRIMARY="false" METONYMY_MENTION="FALSE">
        <extent>
          <charseq START="596" END="616">casa editrice Osiride</charseq>
        </extent>
        <head>
          <charseq START="596" END="616">casa editrice Osiride</charseq>
        </head>
      </entity_mention>
      <entity_attributes>
        <name NAME="Osiride">
          <charseq START="610" END="616">Osiride</charseq>
        </name>
      </entity_attributes>
    </entity>
    <entity ID="adige20040907_id405627-E41" TYPE="ORG" SUBTYPE="Commercial" CLASS="SPC">
      <entity_mention ID="adige20040907_id405627-E41-1" TYPE="NAM" PRIMARY="true" METONYMY_MENTION="FALSE">
        <extent>
          <charseq START="1025" END="1033">Real View</charseq>
        </extent>
        <head>
          <charseq START="1025" END="1033">Real View</charseq>
        </head>
      </entity_mention>
      <entity_mention ID="adige20040907_id405627-E41-2" TYPE="NOM" PRIMARY="false" METONYMY_MENTION="FALSE">
        <extent>
          <charseq START="993" END="1023">dell'agenzia di videoproduzioni</charseq>
        </extent>
        <head>
          <charseq START="998" END="1004">agenzia</charseq>
        </head>
      </entity_mention>
      <entity_mention ID="adige20040907_id405627-E41-3" TYPE="NOM" PRIMARY="false" METONYMY_MENTION="FALSE">
        <extent>
          <charseq START="993" END="1033">dell'agenzia di videoproduzioni Real View</charseq>
        </extent>
        <head>
          <charseq START="993" END="1033">dell'agenzia di videoproduzioni Real View</charseq>
        </head>
      </entity_mention>
      <entity_attributes>
        <name NAME="Real View">
          <charseq START="1025" END="1033">Real View</charseq>
        </name>
      </entity_attributes>
    </entity>
    <entity ID="adige20040907_id405627-E45" TYPE="ORG" SUBTYPE="Non-Governmental" CLASS="SPC">
      <entity_mention ID="adige20040907_id405627-E45-1" TYPE="NAM" PRIMARY="true" METONYMY_MENTION="FALSE">
        <extent>
          <charseq START="454" END="486">« Aiutateci a salvare i bambini »</charseq>
        </extent>
        <head>
          <charseq START="456" END="484">Aiutateci a salvare i bambini</charseq>
        </head>
      </entity_mention>
      <entity_mention ID="adige20040907_id405627-E45-2" TYPE="NOM" PRIMARY="false" METONYMY_MENTION="FALSE">
        <extent>
          <charseq START="436" END="452">dell'associazione</charseq>
        </extent>
        <head>
          <charseq START="441" END="452">associazione</charseq>
        </head>
      </entity_mention>
      <entity_mention ID="adige20040907_id405627-E45-3" TYPE="NOM" PRIMARY="false" METONYMY_MENTION="FALSE">
        <extent>
          <charseq START="436" END="486">dell'associazione « Aiutateci a salvare i bambini »</charseq>
        </extent>
        <head>
          <charseq START="436" END="486">dell'associazione « Aiutateci a salvare i bambini »</charseq>
        </head>
      </entity_mention>
      <entity_mention ID="adige20040907_id405627-E45-5" TYPE="NOM" PRIMARY="false" METONYMY_MENTION="FALSE">
        <extent>
          <charseq START="1216" END="1229">l'associazione</charseq>
        </extent>
        <head>
          <charseq START="1218" END="1229">associazione</charseq>
        </head>
      </entity_mention>
      <entity_mention ID="adige20040907_id405627-E45-7" TYPE="PRO" PRIMARY="false" METONYMY_MENTION="FALSE">
        <extent>
          <charseq START="1562" END="1567">nostro</charseq>
        </extent>
        <head>
          <charseq START="1562" END="1567">nostro</charseq>
        </head>
      </entity_mention>
      <entity_attributes>
        <name NAME="Aiutateci a salvare i bambini">
          <charseq START="456" END="484">Aiutateci a salvare i bambini</charseq>
        </name>
      </entity_attributes>
    </entity>
    <entity ID="adige20040907_id405627-E47" TYPE="PER" SUBTYPE="Group" CLASS="SPC">
      <entity_mention ID="adige20040907_id405627-E47-2" TYPE="NOM" PRIMARY="true" METONYMY_MENTION="FALSE">
        <extent>
          <charseq START="2466" END="2470">arabi</charseq>
        </extent>
        <head>
          <charseq START="2466" END="2470">arabi</charseq>
        </head>
      </entity_mention>
    </entity>
    <entity ID="adige20040907_id405627-E48" TYPE="GPE" SUBTYPE="Population-Center" CLASS="SPC">
      <entity_mention ID="adige20040907_id405627-E48-1" TYPE="NAM" PRIMARY="true" ROLE="GPE" METONYMY_MENTION="FALSE">
        <extent>
          <charseq START="365" END="370">Beslan</charseq>
        </extent>
        <head>
          <charseq START="365" END="370">Beslan</charseq>
        </head>
      </entity_mention>
      <entity_mention ID="adige20040907_id405627-E48-2" TYPE="NAM" PRIMARY="false" ROLE="GPE" METONYMY_MENTION="FALSE">
        <extent>
          <charseq START="1353" END="1358">Beslan</charseq>
        </extent>
        <head>
          <charseq START="1353" END="1358">Beslan</charseq>
        </head>
      </entity_mention>
      <entity_mention ID="adige20040907_id405627-E48-3" TYPE="NAM" PRIMARY="false" ROLE="GPE" METONYMY_MENTION="FALSE">
        <extent>
          <charseq START="3623" END="3628">Beslan</charseq>
        </extent>
        <head>
          <charseq START="3623" END="3628">Beslan</charseq>
        </head>
      </entity_mention>
      <entity_mention ID="adige20040907_id405627-E48-4" TYPE="PRO" PRIMARY="false" ROLE="LOC" METONYMY_MENTION="FALSE">
        <extent>
          <charseq START="2904" END="2906">qui</charseq>
        </extent>
        <head>
          <charseq START="2904" END="2906">qui</charseq>
        </head>
      </entity_mention>
      <entity_attributes>
        <name NAME="Beslan">
          <charseq START="365" END="370">Beslan</charseq>
        </name>
        <name NAME="Beslan">
          <charseq START="1353" END="1358">Beslan</charseq>
        </name>
        <name NAME="Beslan">
          <charseq START="3623" END="3628">Beslan</charseq>
        </name>
      </entity_attributes>
    </entity>
    <entity ID="adige20040907_id405627-E49" TYPE="GPE" SUBTYPE="Nation" CLASS="SPC">
      <entity_mention ID="adige20040907_id405627-E49-1" TYPE="NOM" PRIMARY="true" ROLE="PER" METONYMY_MENTION="FALSE">
        <extent>
          <charseq START="394" END="401">ai russi</charseq>
        </extent>
        <head>
          <charseq START="397" END="401">russi</charseq>
        </head>
      </entity_mention>
      <entity_mention ID="adige20040907_id405627-E49-3" TYPE="NAM" PRIMARY="false" ROLE="GPE" METONYMY_MENTION="FALSE">
        <extent>
          <charseq START="780" END="784">russa</charseq>
        </extent>
        <head>
          <charseq START="780" END="784">russa</charseq>
        </head>
      </entity_mention>
      <entity_mention ID="adige20040907_id405627-E49-4" TYPE="NOM" PRIMARY="false" ROLE="PER" METONYMY_MENTION="FALSE">
        <extent>
          <charseq START="1147" END="1166">la popolazione russa</charseq>
        </extent>
        <head>
          <charseq START="1150" END="1160">popolazione</charseq>
        </head>
      </entity_mention>
      <entity_mention ID="adige20040907_id405627-E49-5" TYPE="NAM" PRIMARY="false" ROLE="GPE" METONYMY_MENTION="FALSE">
        <extent>
          <charseq START="1162" END="1166">russa</charseq>
        </extent>
        <head>
          <charseq START="1162" END="1166">russa</charseq>
        </head>
      </entity_mention>
      <entity_mention ID="adige20040907_id405627-E49-6" TYPE="NAM" PRIMARY="false" ROLE="GPE" METONYMY_MENTION="FALSE">
        <extent>
          <charseq START="1720" END="1724">russa</charseq>
        </extent>
        <head>
          <charseq START="1720" END="1724">russa</charseq>
        </head>
      </entity_mention>
      <entity_mention ID="adige20040907_id405627-E49-7" TYPE="NOM" PRIMARY="false" ROLE="PER" METONYMY_MENTION="FALSE">
        <extent>
          <charseq START="1764" END="1841">gente forte, che sta affrontando questi giorni con una buona dose di fatalismo</charseq>
        </extent>
        <head>
          <charseq START="1764" END="1768">gente</charseq>
        </head>
      </entity_mention>
      <entity_mention ID="adige20040907_id405627-E49-8" TYPE="PRO" PRIMARY="false" ROLE="PER" METONYMY_MENTION="FALSE">
        <extent>
          <charseq START="1777" END="1779">che</charseq>
        </extent>
        <head>
          <charseq START="1777" END="1779">che</charseq>
        </head>
      </entity_mention>
      <entity_mention ID="adige20040907_id405627-E49-9" TYPE="NAM" PRIMARY="false" ROLE="LOC" METONYMY_MENTION="FALSE">
        <extent>
          <charseq START="2265" END="2270">Russia</charseq>
        </extent>
        <head>
          <charseq START="2265" END="2270">Russia</charseq>
        </head>
      </entity_mention>
      <entity_mention ID="adige20040907_id405627-E49-10" TYPE="NOM" PRIMARY="false" ROLE="PER" METONYMY_MENTION="FALSE">
        <extent>
          <charseq START="3388" END="3394">i russi</charseq>
        </extent>
        <head>
          <charseq START="3390" END="3394">russi</charseq>
        </head>
      </entity_mention>
      <entity_mention ID="adige20040907_id405627-E49-11" TYPE="PRO" PRIMARY="false" ROLE="PER" METONYMY_MENTION="FALSE">
        <extent>
          <charseq START="3418" END="3421">loro</charseq>
        </extent>
        <head>
          <charseq START="3418" END="3421">loro</charseq>
        </head>
      </entity_mention>
      <entity_mention ID="adige20040907_id405627-E49-12" TYPE="PRO" PRIMARY="false" ROLE="PER" METONYMY_MENTION="FALSE">
        <extent>
          <charseq START="3435" END="3438">loro</charseq>
        </extent>
        <head>
          <charseq START="3435" END="3438">loro</charseq>
        </head>
      </entity_mention>
      <entity_mention ID="adige20040907_id405627-E49-13" TYPE="NAM" PRIMARY="false" ROLE="GPE" METONYMY_MENTION="FALSE">
        <extent>
          <charseq START="3616" END="3620">russo</charseq>
        </extent>
        <head>
          <charseq START="3616" END="3620">russo</charseq>
        </head>
      </entity_mention>
      <entity_mention ID="adige20040907_id405627-E49-14" TYPE="NAM" PRIMARY="false" ROLE="GPE" METONYMY_MENTION="FALSE">
        <extent>
          <charseq START="3767" END="3771">russo</charseq>
        </extent>
        <head>
          <charseq START="3767" END="3771">russo</charseq>
        </head>
      </entity_mention>
      <entity_mention ID="adige20040907_id405627-E49-15" TYPE="NAM" PRIMARY="false" ROLE="LOC" METONYMY_MENTION="FALSE">
        <extent>
          <charseq START="26" END="48">nella « Russia ferita »</charseq>
        </extent>
        <head>
          <charseq START="34" END="39">Russia</charseq>
        </head>
      </entity_mention>
      <entity_mention ID="adige20040907_id405627-E49-16" TYPE="PRO" PRIMARY="false" ROLE="PER" METONYMY_MENTION="FALSE">
        <extent>
          <charseq START="2127" END="2131">tutti</charseq>
        </extent>
        <head>
          <charseq START="2127" END="2131">tutti</charseq>
        </head>
      </entity_mention>
      <entity_mention ID="adige20040907_id405627-E49-17" TYPE="NOM" PRIMARY="false" ROLE="PER" METONYMY_MENTION="FALSE">
        <extent>
          <charseq START="2221" END="2228">la gente</charseq>
        </extent>
        <head>
          <charseq START="2224" END="2228">gente</charseq>
        </head>
      </entity_mention>
      <entity_mention ID="adige20040907_id405627-E49-18" TYPE="NAM" PRIMARY="false" ROLE="GPE" METONYMY_MENTION="FALSE">
        <extent>
          <charseq START="2202" END="2218">della federazione</charseq>
        </extent>
        <head>
          <charseq START="2208" END="2218">federazione</charseq>
        </head>
      </entity_mention>
      <entity_mention ID="adige20040907_id405627-E49-19" TYPE="NOM" PRIMARY="false" ROLE="PER" METONYMY_MENTION="FALSE">
        <extent>
          <charseq START="2328" END="2335">La gente</charseq>
        </extent>
        <head>
          <charseq START="2331" END="2335">gente</charseq>
        </head>
      </entity_mention>
      <entity_mention ID="adige20040907_id405627-E49-20" TYPE="NOM" PRIMARY="false" ROLE="GPE" METONYMY_MENTION="FALSE">
        <extent>
          <charseq START="3450" END="3460">dell'impero</charseq>
        </extent>
        <head>
          <charseq START="3455" END="3460">impero</charseq>
        </head>
      </entity_mention>
      <entity_mention ID="adige20040907_id405627-E49-21" TYPE="NAM" PRIMARY="false" ROLE="ORG" METONYMY_MENTION="TRUE">
        <extent>
          <charseq START="2110" END="2121">dal Cremlino</charseq>
        </extent>
        <head>
          <charseq START="2114" END="2121">Cremlino</charseq>
        </head>
      </entity_mention>
      <entity_mention ID="adige20040907_id405627-E49-22" TYPE="PRO" PRIMARY="false" ROLE="LOC" METONYMY_MENTION="FALSE">
        <extent>
          <charseq START="1735" END="1737">qui</charseq>
        </extent>
        <head>
          <charseq START="1735" END="1737">qui</charseq>
        </head>
      </entity_mention>
      <entity_mention ID="adige20040907_id405627-E49-23" TYPE="NOM" PRIMARY="false" ROLE="PER" METONYMY_MENTION="FALSE">
        <extent>
          <charseq START="3170" END="3186">della popolazione</charseq>
        </extent>
        <head>
          <charseq START="3176" END="3186">popolazione</charseq>
        </head>
      </entity_mention>
      <entity_attributes>
        <name NAME="Russia">
          <charseq START="2265" END="2270">Russia</charseq>
        </name>
        <name NAME="Russia">
          <charseq START="34" END="39">Russia</charseq>
        </name>
        <name NAME="federazione">
          <charseq START="2208" END="2218">federazione</charseq>
        </name>
        <name NAME="Cremlino">
          <charseq START="2114" END="2121">Cremlino</charseq>
        </name>
      </entity_attributes>
    </entity>
    <entity ID="adige20040907_id405627-E50" TYPE="GPE" SUBTYPE="Population-Center" CLASS="SPC">
      <entity_mention ID="adige20040907_id405627-E50-1" TYPE="NOM" PRIMARY="true" ROLE="PER" METONYMY_MENTION="FALSE">
        <extent>
          <charseq START="203" END="214">ai moscoviti</charseq>
        </extent>
        <head>
          <charseq START="206" END="214">moscoviti</charseq>
        </head>
      </entity_mention>
      <entity_mention ID="adige20040907_id405627-E50-2" TYPE="NOM" PRIMARY="false" ROLE="LOC" METONYMY_MENTION="FALSE">
        <extent>
          <charseq START="765" END="784">nella capitale russa</charseq>
        </extent>
        <head>
          <charseq START="771" END="778">capitale</charseq>
        </head>
      </entity_mention>
      <entity_mention ID="adige20040907_id405627-E50-3" TYPE="NAM" PRIMARY="false" ROLE="LOC" METONYMY_MENTION="FALSE">
        <extent>
          <charseq START="147" END="151">Mosca</charseq>
        </extent>
        <head>
          <charseq START="147" END="151">Mosca</charseq>
        </head>
      </entity_mention>
      <entity_attributes>
        <name NAME="Mosca">
          <charseq START="147" END="151">Mosca</charseq>
        </name>
      </entity_attributes>
    </entity>
    <entity ID="adige20040907_id405627-E51" TYPE="GPE" SUBTYPE="State-or-Province" CLASS="SPC">
      <entity_mention ID="adige20040907_id405627-E51-1" TYPE="NAM" PRIMARY="true" ROLE="ORG" METONYMY_MENTION="FALSE">
        <extent>
          <charseq START="1053" END="1064">la Provincia</charseq>
        </extent>
        <head>
          <charseq START="1056" END="1064">Provincia</charseq>
        </head>
      </entity_mention>
      <entity_mention ID="adige20040907_id405627-E51-2" TYPE="NAM" PRIMARY="false" ROLE="ORG" METONYMY_MENTION="FALSE">
        <extent>
          <charseq START="1381" END="1392">la Provincia</charseq>
        </extent>
        <head>
          <charseq START="1384" END="1392">Provincia</charseq>
        </head>
      </entity_mention>
      <entity_mention ID="adige20040907_id405627-E51-3" TYPE="NAM" PRIMARY="false" ROLE="ORG" METONYMY_MENTION="FALSE">
        <extent>
          <charseq START="120" END="134">dalla Provincia</charseq>
        </extent>
        <head>
          <charseq START="126" END="134">Provincia</charseq>
        </head>
      </entity_mention>
      <entity_attributes>
        <name NAME="Provincia">
          <charseq START="1056" END="1064">Provincia</charseq>
        </name>
        <name NAME="Provincia">
          <charseq START="1384" END="1392">Provincia</charseq>
        </name>
        <name NAME="Provincia">
          <charseq START="126" END="134">Provincia</charseq>
        </name>
      </entity_attributes>
    </entity>
    <entity ID="adige20040907_id405627-E52" TYPE="GPE" SUBTYPE="Nation" CLASS="SPC">
      <entity_mention ID="adige20040907_id405627-E52-1" TYPE="NAM" PRIMARY="true" ROLE="GPE" METONYMY_MENTION="FALSE">
        <extent>
          <charseq START="2739" END="2747">americano</charseq>
        </extent>
        <head>
          <charseq START="2739" END="2747">americano</charseq>
        </head>
      </entity_mention>
    </entity>
    <entity ID="adige20040907_id405627-E53" TYPE="GPE" SUBTYPE="Population-Center" CLASS="SPC">
      <entity_mention ID="adige20040907_id405627-E53-1" TYPE="NAM" PRIMARY="true" ROLE="GPE" METONYMY_MENTION="FALSE">
        <extent>
          <charseq START="2860" END="2867">New York</charseq>
        </extent>
        <head>
          <charseq START="2860" END="2867">New York</charseq>
        </head>
      </entity_mention>
      <entity_attributes>
        <name NAME="New York">
          <charseq START="2860" END="2867">New York</charseq>
        </name>
      </entity_attributes>
    </entity>
    <entity ID="adige20040907_id405627-E54" TYPE="GPE" SUBTYPE="State-or-Province" CLASS="SPC">
      <entity_mention ID="adige20040907_id405627-E54-1" TYPE="NAM" PRIMARY="true" ROLE="GPE" METONYMY_MENTION="FALSE">
        <extent>
          <charseq START="3004" END="3010">Cecenia</charseq>
        </extent>
        <head>
          <charseq START="3004" END="3010">Cecenia</charseq>
        </head>
      </entity_mention>
      <entity_mention ID="adige20040907_id405627-E54-2" TYPE="NOM" PRIMARY="false" ROLE="PER" METONYMY_MENTION="FALSE">
        <extent>
          <charseq START="3740" END="3747">i Ceceni</charseq>
        </extent>
        <head>
          <charseq START="3742" END="3747">Ceceni</charseq>
        </head>
      </entity_mention>
      <entity_mention ID="adige20040907_id405627-E54-3" TYPE="NAM" PRIMARY="false" ROLE="GPE" METONYMY_MENTION="FALSE">
        <extent>
          <charseq START="3932" END="3943">alla Cecenia</charseq>
        </extent>
        <head>
          <charseq START="3937" END="3943">Cecenia</charseq>
        </head>
      </entity_mention>
      <entity_attributes>
        <name NAME="Cecenia">
          <charseq START="3004" END="3010">Cecenia</charseq>
        </name>
        <name NAME="Cecenia">
          <charseq START="3937" END="3943">Cecenia</charseq>
        </name>
      </entity_attributes>
    </entity>
    <entity ID="adige20040907_id405627-E55" TYPE="GPE" SUBTYPE="State-or-Province" CLASS="SPC">
      <entity_mention ID="adige20040907_id405627-E55-1" TYPE="NAM" PRIMARY="true" ROLE="LOC" METONYMY_MENTION="FALSE">
        <extent>
          <charseq START="3532" END="3538">Ossezia</charseq>
        </extent>
        <head>
          <charseq START="3532" END="3538">Ossezia</charseq>
        </head>
      </entity_mention>
      <entity_mention ID="adige20040907_id405627-E55-2" TYPE="NOM" PRIMARY="false" ROLE="PER" METONYMY_MENTION="FALSE">
        <extent>
          <charseq START="3689" END="3698">gli Ossezi</charseq>
        </extent>
        <head>
          <charseq START="3693" END="3698">Ossezi</charseq>
        </head>
      </entity_mention>
      <entity_attributes>
        <name NAME="Ossezia">
          <charseq START="3532" END="3538">Ossezia</charseq>
        </name>
      </entity_attributes>
    </entity>
    <entity ID="adige20040907_id405627-E56" TYPE="GPE" SUBTYPE="Population-Center" CLASS="SPC">
      <entity_mention ID="adige20040907_id405627-E56-1" TYPE="NOM" PRIMARY="true" ROLE="GPE" METONYMY_MENTION="FALSE">
        <extent>
          <charseq START="3636" END="3684">i più grandi centri per la produzione della vodka</charseq>
        </extent>
        <head>
          <charseq START="3649" END="3654">centri</charseq>
        </head>
      </entity_mention>
    </entity>
    <entity ID="adige20040907_id405627-E57" TYPE="GPE" SUBTYPE="Nation" CLASS="SPC">
      <entity_mention ID="adige20040907_id405627-E57-1" TYPE="NAM" PRIMARY="true" ROLE="GPE" METONYMY_MENTION="FALSE">
        <extent>
          <charseq START="4031" END="4038">italiano</charseq>
        </extent>
        <head>
          <charseq START="4031" END="4038">italiano</charseq>
        </head>
      </entity_mention>
    </entity>
    <entity ID="adige20040907_id405627-E58" TYPE="GPE" SUBTYPE="State-or-Province" CLASS="SPC">
      <entity_mention ID="adige20040907_id405627-E58-1" TYPE="NAM" PRIMARY="true" ROLE="GPE" METONYMY_MENTION="FALSE">
        <extent>
          <charseq START="4062" END="4075">all'Alto Adige</charseq>
        </extent>
        <head>
          <charseq START="4066" END="4075">Alto Adige</charseq>
        </head>
      </entity_mention>
      <entity_attributes>
        <name NAME="Alto Adige">
          <charseq START="4066" END="4075">Alto Adige</charseq>
        </name>
      </entity_attributes>
    </entity>
    <entity ID="adige20040907_id405627-E59" TYPE="LOC" SUBTYPE="Boundary" CLASS="SPC">
      <entity_mention ID="adige20040907_id405627-E59-1" TYPE="NOM" PRIMARY="true" METONYMY_MENTION="FALSE">
        <extent>
          <charseq START="3440" END="3460">i confini dell'impero</charseq>
        </extent>
        <head>
          <charseq START="3442" END="3448">confini</charseq>
        </head>
      </entity_mention>
    </entity>
    <entity ID="adige20040907_id405627-E60" TYPE="GPE" SUBTYPE="State-or-Province" CLASS="SPC">
      <entity_mention ID="adige20040907_id405627-E60-1" TYPE="NOM" PRIMARY="true" ROLE="GPE" METONYMY_MENTION="FALSE">
        <extent>
          <charseq START="2189" END="2218">ai territori della federazione</charseq>
        </extent>
        <head>
          <charseq START="2192" END="2200">territori</charseq>
        </head>
      </entity_mention>
    </entity>
    <entity ID="adige20040907_id405627-E61" TYPE="LOC" SUBTYPE="Region-General" CLASS="SPC">
      <entity_mention ID="adige20040907_id405627-E61-1" TYPE="NOM" PRIMARY="true" METONYMY_MENTION="FALSE">
        <extent>
          <charseq START="3501" END="3510">dal centro</charseq>
        </extent>
        <head>
          <charseq START="3505" END="3510">centro</charseq>
        </head>
      </entity_mention>
    </entity>
  </document>
</source_file>
