<?xml version="1.0" encoding="UTF-8"?>
<!DOCTYPE source_file PUBLIC "SYSTEM" "apf.v5.2.0.dtd">

<source_file URI="adige20040907_id405626.txt" SOURCE="unknown" TYPE="text" VERSION="5.0" AUTHOR="Evalita" ENCODING="UTF-8">
  <document DOCID="adige20040907_id405626">
    <entity ID="adige20040907_id405626-E1" TYPE="PER" SUBTYPE="Group" CLASS="SPC">
      <entity_mention ID="adige20040907_id405626-E1-1" TYPE="NOM" PRIMARY="true" METONYMY_MENTION="FALSE">
        <extent>
          <charseq START="398" END="406">Il corteo</charseq>
        </extent>
        <head>
          <charseq START="401" END="406">corteo</charseq>
        </head>
      </entity_mention>
    </entity>
    <entity ID="adige20040907_id405626-E2" TYPE="PER" SUBTYPE="Group" CLASS="GEN">
      <entity_mention ID="adige20040907_id405626-E2-1" TYPE="NOM" PRIMARY="true" METONYMY_MENTION="FALSE">
        <extent>
          <charseq START="617" END="639">i cittadini interessati</charseq>
        </extent>
        <head>
          <charseq START="619" END="627">cittadini</charseq>
        </head>
      </entity_mention>
    </entity>
    <entity ID="adige20040907_id405626-E3" TYPE="PER" SUBTYPE="Group" CLASS="GEN">
      <entity_mention ID="adige20040907_id405626-E3-1" TYPE="NOM" PRIMARY="true" METONYMY_MENTION="FALSE">
        <extent>
          <charseq START="875" END="887">Agli aderenti</charseq>
        </extent>
        <head>
          <charseq START="880" END="887">aderenti</charseq>
        </head>
      </entity_mention>
    </entity>
    <entity ID="adige20040907_id405626-E4" TYPE="PER" SUBTYPE="Individual" CLASS="SPC">
      <entity_mention ID="adige20040907_id405626-E4-1" TYPE="NAM" PRIMARY="true" METONYMY_MENTION="FALSE">
        <extent>
          <charseq START="1130" END="1142">Luigi Bressan</charseq>
        </extent>
        <head>
          <charseq START="1130" END="1142">Luigi Bressan</charseq>
        </head>
      </entity_mention>
      <entity_mention ID="adige20040907_id405626-E4-2" TYPE="NOM" PRIMARY="false" METONYMY_MENTION="FALSE">
        <extent>
          <charseq START="1119" END="1128">il vescovo</charseq>
        </extent>
        <head>
          <charseq START="1122" END="1128">vescovo</charseq>
        </head>
      </entity_mention>
      <entity_mention ID="adige20040907_id405626-E4-3" TYPE="NOM" PRIMARY="false" METONYMY_MENTION="FALSE">
        <extent>
          <charseq START="1119" END="1142">il vescovo Luigi Bressan</charseq>
        </extent>
        <head>
          <charseq START="1119" END="1142">il vescovo Luigi Bressan</charseq>
        </head>
      </entity_mention>
      <entity_mention ID="adige20040907_id405626-E4-4" TYPE="NOM" PRIMARY="false" METONYMY_MENTION="FALSE">
        <extent>
          <charseq START="14" END="23">il vescovo</charseq>
        </extent>
        <head>
          <charseq START="17" END="23">vescovo</charseq>
        </head>
      </entity_mention>
      <entity_attributes>
        <name NAME="Luigi Bressan">
          <charseq START="1130" END="1142">Luigi Bressan</charseq>
        </name>
      </entity_attributes>
    </entity>
    <entity ID="adige20040907_id405626-E5" TYPE="PER" SUBTYPE="Individual" CLASS="SPC">
      <entity_mention ID="adige20040907_id405626-E5-1" TYPE="NAM" PRIMARY="true" METONYMY_MENTION="FALSE">
        <extent>
          <charseq START="1146" END="1166">Alessandro Martinelli</charseq>
        </extent>
        <head>
          <charseq START="1146" END="1166">Alessandro Martinelli</charseq>
        </head>
      </entity_mention>
      <entity_mention ID="adige20040907_id405626-E5-2" TYPE="NOM" PRIMARY="false" METONYMY_MENTION="FALSE">
        <extent>
          <charseq START="1169" END="1244">responsabile dell'Ufficio diocesano dell'ecumensimo e dialogo interreligioso</charseq>
        </extent>
        <head>
          <charseq START="1169" END="1180">responsabile</charseq>
        </head>
      </entity_mention>
      <entity_mention ID="adige20040907_id405626-E5-3" TYPE="NAM" PRIMARY="false" METONYMY_MENTION="FALSE">
        <extent>
          <charseq START="1146" END="1244">Alessandro Martinelli, responsabile dell'Ufficio diocesano dell'ecumensimo e dialogo interreligioso</charseq>
        </extent>
        <head>
          <charseq START="1146" END="1244">Alessandro Martinelli, responsabile dell'Ufficio diocesano dell'ecumensimo e dialogo interreligioso</charseq>
        </head>
      </entity_mention>
      <entity_attributes>
        <name NAME="Alessandro Martinelli">
          <charseq START="1146" END="1166">Alessandro Martinelli</charseq>
        </name>
        <name NAME="Alessandro Martinelli, responsabile dell'Ufficio diocesano dell'ecumensimo e dialogo interreligioso">
          <charseq START="1146" END="1244">Alessandro Martinelli, responsabile dell'Ufficio diocesano dell'ecumensimo e dialogo interreligioso</charseq>
        </name>
      </entity_attributes>
    </entity>
  <entity ID="adige20040907_id405626-E7" TYPE="PER" SUBTYPE="Group" CLASS="GEN">
      <entity_mention ID="adige20040907_id405626-E7-1" TYPE="NOM" PRIMARY="true" METONYMY_MENTION="FALSE">
        <extent>
          <charseq START="1263" END="1274">alle vittime</charseq>
        </extent>
        <head>
          <charseq START="1268" END="1274">vittime</charseq>
        </head>
      </entity_mention>
    </entity>
    <entity ID="adige20040907_id405626-E8" TYPE="PER" SUBTYPE="Group" CLASS="GEN">
      <entity_mention ID="adige20040907_id405626-E8-1" TYPE="NOM" PRIMARY="true" METONYMY_MENTION="FALSE">
        <extent>
          <charseq START="1278" END="1316">alle popolazioni colpite dal terrorismo</charseq>
        </extent>
        <head>
          <charseq START="1283" END="1293">popolazioni</charseq>
        </head>
      </entity_mention>
    </entity>
    <entity ID="adige20040907_id405626-E9" TYPE="PER" SUBTYPE="Indefinite" CLASS="USP">
      <entity_mention ID="adige20040907_id405626-E9-1" TYPE="PRO" PRIMARY="true" METONYMY_MENTION="FALSE">
        <extent>
          <charseq START="1320" END="1321">si</charseq>
        </extent>
        <head>
          <charseq START="1320" END="1321">si</charseq>
        </head>
      </entity_mention>
    </entity>
    <entity ID="adige20040907_id405626-E10" TYPE="PER" SUBTYPE="Group" CLASS="SPC">
      <entity_mention ID="adige20040907_id405626-E10-1" TYPE="NOM" PRIMARY="true" METONYMY_MENTION="FALSE">
        <extent>
          <charseq START="26" END="42">Gli organizzatori</charseq>
        </extent>
        <head>
          <charseq START="30" END="42">organizzatori</charseq>
        </head>
      </entity_mention>
    </entity>
    <entity ID="adige20040907_id405626-E11" TYPE="PER" SUBTYPE="Group" CLASS="USP">
      <entity_mention ID="adige20040907_id405626-E11-1" TYPE="PRO" PRIMARY="true" METONYMY_MENTION="FALSE">
        <extent>
          <charseq START="1410" END="1411">ci</charseq>
        </extent>
        <head>
          <charseq START="1410" END="1411">ci</charseq>
        </head>
      </entity_mention>
    </entity>
    <entity ID="adige20040907_id405626-E12" TYPE="PER" SUBTYPE="Group" CLASS="GEN">
      <entity_mention ID="adige20040907_id405626-E12-1" TYPE="NOM" PRIMARY="true" METONYMY_MENTION="FALSE">
        <extent>
          <charseq START="1263" END="1316">alle vittime e alle popolazioni colpite dal terrorismo</charseq>
        </extent>
        <head>
          <charseq START="1263" END="1316">alle vittime e alle popolazioni colpite dal terrorismo</charseq>
        </head>
      </entity_mention>
    </entity>
    <entity ID="adige20040907_id405626-E13" TYPE="ORG" SUBTYPE="Non-Governmental" CLASS="SPC">
      <entity_mention ID="adige20040907_id405626-E13-1" TYPE="NAM" PRIMARY="true" METONYMY_MENTION="FALSE">
        <extent>
          <charseq START="554" END="557">Cgil</charseq>
        </extent>
        <head>
          <charseq START="554" END="557">Cgil</charseq>
        </head>
      </entity_mention>
      <entity_mention ID="adige20040907_id405626-E13-2" TYPE="NAM" PRIMARY="false" METONYMY_MENTION="FALSE">
        <extent>
          <charseq START="1347" END="1350">Cgil</charseq>
        </extent>
        <head>
          <charseq START="1347" END="1350">Cgil</charseq>
        </head>
      </entity_mention>
      <entity_attributes>
        <name NAME="Cgil">
          <charseq START="554" END="557">Cgil</charseq>
        </name>
        <name NAME="Cgil">
          <charseq START="1347" END="1350">Cgil</charseq>
        </name>
      </entity_attributes>
    </entity>
    <entity ID="adige20040907_id405626-E14" TYPE="ORG" SUBTYPE="Non-Governmental" CLASS="SPC">
      <entity_mention ID="adige20040907_id405626-E14-1" TYPE="NAM" PRIMARY="true" METONYMY_MENTION="FALSE">
        <extent>
          <charseq START="560" END="563">Cisl</charseq>
        </extent>
        <head>
          <charseq START="560" END="563">Cisl</charseq>
        </head>
      </entity_mention>
      <entity_mention ID="adige20040907_id405626-E14-2" TYPE="NAM" PRIMARY="false" METONYMY_MENTION="FALSE">
        <extent>
          <charseq START="1353" END="1356">Cisl</charseq>
        </extent>
        <head>
          <charseq START="1353" END="1356">Cisl</charseq>
        </head>
      </entity_mention>
      <entity_attributes>
        <name NAME="Cisl">
          <charseq START="560" END="563">Cisl</charseq>
        </name>
        <name NAME="Cisl">
          <charseq START="1353" END="1356">Cisl</charseq>
        </name>
      </entity_attributes>
    </entity>
    <entity ID="adige20040907_id405626-E15" TYPE="ORG" SUBTYPE="Non-Governmental" CLASS="SPC">
      <entity_mention ID="adige20040907_id405626-E15-1" TYPE="NAM" PRIMARY="true" METONYMY_MENTION="FALSE">
        <extent>
          <charseq START="567" END="569">Uil</charseq>
        </extent>
        <head>
          <charseq START="567" END="569">Uil</charseq>
        </head>
      </entity_mention>
      <entity_mention ID="adige20040907_id405626-E15-2" TYPE="NAM" PRIMARY="false" METONYMY_MENTION="FALSE">
        <extent>
          <charseq START="1360" END="1362">Uil</charseq>
        </extent>
        <head>
          <charseq START="1360" END="1362">Uil</charseq>
        </head>
      </entity_mention>
      <entity_attributes>
        <name NAME="Uil">
          <charseq START="567" END="569">Uil</charseq>
        </name>
        <name NAME="Uil">
          <charseq START="1360" END="1362">Uil</charseq>
        </name>
      </entity_attributes>
    </entity>
    <entity ID="adige20040907_id405626-E16" TYPE="ORG" SUBTYPE="Non-Governmental" CLASS="SPC">
      <entity_mention ID="adige20040907_id405626-E16-1" TYPE="NAM" PRIMARY="true" METONYMY_MENTION="FALSE">
        <extent>
          <charseq START="554" END="569">Cgil, Cisl e Uil</charseq>
        </extent>
        <head>
          <charseq START="554" END="569">Cgil, Cisl e Uil</charseq>
        </head>
      </entity_mention>
      <entity_mention ID="adige20040907_id405626-E16-2" TYPE="NAM" PRIMARY="false" METONYMY_MENTION="FALSE">
        <extent>
          <charseq START="1347" END="1362">Cgil, Cisl e Uil</charseq>
        </extent>
        <head>
          <charseq START="1347" END="1362">Cgil, Cisl e Uil</charseq>
        </head>
      </entity_mention>
      <entity_attributes>
        <name NAME="Cgil, Cisl e Uil">
          <charseq START="554" END="569">Cgil, Cisl e Uil</charseq>
        </name>
        <name NAME="Cgil, Cisl e Uil">
          <charseq START="1347" END="1362">Cgil, Cisl e Uil</charseq>
        </name>
      </entity_attributes>
    </entity>
    <entity ID="adige20040907_id405626-E18" TYPE="ORG" SUBTYPE="Non-Governmental" CLASS="SPC">
      <entity_mention ID="adige20040907_id405626-E18-1" TYPE="NOM" PRIMARY="true" METONYMY_MENTION="FALSE">
        <extent>
          <charseq START="720" END="777">alle associazioni cattoliche e laiche, invitate ad aderire</charseq>
        </extent>
        <head>
          <charseq START="725" END="736">associazioni</charseq>
        </head>
      </entity_mention>
    </entity>
    <entity ID="adige20040907_id405626-E19" TYPE="ORG" SUBTYPE="Non-Governmental" CLASS="GEN">
      <entity_mention ID="adige20040907_id405626-E19-1" TYPE="NOM" PRIMARY="true" METONYMY_MENTION="FALSE">
        <extent>
          <charseq START="957" END="963">partito</charseq>
        </extent>
        <head>
          <charseq START="957" END="963">partito</charseq>
        </head>
      </entity_mention>
    </entity>
    <entity ID="adige20040907_id405626-E20" TYPE="ORG" SUBTYPE="Non-Governmental" CLASS="GEN">
      <entity_mention ID="adige20040907_id405626-E20-1" TYPE="NOM" PRIMARY="true" METONYMY_MENTION="FALSE">
        <extent>
          <charseq START="976" END="987">associazioni</charseq>
        </extent>
        <head>
          <charseq START="976" END="987">associazioni</charseq>
        </head>
      </entity_mention>
    </entity>
    <entity ID="adige20040907_id405626-E21" TYPE="ORG" SUBTYPE="Religious" CLASS="SPC">
      <entity_mention ID="adige20040907_id405626-E21-1" TYPE="NAM" PRIMARY="true" METONYMY_MENTION="FALSE">
        <extent>
          <charseq START="1182" END="1244">dell'Ufficio diocesano dell'ecumensimo e dialogo interreligioso</charseq>
        </extent>
        <head>
          <charseq START="1187" END="1244">Ufficio diocesano dell'ecumensimo e dialogo interreligioso</charseq>
        </head>
      </entity_mention>
      <entity_attributes>
        <name NAME="Ufficio diocesano dell'ecumensimo e dialogo interreligioso">
          <charseq START="1187" END="1244">Ufficio diocesano dell'ecumensimo e dialogo interreligioso</charseq>
        </name>
      </entity_attributes>
    </entity>
    <entity ID="adige20040907_id405626-E22" TYPE="ORG" SUBTYPE="Non-Governmental" CLASS="SPC">
      <entity_mention ID="adige20040907_id405626-E22-1" TYPE="NOM" PRIMARY="true" METONYMY_MENTION="FALSE">
        <extent>
          <charseq START="593" END="613">tutte le associazioni</charseq>
        </extent>
        <head>
          <charseq START="602" END="613">associazioni</charseq>
        </head>
      </entity_mention>
    </entity>
    <entity ID="adige20040907_id405626-E24" TYPE="GPE" SUBTYPE="Population-Center" CLASS="SPC">
      <entity_mention ID="adige20040907_id405626-E24-1" TYPE="NAM" PRIMARY="true" ROLE="GPE" METONYMY_MENTION="FALSE">
        <extent>
          <charseq START="234" END="239">Beslan</charseq>
        </extent>
        <head>
          <charseq START="234" END="239">Beslan</charseq>
        </head>
      </entity_mention>
      <entity_attributes>
        <name NAME="Beslan">
          <charseq START="234" END="239">Beslan</charseq>
        </name>
      </entity_attributes>
    </entity>
    <entity ID="adige20040907_id405626-E25" TYPE="GPE" SUBTYPE="Population-Center" CLASS="SPC">
      <entity_mention ID="adige20040907_id405626-E25-1" TYPE="NAM" PRIMARY="true" ROLE="GPE" METONYMY_MENTION="FALSE">
        <extent>
          <charseq START="248" END="253">Trento</charseq>
        </extent>
        <head>
          <charseq START="248" END="253">Trento</charseq>
        </head>
      </entity_mention>
      <entity_attributes>
        <name NAME="Trento">
          <charseq START="248" END="253">Trento</charseq>
        </name>
      </entity_attributes>
    </entity>
    <entity ID="adige20040907_id405626-E26" TYPE="LOC" SUBTYPE="Region-General" CLASS="SPC">
      <entity_mention ID="adige20040907_id405626-E26-1" TYPE="NOM" PRIMARY="true" METONYMY_MENTION="FALSE">
        <extent>
          <charseq START="458" END="475">del centro storico</charseq>
        </extent>
        <head>
          <charseq START="462" END="467">centro</charseq>
        </head>
      </entity_mention>
      <entity_mention ID="adige20040907_id405626-E26-2" TYPE="NOM" PRIMARY="false" METONYMY_MENTION="FALSE">
        <extent>
          <charseq START="109" END="114">centro</charseq>
        </extent>
        <head>
          <charseq START="109" END="114">centro</charseq>
        </head>
      </entity_mention>
    </entity>
  </document>
</source_file>
