<?xml version="1.0" encoding="UTF-8"?>
<!DOCTYPE source_file PUBLIC "SYSTEM" "apf.v5.2.0.dtd">

<source_file URI="adige20040907_id405621.txt" SOURCE="unknown" TYPE="text" VERSION="5.0" AUTHOR="Evalita" ENCODING="UTF-8">
  <document DOCID="adige20040907_id405621">
    <entity ID="adige20040907_id405621-E1" TYPE="PER" SUBTYPE="Individual" CLASS="SPC">
      <entity_mention ID="adige20040907_id405621-E1-2" TYPE="NAM" PRIMARY="true" METONYMY_MENTION="FALSE">
        <extent>
          <charseq START="243" END="247">Marco</charseq>
        </extent>
        <head>
          <charseq START="243" END="247">Marco</charseq>
        </head>
      </entity_mention>
      <entity_mention ID="adige20040907_id405621-E1-4" TYPE="NOM" PRIMARY="false" METONYMY_MENTION="FALSE">
        <extent>
          <charseq START="276" END="333">adolescente che abita a Trento sud e va a scuola in centro</charseq>
        </extent>
        <head>
          <charseq START="276" END="286">adolescente</charseq>
        </head>
      </entity_mention>
      <entity_mention ID="adige20040907_id405621-E1-6" TYPE="PRO" PRIMARY="false" METONYMY_MENTION="FALSE">
        <extent>
          <charseq START="288" END="290">che</charseq>
        </extent>
        <head>
          <charseq START="288" END="290">che</charseq>
        </head>
      </entity_mention>
      <entity_mention ID="adige20040907_id405621-E1-8" TYPE="PRO" PRIMARY="false" METONYMY_MENTION="FALSE">
        <extent>
          <charseq START="452" END="454">gli</charseq>
        </extent>
        <head>
          <charseq START="452" END="454">gli</charseq>
        </head>
      </entity_mention>
      <entity_mention ID="adige20040907_id405621-E1-10" TYPE="NAM" PRIMARY="false" METONYMY_MENTION="FALSE">
        <extent>
          <charseq START="844" END="848">Marco</charseq>
        </extent>
        <head>
          <charseq START="844" END="848">Marco</charseq>
        </head>
      </entity_mention>
      <entity_mention ID="adige20040907_id405621-E1-12" TYPE="PRO" PRIMARY="false" METONYMY_MENTION="FALSE">
        <extent>
          <charseq START="1273" END="1275">sua</charseq>
        </extent>
        <head>
          <charseq START="1273" END="1275">sua</charseq>
        </head>
      </entity_mention>
      <entity_mention ID="adige20040907_id405621-E1-14" TYPE="NAM" PRIMARY="false" METONYMY_MENTION="FALSE">
        <extent>
          <charseq START="1147" END="1151">Marco</charseq>
        </extent>
        <head>
          <charseq START="1147" END="1151">Marco</charseq>
        </head>
      </entity_mention>
      <entity_mention ID="adige20040907_id405621-E1-16" TYPE="NOM" PRIMARY="false" METONYMY_MENTION="FALSE">
        <extent>
          <charseq START="1401" END="1429">il protagonista della vicenda</charseq>
        </extent>
        <head>
          <charseq START="1404" END="1415">protagonista</charseq>
        </head>
      </entity_mention>
      <entity_mention ID="adige20040907_id405621-E1-18" TYPE="PRO" PRIMARY="false" METONYMY_MENTION="FALSE">
        <extent>
          <charseq START="1566" END="1567">mi</charseq>
        </extent>
        <head>
          <charseq START="1566" END="1567">mi</charseq>
        </head>
      </entity_mention>
      <entity_mention ID="adige20040907_id405621-E1-20" TYPE="PRO" PRIMARY="false" METONYMY_MENTION="FALSE">
        <extent>
          <charseq START="1688" END="1690">mio</charseq>
        </extent>
        <head>
          <charseq START="1688" END="1690">mio</charseq>
        </head>
      </entity_mention>
      <entity_mention ID="adige20040907_id405621-E1-22" TYPE="NAM" PRIMARY="false" METONYMY_MENTION="FALSE">
        <extent>
          <charseq START="1847" END="1851">Marco</charseq>
        </extent>
        <head>
          <charseq START="1847" END="1851">Marco</charseq>
        </head>
      </entity_mention>
      <entity_mention ID="adige20040907_id405621-E1-24" TYPE="NAM" PRIMARY="false" METONYMY_MENTION="FALSE">
        <extent>
          <charseq START="1966" END="1970">Marco</charseq>
        </extent>
        <head>
          <charseq START="1966" END="1970">Marco</charseq>
        </head>
      </entity_mention>
      <entity_mention ID="adige20040907_id405621-E1-26" TYPE="NAM" PRIMARY="false" METONYMY_MENTION="FALSE">
        <extent>
          <charseq START="3213" END="3217">Marco</charseq>
        </extent>
        <head>
          <charseq START="3213" END="3217">Marco</charseq>
        </head>
      </entity_mention>
      <entity_mention ID="adige20040907_id405621-E1-28" TYPE="NAM" PRIMARY="false" METONYMY_MENTION="FALSE">
        <extent>
          <charseq START="3255" END="3259">Marco</charseq>
        </extent>
        <head>
          <charseq START="3255" END="3259">Marco</charseq>
        </head>
      </entity_mention>
      <entity_mention ID="adige20040907_id405621-E1-30" TYPE="NAM" PRIMARY="false" METONYMY_MENTION="FALSE">
        <extent>
          <charseq START="4133" END="4199">Marco, che per tutto questo trambusto non se l'è presa più di tanto</charseq>
        </extent>
        <head>
          <charseq START="4133" END="4137">Marco</charseq>
        </head>
      </entity_mention>
      <entity_mention ID="adige20040907_id405621-E1-32" TYPE="PRO" PRIMARY="false" METONYMY_MENTION="FALSE">
        <extent>
          <charseq START="4222" END="4224">sua</charseq>
        </extent>
        <head>
          <charseq START="4222" END="4224">sua</charseq>
        </head>
      </entity_mention>
      <entity_mention ID="adige20040907_id405621-E1-34" TYPE="NOM" PRIMARY="false" METONYMY_MENTION="FALSE">
        <extent>
          <charseq START="162" END="181">un ragazzo di Trento</charseq>
        </extent>
        <head>
          <charseq START="165" END="171">ragazzo</charseq>
        </head>
      </entity_mention>
      <entity_mention ID="adige20040907_id405621-E1-35" TYPE="PRO" PRIMARY="false" METONYMY_MENTION="FALSE">
        <extent>
          <charseq START="143" END="145">lui</charseq>
        </extent>
        <head>
          <charseq START="143" END="145">lui</charseq>
        </head>
      </entity_mention>
      <entity_mention ID="adige20040907_id405621-E1-36" TYPE="PRO" PRIMARY="false" METONYMY_MENTION="FALSE">
        <extent>
          <charseq START="4140" END="4142">che</charseq>
        </extent>
        <head>
          <charseq START="4140" END="4142">che</charseq>
        </head>
      </entity_mention>
      <entity_attributes>
        <name NAME="Marco">
          <charseq START="243" END="247">Marco</charseq>
        </name>
        <name NAME="Marco">
          <charseq START="844" END="848">Marco</charseq>
        </name>
        <name NAME="Marco">
          <charseq START="1147" END="1151">Marco</charseq>
        </name>
        <name NAME="Marco">
          <charseq START="1847" END="1851">Marco</charseq>
        </name>
        <name NAME="Marco">
          <charseq START="1966" END="1970">Marco</charseq>
        </name>
        <name NAME="Marco">
          <charseq START="3213" END="3217">Marco</charseq>
        </name>
        <name NAME="Marco">
          <charseq START="3255" END="3259">Marco</charseq>
        </name>
        <name NAME="Marco">
          <charseq START="4133" END="4137">Marco</charseq>
        </name>
      </entity_attributes>
    </entity>
    <entity ID="adige20040907_id405621-E2" TYPE="PER" SUBTYPE="Individual" CLASS="SPC">
      <entity_mention ID="adige20040907_id405621-E2-2" TYPE="NOM" PRIMARY="true" METONYMY_MENTION="FALSE">
        <extent>
          <charseq START="722" END="752">il controllore presente sul bus</charseq>
        </extent>
        <head>
          <charseq START="725" END="735">controllore</charseq>
        </head>
      </entity_mention>
      <entity_mention ID="adige20040907_id405621-E2-4" TYPE="NOM" PRIMARY="false" METONYMY_MENTION="FALSE">
        <extent>
          <charseq START="851" END="881">L'addetto di Trentino trasporti</charseq>
        </extent>
        <head>
          <charseq START="853" END="859">addetto</charseq>
        </head>
      </entity_mention>
      <entity_mention ID="adige20040907_id405621-E2-6" TYPE="NOM" PRIMARY="false" METONYMY_MENTION="FALSE">
        <extent>
          <charseq START="1361" END="1374">Il controllore</charseq>
        </extent>
        <head>
          <charseq START="1364" END="1374">controllore</charseq>
        </head>
      </entity_mention>
      <entity_mention ID="adige20040907_id405621-E2-8" TYPE="NOM" PRIMARY="false" METONYMY_MENTION="FALSE">
        <extent>
          <charseq START="59" END="73">dal controllore</charseq>
        </extent>
        <head>
          <charseq START="63" END="73">controllore</charseq>
        </head>
      </entity_mention>
    </entity>
    <entity ID="adige20040907_id405621-E3" TYPE="PER" SUBTYPE="Individual" CLASS="SPC">
      <entity_mention ID="adige20040907_id405621-E3-2" TYPE="NOM" PRIMARY="true" METONYMY_MENTION="FALSE">
        <extent>
          <charseq START="765" END="848">uno sconosciuto che ha fornito false generalità, dando il nome e il cognome di Marco</charseq>
        </extent>
        <head>
          <charseq START="769" END="779">sconosciuto</charseq>
        </head>
      </entity_mention>
      <entity_mention ID="adige20040907_id405621-E3-4" TYPE="PRO" PRIMARY="false" METONYMY_MENTION="FALSE">
        <extent>
          <charseq START="781" END="783">che</charseq>
        </extent>
        <head>
          <charseq START="781" END="783">che</charseq>
        </head>
      </entity_mention>
      <entity_mention ID="adige20040907_id405621-E3-6" TYPE="PRO" PRIMARY="false" METONYMY_MENTION="FALSE">
        <extent>
          <charseq START="887" END="889">gli</charseq>
        </extent>
        <head>
          <charseq START="887" END="889">gli</charseq>
        </head>
      </entity_mention>
      <entity_mention ID="adige20040907_id405621-E3-8" TYPE="NOM" PRIMARY="false" METONYMY_MENTION="FALSE">
        <extent>
          <charseq START="1015" END="1028">lo sconosciuto</charseq>
        </extent>
        <head>
          <charseq START="1018" END="1028">sconosciuto</charseq>
        </head>
      </entity_mention>
      <entity_mention ID="adige20040907_id405621-E3-10" TYPE="NOM" PRIMARY="false" METONYMY_MENTION="FALSE">
        <extent>
          <charseq START="1112" END="1151">il giovanotto sull'autobus non era Marco</charseq>
        </extent>
        <head>
          <charseq START="1115" END="1124">giovanotto</charseq>
        </head>
      </entity_mention>
      <entity_mention ID="adige20040907_id405621-E3-12" TYPE="NOM" PRIMARY="false" METONYMY_MENTION="FALSE">
        <extent>
          <charseq START="1628" END="1817">un'altra persona che però a voce, ripeto a voce, ha dato il mio nome e cognome, mentre la data di nascita, l'indirizzo ed il numero civico sono diversi, nonché la firma del tutto illeggibile</charseq>
        </extent>
        <head>
          <charseq START="1637" END="1643">persona</charseq>
        </head>
      </entity_mention>
      <entity_mention ID="adige20040907_id405621-E3-14" TYPE="PRO" PRIMARY="false" METONYMY_MENTION="FALSE">
        <extent>
          <charseq START="1645" END="1647">che</charseq>
        </extent>
        <head>
          <charseq START="1645" END="1647">che</charseq>
        </head>
      </entity_mention>
      <entity_mention ID="adige20040907_id405621-E3-16" TYPE="NOM" PRIMARY="false" METONYMY_MENTION="FALSE">
        <extent>
          <charseq START="8" END="21">Lo sconosciuto</charseq>
        </extent>
        <head>
          <charseq START="11" END="21">sconosciuto</charseq>
        </head>
      </entity_mention>
    </entity>
    <entity ID="adige20040907_id405621-E4" TYPE="PER" SUBTYPE="Group" CLASS="USP">
      <entity_mention ID="adige20040907_id405621-E4-2" TYPE="PRO" PRIMARY="true" METONYMY_MENTION="FALSE">
        <extent>
          <charseq START="1921" END="1925">tutti</charseq>
        </extent>
        <head>
          <charseq START="1921" END="1925">tutti</charseq>
        </head>
      </entity_mention>
    </entity>
    <entity ID="adige20040907_id405621-E5" TYPE="PER" SUBTYPE="Individual" CLASS="SPC">
      <entity_mention ID="adige20040907_id405621-E5-2" TYPE="NOM" PRIMARY="true" METONYMY_MENTION="FALSE">
        <extent>
          <charseq START="1955" END="1970">al papà di Marco</charseq>
        </extent>
        <head>
          <charseq START="1958" END="1961">papà</charseq>
        </head>
      </entity_mention>
      <entity_mention ID="adige20040907_id405621-E5-4" TYPE="PRO" PRIMARY="false" METONYMY_MENTION="FALSE">
        <extent>
          <charseq START="2333" END="2334">Mi</charseq>
        </extent>
        <head>
          <charseq START="2333" END="2334">Mi</charseq>
        </head>
      </entity_mention>
      <entity_mention ID="adige20040907_id405621-E5-6" TYPE="PRO" PRIMARY="false" METONYMY_MENTION="FALSE">
        <extent>
          <charseq START="2370" END="2371">mi</charseq>
        </extent>
        <head>
          <charseq START="2370" END="2371">mi</charseq>
        </head>
      </entity_mention>
      <entity_mention ID="adige20040907_id405621-E5-8" TYPE="PRO" PRIMARY="false" METONYMY_MENTION="FALSE">
        <extent>
          <charseq START="2903" END="2905">gli</charseq>
        </extent>
        <head>
          <charseq START="2903" END="2905">gli</charseq>
        </head>
      </entity_mention>
      <entity_mention ID="adige20040907_id405621-E5-10" TYPE="PRO" PRIMARY="false" METONYMY_MENTION="FALSE">
        <extent>
          <charseq START="3836" END="3837">mi</charseq>
        </extent>
        <head>
          <charseq START="3836" END="3837">mi</charseq>
        </head>
      </entity_mention>
      <entity_mention ID="adige20040907_id405621-E5-12" TYPE="NOM" PRIMARY="false" METONYMY_MENTION="FALSE">
        <extent>
          <charseq START="3650" END="3657">il padre</charseq>
        </extent>
        <head>
          <charseq START="3653" END="3657">padre</charseq>
        </head>
      </entity_mention>
    </entity>
    <entity ID="adige20040907_id405621-E6" TYPE="PER" SUBTYPE="Group" CLASS="SPC">
      <entity_mention ID="adige20040907_id405621-E6-2" TYPE="PRO" PRIMARY="true" METONYMY_MENTION="FALSE">
        <extent>
          <charseq START="2300" END="2317">tutti gentilissimi</charseq>
        </extent>
        <head>
          <charseq START="2300" END="2304">tutti</charseq>
        </head>
      </entity_mention>
    </entity>
    <entity ID="adige20040907_id405621-E7" TYPE="PER" SUBTYPE="Individual" CLASS="SPC">
      <entity_mention ID="adige20040907_id405621-E7-2" TYPE="NOM" PRIMARY="true" METONYMY_MENTION="FALSE">
        <extent>
          <charseq START="2529" END="2609">una ragazza di Ravina, destinataria di ben cinque o sei « scherzetti » del genere</charseq>
        </extent>
        <head>
          <charseq START="2533" END="2539">ragazza</charseq>
        </head>
      </entity_mention>
      <entity_mention ID="adige20040907_id405621-E7-4" TYPE="NOM" PRIMARY="false" METONYMY_MENTION="FALSE">
        <extent>
          <charseq START="2552" END="2609">destinataria di ben cinque o sei « scherzetti » del genere</charseq>
        </extent>
        <head>
          <charseq START="2552" END="2563">destinataria</charseq>
        </head>
      </entity_mention>
    </entity>
    <entity ID="adige20040907_id405621-E8" TYPE="PER" SUBTYPE="Indefinite" CLASS="USP">
      <entity_mention ID="adige20040907_id405621-E8-2" TYPE="PRO" PRIMARY="true" METONYMY_MENTION="FALSE">
        <extent>
          <charseq START="2627" END="2634">qualcuno</charseq>
        </extent>
        <head>
          <charseq START="2627" END="2634">qualcuno</charseq>
        </head>
      </entity_mention>
      <entity_mention ID="adige20040907_id405621-E8-4" TYPE="PRO" PRIMARY="false" METONYMY_MENTION="FALSE">
        <extent>
          <charseq START="2706" END="2707">si</charseq>
        </extent>
        <head>
          <charseq START="2706" END="2707">si</charseq>
        </head>
      </entity_mention>
    </entity>
    <entity ID="adige20040907_id405621-E9" TYPE="PER" SUBTYPE="Group" CLASS="GEN">
      <entity_mention ID="adige20040907_id405621-E9-2" TYPE="NOM" PRIMARY="true" METONYMY_MENTION="FALSE">
        <extent>
          <charseq START="2821" END="2834">il controllore</charseq>
        </extent>
        <head>
          <charseq START="2824" END="2834">controllore</charseq>
        </head>
      </entity_mention>
      <entity_mention ID="adige20040907_id405621-E9-4" TYPE="NOM" PRIMARY="false" METONYMY_MENTION="FALSE">
        <extent>
          <charseq START="4268" END="4292">ai controllori di viaggio</charseq>
        </extent>
        <head>
          <charseq START="4271" END="4281">controllori</charseq>
        </head>
      </entity_mention>
    </entity>
    <entity ID="adige20040907_id405621-E12" TYPE="PER" SUBTYPE="Individual" CLASS="SPC">
      <entity_mention ID="adige20040907_id405621-E12-2" TYPE="NAM" PRIMARY="true" METONYMY_MENTION="FALSE">
        <extent>
          <charseq START="223" END="239">DANIELE BATTISTEL</charseq>
        </extent>
        <head>
          <charseq START="223" END="239">DANIELE BATTISTEL</charseq>
        </head>
      </entity_mention>
      <entity_attributes>
        <name NAME="DANIELE BATTISTEL">
          <charseq START="223" END="239">DANIELE BATTISTEL</charseq>
        </name>
      </entity_attributes>
    </entity>
    <entity ID="adige20040907_id405621-E13" TYPE="PER" SUBTYPE="Individual" CLASS="SPC">
      <entity_mention ID="adige20040907_id405621-E13-1" TYPE="NOM" PRIMARY="true" METONYMY_MENTION="FALSE">
        <extent>
          <charseq START="3262" END="3288">il destinatario della multa</charseq>
        </extent>
        <head>
          <charseq START="3265" END="3276">destinatario</charseq>
        </head>
      </entity_mention>
      <entity_mention ID="adige20040907_id405621-E13-2" TYPE="NAM" PRIMARY="false" METONYMY_MENTION="FALSE">
        <extent>
          <charseq START="3302" END="3312">Mario Rossi</charseq>
        </extent>
        <head>
          <charseq START="3302" END="3312">Mario Rossi</charseq>
        </head>
      </entity_mention>
      <entity_mention ID="adige20040907_id405621-E13-4" TYPE="NOM" PRIMARY="false" METONYMY_MENTION="FALSE">
        <extent>
          <charseq START="3494" END="3530">al destinatario della contravvenzione</charseq>
        </extent>
        <head>
          <charseq START="3497" END="3508">destinatario</charseq>
        </head>
      </entity_mention>
      <entity_mention ID="adige20040907_id405621-E13-5" TYPE="PRO" PRIMARY="false" METONYMY_MENTION="FALSE">
        <extent>
          <charseq START="4026" END="4062">colui al quale arriva a casa la multa</charseq>
        </extent>
        <head>
          <charseq START="4026" END="4030">colui</charseq>
        </head>
      </entity_mention>
      <entity_mention ID="adige20040907_id405621-E13-6" TYPE="PRO" PRIMARY="false" METONYMY_MENTION="FALSE">
        <extent>
          <charseq START="4035" END="4039">quale</charseq>
        </extent>
        <head>
          <charseq START="4035" END="4039">quale</charseq>
        </head>
      </entity_mention>
      <entity_mention ID="adige20040907_id405621-E13-7" TYPE="NOM" PRIMARY="false" METONYMY_MENTION="FALSE">
        <extent>
          <charseq START="4106" END="4120">il trasgressore</charseq>
        </extent>
        <head>
          <charseq START="4109" END="4120">trasgressore</charseq>
        </head>
      </entity_mention>
      <entity_attributes>
        <name NAME="Mario Rossi">
          <charseq START="3302" END="3312">Mario Rossi</charseq>
        </name>
      </entity_attributes>
    </entity>
    <entity ID="adige20040907_id405621-E14" TYPE="PER" SUBTYPE="Individual" CLASS="USP">
      <entity_mention ID="adige20040907_id405621-E14-1" TYPE="PRO" PRIMARY="true" METONYMY_MENTION="FALSE">
        <extent>
          <charseq START="3317" END="3432">quale delle nove persone con questo nome che appaiono sull'elenco telefonico del Trentino avrebbero spedito la multa</charseq>
        </extent>
        <head>
          <charseq START="3317" END="3321">quale</charseq>
        </head>
      </entity_mention>
    </entity>
    <entity ID="adige20040907_id405621-E15" TYPE="PER" SUBTYPE="Group" CLASS="SPC">
      <entity_mention ID="adige20040907_id405621-E15-1" TYPE="NOM" PRIMARY="true" METONYMY_MENTION="FALSE">
        <extent>
          <charseq START="3323" END="3432">delle nove persone con questo nome che appaiono sull'elenco telefonico del Trentino avrebbero spedito la multa</charseq>
        </extent>
        <head>
          <charseq START="3334" END="3340">persone</charseq>
        </head>
      </entity_mention>
      <entity_mention ID="adige20040907_id405621-E15-3" TYPE="PRO" PRIMARY="false" METONYMY_MENTION="FALSE">
        <extent>
          <charseq START="3358" END="3360">che</charseq>
        </extent>
        <head>
          <charseq START="3358" END="3360">che</charseq>
        </head>
      </entity_mention>
    </entity>
    <entity ID="adige20040907_id405621-E16" TYPE="PER" SUBTYPE="Indefinite" CLASS="USP">
      <entity_mention ID="adige20040907_id405621-E16-1" TYPE="PRO" PRIMARY="true" METONYMY_MENTION="FALSE">
        <extent>
          <charseq START="3991" END="4000">spacciarsi</charseq>
        </extent>
        <head>
          <charseq START="3999" END="4000">si</charseq>
        </head>
      </entity_mention>
    </entity>
    <entity ID="adige20040907_id405621-E17" TYPE="PER" SUBTYPE="Indefinite" CLASS="USP">
      <entity_mention ID="adige20040907_id405621-E17-1" TYPE="NOM" PRIMARY="true" METONYMY_MENTION="FALSE">
        <extent>
          <charseq START="4006" END="4021">un'altra persona</charseq>
        </extent>
        <head>
          <charseq START="4015" END="4021">persona</charseq>
        </head>
      </entity_mention>
    </entity>
    <entity ID="adige20040907_id405621-E18" TYPE="ORG" SUBTYPE="Commercial" CLASS="SPC">
      <entity_mention ID="adige20040907_id405621-E18-1" TYPE="NAM" PRIMARY="true" METONYMY_MENTION="FALSE">
        <extent>
          <charseq START="498" END="515">Trentino trasporti</charseq>
        </extent>
        <head>
          <charseq START="498" END="515">Trentino trasporti</charseq>
        </head>
      </entity_mention>
      <entity_mention ID="adige20040907_id405621-E18-2" TYPE="NAM" PRIMARY="false" METONYMY_MENTION="FALSE">
        <extent>
          <charseq START="864" END="881">Trentino trasporti</charseq>
        </extent>
        <head>
          <charseq START="864" END="881">Trentino trasporti</charseq>
        </head>
      </entity_mention>
      <entity_mention ID="adige20040907_id405621-E18-3" TYPE="NAM" PRIMARY="false" METONYMY_MENTION="FALSE">
        <extent>
          <charseq START="2028" END="2045">Trentino trasporti</charseq>
        </extent>
        <head>
          <charseq START="2028" END="2045">Trentino trasporti</charseq>
        </head>
      </entity_mention>
      <entity_mention ID="adige20040907_id405621-E18-4" TYPE="NAM" PRIMARY="false" METONYMY_MENTION="FALSE">
        <extent>
          <charseq START="2943" END="2960">Trentino trasporti</charseq>
        </extent>
        <head>
          <charseq START="2943" END="2960">Trentino trasporti</charseq>
        </head>
      </entity_mention>
      <entity_attributes>
        <name NAME="Trentino trasporti">
          <charseq START="498" END="515">Trentino trasporti</charseq>
        </name>
        <name NAME="Trentino trasporti">
          <charseq START="864" END="881">Trentino trasporti</charseq>
        </name>
        <name NAME="Trentino trasporti">
          <charseq START="2028" END="2045">Trentino trasporti</charseq>
        </name>
        <name NAME="Trentino trasporti">
          <charseq START="2943" END="2960">Trentino trasporti</charseq>
        </name>
      </entity_attributes>
    </entity>
    <entity ID="adige20040907_id405621-E19" TYPE="ORG" SUBTYPE="Government" CLASS="SPC">
      <entity_mention ID="adige20040907_id405621-E19-1" TYPE="NAM" PRIMARY="true" METONYMY_MENTION="FALSE">
        <extent>
          <charseq START="2132" END="2159">del Servizio reti del Comune</charseq>
        </extent>
        <head>
          <charseq START="2136" END="2148">Servizio reti</charseq>
        </head>
      </entity_mention>
      <entity_attributes>
        <name NAME="Servizio reti">
          <charseq START="2136" END="2148">Servizio reti</charseq>
        </name>
      </entity_attributes>
    </entity>
    <entity ID="adige20040907_id405621-E21" TYPE="PER" SUBTYPE="Individual" CLASS="USP">
      <entity_mention ID="adige20040907_id405621-E21-1" TYPE="NOM" PRIMARY="true" METONYMY_MENTION="FALSE">
        <extent>
          <charseq START="2660" END="2667">un amico</charseq>
        </extent>
        <head>
          <charseq START="2663" END="2667">amico</charseq>
        </head>
      </entity_mention>
    </entity>
    <entity ID="adige20040907_id405621-E22" TYPE="GPE" SUBTYPE="Population-Center" CLASS="SPC">
      <entity_mention ID="adige20040907_id405621-E22-1" TYPE="NAM" PRIMARY="true" ROLE="LOC" METONYMY_MENTION="FALSE">
        <extent>
          <charseq START="397" END="401">Lavis</charseq>
        </extent>
        <head>
          <charseq START="397" END="401">Lavis</charseq>
        </head>
      </entity_mention>
      <entity_attributes>
        <name NAME="Lavis">
          <charseq START="397" END="401">Lavis</charseq>
        </name>
      </entity_attributes>
    </entity>
    <entity ID="adige20040907_id405621-E23" TYPE="GPE" SUBTYPE="County-or-District" CLASS="SPC">
      <entity_mention ID="adige20040907_id405621-E23-1" TYPE="NAM" PRIMARY="true" ROLE="ORG" METONYMY_MENTION="FALSE">
        <extent>
          <charseq START="2150" END="2159">del Comune</charseq>
        </extent>
        <head>
          <charseq START="2154" END="2159">Comune</charseq>
        </head>
      </entity_mention>
      <entity_mention ID="adige20040907_id405621-E23-2" TYPE="NAM" PRIMARY="false" ROLE="ORG" METONYMY_MENTION="FALSE">
        <extent>
          <charseq START="2451" END="2456">Comune</charseq>
        </extent>
        <head>
          <charseq START="2451" END="2456">Comune</charseq>
        </head>
      </entity_mention>
      <entity_mention ID="adige20040907_id405621-E23-3" TYPE="NAM" PRIMARY="false" ROLE="ORG" METONYMY_MENTION="FALSE">
        <extent>
          <charseq START="2964" END="2973">del Comune</charseq>
        </extent>
        <head>
          <charseq START="2968" END="2973">Comune</charseq>
        </head>
      </entity_mention>
      <entity_attributes>
        <name NAME="Comune">
          <charseq START="2154" END="2159">Comune</charseq>
        </name>
        <name NAME="Comune">
          <charseq START="2451" END="2456">Comune</charseq>
        </name>
        <name NAME="Comune">
          <charseq START="2968" END="2973">Comune</charseq>
        </name>
      </entity_attributes>
    </entity>
    <entity ID="adige20040907_id405621-E25" TYPE="GPE" SUBTYPE="State-or-Province" CLASS="SPC">
      <entity_mention ID="adige20040907_id405621-E25-1" TYPE="NAM" PRIMARY="true" ROLE="GPE" METONYMY_MENTION="FALSE">
        <extent>
          <charseq START="3394" END="3405">del Trentino</charseq>
        </extent>
        <head>
          <charseq START="3398" END="3405">Trentino</charseq>
        </head>
      </entity_mention>
      <entity_attributes>
        <name NAME="Trentino">
          <charseq START="3398" END="3405">Trentino</charseq>
        </name>
      </entity_attributes>
    </entity>
    <entity ID="adige20040907_id405621-E26" TYPE="GPE" SUBTYPE="Population-Center" CLASS="SPC">
      <entity_mention ID="adige20040907_id405621-E26-1" TYPE="NAM" PRIMARY="true" ROLE="GPE" METONYMY_MENTION="FALSE">
        <extent>
          <charseq START="176" END="181">Trento</charseq>
        </extent>
        <head>
          <charseq START="176" END="181">Trento</charseq>
        </head>
      </entity_mention>
      <entity_attributes>
        <name NAME="Trento">
          <charseq START="176" END="181">Trento</charseq>
        </name>
      </entity_attributes>
    </entity>
    <entity ID="adige20040907_id405621-E27" TYPE="GPE" SUBTYPE="Population-Center" CLASS="SPC">
      <entity_mention ID="adige20040907_id405621-E27-1" TYPE="NAM" PRIMARY="true" ROLE="GPE" METONYMY_MENTION="FALSE">
        <extent>
          <charseq START="2544" END="2549">Ravina</charseq>
        </extent>
        <head>
          <charseq START="2544" END="2549">Ravina</charseq>
        </head>
      </entity_mention>
      <entity_attributes>
        <name NAME="Ravina">
          <charseq START="2544" END="2549">Ravina</charseq>
        </name>
      </entity_attributes>
    </entity>
    <entity ID="adige20040907_id405621-E28" TYPE="LOC" SUBTYPE="Region-General" CLASS="SPC">
      <entity_mention ID="adige20040907_id405621-E28-1" TYPE="NOM" PRIMARY="true" METONYMY_MENTION="FALSE">
        <extent>
          <charseq START="300" END="309">Trento sud</charseq>
        </extent>
        <head>
          <charseq START="300" END="309">Trento sud</charseq>
        </head>
      </entity_mention>
    </entity>
    <entity ID="adige20040907_id405621-E29" TYPE="LOC" SUBTYPE="Region-General" CLASS="SPC">
      <entity_mention ID="adige20040907_id405621-E29-1" TYPE="NOM" PRIMARY="true" METONYMY_MENTION="FALSE">
        <extent>
          <charseq START="328" END="333">centro</charseq>
        </extent>
        <head>
          <charseq START="328" END="333">centro</charseq>
        </head>
      </entity_mention>
    </entity>
    <entity ID="adige20040907_id405621-E30" TYPE="LOC" SUBTYPE="Address" CLASS="SPC">
      <entity_mention ID="adige20040907_id405621-E30-1" TYPE="NAM" PRIMARY="true" METONYMY_MENTION="FALSE">
        <extent>
          <charseq START="2077" END="2087">via Marconi</charseq>
        </extent>
        <head>
          <charseq START="2077" END="2087">via Marconi</charseq>
        </head>
      </entity_mention>
      <entity_attributes>
        <name NAME="via Marconi">
          <charseq START="2077" END="2087">via Marconi</charseq>
        </name>
      </entity_attributes>
    </entity>
  </document>
</source_file>
