<?xml version="1.0" encoding="UTF-8"?>
<!DOCTYPE source_file PUBLIC "SYSTEM" "apf.v5.1.1.dtd">

<source_file URI="adige20041008_id413978.sgm" SOURCE="unknown" TYPE="text" VERSION="5.0" AUTHOR="romano" ENCODING="UTF-8">
  <document DOCID="adige20041008_id413978">
    <timex2 ID="adige20041008_id413978-T4" VAL="2004-10-11">
      <timex2_mention ID="adige20041008_id413978-T4-1">
        <extent>
          <charseq START="698" END="712">lunedì prossimo</charseq>
        </extent>
      </timex2_mention>
    </timex2>
    <timex2 ID="adige20041008_id413978-T1" VAL="2004-10-07">
      <timex2_mention ID="adige20041008_id413978-T1-1">
        <extent>
          <charseq START="128" END="131">ieri</charseq>
        </extent>
      </timex2_mention>
    </timex2>
    <timex2 ID="adige20041008_id413978-T2" VAL="2004-10-07">
      <timex2_mention ID="adige20041008_id413978-T2-1">
        <extent>
          <charseq START="392" END="395">ieri</charseq>
        </extent>
      </timex2_mention>
    </timex2>
    <timex2 ID="adige20041008_id413978-T3" VAL="2004-W42">
      <timex2_mention ID="adige20041008_id413978-T3-1">
        <extent>
          <charseq START="439" END="459">la prossima settimana</charseq>
        </extent>
      </timex2_mention>
    </timex2>
  </document>
</source_file>
