<?xml version="1.0" encoding="UTF-8"?>
<!DOCTYPE source_file PUBLIC "SYSTEM" "apf.v5.1.1.dtd">

<source_file URI="adige20041008_id413986.sgm" SOURCE="unknown" TYPE="text" VERSION="5.0" AUTHOR="romano" ENCODING="UTF-8">
  <document DOCID="adige20041008_id413986">
    <timex2 ID="adige20041008_id413986-T1" VAL="2004-10-07TNI">
      <timex2_mention ID="adige20041008_id413986-T1-1">
        <extent>
          <charseq START="230" END="234">Notte</charseq>
        </extent>
      </timex2_mention>
    </timex2>
    <timex2 ID="adige20041008_id413986-T2" VAL="2004-10-07TNI">
      <timex2_mention ID="adige20041008_id413986-T2-1">
        <extent>
          <charseq START="994" END="1004">nella notte</charseq>
        </extent>
      </timex2_mention>
    </timex2>
    <timex2 ID="adige20041008_id413986-T8" VAL="2004-10-07">
      <timex2_mention ID="adige20041008_id413986-T8-1">
        <extent>
          <charseq START="2259" END="2289">l'ultimo giorno della settimana</charseq>
        </extent>
      </timex2_mention>
    </timex2>
    <timex2 ID="adige20041008_id413986-T3" VAL="PRESENT_REF" ANCHOR_VAL="2004-10-08" ANCHOR_DIR="AS_OF">
      <timex2_mention ID="adige20041008_id413986-T3-1">
        <extent>
          <charseq START="1826" END="1828">ora</charseq>
        </extent>
      </timex2_mention>
    </timex2>
    <timex2 ID="adige20041008_id413986-T4" VAL="PTXH" ANCHOR_VAL="2004-10-08TXX" ANCHOR_DIR="BEFORE">
      <timex2_mention ID="adige20041008_id413986-T4-1">
        <extent>
          <charseq START="2154" END="2169">Alcune ore prima</charseq>
        </extent>
      </timex2_mention>
    </timex2>
    <timex2 ID="adige20041008_id413986-T5" VAL="2004-10-07">
      <timex2_mention ID="adige20041008_id413986-T5-1">
        <extent>
          <charseq START="2250" END="2253">Ieri</charseq>
        </extent>
      </timex2_mention>
    </timex2>
    <timex2 ID="adige20041008_id413986-T6" VAL="PXD" ANCHOR_VAL="2004-10-08" ANCHOR_DIR="ENDING">
      <timex2_mention ID="adige20041008_id413986-T6-1">
        <extent>
          <charseq START="2421" END="2437">nei giorni scorsi</charseq>
        </extent>
      </timex2_mention>
    </timex2>
    <timex2 ID="adige20041008_id413986-T7" VAL="PAST_REF" ANCHOR_VAL="2004-10-08" ANCHOR_DIR="BEFORE">
      <timex2_mention ID="adige20041008_id413986-T7-1">
        <extent>
          <charseq START="2573" END="2590">negli ultimi tempi</charseq>
        </extent>
      </timex2_mention>
    </timex2>
  </document>
</source_file>
