<?xml version="1.0" encoding="UTF-8"?>
<!DOCTYPE source_file PUBLIC "SYSTEM" "apf.v5.1.1.dtd">

<source_file URI="adige20041008_id413981.sgm" SOURCE="unknown" TYPE="text" VERSION="5.0" AUTHOR="romano" ENCODING="UTF-8">
  <document DOCID="adige20041008_id413981">
    <timex2 ID="adige20041008_id413981-T1" VAL="2004-10-06TEV">
      <timex2_mention ID="adige20041008_id413981-T1-1">
        <extent>
          <charseq START="441" END="454">Mercoledì sera</charseq>
        </extent>
      </timex2_mention>
    </timex2>
    <timex2 ID="adige20041008_id413981-T2" VAL="PXD" ANCHOR_VAL="2004-10-08" ANCHOR_DIR="ENDING">
      <timex2_mention ID="adige20041008_id413981-T2-1">
        <extent>
          <charseq START="860" END="876">nei giorni scorsi</charseq>
        </extent>
      </timex2_mention>
    </timex2>
    <timex2 ID="adige20041008_id413981-T3" VAL="2004-10-07T10:00">
      <timex2_mention ID="adige20041008_id413981-T3-1">
        <extent>
          <charseq START="1094" END="1098">le 10</charseq>
        </extent>
      </timex2_mention>
    </timex2>
    <timex2 ID="adige20041008_id413981-T4" VAL="2004-10-07T10:30">
      <timex2_mention ID="adige20041008_id413981-T4-1">
        <extent>
          <charseq START="1102" END="1109">le 10,30</charseq>
        </extent>
      </timex2_mention>
    </timex2>
    <timex2 ID="adige20041008_id413981-T5" VAL="2004-10-07">
      <timex2_mention ID="adige20041008_id413981-T5-1">
        <extent>
          <charseq START="1114" END="1117">ieri</charseq>
        </extent>
      </timex2_mention>
    </timex2>
  </document>
</source_file>
