<?xml version="1.0" encoding="UTF-8"?>
<!DOCTYPE source_file PUBLIC "SYSTEM" "apf.v5.1.1.dtd">

<source_file URI="adige20041008_id413974.sgm" SOURCE="unknown" TYPE="text" VERSION="5.0" AUTHOR="romano" ENCODING="UTF-8">
  <document DOCID="adige20041008_id413974">
    <timex2 ID="adige20041008_id413974-T1" VAL="2004-10-07">
      <timex2_mention ID="adige20041008_id413974-T1-1">
        <extent>
          <charseq START="293" END="296">ieri</charseq>
        </extent>
      </timex2_mention>
    </timex2>
    <timex2 ID="adige20041008_id413974-T2" VAL="2004-08">
      <timex2_mention ID="adige20041008_id413974-T2-1">
        <extent>
          <charseq START="685" END="700">lo scorso agosto</charseq>
        </extent>
      </timex2_mention>
    </timex2>
    <timex2 ID="adige20041008_id413974-T3" VAL="PRESENT_REF" ANCHOR_VAL="2004-10-08" ANCHOR_DIR="AS_OF">
      <timex2_mention ID="adige20041008_id413974-T3-1">
        <extent>
          <charseq START="898" END="900">ora</charseq>
        </extent>
      </timex2_mention>
    </timex2>
    <timex2 ID="adige20041008_id413974-T5" VAL="PAST_REF" ANCHOR_VAL="2004-10-08" ANCHOR_DIR="BEFORE">
      <timex2_mention ID="adige20041008_id413974-T5-1">
        <extent>
          <charseq START="654" END="655">ex</charseq>
        </extent>
      </timex2_mention>
    </timex2>
    <timex2 ID="adige20041008_id413974-T4" VAL="PRESENT_REF" ANCHOR_VAL="2004-10-08" ANCHOR_DIR="AS_OF">
      <timex2_mention ID="adige20041008_id413974-T4-1">
        <extent>
          <charseq START="943" END="945">Ora</charseq>
        </extent>
      </timex2_mention>
    </timex2>
    <timex2 ID="adige20041008_id413974-T6" VAL="PAST_REF" ANCHOR_VAL="2004-10-08" ANCHOR_DIR="BEFORE">
      <timex2_mention ID="adige20041008_id413974-T6-1">
        <extent>
          <charseq START="745" END="750">Allora</charseq>
        </extent>
      </timex2_mention>
    </timex2>
  </document>
</source_file>
