<?xml version="1.0" encoding="UTF-8"?>
<!DOCTYPE source_file PUBLIC "SYSTEM" "apf.v5.1.1.dtd">

<source_file URI="adige20041008_id413977.sgm" SOURCE="unknown" TYPE="text" VERSION="5.0" AUTHOR="romano" ENCODING="UTF-8">
  <document DOCID="adige20041008_id413977">
    <timex2 ID="adige20041008_id413977-T1" VAL="P2M" ANCHOR_VAL="2004-10" ANCHOR_DIR="ENDING">
      <timex2_mention ID="adige20041008_id413977-T1-1">
        <extent>
          <charseq START="489" END="509">Negli ultimi due mesi</charseq>
        </extent>
      </timex2_mention>
    </timex2>
    <timex2 ID="adige20041008_id413977-T2">
      <timex2_mention ID="adige20041008_id413977-T2-1">
        <extent>
          <charseq START="1015" END="1025">nei periodi</charseq>
        </extent>
      </timex2_mention>
    </timex2>
  </document>
</source_file>
