<?xml version="1.0" encoding="UTF-8"?>
<!DOCTYPE source_file PUBLIC "SYSTEM" "apf.v5.1.1.dtd">

<source_file URI="adige20041008_id413980.sgm" SOURCE="unknown" TYPE="text" VERSION="5.0" AUTHOR="romano" ENCODING="UTF-8">
  <document DOCID="adige20041008_id413980">
    <timex2 ID="adige20041008_id413980-T5" COMMENT="Errore nel testo.">
      <timex2_mention ID="adige20041008_id413980-T5-1">
        <extent>
          <charseq START="1133" END="1139">i tempo</charseq>
        </extent>
      </timex2_mention>
    </timex2>
    <timex2 ID="adige20041008_id413980-T3" VAL="2004-10-07">
      <timex2_mention ID="adige20041008_id413980-T3-1">
        <extent>
          <charseq START="2115" END="2118">ieri</charseq>
        </extent>
      </timex2_mention>
    </timex2>
    <timex2 ID="adige20041008_id413980-T4" VAL="P7Y" MOD="END">
      <timex2_mention ID="adige20041008_id413980-T4-1">
        <extent>
          <charseq START="2175" END="2189">fine Settennato</charseq>
        </extent>
      </timex2_mention>
    </timex2>
    <timex2 ID="adige20041008_id413980-T6">
      <timex2_mention ID="adige20041008_id413980-T6-1">
        <extent>
          <charseq START="1236" END="1243">il tempo</charseq>
        </extent>
      </timex2_mention>
    </timex2>
    <timex2 ID="adige20041008_id413980-T1" VAL="2004-10-07">
      <timex2_mention ID="adige20041008_id413980-T1-1">
        <extent>
          <charseq START="429" END="432">Ieri</charseq>
        </extent>
      </timex2_mention>
    </timex2>
    <timex2 ID="adige20041008_id413980-T2" VAL="2004-10-07">
      <timex2_mention ID="adige20041008_id413980-T2-1">
        <extent>
          <charseq START="1809" END="1812">ieri</charseq>
        </extent>
      </timex2_mention>
    </timex2>
  </document>
</source_file>
