<?xml version="1.0" encoding="UTF-8"?>
<!DOCTYPE source_file PUBLIC "SYSTEM" "apf.v5.1.1.dtd">

<source_file URI="adige20041008_id413979.sgm" SOURCE="unknown" TYPE="text" VERSION="5.0" AUTHOR="romano" ENCODING="UTF-8">
  <document DOCID="adige20041008_id413979">
    <timex2 ID="adige20041008_id413979-T7" VAL="PT70H">
      <timex2_mention ID="adige20041008_id413979-T7-1">
        <extent>
          <charseq START="987" END="988">70</charseq>
        </extent>
      </timex2_mention>
    </timex2>
    <timex2 ID="adige20041008_id413979-T8" VAL="P40Y" ANCHOR_VAL="2004" ANCHOR_DIR="ENDING">
      <timex2_mention ID="adige20041008_id413979-T8-1">
        <extent>
          <charseq START="1296" END="1302">40 anni</charseq>
        </extent>
      </timex2_mention>
    </timex2>
    <timex2 ID="adige20041008_id413979-T9" VAL="P50Y" ANCHOR_VAL="2004" ANCHOR_DIR="ENDING">
      <timex2_mention ID="adige20041008_id413979-T9-1">
        <extent>
          <charseq START="1310" END="1311">50</charseq>
        </extent>
      </timex2_mention>
    </timex2>
    <timex2 ID="adige20041008_id413979-T1" VAL="P40Y" ANCHOR_VAL="2004" ANCHOR_DIR="ENDING">
      <timex2_mention ID="adige20041008_id413979-T1-1">
        <extent>
          <charseq START="151" END="157">40 anni</charseq>
        </extent>
      </timex2_mention>
    </timex2>
    <timex2 ID="adige20041008_id413979-T10" VAL="PRESENT_REF" ANCHOR_VAL="2004-10-08" ANCHOR_DIR="AS_OF">
      <timex2_mention ID="adige20041008_id413979-T10-1">
        <extent>
          <charseq START="1318" END="1320">ora</charseq>
        </extent>
      </timex2_mention>
    </timex2>
    <timex2 ID="adige20041008_id413979-T2" VAL="2004-10-07">
      <timex2_mention ID="adige20041008_id413979-T2-1">
        <extent>
          <charseq START="262" END="288">Alla vigilia dell'8 ottobre</charseq>
        </extent>
      </timex2_mention>
    </timex2>
    <timex2 ID="adige20041008_id413979-T11" VAL="2004-10-07TEV">
      <timex2_mention ID="adige20041008_id413979-T11-1">
        <extent>
          <charseq START="1919" END="1927">ieri sera</charseq>
        </extent>
      </timex2_mention>
    </timex2>
    <timex2 ID="adige20041008_id413979-T3" VAL="PTXH" ANCHOR_VAL="2004-10-08" ANCHOR_DIR="WITHIN">
      <timex2_mention ID="adige20041008_id413979-T3-1">
        <extent>
          <charseq START="528" END="537">queste ore</charseq>
        </extent>
      </timex2_mention>
    </timex2>
    <timex2 ID="adige20041008_id413979-T12" VAL="2004-10-08">
      <timex2_mention ID="adige20041008_id413979-T12-1">
        <extent>
          <charseq START="2943" END="2946">oggi</charseq>
        </extent>
      </timex2_mention>
    </timex2>
    <timex2 ID="adige20041008_id413979-T13" VAL="2004-10-07">
      <timex2_mention ID="adige20041008_id413979-T13-1">
        <extent>
          <charseq START="3347" END="3350">ieri</charseq>
        </extent>
      </timex2_mention>
    </timex2>
    <timex2 ID="adige20041008_id413979-T4" VAL="2004-10-08">
      <timex2_mention ID="adige20041008_id413979-T4-1">
        <extent>
          <charseq START="656" END="659">oggi</charseq>
        </extent>
      </timex2_mention>
    </timex2>
    <timex2 ID="adige20041008_id413979-T5" VAL="2004-10-15">
      <timex2_mention ID="adige20041008_id413979-T5-1">
        <extent>
          <charseq START="782" END="794">il 15 ottobre</charseq>
        </extent>
      </timex2_mention>
    </timex2>
    <timex2 ID="adige20041008_id413979-T6" VAL="PT110H">
      <timex2_mention ID="adige20041008_id413979-T6-1">
        <extent>
          <charseq START="950" END="956">110 ore</charseq>
        </extent>
      </timex2_mention>
    </timex2>
  </document>
</source_file>
