<?xml version="1.0" encoding="UTF-8"?>
<!DOCTYPE source_file PUBLIC "SYSTEM" "apf.v5.1.1.dtd">

<source_file URI="adige20041008_id413975.sgm" SOURCE="unknown" TYPE="text" VERSION="5.0" AUTHOR="romano" ENCODING="UTF-8">
  <document DOCID="adige20041008_id413975">
    <timex2 ID="adige20041008_id413975-T5" VAL="FUTURE_REF" ANCHOR_VAL="2004-10-08" ANCHOR_DIR="AFTER">
      <timex2_mention ID="adige20041008_id413975-T5-1">
        <extent>
          <charseq START="521" END="526">futuro</charseq>
        </extent>
      </timex2_mention>
    </timex2>
    <timex2 ID="adige20041008_id413975-T1" VAL="2004-10-07">
      <timex2_mention ID="adige20041008_id413975-T1-1">
        <extent>
          <charseq START="238" END="241">ieri</charseq>
        </extent>
      </timex2_mention>
    </timex2>
    <timex2 ID="adige20041008_id413975-T2" VAL="PRESENT_REF" ANCHOR_VAL="2004-10-08" ANCHOR_DIR="AS_OF">
      <timex2_mention ID="adige20041008_id413975-T2-1">
        <extent>
          <charseq START="513" END="515">ora</charseq>
        </extent>
      </timex2_mention>
    </timex2>
    <timex2 ID="adige20041008_id413975-T4" VAL="FUTURE_REF" ANCHOR_VAL="2004-10-08" ANCHOR_DIR="AFTER">
      <timex2_mention ID="adige20041008_id413975-T4-1">
        <extent>
          <charseq START="307" END="312">future</charseq>
        </extent>
      </timex2_mention>
    </timex2>
    <timex2 ID="adige20041008_id413975-T3" VAL="PRESENT_REF" ANCHOR_VAL="2004-10-08" ANCHOR_DIR="AS_OF">
      <timex2_mention ID="adige20041008_id413975-T3-1">
        <extent>
          <charseq START="1029" END="1035">per ora</charseq>
        </extent>
      </timex2_mention>
    </timex2>
  </document>
</source_file>
