<?xml version="1.0" encoding="UTF-8"?>
<!DOCTYPE source_file PUBLIC "SYSTEM" "apf.v5.1.1.dtd">

<source_file URI="adige20041008_id413982.sgm" SOURCE="unknown" TYPE="text" VERSION="5.0" AUTHOR="romano" ENCODING="UTF-8">
  <document DOCID="adige20041008_id413982">
    <timex2 ID="adige20041008_id413982-T1" VAL="2004-10-07">
      <timex2_mention ID="adige20041008_id413982-T1-1">
        <extent>
          <charseq START="146" END="149">ieri</charseq>
        </extent>
      </timex2_mention>
    </timex2>
  </document>
</source_file>
