<?xml version="1.0" encoding="UTF-8"?>
<!DOCTYPE source_file PUBLIC "SYSTEM" "apf.v5.1.1.dtd">

<source_file URI="adige20041008_id413976.sgm" SOURCE="unknown" TYPE="text" VERSION="5.0" AUTHOR="romano" ENCODING="UTF-8">
  <document DOCID="adige20041008_id413976">
    <timex2 ID="adige20041008_id413976-T1" VAL="2002">
      <timex2_mention ID="adige20041008_id413976-T1-1">
        <extent>
          <charseq START="507" END="510">2002</charseq>
        </extent>
      </timex2_mention>
    </timex2>
    <timex2 ID="adige20041008_id413976-T2" VAL="PRESENT_REF" ANCHOR_VAL="2004-10-08" ANCHOR_DIR="AS_OF">
      <timex2_mention ID="adige20041008_id413976-T2-1">
        <extent>
          <charseq START="1092" END="1101">al momento</charseq>
        </extent>
      </timex2_mention>
    </timex2>
    <timex2 ID="adige20041008_id413976-T7">
      <timex2_mention ID="adige20041008_id413976-T7-1">
        <extent>
          <charseq START="222" END="238">nel breve periodo</charseq>
        </extent>
      </timex2_mention>
    </timex2>
    <timex2 ID="adige20041008_id413976-T3" VAL="1996">
      <timex2_mention ID="adige20041008_id413976-T3-1">
        <extent>
          <charseq START="2157" END="2163">il 1996</charseq>
        </extent>
      </timex2_mention>
    </timex2>
    <timex2 ID="adige20041008_id413976-T6" VAL="PRESENT_REF" ANCHOR_VAL="2004-10-08" ANCHOR_DIR="AS_OF">
      <timex2_mention ID="adige20041008_id413976-T6-1">
        <extent>
          <charseq START="425" END="431">attuale</charseq>
        </extent>
      </timex2_mention>
    </timex2>
    <timex2 ID="adige20041008_id413976-T4" VAL="2000">
      <timex2_mention ID="adige20041008_id413976-T4-1">
        <extent>
          <charseq START="2167" END="2173">il 2000</charseq>
        </extent>
      </timex2_mention>
    </timex2>
    <timex2 ID="adige20041008_id413976-T5" VAL="P50Y" ANCHOR_VAL="2004" ANCHOR_DIR="ENDING">
      <timex2_mention ID="adige20041008_id413976-T5-1">
        <extent>
          <charseq START="2214" END="2225">cinquantenni</charseq>
        </extent>
      </timex2_mention>
    </timex2>
  </document>
</source_file>
