<?xml version="1.0" encoding="UTF-8"?>
<!DOCTYPE source_file PUBLIC "SYSTEM" "apf.v5.1.1.dtd">

<source_file URI="adige20041008_id413984.sgm" SOURCE="unknown" TYPE="text" VERSION="5.0" AUTHOR="romano" ENCODING="UTF-8">
  <document DOCID="adige20041008_id413984">
    <timex2 ID="adige20041008_id413984-T2" VAL="2004">
      <timex2_mention ID="adige20041008_id413984-T2-1">
        <extent>
          <charseq START="714" END="723">quest'anno</charseq>
        </extent>
      </timex2_mention>
    </timex2>
    <timex2 ID="adige20041008_id413984-T6" VAL="PAST_REF" ANCHOR_VAL="2004-10-08" ANCHOR_DIR="BEFORE">
      <timex2_mention ID="adige20041008_id413984-T6-1">
        <extent>
          <charseq START="4" END="5">ex</charseq>
        </extent>
      </timex2_mention>
    </timex2>
    <timex2 ID="adige20041008_id413984-T3" VAL="P35Y" ANCHOR_VAL="2004" ANCHOR_DIR="ENDING">
      <timex2_mention ID="adige20041008_id413984-T3-1">
        <extent>
          <charseq START="859" END="865">35 anni</charseq>
        </extent>
      </timex2_mention>
    </timex2>
    <timex2 ID="adige20041008_id413984-T5" VAL="PXM">
      <timex2_mention ID="adige20041008_id413984-T5-1">
        <extent>
          <charseq START="1557" END="1562">i mesi</charseq>
        </extent>
      </timex2_mention>
    </timex2>
    <timex2 ID="adige20041008_id413984-T4" VAL="PAST_REF" ANCHOR_VAL="2004-10-08" ANCHOR_DIR="BEFORE">
      <timex2_mention ID="adige20041008_id413984-T4-1">
        <extent>
          <charseq START="1456" END="1457">ex</charseq>
        </extent>
      </timex2_mention>
    </timex2>
    <timex2 ID="adige20041008_id413984-T1" VAL="2002">
      <timex2_mention ID="adige20041008_id413984-T1-1">
        <extent>
          <charseq START="609" END="616">del 2002</charseq>
        </extent>
      </timex2_mention>
    </timex2>
  </document>
</source_file>
