<?xml version="1.0" encoding="UTF-8"?>
<!DOCTYPE source_file PUBLIC "SYSTEM" "apf.v5.1.1.dtd">

<source_file URI="adige20041007_id413897.sgm" SOURCE="unknown" TYPE="text" VERSION="5.0" AUTHOR="romano" ENCODING="UTF-8">
  <document DOCID="adige20041007_id413897">
    <timex2 ID="adige20041007_id413897-T5">
      <timex2_mention ID="adige20041007_id413897-T5-1">
        <extent>
          <charseq START="1251" END="1253">57"</charseq>
        </extent>
      </timex2_mention>
    </timex2>
    <timex2 ID="adige20041007_id413897-T1">
      <timex2_mention ID="adige20041007_id413897-T1-1">
        <extent>
          <charseq START="337" END="355">la seconda giornata</charseq>
        </extent>
      </timex2_mention>
    </timex2>
    <timex2 ID="adige20041007_id413897-T3">
      <timex2_mention ID="adige20041007_id413897-T3-1">
        <extent>
          <charseq START="1044" END="1046">30"</charseq>
        </extent>
      </timex2_mention>
    </timex2>
    <timex2 ID="adige20041007_id413897-T4">
      <timex2_mention ID="adige20041007_id413897-T4-1">
        <extent>
          <charseq START="1174" END="1176">33"</charseq>
        </extent>
      </timex2_mention>
    </timex2>
    <timex2 ID="adige20041007_id413897-T2">
      <timex2_mention ID="adige20041007_id413897-T2-1">
        <extent>
          <charseq START="530" END="534">1'17"</charseq>
        </extent>
      </timex2_mention>
    </timex2>
  </document>
</source_file>
