<?xml version="1.0" encoding="UTF-8"?>
<!DOCTYPE source_file PUBLIC "SYSTEM" "apf.v5.1.1.dtd">

<source_file URI="adige20041007_id413888.sgm" SOURCE="unknown" TYPE="text" VERSION="5.0" AUTHOR="romano" ENCODING="UTF-8">
  <document DOCID="adige20041007_id413888">
    <timex2 ID="adige20041007_id413888-T3" VAL="PRESENT_REF" ANCHOR_VAL="2004-10-07" ANCHOR_DIR="AS_OF">
      <timex2_mention ID="adige20041007_id413888-T3-1">
        <extent>
          <charseq START="544" END="546">ora</charseq>
        </extent>
      </timex2_mention>
    </timex2>
    <timex2 ID="adige20041007_id413888-T4" VAL="2004-SU">
      <timex2_mention ID="adige20041007_id413888-T4-1">
        <extent>
          <charseq START="637" END="642">estate</charseq>
        </extent>
      </timex2_mention>
    </timex2>
    <timex2 ID="adige20041007_id413888-T5" VAL="PRESENT_REF" ANCHOR_VAL="2004-10-07" ANCHOR_DIR="AS_OF">
      <timex2_mention ID="adige20041007_id413888-T5-1">
        <extent>
          <charseq START="720" END="722">ora</charseq>
        </extent>
      </timex2_mention>
    </timex2>
    <timex2 ID="adige20041007_id413888-T1" VAL="PRESENT_REF" ANCHOR_VAL="2004-10-07" ANCHOR_DIR="AS_OF">
      <timex2_mention ID="adige20041007_id413888-T1-1">
        <extent>
          <charseq START="218" END="220">Ora</charseq>
        </extent>
      </timex2_mention>
    </timex2>
    <timex2 ID="adige20041007_id413888-T2" VAL="2004-SU">
      <timex2_mention ID="adige20041007_id413888-T2-1">
        <extent>
          <charseq START="528" END="540">questa estate</charseq>
        </extent>
      </timex2_mention>
    </timex2>
  </document>
</source_file>
