<?xml version="1.0" encoding="UTF-8"?>
<!DOCTYPE source_file PUBLIC "SYSTEM" "apf.v5.1.1.dtd">

<source_file URI="adige20041007_id413902.sgm" SOURCE="unknown" TYPE="text" VERSION="5.0" AUTHOR="romano" ENCODING="UTF-8">
  <document DOCID="adige20041007_id413902">
    <timex2 ID="adige20041007_id413902-T1" VAL="2004-06">
      <timex2_mention ID="adige20041007_id413902-T1-1">
        <extent>
          <charseq START="418" END="428">giugno 2004</charseq>
        </extent>
      </timex2_mention>
    </timex2>
    <timex2 ID="adige20041007_id413902-T2" COMMENT="NO calendario gregoriano">
      <timex2_mention ID="adige20041007_id413902-T2-1">
        <extent>
          <charseq START="590" END="605">la stagione 2005</charseq>
        </extent>
      </timex2_mention>
    </timex2>
  </document>
</source_file>
