<?xml version="1.0" encoding="UTF-8"?>
<!DOCTYPE source_file PUBLIC "SYSTEM" "apf.v5.1.1.dtd">

<source_file URI="adige20041007_id413899.sgm" SOURCE="unknown" TYPE="text" VERSION="5.0" AUTHOR="romano" ENCODING="UTF-8">
  <document DOCID="adige20041007_id413899">
    <timex2 ID="adige20041007_id413899-T5" VAL="2003">
      <timex2_mention ID="adige20041007_id413899-T5-1">
        <extent>
          <charseq START="1169" END="1181">l'anno scorso</charseq>
        </extent>
      </timex2_mention>
    </timex2>
    <timex2 ID="adige20041007_id413899-T6" VAL="PAST_REF" ANCHOR_VAL="2004-10-07" ANCHOR_DIR="BEFORE">
      <timex2_mention ID="adige20041007_id413899-T6-1">
        <extent>
          <charseq START="555" END="561">recente</charseq>
        </extent>
      </timex2_mention>
    </timex2>
    <timex2 ID="adige20041007_id413899-T1" VAL="2004-09-12">
      <timex2_mention ID="adige20041007_id413899-T1-1">
        <extent>
          <charseq START="421" END="442">il 12 settembre scorso</charseq>
        </extent>
      </timex2_mention>
    </timex2>
    <timex2 ID="adige20041007_id413899-T2" VAL="P30Y" ANCHOR_VAL="2004" ANCHOR_DIR="ENDING">
      <timex2_mention ID="adige20041007_id413899-T2-1">
        <extent>
          <charseq START="463" END="469">30 anni</charseq>
        </extent>
      </timex2_mention>
    </timex2>
    <timex2 ID="adige20041007_id413899-T3" VAL="2004-05-01">
      <timex2_mention ID="adige20041007_id413899-T3-1">
        <extent>
          <charseq START="839" END="853">il primo maggio</charseq>
        </extent>
      </timex2_mention>
    </timex2>
    <timex2 ID="adige20041007_id413899-T4" VAL="2004">
      <timex2_mention ID="adige20041007_id413899-T4-1">
        <extent>
          <charseq START="890" END="899">quest'anno</charseq>
        </extent>
      </timex2_mention>
    </timex2>
  </document>
</source_file>
