<?xml version="1.0" encoding="UTF-8"?>
<!DOCTYPE source_file PUBLIC "SYSTEM" "apf.v5.2.0.dtd">

<source_file URI="adige20041008_id414021.txt" SOURCE="unknown" TYPE="text" VERSION="5.0" AUTHOR="Evalita" ENCODING="UTF-8">
  <document DOCID="adige20041008_id414021">
    <entity ID="adige20041008_id414021-E1" TYPE="PER" SUBTYPE="Group" CLASS="SPC">
      <entity_mention ID="adige20041008_id414021-E1-2" TYPE="NOM" PRIMARY="true" METONYMY_MENTION="FALSE">
        <extent>
          <charseq START="210" END="227">tutti i lavoratori</charseq>
        </extent>
        <head>
          <charseq START="218" END="227">lavoratori</charseq>
        </head>
      </entity_mention>
      <entity_mention ID="adige20041008_id414021-E1-4" TYPE="NOM" PRIMARY="false" METONYMY_MENTION="FALSE">
        <extent>
          <charseq START="1812" END="1823">i lavoratori</charseq>
        </extent>
        <head>
          <charseq START="1814" END="1823">lavoratori</charseq>
        </head>
      </entity_mention>
      <entity_mention ID="adige20041008_id414021-E1-6" TYPE="NOM" PRIMARY="false" METONYMY_MENTION="FALSE">
        <extent>
          <charseq START="2304" END="2325">oltre cento lavoratori</charseq>
        </extent>
        <head>
          <charseq START="2316" END="2325">lavoratori</charseq>
        </head>
      </entity_mention>
    </entity>
    <entity ID="adige20041008_id414021-E2" TYPE="PER" SUBTYPE="Individual" CLASS="SPC">
      <entity_mention ID="adige20041008_id414021-E2-2" TYPE="NAM" PRIMARY="true" METONYMY_MENTION="FALSE">
        <extent>
          <charseq START="489" END="503">Gianni Anichini</charseq>
        </extent>
        <head>
          <charseq START="489" END="503">Gianni Anichini</charseq>
        </head>
      </entity_mention>
      <entity_mention ID="adige20041008_id414021-E2-4" TYPE="NOM" PRIMARY="false" METONYMY_MENTION="FALSE">
        <extent>
          <charseq START="506" END="558">responsabile di Assindustria per i rapporti sindacali</charseq>
        </extent>
        <head>
          <charseq START="506" END="517">responsabile</charseq>
        </head>
      </entity_mention>
      <entity_mention ID="adige20041008_id414021-E2-6" TYPE="NAM" PRIMARY="false" METONYMY_MENTION="FALSE">
        <extent>
          <charseq START="489" END="558">Gianni Anichini, responsabile di Assindustria per i rapporti sindacali</charseq>
        </extent>
        <head>
          <charseq START="489" END="558">Gianni Anichini, responsabile di Assindustria per i rapporti sindacali</charseq>
        </head>
      </entity_mention>
      <entity_mention ID="adige20041008_id414021-E2-8" TYPE="NAM" PRIMARY="false" METONYMY_MENTION="FALSE">
        <extent>
          <charseq START="721" END="728">Anichini</charseq>
        </extent>
        <head>
          <charseq START="721" END="728">Anichini</charseq>
        </head>
      </entity_mention>
      <entity_mention ID="adige20041008_id414021-E2-10" TYPE="NAM" PRIMARY="false" METONYMY_MENTION="FALSE">
        <extent>
          <charseq START="987" END="994">Anichini</charseq>
        </extent>
        <head>
          <charseq START="987" END="994">Anichini</charseq>
        </head>
      </entity_mention>
      <entity_mention ID="adige20041008_id414021-E2-12" TYPE="PRO" PRIMARY="false" METONYMY_MENTION="FALSE">
        <extent>
          <charseq START="1120" END="1124">dirmi</charseq>
        </extent>
        <head>
          <charseq START="1123" END="1124">mi</charseq>
        </head>
      </entity_mention>
      <entity_mention ID="adige20041008_id414021-E2-14" TYPE="NAM" PRIMARY="false" METONYMY_MENTION="FALSE">
        <extent>
          <charseq START="1856" END="1863">Anichini</charseq>
        </extent>
        <head>
          <charseq START="1856" END="1863">Anichini</charseq>
        </head>
      </entity_mention>
      <entity_attributes>
        <name NAME="Gianni Anichini">
          <charseq START="489" END="503">Gianni Anichini</charseq>
        </name>
        <name NAME="Gianni Anichini, responsabile di Assindustria per i rapporti sindacali">
          <charseq START="489" END="558">Gianni Anichini, responsabile di Assindustria per i rapporti sindacali</charseq>
        </name>
        <name NAME="Anichini">
          <charseq START="721" END="728">Anichini</charseq>
        </name>
        <name NAME="Anichini">
          <charseq START="987" END="994">Anichini</charseq>
        </name>
        <name NAME="Anichini">
          <charseq START="1856" END="1863">Anichini</charseq>
        </name>
      </entity_attributes>
    </entity>
    <entity ID="adige20041008_id414021-E3" TYPE="PER" SUBTYPE="Group" CLASS="SPC">
      <entity_mention ID="adige20041008_id414021-E3-2" TYPE="NOM" PRIMARY="true" METONYMY_MENTION="FALSE">
        <extent>
          <charseq START="663" END="702">i vertici della Società Trentina Lieviti</charseq>
        </extent>
        <head>
          <charseq START="665" END="671">vertici</charseq>
        </head>
      </entity_mention>
    </entity>
    <entity ID="adige20041008_id414021-E4" TYPE="PER" SUBTYPE="Individual" CLASS="SPC">
      <entity_mention ID="adige20041008_id414021-E4-2" TYPE="NAM" PRIMARY="true" METONYMY_MENTION="FALSE">
        <extent>
          <charseq START="2114" END="2128">Marco Benedetti</charseq>
        </extent>
        <head>
          <charseq START="2114" END="2128">Marco Benedetti</charseq>
        </head>
      </entity_mention>
      <entity_mention ID="adige20041008_id414021-E4-4" TYPE="NOM" PRIMARY="false" METONYMY_MENTION="FALSE">
        <extent>
          <charseq START="2085" END="2112">dell'assessore all'Industria</charseq>
        </extent>
        <head>
          <charseq START="2090" END="2098">assessore</charseq>
        </head>
      </entity_mention>
      <entity_mention ID="adige20041008_id414021-E4-6" TYPE="NOM" PRIMARY="false" METONYMY_MENTION="FALSE">
        <extent>
          <charseq START="2085" END="2128">dell'assessore all'Industria Marco Benedetti</charseq>
        </extent>
        <head>
          <charseq START="2085" END="2128">dell'assessore all'Industria Marco Benedetti</charseq>
        </head>
      </entity_mention>
      <entity_attributes>
        <name NAME="Marco Benedetti">
          <charseq START="2114" END="2128">Marco Benedetti</charseq>
        </name>
      </entity_attributes>
    </entity>
    <entity ID="adige20041008_id414021-E5" TYPE="PER" SUBTYPE="Indefinite" CLASS="USP">
      <entity_mention ID="adige20041008_id414021-E5-2" TYPE="PRO" PRIMARY="true" METONYMY_MENTION="FALSE">
        <extent>
          <charseq START="2147" END="2148">si</charseq>
        </extent>
        <head>
          <charseq START="2147" END="2148">si</charseq>
        </head>
      </entity_mention>
    </entity>
    <entity ID="adige20041008_id414021-E6" TYPE="PER" SUBTYPE="Group" CLASS="USP">
      <entity_mention ID="adige20041008_id414021-E6-2" TYPE="PRO" PRIMARY="true" METONYMY_MENTION="FALSE">
        <extent>
          <charseq START="2179" END="2183">tutti</charseq>
        </extent>
        <head>
          <charseq START="2179" END="2183">tutti</charseq>
        </head>
      </entity_mention>
    </entity>
    <entity ID="adige20041008_id414021-E7" TYPE="ORG" SUBTYPE="Commercial" CLASS="SPC">
      <entity_mention ID="adige20041008_id414021-E7-2" TYPE="NAM" PRIMARY="true" METONYMY_MENTION="FALSE">
        <extent>
          <charseq START="96" END="101">La Stl</charseq>
        </extent>
        <head>
          <charseq START="99" END="101">Stl</charseq>
        </head>
      </entity_mention>
      <entity_mention ID="adige20041008_id414021-E7-4" TYPE="NAM" PRIMARY="false" METONYMY_MENTION="FALSE">
        <extent>
          <charseq START="673" END="702">della Società Trentina Lieviti</charseq>
        </extent>
        <head>
          <charseq START="679" END="702">Società Trentina Lieviti</charseq>
        </head>
      </entity_mention>
      <entity_mention ID="adige20041008_id414021-E7-6" TYPE="NOM" PRIMARY="false" METONYMY_MENTION="FALSE">
        <extent>
          <charseq START="1247" END="1255">l'azienda</charseq>
        </extent>
        <head>
          <charseq START="1249" END="1255">azienda</charseq>
        </head>
      </entity_mention>
      <entity_mention ID="adige20041008_id414021-E7-8" TYPE="PRO" PRIMARY="false" METONYMY_MENTION="FALSE">
        <extent>
          <charseq START="1299" END="1305">propria</charseq>
        </extent>
        <head>
          <charseq START="1299" END="1305">propria</charseq>
        </head>
      </entity_mention>
      <entity_mention ID="adige20041008_id414021-E7-10" TYPE="NOM" PRIMARY="false" METONYMY_MENTION="FALSE">
        <extent>
          <charseq START="1605" END="1613">l'azienda</charseq>
        </extent>
        <head>
          <charseq START="1607" END="1613">azienda</charseq>
        </head>
      </entity_mention>
      <entity_mention ID="adige20041008_id414021-E7-12" TYPE="NAM" PRIMARY="false" METONYMY_MENTION="FALSE">
        <extent>
          <charseq START="1926" END="1934">dalla Stl</charseq>
        </extent>
        <head>
          <charseq START="1932" END="1934">Stl</charseq>
        </head>
      </entity_mention>
      <entity_mention ID="adige20041008_id414021-E7-14" TYPE="NOM" PRIMARY="false" METONYMY_MENTION="FALSE">
        <extent>
          <charseq START="13" END="24">dell'azienda</charseq>
        </extent>
        <head>
          <charseq START="18" END="24">azienda</charseq>
        </head>
      </entity_mention>
      <entity_attributes>
        <name NAME="Stl">
          <charseq START="99" END="101">Stl</charseq>
        </name>
        <name NAME="Società Trentina Lieviti">
          <charseq START="679" END="702">Società Trentina Lieviti</charseq>
        </name>
        <name NAME="Stl">
          <charseq START="1932" END="1934">Stl</charseq>
        </name>
      </entity_attributes>
    </entity>
    <entity ID="adige20041008_id414021-E8" TYPE="ORG" SUBTYPE="Non-Governmental" CLASS="SPC">
      <entity_mention ID="adige20041008_id414021-E8-2" TYPE="NAM" PRIMARY="true" METONYMY_MENTION="FALSE">
        <extent>
          <charseq START="522" END="533">Assindustria</charseq>
        </extent>
        <head>
          <charseq START="522" END="533">Assindustria</charseq>
        </head>
      </entity_mention>
      <entity_mention ID="adige20041008_id414021-E8-4" TYPE="NAM" PRIMARY="false" METONYMY_MENTION="FALSE">
        <extent>
          <charseq START="31" END="42">assindustria</charseq>
        </extent>
        <head>
          <charseq START="31" END="42">assindustria</charseq>
        </head>
      </entity_mention>
      <entity_attributes>
        <name NAME="Assindustria">
          <charseq START="522" END="533">Assindustria</charseq>
        </name>
        <name NAME="assindustria">
          <charseq START="31" END="42">assindustria</charseq>
        </name>
      </entity_attributes>
    </entity>
    <entity ID="adige20041008_id414021-E9" TYPE="ORG" SUBTYPE="Non-Governmental" CLASS="SPC">
      <entity_mention ID="adige20041008_id414021-E9-2" TYPE="NOM" PRIMARY="true" METONYMY_MENTION="FALSE">
        <extent>
          <charseq START="649" END="659">i sindacati</charseq>
        </extent>
        <head>
          <charseq START="651" END="659">sindacati</charseq>
        </head>
      </entity_mention>
      <entity_mention ID="adige20041008_id414021-E9-4" TYPE="NOM" PRIMARY="false" METONYMY_MENTION="FALSE">
        <extent>
          <charseq START="1351" END="1362">al sindacato</charseq>
        </extent>
        <head>
          <charseq START="1354" END="1362">sindacato</charseq>
        </head>
      </entity_mention>
      <entity_mention ID="adige20041008_id414021-E9-6" TYPE="PRO" PRIMARY="false" METONYMY_MENTION="FALSE">
        <extent>
          <charseq START="1364" END="1368">farsi</charseq>
        </extent>
        <head>
          <charseq START="1367" END="1368">si</charseq>
        </head>
      </entity_mention>
    </entity>
  <entity ID="adige20041008_id414021-E13" TYPE="GPE" SUBTYPE="Population-Center" CLASS="SPC">
      <entity_mention ID="adige20041008_id414021-E13-1" TYPE="NAM" PRIMARY="true" ROLE="LOC" METONYMY_MENTION="FALSE">
        <extent>
          <charseq START="85" END="90">TRENTO</charseq>
        </extent>
        <head>
          <charseq START="85" END="90">TRENTO</charseq>
        </head>
      </entity_mention>
      <entity_attributes>
        <name NAME="TRENTO">
          <charseq START="85" END="90">TRENTO</charseq>
        </name>
      </entity_attributes>
    </entity>
    <entity ID="adige20041008_id414021-E14" TYPE="GPE" SUBTYPE="State-or-Province" CLASS="SPC">
      <entity_mention ID="adige20041008_id414021-E14-1" TYPE="NAM" PRIMARY="true" ROLE="ORG" METONYMY_MENTION="FALSE">
        <extent>
          <charseq START="2010" END="2024">della Provincia</charseq>
        </extent>
        <head>
          <charseq START="2016" END="2024">Provincia</charseq>
        </head>
      </entity_mention>
      <entity_attributes>
        <name NAME="Provincia">
          <charseq START="2016" END="2024">Provincia</charseq>
        </name>
      </entity_attributes>
    </entity>
  </document>
</source_file>
