<?xml version="1.0" encoding="UTF-8"?>
<!DOCTYPE source_file PUBLIC "SYSTEM" "apf.v5.2.0.dtd">

<source_file URI="adige20041008_id414019.txt" SOURCE="unknown" TYPE="text" VERSION="5.0" AUTHOR="Evalita" ENCODING="UTF-8">
  <document DOCID="adige20041008_id414019">
    <entity ID="adige20041008_id414019-E1" TYPE="PER" SUBTYPE="Group" CLASS="SPC">
      <entity_mention ID="adige20041008_id414019-E1-1" TYPE="NOM" PRIMARY="true" METONYMY_MENTION="FALSE">
        <extent>
          <charseq START="217" END="275">i lavoratori che passeranno al servizio della nuova società</charseq>
        </extent>
        <head>
          <charseq START="219" END="228">lavoratori</charseq>
        </head>
      </entity_mention>
      <entity_mention ID="adige20041008_id414019-E1-2" TYPE="PRO" PRIMARY="false" METONYMY_MENTION="FALSE">
        <extent>
          <charseq START="230" END="232">che</charseq>
        </extent>
        <head>
          <charseq START="230" END="232">che</charseq>
        </head>
      </entity_mention>
    </entity>
    <entity ID="adige20041008_id414019-E2" TYPE="PER" SUBTYPE="Individual" CLASS="SPC">
      <entity_mention ID="adige20041008_id414019-E2-1" TYPE="NAM" PRIMARY="true" METONYMY_MENTION="FALSE">
        <extent>
          <charseq START="724" END="737">Milena Demozzi</charseq>
        </extent>
        <head>
          <charseq START="724" END="737">Milena Demozzi</charseq>
        </head>
      </entity_mention>
      <entity_mention ID="adige20041008_id414019-E2-2" TYPE="NOM" PRIMARY="false" METONYMY_MENTION="FALSE">
        <extent>
          <charseq START="693" END="721">il segretario della Fiom Cgil</charseq>
        </extent>
        <head>
          <charseq START="696" END="705">segretario</charseq>
        </head>
      </entity_mention>
      <entity_mention ID="adige20041008_id414019-E2-3" TYPE="NOM" PRIMARY="false" METONYMY_MENTION="FALSE">
        <extent>
          <charseq START="693" END="737">il segretario della Fiom Cgil, Milena Demozzi</charseq>
        </extent>
        <head>
          <charseq START="693" END="737">il segretario della Fiom Cgil, Milena Demozzi</charseq>
        </head>
      </entity_mention>
      <entity_attributes>
        <name NAME="Milena Demozzi">
          <charseq START="724" END="737">Milena Demozzi</charseq>
        </name>
      </entity_attributes>
    </entity>
    <entity ID="adige20041008_id414019-E3" TYPE="PER" SUBTYPE="Individual" CLASS="SPC">
      <entity_mention ID="adige20041008_id414019-E3-1" TYPE="NAM" PRIMARY="true" METONYMY_MENTION="FALSE">
        <extent>
          <charseq START="1046" END="1060">Michele Cinotto</charseq>
        </extent>
        <head>
          <charseq START="1046" END="1060">Michele Cinotto</charseq>
        </head>
      </entity_mention>
      <entity_mention ID="adige20041008_id414019-E3-2" TYPE="NOM" PRIMARY="false" METONYMY_MENTION="FALSE">
        <extent>
          <charseq START="1035" END="1044">l'ingegner</charseq>
        </extent>
        <head>
          <charseq START="1037" END="1044">ingegner</charseq>
        </head>
      </entity_mention>
      <entity_mention ID="adige20041008_id414019-E3-3" TYPE="NOM" PRIMARY="false" METONYMY_MENTION="FALSE">
        <extent>
          <charseq START="1008" END="1060">il proprio rappresentante, l'ingegner Michele Cinotto</charseq>
        </extent>
        <head>
          <charseq START="1008" END="1060">il proprio rappresentante, l'ingegner Michele Cinotto</charseq>
        </head>
      </entity_mention>
      <entity_mention ID="adige20041008_id414019-E3-4" TYPE="NOM" PRIMARY="false" METONYMY_MENTION="FALSE">
        <extent>
          <charseq START="1008" END="1032">il proprio rappresentante</charseq>
        </extent>
        <head>
          <charseq START="1019" END="1032">rappresentante</charseq>
        </head>
      </entity_mention>
      <entity_attributes>
        <name NAME="Michele Cinotto">
          <charseq START="1046" END="1060">Michele Cinotto</charseq>
        </name>
      </entity_attributes>
    </entity>
    <entity ID="adige20041008_id414019-E5" TYPE="ORG" SUBTYPE="Commercial" CLASS="SPC">
      <entity_mention ID="adige20041008_id414019-E5-2" TYPE="NAM" PRIMARY="true" METONYMY_MENTION="FALSE">
        <extent>
          <charseq START="181" END="184">Dana</charseq>
        </extent>
        <head>
          <charseq START="181" END="184">Dana</charseq>
        </head>
      </entity_mention>
      <entity_mention ID="adige20041008_id414019-E5-4" TYPE="NAM" PRIMARY="false" METONYMY_MENTION="FALSE">
        <extent>
          <charseq START="1188" END="1196">alla Dana</charseq>
        </extent>
        <head>
          <charseq START="1193" END="1196">Dana</charseq>
        </head>
      </entity_mention>
      <entity_mention ID="adige20041008_id414019-E5-6" TYPE="NAM" PRIMARY="false" METONYMY_MENTION="FALSE">
        <extent>
          <charseq START="81" END="84">Dana</charseq>
        </extent>
        <head>
          <charseq START="81" END="84">Dana</charseq>
        </head>
      </entity_mention>
      <entity_attributes>
        <name NAME="Dana">
          <charseq START="181" END="184">Dana</charseq>
        </name>
        <name NAME="Dana">
          <charseq START="1193" END="1196">Dana</charseq>
        </name>
        <name NAME="Dana">
          <charseq START="81" END="84">Dana</charseq>
        </name>
      </entity_attributes>
    </entity>
    <entity ID="adige20041008_id414019-E6" TYPE="ORG" SUBTYPE="Commercial" CLASS="SPC">
      <entity_mention ID="adige20041008_id414019-E6-2" TYPE="NOM" PRIMARY="true" METONYMY_MENTION="FALSE">
        <extent>
          <charseq START="433" END="446">le due aziende</charseq>
        </extent>
        <head>
          <charseq START="440" END="446">aziende</charseq>
        </head>
      </entity_mention>
      <entity_mention ID="adige20041008_id414019-E6-4" TYPE="NAM" PRIMARY="false" METONYMY_MENTION="FALSE">
        <extent>
          <charseq START="81" END="116">Dana e Sata, vendita entro fine anno</charseq>
        </extent>
        <head>
          <charseq START="81" END="116">Dana e Sata, vendita entro fine anno</charseq>
        </head>
      </entity_mention>
      <entity_mention ID="adige20041008_id414019-E6-6" TYPE="NOM" PRIMARY="false" METONYMY_MENTION="FALSE">
        <extent>
          <charseq START="918" END="927">le aziende</charseq>
        </extent>
        <head>
          <charseq START="921" END="927">aziende</charseq>
        </head>
      </entity_mention>
      <entity_attributes>
        <name NAME="Dana e Sata, vendita entro fine anno">
          <charseq START="81" END="116">Dana e Sata, vendita entro fine anno</charseq>
        </name>
      </entity_attributes>
    </entity>
    <entity ID="adige20041008_id414019-E7" TYPE="ORG" SUBTYPE="Non-Governmental" CLASS="SPC">
      <entity_mention ID="adige20041008_id414019-E7-2" TYPE="NOM" PRIMARY="true" METONYMY_MENTION="FALSE">
        <extent>
          <charseq START="451" END="461">i sindacati</charseq>
        </extent>
        <head>
          <charseq START="453" END="461">sindacati</charseq>
        </head>
      </entity_mention>
      <entity_mention ID="adige20041008_id414019-E7-4" TYPE="NOM" PRIMARY="false" METONYMY_MENTION="FALSE">
        <extent>
          <charseq START="545" END="553">sindacati</charseq>
        </extent>
        <head>
          <charseq START="545" END="553">sindacati</charseq>
        </head>
      </entity_mention>
      <entity_mention ID="adige20041008_id414019-E7-8" TYPE="NOM" PRIMARY="false" METONYMY_MENTION="FALSE">
        <extent>
          <charseq START="22" END="33">il sindacato</charseq>
        </extent>
        <head>
          <charseq START="25" END="33">sindacato</charseq>
        </head>
      </entity_mention>
    </entity>
    <entity ID="adige20041008_id414019-E8" TYPE="ORG" SUBTYPE="Commercial" CLASS="SPC">
      <entity_mention ID="adige20041008_id414019-E8-2" TYPE="NOM" PRIMARY="true" METONYMY_MENTION="FALSE">
        <extent>
          <charseq START="433" END="461">le due aziende ed i sindacati</charseq>
        </extent>
        <head>
          <charseq START="433" END="461">le due aziende ed i sindacati</charseq>
        </head>
      </entity_mention>
      <entity_mention ID="adige20041008_id414019-E8-4" TYPE="NOM" PRIMARY="false" METONYMY_MENTION="FALSE">
        <extent>
          <charseq START="407" END="430">tutte le parti coinvolte</charseq>
        </extent>
        <head>
          <charseq START="416" END="420">parti</charseq>
        </head>
      </entity_mention>
    </entity>
    <entity ID="adige20041008_id414019-E9" TYPE="ORG" SUBTYPE="Commercial" CLASS="SPC">
      <entity_mention ID="adige20041008_id414019-E9-2" TYPE="NOM" PRIMARY="true" METONYMY_MENTION="FALSE">
        <extent>
          <charseq START="538" END="553">Sata e sindacati</charseq>
        </extent>
        <head>
          <charseq START="538" END="553">Sata e sindacati</charseq>
        </head>
      </entity_mention>
    </entity>
    <entity ID="adige20041008_id414019-E10" TYPE="ORG" SUBTYPE="Non-Governmental" CLASS="SPC">
      <entity_mention ID="adige20041008_id414019-E10-2" TYPE="NAM" PRIMARY="true" METONYMY_MENTION="FALSE">
        <extent>
          <charseq START="707" END="721">della Fiom Cgil</charseq>
        </extent>
        <head>
          <charseq START="713" END="721">Fiom Cgil</charseq>
        </head>
      </entity_mention>
      <entity_attributes>
        <name NAME="Fiom Cgil">
          <charseq START="713" END="721">Fiom Cgil</charseq>
        </name>
      </entity_attributes>
    </entity>
    <entity ID="adige20041008_id414019-E11" TYPE="ORG" SUBTYPE="Commercial" CLASS="SPC">
      <entity_mention ID="adige20041008_id414019-E11-2" TYPE="NAM" PRIMARY="true" METONYMY_MENTION="FALSE">
        <extent>
          <charseq START="211" END="214">Sata</charseq>
        </extent>
        <head>
          <charseq START="211" END="214">Sata</charseq>
        </head>
      </entity_mention>
      <entity_mention ID="adige20041008_id414019-E11-4" TYPE="NOM" PRIMARY="false" METONYMY_MENTION="FALSE">
        <extent>
          <charseq START="201" END="209">al gruppo</charseq>
        </extent>
        <head>
          <charseq START="204" END="209">gruppo</charseq>
        </head>
      </entity_mention>
      <entity_mention ID="adige20041008_id414019-E11-6" TYPE="NOM" PRIMARY="false" METONYMY_MENTION="FALSE">
        <extent>
          <charseq START="201" END="214">al gruppo Sata</charseq>
        </extent>
        <head>
          <charseq START="201" END="214">al gruppo Sata</charseq>
        </head>
      </entity_mention>
      <entity_mention ID="adige20041008_id414019-E11-8" TYPE="NOM" PRIMARY="false" METONYMY_MENTION="FALSE">
        <extent>
          <charseq START="257" END="275">della nuova società</charseq>
        </extent>
        <head>
          <charseq START="269" END="275">società</charseq>
        </head>
      </entity_mention>
      <entity_mention ID="adige20041008_id414019-E11-10" TYPE="NAM" PRIMARY="false" METONYMY_MENTION="FALSE">
        <extent>
          <charseq START="989" END="1060">Sata, presente con il proprio rappresentante, l'ingegner Michele Cinotto</charseq>
        </extent>
        <head>
          <charseq START="989" END="992">Sata</charseq>
        </head>
      </entity_mention>
      <entity_mention ID="adige20041008_id414019-E11-11" TYPE="PRO" PRIMARY="false" METONYMY_MENTION="FALSE">
        <extent>
          <charseq START="1011" END="1017">proprio</charseq>
        </extent>
        <head>
          <charseq START="1011" END="1017">proprio</charseq>
        </head>
      </entity_mention>
      <entity_attributes>
        <name NAME="Sata">
          <charseq START="211" END="214">Sata</charseq>
        </name>
        <name NAME="Sata">
          <charseq START="989" END="992">Sata</charseq>
        </name>
      </entity_attributes>
    </entity>
    <entity ID="adige20041008_id414019-E12" TYPE="GPE" SUBTYPE="Population-Center" CLASS="SPC">
      <entity_mention ID="adige20041008_id414019-E12-1" TYPE="NAM" PRIMARY="true" ROLE="LOC" METONYMY_MENTION="FALSE">
        <extent>
          <charseq START="122" END="127">TRENTO</charseq>
        </extent>
        <head>
          <charseq START="122" END="127">TRENTO</charseq>
        </head>
      </entity_mention>
      <entity_attributes>
        <name NAME="TRENTO">
          <charseq START="122" END="127">TRENTO</charseq>
        </name>
      </entity_attributes>
    </entity>
    <entity ID="adige20041008_id414019-E13" TYPE="GPE" SUBTYPE="Population-Center" CLASS="SPC">
      <entity_mention ID="adige20041008_id414019-E13-1" TYPE="NAM" PRIMARY="true" ROLE="GPE" METONYMY_MENTION="FALSE">
        <extent>
          <charseq START="189" END="199">Castelnuovo</charseq>
        </extent>
        <head>
          <charseq START="189" END="199">Castelnuovo</charseq>
        </head>
      </entity_mention>
      <entity_mention ID="adige20041008_id414019-E13-2" TYPE="NAM" PRIMARY="false" ROLE="LOC" METONYMY_MENTION="FALSE">
        <extent>
          <charseq START="485" END="495">Castelnuovo</charseq>
        </extent>
        <head>
          <charseq START="485" END="495">Castelnuovo</charseq>
        </head>
      </entity_mention>
      <entity_attributes>
        <name NAME="Castelnuovo">
          <charseq START="189" END="199">Castelnuovo</charseq>
        </name>
        <name NAME="Castelnuovo">
          <charseq START="485" END="495">Castelnuovo</charseq>
        </name>
      </entity_attributes>
    </entity>
  </document>
</source_file>
