<?xml version="1.0" encoding="UTF-8"?>
<!DOCTYPE source_file PUBLIC "SYSTEM" "apf.v5.2.0.dtd">

<source_file URI="adige20041008_id414025.txt" SOURCE="unknown" TYPE="text" VERSION="5.0" AUTHOR="Evalita" ENCODING="UTF-8">
  <document DOCID="adige20041008_id414025">
    <entity ID="adige20041008_id414025-E1" TYPE="PER" SUBTYPE="Individual" CLASS="SPC">
      <entity_mention ID="adige20041008_id414025-E1-2" TYPE="NAM" PRIMARY="true" METONYMY_MENTION="FALSE">
        <extent>
          <charseq START="840" END="852">Franz Senfter</charseq>
        </extent>
        <head>
          <charseq START="840" END="852">Franz Senfter</charseq>
        </head>
      </entity_mention>
      <entity_attributes>
        <name NAME="Franz Senfter">
          <charseq START="840" END="852">Franz Senfter</charseq>
        </name>
      </entity_attributes>
    </entity>
    <entity ID="adige20041008_id414025-E2" TYPE="PER" SUBTYPE="Individual" CLASS="SPC">
      <entity_mention ID="adige20041008_id414025-E2-2" TYPE="NAM" PRIMARY="true" METONYMY_MENTION="FALSE">
        <extent>
          <charseq START="855" END="868">Franz Staffler</charseq>
        </extent>
        <head>
          <charseq START="855" END="868">Franz Staffler</charseq>
        </head>
      </entity_mention>
      <entity_attributes>
        <name NAME="Franz Staffler">
          <charseq START="855" END="868">Franz Staffler</charseq>
        </name>
      </entity_attributes>
    </entity>
    <entity ID="adige20041008_id414025-E3" TYPE="PER" SUBTYPE="Individual" CLASS="SPC">
      <entity_mention ID="adige20041008_id414025-E3-2" TYPE="NAM" PRIMARY="true" METONYMY_MENTION="FALSE">
        <extent>
          <charseq START="871" END="888">Gilberto Gabrielli</charseq>
        </extent>
        <head>
          <charseq START="871" END="888">Gilberto Gabrielli</charseq>
        </head>
      </entity_mention>
      <entity_attributes>
        <name NAME="Gilberto Gabrielli">
          <charseq START="871" END="888">Gilberto Gabrielli</charseq>
        </name>
      </entity_attributes>
    </entity>
    <entity ID="adige20041008_id414025-E4" TYPE="PER" SUBTYPE="Individual" CLASS="SPC">
      <entity_mention ID="adige20041008_id414025-E4-2" TYPE="NAM" PRIMARY="true" METONYMY_MENTION="FALSE">
        <extent>
          <charseq START="907" END="918">Johann Krapf</charseq>
        </extent>
        <head>
          <charseq START="907" END="918">Johann Krapf</charseq>
        </head>
      </entity_mention>
      <entity_attributes>
        <name NAME="Johann Krapf">
          <charseq START="907" END="918">Johann Krapf</charseq>
        </name>
      </entity_attributes>
    </entity>
    <entity ID="adige20041008_id414025-E5" TYPE="PER" SUBTYPE="Individual" CLASS="SPC">
      <entity_mention ID="adige20041008_id414025-E5-2" TYPE="NAM" PRIMARY="true" METONYMY_MENTION="FALSE">
        <extent>
          <charseq START="921" END="932">Mauro Miccio</charseq>
        </extent>
        <head>
          <charseq START="921" END="932">Mauro Miccio</charseq>
        </head>
      </entity_mention>
      <entity_attributes>
        <name NAME="Mauro Miccio">
          <charseq START="921" END="932">Mauro Miccio</charseq>
        </name>
      </entity_attributes>
    </entity>
    <entity ID="adige20041008_id414025-E6" TYPE="PER" SUBTYPE="Individual" CLASS="SPC">
      <entity_mention ID="adige20041008_id414025-E6-2" TYPE="NAM" PRIMARY="true" METONYMY_MENTION="FALSE">
        <extent>
          <charseq START="936" END="953">Rudolf Alois Rimbl</charseq>
        </extent>
        <head>
          <charseq START="936" END="953">Rudolf Alois Rimbl</charseq>
        </head>
      </entity_mention>
      <entity_attributes>
        <name NAME="Rudolf Alois Rimbl">
          <charseq START="936" END="953">Rudolf Alois Rimbl</charseq>
        </name>
      </entity_attributes>
    </entity>
    <entity ID="adige20041008_id414025-E7" TYPE="PER" SUBTYPE="Group" CLASS="SPC">
      <entity_mention ID="adige20041008_id414025-E7-2" TYPE="NAM" PRIMARY="true" METONYMY_MENTION="FALSE">
        <extent>
          <charseq START="907" END="953">Johann Krapf, Mauro Miccio e Rudolf Alois Rimbl</charseq>
        </extent>
        <head>
          <charseq START="907" END="953">Johann Krapf, Mauro Miccio e Rudolf Alois Rimbl</charseq>
        </head>
      </entity_mention>
      <entity_mention ID="adige20041008_id414025-E7-4" TYPE="NOM" PRIMARY="false" METONYMY_MENTION="FALSE">
        <extent>
          <charseq START="891" END="905">dai Consiglieri</charseq>
        </extent>
        <head>
          <charseq START="895" END="905">Consiglieri</charseq>
        </head>
      </entity_mention>
      <entity_mention ID="adige20041008_id414025-E7-6" TYPE="NOM" PRIMARY="false" METONYMY_MENTION="FALSE">
        <extent>
          <charseq START="891" END="953">dai Consiglieri Johann Krapf, Mauro Miccio e Rudolf Alois Rimbl</charseq>
        </extent>
        <head>
          <charseq START="891" END="953">dai Consiglieri Johann Krapf, Mauro Miccio e Rudolf Alois Rimbl</charseq>
        </head>
      </entity_mention>
      <entity_attributes>
        <name NAME="Johann Krapf, Mauro Miccio e Rudolf Alois Rimbl">
          <charseq START="907" END="953">Johann Krapf, Mauro Miccio e Rudolf Alois Rimbl</charseq>
        </name>
      </entity_attributes>
    </entity>
  <entity ID="adige20041008_id414025-E9" TYPE="ORG" SUBTYPE="Commercial" CLASS="SPC">
      <entity_mention ID="adige20041008_id414025-E9-2" TYPE="NAM" PRIMARY="true" METONYMY_MENTION="FALSE">
        <extent>
          <charseq START="93" END="107">Euregio Finance</charseq>
        </extent>
        <head>
          <charseq START="93" END="107">Euregio Finance</charseq>
        </head>
      </entity_mention>
      <entity_mention ID="adige20041008_id414025-E9-4" TYPE="NOM" PRIMARY="false" METONYMY_MENTION="FALSE">
        <extent>
          <charseq START="529" END="538">LA SOCIETÀ</charseq>
        </extent>
        <head>
          <charseq START="532" END="538">SOCIETÀ</charseq>
        </head>
      </entity_mention>
      <entity_mention ID="adige20041008_id414025-E9-6" TYPE="NAM" PRIMARY="false" METONYMY_MENTION="FALSE">
        <extent>
          <charseq START="540" END="554">Euregio Finance</charseq>
        </extent>
        <head>
          <charseq START="540" END="554">Euregio Finance</charseq>
        </head>
      </entity_mention>
      <entity_attributes>
        <name NAME="Euregio Finance">
          <charseq START="93" END="107">Euregio Finance</charseq>
        </name>
        <name NAME="Euregio Finance">
          <charseq START="540" END="554">Euregio Finance</charseq>
        </name>
      </entity_attributes>
    </entity>
    <entity ID="adige20041008_id414025-E10" TYPE="ORG" SUBTYPE="Commercial" CLASS="SPC">
      <entity_mention ID="adige20041008_id414025-E10-2" TYPE="NAM" PRIMARY="true" METONYMY_MENTION="FALSE">
        <extent>
          <charseq START="110" END="117">Alpenair</charseq>
        </extent>
        <head>
          <charseq START="110" END="117">Alpenair</charseq>
        </head>
      </entity_mention>
      <entity_mention ID="adige20041008_id414025-E10-4" TYPE="NAM" PRIMARY="false" METONYMY_MENTION="FALSE">
        <extent>
          <charseq START="772" END="779">Alpenair</charseq>
        </extent>
        <head>
          <charseq START="772" END="779">Alpenair</charseq>
        </head>
      </entity_mention>
      <entity_attributes>
        <name NAME="Alpenair">
          <charseq START="110" END="117">Alpenair</charseq>
        </name>
        <name NAME="Alpenair">
          <charseq START="772" END="779">Alpenair</charseq>
        </name>
      </entity_attributes>
    </entity>
    <entity ID="adige20041008_id414025-E11" TYPE="ORG" SUBTYPE="Commercial" CLASS="SPC">
      <entity_mention ID="adige20041008_id414025-E11-2" TYPE="NAM" PRIMARY="true" METONYMY_MENTION="FALSE">
        <extent>
          <charseq START="120" END="122">Ifi</charseq>
        </extent>
        <head>
          <charseq START="120" END="122">Ifi</charseq>
        </head>
      </entity_mention>
      <entity_attributes>
        <name NAME="Ifi">
          <charseq START="120" END="122">Ifi</charseq>
        </name>
      </entity_attributes>
    </entity>
    <entity ID="adige20041008_id414025-E12" TYPE="ORG" SUBTYPE="Commercial" CLASS="SPC">
      <entity_mention ID="adige20041008_id414025-E12-2" TYPE="NAM" PRIMARY="true" METONYMY_MENTION="FALSE">
        <extent>
          <charseq START="125" END="152">Cooperativa Lavoratori Edili</charseq>
        </extent>
        <head>
          <charseq START="125" END="152">Cooperativa Lavoratori Edili</charseq>
        </head>
      </entity_mention>
      <entity_attributes>
        <name NAME="Cooperativa Lavoratori Edili">
          <charseq START="125" END="152">Cooperativa Lavoratori Edili</charseq>
        </name>
      </entity_attributes>
    </entity>
    <entity ID="adige20041008_id414025-E13" TYPE="ORG" SUBTYPE="Commercial" CLASS="SPC">
      <entity_mention ID="adige20041008_id414025-E13-2" TYPE="NAM" PRIMARY="true" METONYMY_MENTION="FALSE">
        <extent>
          <charseq START="173" END="182">Treufinanz</charseq>
        </extent>
        <head>
          <charseq START="173" END="182">Treufinanz</charseq>
        </head>
      </entity_mention>
      <entity_attributes>
        <name NAME="Treufinanz">
          <charseq START="173" END="182">Treufinanz</charseq>
        </name>
      </entity_attributes>
    </entity>
    <entity ID="adige20041008_id414025-E14" TYPE="ORG" SUBTYPE="Commercial" CLASS="SPC">
      <entity_mention ID="adige20041008_id414025-E14-2" TYPE="NAM" PRIMARY="true" METONYMY_MENTION="FALSE">
        <extent>
          <charseq START="185" END="190">Aspiag</charseq>
        </extent>
        <head>
          <charseq START="185" END="190">Aspiag</charseq>
        </head>
      </entity_mention>
      <entity_attributes>
        <name NAME="Aspiag">
          <charseq START="185" END="190">Aspiag</charseq>
        </name>
      </entity_attributes>
    </entity>
    <entity ID="adige20041008_id414025-E15" TYPE="ORG" SUBTYPE="Commercial" CLASS="SPC">
      <entity_mention ID="adige20041008_id414025-E15-2" TYPE="NAM" PRIMARY="true" METONYMY_MENTION="FALSE">
        <extent>
          <charseq START="193" END="197">Sicet</charseq>
        </extent>
        <head>
          <charseq START="193" END="197">Sicet</charseq>
        </head>
      </entity_mention>
      <entity_attributes>
        <name NAME="Sicet">
          <charseq START="193" END="197">Sicet</charseq>
        </name>
      </entity_attributes>
    </entity>
    <entity ID="adige20041008_id414025-E16" TYPE="ORG" SUBTYPE="Commercial" CLASS="SPC">
      <entity_mention ID="adige20041008_id414025-E16-2" TYPE="NAM" PRIMARY="true" METONYMY_MENTION="FALSE">
        <extent>
          <charseq START="236" END="242">Olot Bv</charseq>
        </extent>
        <head>
          <charseq START="236" END="242">Olot Bv</charseq>
        </head>
      </entity_mention>
      <entity_mention ID="adige20041008_id414025-E16-4" TYPE="NAM" PRIMARY="false" METONYMY_MENTION="FALSE">
        <extent>
          <charseq START="810" END="816">Olot Bv</charseq>
        </extent>
        <head>
          <charseq START="810" END="816">Olot Bv</charseq>
        </head>
      </entity_mention>
      <entity_mention ID="adige20041008_id414025-E16-6" TYPE="NOM" PRIMARY="false" METONYMY_MENTION="FALSE">
        <extent>
          <charseq START="783" END="808">dalla finanziaria olandese</charseq>
        </extent>
        <head>
          <charseq START="789" END="799">finanziaria</charseq>
        </head>
      </entity_mention>
      <entity_mention ID="adige20041008_id414025-E16-8" TYPE="NOM" PRIMARY="false" METONYMY_MENTION="FALSE">
        <extent>
          <charseq START="783" END="816">dalla finanziaria olandese Olot Bv</charseq>
        </extent>
        <head>
          <charseq START="783" END="816">dalla finanziaria olandese Olot Bv</charseq>
        </head>
      </entity_mention>
      <entity_attributes>
        <name NAME="Olot Bv">
          <charseq START="236" END="242">Olot Bv</charseq>
        </name>
        <name NAME="Olot Bv">
          <charseq START="810" END="816">Olot Bv</charseq>
        </name>
      </entity_attributes>
    </entity>
    <entity ID="adige20041008_id414025-E17" TYPE="ORG" SUBTYPE="Commercial" CLASS="SPC">
      <entity_mention ID="adige20041008_id414025-E17-2" TYPE="NAM" PRIMARY="true" METONYMY_MENTION="FALSE">
        <extent>
          <charseq START="257" END="260">Duka</charseq>
        </extent>
        <head>
          <charseq START="257" END="260">Duka</charseq>
        </head>
      </entity_mention>
      <entity_attributes>
        <name NAME="Duka">
          <charseq START="257" END="260">Duka</charseq>
        </name>
      </entity_attributes>
    </entity>
    <entity ID="adige20041008_id414025-E18" TYPE="ORG" SUBTYPE="Commercial" CLASS="SPC">
      <entity_mention ID="adige20041008_id414025-E18-2" TYPE="NAM" PRIMARY="true" METONYMY_MENTION="FALSE">
        <extent>
          <charseq START="272" END="283">Alps Finance</charseq>
        </extent>
        <head>
          <charseq START="272" END="283">Alps Finance</charseq>
        </head>
      </entity_mention>
      <entity_attributes>
        <name NAME="Alps Finance">
          <charseq START="272" END="283">Alps Finance</charseq>
        </name>
      </entity_attributes>
    </entity>
    <entity ID="adige20041008_id414025-E19" TYPE="ORG" SUBTYPE="Commercial" CLASS="SPC">
      <entity_mention ID="adige20041008_id414025-E19-2" TYPE="NAM" PRIMARY="true" METONYMY_MENTION="FALSE">
        <extent>
          <charseq START="293" END="325">Compagnia Investimenti e Sviluppo</charseq>
        </extent>
        <head>
          <charseq START="293" END="325">Compagnia Investimenti e Sviluppo</charseq>
        </head>
      </entity_mention>
      <entity_attributes>
        <name NAME="Compagnia Investimenti e Sviluppo">
          <charseq START="293" END="325">Compagnia Investimenti e Sviluppo</charseq>
        </name>
      </entity_attributes>
    </entity>
    <entity ID="adige20041008_id414025-E20" TYPE="ORG" SUBTYPE="Commercial" CLASS="SPC">
      <entity_mention ID="adige20041008_id414025-E20-2" TYPE="NAM" PRIMARY="true" METONYMY_MENTION="FALSE">
        <extent>
          <charseq START="337" END="342">Adanti</charseq>
        </extent>
        <head>
          <charseq START="337" END="342">Adanti</charseq>
        </head>
      </entity_mention>
      <entity_attributes>
        <name NAME="Adanti">
          <charseq START="337" END="342">Adanti</charseq>
        </name>
      </entity_attributes>
    </entity>
    <entity ID="adige20041008_id414025-E21" TYPE="ORG" SUBTYPE="Commercial" CLASS="SPC">
      <entity_mention ID="adige20041008_id414025-E21-2" TYPE="NAM" PRIMARY="true" METONYMY_MENTION="FALSE">
        <extent>
          <charseq START="355" END="359">Nofra</charseq>
        </extent>
        <head>
          <charseq START="355" END="359">Nofra</charseq>
        </head>
      </entity_mention>
      <entity_attributes>
        <name NAME="Nofra">
          <charseq START="355" END="359">Nofra</charseq>
        </name>
      </entity_attributes>
    </entity>
    <entity ID="adige20041008_id414025-E22" TYPE="ORG" SUBTYPE="Commercial" CLASS="SPC">
      <entity_mention ID="adige20041008_id414025-E22-2" TYPE="NAM" PRIMARY="true" METONYMY_MENTION="FALSE">
        <extent>
          <charseq START="372" END="389">Livolsi &amp; Partners</charseq>
        </extent>
        <head>
          <charseq START="372" END="389">Livolsi &amp; Partners</charseq>
        </head>
      </entity_mention>
      <entity_attributes>
        <name NAME="Livolsi &amp; Partners">
          <charseq START="372" END="389">Livolsi &amp; Partners</charseq>
        </name>
      </entity_attributes>
    </entity>
    <entity ID="adige20041008_id414025-E23" TYPE="ORG" SUBTYPE="Commercial" CLASS="SPC">
      <entity_mention ID="adige20041008_id414025-E23-2" TYPE="NAM" PRIMARY="true" METONYMY_MENTION="FALSE">
        <extent>
          <charseq START="401" END="412">Eurobau Home</charseq>
        </extent>
        <head>
          <charseq START="401" END="412">Eurobau Home</charseq>
        </head>
      </entity_mention>
      <entity_attributes>
        <name NAME="Eurobau Home">
          <charseq START="401" END="412">Eurobau Home</charseq>
        </name>
      </entity_attributes>
    </entity>
    <entity ID="adige20041008_id414025-E24" TYPE="ORG" SUBTYPE="Commercial" CLASS="SPC">
      <entity_mention ID="adige20041008_id414025-E24-2" TYPE="NAM" PRIMARY="true" METONYMY_MENTION="FALSE">
        <extent>
          <charseq START="429" END="433">Würth</charseq>
        </extent>
        <head>
          <charseq START="429" END="433">Würth</charseq>
        </head>
      </entity_mention>
      <entity_attributes>
        <name NAME="Würth">
          <charseq START="429" END="433">Würth</charseq>
        </name>
      </entity_attributes>
    </entity>
    <entity ID="adige20041008_id414025-E25" TYPE="ORG" SUBTYPE="Commercial" CLASS="SPC">
      <entity_mention ID="adige20041008_id414025-E25-2" TYPE="NAM" PRIMARY="true" METONYMY_MENTION="FALSE">
        <extent>
          <charseq START="443" END="457">Helmut Marsoner</charseq>
        </extent>
        <head>
          <charseq START="443" END="457">Helmut Marsoner</charseq>
        </head>
      </entity_mention>
      <entity_attributes>
        <name NAME="Helmut Marsoner">
          <charseq START="443" END="457">Helmut Marsoner</charseq>
        </name>
      </entity_attributes>
    </entity>
    <entity ID="adige20041008_id414025-E26" TYPE="ORG" SUBTYPE="Commercial" CLASS="SPC">
      <entity_mention ID="adige20041008_id414025-E26-2" TYPE="NAM" PRIMARY="true" METONYMY_MENTION="FALSE">
        <extent>
          <charseq START="472" END="494">Studio Tecnico Italiano</charseq>
        </extent>
        <head>
          <charseq START="472" END="494">Studio Tecnico Italiano</charseq>
        </head>
      </entity_mention>
      <entity_attributes>
        <name NAME="Studio Tecnico Italiano">
          <charseq START="472" END="494">Studio Tecnico Italiano</charseq>
        </name>
      </entity_attributes>
    </entity>
    <entity ID="adige20041008_id414025-E27" TYPE="ORG" SUBTYPE="Commercial" CLASS="SPC">
      <entity_mention ID="adige20041008_id414025-E27-2" TYPE="NAM" PRIMARY="true" METONYMY_MENTION="FALSE">
        <extent>
          <charseq START="505" END="512">Unionbau</charseq>
        </extent>
        <head>
          <charseq START="505" END="512">Unionbau</charseq>
        </head>
      </entity_mention>
      <entity_attributes>
        <name NAME="Unionbau">
          <charseq START="505" END="512">Unionbau</charseq>
        </name>
      </entity_attributes>
    </entity>
    <entity ID="adige20041008_id414025-E28" TYPE="ORG" SUBTYPE="Commercial" CLASS="SPC">
      <entity_mention ID="adige20041008_id414025-E28-2" TYPE="NOM" PRIMARY="true" METONYMY_MENTION="FALSE">
        <extent>
          <charseq START="819" END="824">Il cda</charseq>
        </extent>
        <head>
          <charseq START="822" END="824">cda</charseq>
        </head>
      </entity_mention>
    </entity>
    <entity ID="adige20041008_id414025-E30" TYPE="PER" SUBTYPE="Individual" CLASS="SPC">
      <entity_mention ID="adige20041008_id414025-E30-2" TYPE="NAM" PRIMARY="true" METONYMY_MENTION="FALSE">
        <extent>
          <charseq START="155" END="170">Ivo Defranceschi</charseq>
        </extent>
        <head>
          <charseq START="155" END="170">Ivo Defranceschi</charseq>
        </head>
      </entity_mention>
      <entity_attributes>
        <name NAME="Ivo Defranceschi">
          <charseq START="155" END="170">Ivo Defranceschi</charseq>
        </name>
      </entity_attributes>
    </entity>
    <entity ID="adige20041008_id414025-E31" TYPE="PER" SUBTYPE="Individual" CLASS="SPC">
      <entity_mention ID="adige20041008_id414025-E31-2" TYPE="NAM" PRIMARY="true" METONYMY_MENTION="FALSE">
        <extent>
          <charseq START="200" END="214">Michele Salerno</charseq>
        </extent>
        <head>
          <charseq START="200" END="214">Michele Salerno</charseq>
        </head>
      </entity_mention>
      <entity_attributes>
        <name NAME="Michele Salerno">
          <charseq START="200" END="214">Michele Salerno</charseq>
        </name>
      </entity_attributes>
    </entity>
  <entity ID="adige20041008_id414025-E34" TYPE="GPE" SUBTYPE="Population-Center" CLASS="SPC">
      <entity_mention ID="adige20041008_id414025-E34-2" TYPE="NAM" PRIMARY="true" ROLE="GPE" METONYMY_MENTION="FALSE">
        <extent>
          <charseq START="226" END="232">Bolzano</charseq>
        </extent>
        <head>
          <charseq START="226" END="232">Bolzano</charseq>
        </head>
      </entity_mention>
      <entity_attributes>
        <name NAME="Bolzano">
          <charseq START="226" END="232">Bolzano</charseq>
        </name>
      </entity_attributes>
    </entity>
    <entity ID="adige20041008_id414025-E35" TYPE="GPE" SUBTYPE="Population-Center" CLASS="SPC">
      <entity_mention ID="adige20041008_id414025-E35-2" TYPE="NAM" PRIMARY="true" ROLE="GPE" METONYMY_MENTION="FALSE">
        <extent>
          <charseq START="245" END="253">Amsterdam</charseq>
        </extent>
        <head>
          <charseq START="245" END="253">Amsterdam</charseq>
        </head>
      </entity_mention>
      <entity_attributes>
        <name NAME="Amsterdam">
          <charseq START="245" END="253">Amsterdam</charseq>
        </name>
      </entity_attributes>
    </entity>
    <entity ID="adige20041008_id414025-E36" TYPE="GPE" SUBTYPE="Population-Center" CLASS="SPC">
      <entity_mention ID="adige20041008_id414025-E36-2" TYPE="NAM" PRIMARY="true" ROLE="GPE" METONYMY_MENTION="FALSE">
        <extent>
          <charseq START="263" END="268">Chiusa</charseq>
        </extent>
        <head>
          <charseq START="263" END="268">Chiusa</charseq>
        </head>
      </entity_mention>
      <entity_attributes>
        <name NAME="Chiusa">
          <charseq START="263" END="268">Chiusa</charseq>
        </name>
      </entity_attributes>
    </entity>
    <entity ID="adige20041008_id414025-E37" TYPE="GPE" SUBTYPE="Population-Center" CLASS="SPC">
      <entity_mention ID="adige20041008_id414025-E37-2" TYPE="NAM" PRIMARY="true" ROLE="GPE" METONYMY_MENTION="FALSE">
        <extent>
          <charseq START="286" END="289">Lana</charseq>
        </extent>
        <head>
          <charseq START="286" END="289">Lana</charseq>
        </head>
      </entity_mention>
      <entity_attributes>
        <name NAME="Lana">
          <charseq START="286" END="289">Lana</charseq>
        </name>
      </entity_attributes>
    </entity>
    <entity ID="adige20041008_id414025-E38" TYPE="GPE" SUBTYPE="Population-Center" CLASS="SPC">
      <entity_mention ID="adige20041008_id414025-E38-2" TYPE="NAM" PRIMARY="true" ROLE="GPE" METONYMY_MENTION="FALSE">
        <extent>
          <charseq START="328" END="333">Verona</charseq>
        </extent>
        <head>
          <charseq START="328" END="333">Verona</charseq>
        </head>
      </entity_mention>
      <entity_attributes>
        <name NAME="Verona">
          <charseq START="328" END="333">Verona</charseq>
        </name>
      </entity_attributes>
    </entity>
    <entity ID="adige20041008_id414025-E39" TYPE="GPE" SUBTYPE="Population-Center" CLASS="SPC">
      <entity_mention ID="adige20041008_id414025-E39-2" TYPE="NAM" PRIMARY="true" ROLE="GPE" METONYMY_MENTION="FALSE">
        <extent>
          <charseq START="345" END="351">Bologna</charseq>
        </extent>
        <head>
          <charseq START="345" END="351">Bologna</charseq>
        </head>
      </entity_mention>
      <entity_attributes>
        <name NAME="Bologna">
          <charseq START="345" END="351">Bologna</charseq>
        </name>
      </entity_attributes>
    </entity>
    <entity ID="adige20041008_id414025-E40" TYPE="GPE" SUBTYPE="Population-Center" CLASS="SPC">
      <entity_mention ID="adige20041008_id414025-E40-2" TYPE="NAM" PRIMARY="true" ROLE="GPE" METONYMY_MENTION="FALSE">
        <extent>
          <charseq START="362" END="368">Brunico</charseq>
        </extent>
        <head>
          <charseq START="362" END="368">Brunico</charseq>
        </head>
      </entity_mention>
      <entity_attributes>
        <name NAME="Brunico">
          <charseq START="362" END="368">Brunico</charseq>
        </name>
      </entity_attributes>
    </entity>
    <entity ID="adige20041008_id414025-E41" TYPE="GPE" SUBTYPE="Population-Center" CLASS="SPC">
      <entity_mention ID="adige20041008_id414025-E41-2" TYPE="NAM" PRIMARY="true" ROLE="GPE" METONYMY_MENTION="FALSE">
        <extent>
          <charseq START="392" END="397">Milano</charseq>
        </extent>
        <head>
          <charseq START="392" END="397">Milano</charseq>
        </head>
      </entity_mention>
      <entity_attributes>
        <name NAME="Milano">
          <charseq START="392" END="397">Milano</charseq>
        </name>
      </entity_attributes>
    </entity>
    <entity ID="adige20041008_id414025-E42" TYPE="GPE" SUBTYPE="Population-Center" CLASS="SPC">
      <entity_mention ID="adige20041008_id414025-E42-2" TYPE="NAM" PRIMARY="true" ROLE="GPE" METONYMY_MENTION="FALSE">
        <extent>
          <charseq START="415" END="425">San Candido</charseq>
        </extent>
        <head>
          <charseq START="415" END="425">San Candido</charseq>
        </head>
      </entity_mention>
      <entity_attributes>
        <name NAME="San Candido">
          <charseq START="415" END="425">San Candido</charseq>
        </name>
      </entity_attributes>
    </entity>
    <entity ID="adige20041008_id414025-E43" TYPE="GPE" SUBTYPE="Population-Center" CLASS="SPC">
      <entity_mention ID="adige20041008_id414025-E43-2" TYPE="NAM" PRIMARY="true" ROLE="GPE" METONYMY_MENTION="FALSE">
        <extent>
          <charseq START="436" END="439">Egna</charseq>
        </extent>
        <head>
          <charseq START="436" END="439">Egna</charseq>
        </head>
      </entity_mention>
      <entity_attributes>
        <name NAME="Egna">
          <charseq START="436" END="439">Egna</charseq>
        </name>
      </entity_attributes>
    </entity>
    <entity ID="adige20041008_id414025-E44" TYPE="GPE" SUBTYPE="Population-Center" CLASS="SPC">
      <entity_mention ID="adige20041008_id414025-E44-2" TYPE="NAM" PRIMARY="true" ROLE="GPE" METONYMY_MENTION="FALSE">
        <extent>
          <charseq START="460" END="468">Innsbruck</charseq>
        </extent>
        <head>
          <charseq START="460" END="468">Innsbruck</charseq>
        </head>
      </entity_mention>
      <entity_attributes>
        <name NAME="Innsbruck">
          <charseq START="460" END="468">Innsbruck</charseq>
        </name>
      </entity_attributes>
    </entity>
    <entity ID="adige20041008_id414025-E45" TYPE="GPE" SUBTYPE="Population-Center" CLASS="SPC">
      <entity_mention ID="adige20041008_id414025-E45-2" TYPE="NAM" PRIMARY="true" ROLE="GPE" METONYMY_MENTION="FALSE">
        <extent>
          <charseq START="497" END="500">Roma</charseq>
        </extent>
        <head>
          <charseq START="497" END="500">Roma</charseq>
        </head>
      </entity_mention>
      <entity_attributes>
        <name NAME="Roma">
          <charseq START="497" END="500">Roma</charseq>
        </name>
      </entity_attributes>
    </entity>
    <entity ID="adige20041008_id414025-E46" TYPE="GPE" SUBTYPE="Population-Center" CLASS="SPC">
      <entity_mention ID="adige20041008_id414025-E46-2" TYPE="NAM" PRIMARY="true" ROLE="GPE" METONYMY_MENTION="FALSE">
        <extent>
          <charseq START="515" END="525">Campo Tures</charseq>
        </extent>
        <head>
          <charseq START="515" END="525">Campo Tures</charseq>
        </head>
      </entity_mention>
      <entity_attributes>
        <name NAME="Campo Tures">
          <charseq START="515" END="525">Campo Tures</charseq>
        </name>
      </entity_attributes>
    </entity>
    <entity ID="adige20041008_id414025-E47" TYPE="GPE" SUBTYPE="Nation" CLASS="SPC">
      <entity_mention ID="adige20041008_id414025-E47-2" TYPE="NAM" PRIMARY="true" ROLE="GPE" METONYMY_MENTION="FALSE">
        <extent>
          <charseq START="801" END="808">olandese</charseq>
        </extent>
        <head>
          <charseq START="801" END="808">olandese</charseq>
        </head>
      </entity_mention>
    </entity>
    <entity ID="adige20041008_id414025-E48" TYPE="GPE" SUBTYPE="State-or-Province" CLASS="SPC">
      <entity_mention ID="adige20041008_id414025-E48-1" TYPE="NAM" PRIMARY="true" ROLE="GPE" METONYMY_MENTION="FALSE">
        <extent>
          <charseq START="623" END="631">regionale</charseq>
        </extent>
        <head>
          <charseq START="623" END="631">regionale</charseq>
        </head>
      </entity_mention>
    </entity>
    <entity ID="adige20041008_id414025-E49" TYPE="LOC" SUBTYPE="Region-General" CLASS="SPC">
      <entity_mention ID="adige20041008_id414025-E49-1" TYPE="NOM" PRIMARY="true" METONYMY_MENTION="FALSE">
        <extent>
          <charseq START="716" END="729">del territorio</charseq>
        </extent>
        <head>
          <charseq START="720" END="729">territorio</charseq>
        </head>
      </entity_mention>
    </entity>
  </document>
</source_file>
