<?xml version="1.0" encoding="UTF-8"?>
<!DOCTYPE source_file PUBLIC "SYSTEM" "apf.v5.1.1.dtd">

<source_file URI="adige20041007_id413720.sgm" SOURCE="unknown" TYPE="text" VERSION="5.0" AUTHOR="romano" ENCODING="UTF-8">
  <document DOCID="adige20041007_id413720">
    <timex2 ID="adige20041007_id413720-T1" VAL="2004-10-07">
      <timex2_mention ID="adige20041007_id413720-T1-1">
        <extent>
          <charseq START="80" END="83">oggi</charseq>
        </extent>
      </timex2_mention>
    </timex2>
    <timex2 ID="adige20041007_id413720-T3" VAL="2004-10-28">
      <timex2_mention ID="adige20041007_id413720-T3-1">
        <extent>
          <charseq START="671" END="683">il 28 ottobre</charseq>
        </extent>
      </timex2_mention>
    </timex2>
    <timex2 ID="adige20041007_id413720-T2" VAL="2004-10-07T20:00">
      <timex2_mention ID="adige20041007_id413720-T2-1">
        <extent>
          <charseq START="85" END="95">alle ore 20</charseq>
        </extent>
      </timex2_mention>
    </timex2>
  </document>
</source_file>
