<?xml version="1.0" encoding="UTF-8"?>
<!DOCTYPE source_file PUBLIC "SYSTEM" "apf.v5.1.1.dtd">

<source_file URI="adige20041007_id413721.sgm" SOURCE="unknown" TYPE="text" VERSION="5.0" AUTHOR="romano" ENCODING="UTF-8">
  <document DOCID="adige20041007_id413721">
    <timex2 ID="adige20041007_id413721-T1" VAL="2004-10-07TAF">
      <timex2_mention ID="adige20041007_id413721-T1-1">
        <extent>
          <charseq START="107" END="121">oggi pomeriggio</charseq>
        </extent>
      </timex2_mention>
    </timex2>
    <timex2 ID="adige20041007_id413721-T2" VAL="2004-10-07T17:30">
      <timex2_mention ID="adige20041007_id413721-T2-1">
        <extent>
          <charseq START="532" END="545">Alle ore 17.30</charseq>
        </extent>
      </timex2_mention>
    </timex2>
  </document>
</source_file>
