<?xml version="1.0" encoding="UTF-8"?>
<!DOCTYPE source_file PUBLIC "SYSTEM" "apf.v5.1.1.dtd">

<source_file URI="adige20041007_id413722.sgm" SOURCE="unknown" TYPE="text" VERSION="5.0" AUTHOR="romano" ENCODING="UTF-8">
  <document DOCID="adige20041007_id413722">
    <timex2 ID="adige20041007_id413722-T1" VAL="2004-10-08TMO">
      <timex2_mention ID="adige20041007_id413722-T1-1">
        <extent>
          <charseq START="374" END="387">domani mattina</charseq>
        </extent>
      </timex2_mention>
    </timex2>
    <timex2 ID="adige20041007_id413722-T6" VAL="PXY">
      <timex2_mention ID="adige20041007_id413722-T6-1">
        <extent>
          <charseq START="636" END="647">anni sonanti</charseq>
        </extent>
      </timex2_mention>
    </timex2>
    <timex2 ID="adige20041007_id413722-T2" VAL="2004-10-08T10:00">
      <timex2_mention ID="adige20041007_id413722-T2-1">
        <extent>
          <charseq START="389" END="395">alle 10</charseq>
        </extent>
      </timex2_mention>
    </timex2>
    <timex2 ID="adige20041007_id413722-T3" VAL="2004-10-07TEV">
      <timex2_mention ID="adige20041007_id413722-T3-1">
        <extent>
          <charseq START="507" END="513">Stasera</charseq>
        </extent>
      </timex2_mention>
    </timex2>
    <timex2 ID="adige20041007_id413722-T4" VAL="P50Y" ANCHOR_VAL="2004" ANCHOR_DIR="ENDING">
      <timex2_mention ID="adige20041007_id413722-T4-1">
        <extent>
          <charseq START="659" END="671">cinquant'anni</charseq>
        </extent>
      </timex2_mention>
    </timex2>
    <timex2 ID="adige20041007_id413722-T5" VAL="2004-10-07">
      <timex2_mention ID="adige20041007_id413722-T5-1">
        <extent>
          <charseq START="716" END="719">oggi</charseq>
        </extent>
      </timex2_mention>
    </timex2>
  </document>
</source_file>
