<?xml version="1.0" encoding="UTF-8"?>
<!DOCTYPE source_file PUBLIC "SYSTEM" "apf.v5.1.1.dtd">

<source_file URI="adige20041007_id413726.sgm" SOURCE="unknown" TYPE="text" VERSION="5.0" AUTHOR="romano" ENCODING="UTF-8">
  <document DOCID="adige20041007_id413726">
    <timex2 ID="adige20041007_id413726-T11" VAL="XXXX-05">
      <timex2_mention ID="adige20041007_id413726-T11-1">
        <extent>
          <charseq START="933" END="938">maggio</charseq>
        </extent>
      </timex2_mention>
    </timex2>
    <timex2 ID="adige20041007_id413726-T7" VAL="2004-10-07T10:00">
      <timex2_mention ID="adige20041007_id413726-T7-1">
        <extent>
          <charseq START="1796" END="1803">dalle 10</charseq>
        </extent>
      </timex2_mention>
    </timex2>
    <timex2 ID="adige20041007_id413726-T8" VAL="2004-10-07TEV">
      <timex2_mention ID="adige20041007_id413726-T8-1">
        <extent>
          <charseq START="2" END="8">Stasera</charseq>
        </extent>
      </timex2_mention>
    </timex2>
    <timex2 ID="adige20041007_id413726-T1" VAL="2004-10-07TEV">
      <timex2_mention ID="adige20041007_id413726-T1-1">
        <extent>
          <charseq START="290" END="300">questa sera</charseq>
        </extent>
      </timex2_mention>
    </timex2>
    <timex2 ID="adige20041007_id413726-T13" VAL="XXXX-05">
      <timex2_mention ID="adige20041007_id413726-T13-1">
        <extent>
          <charseq START="59" END="67">Il maggio</charseq>
        </extent>
      </timex2_mention>
    </timex2>
    <timex2 ID="adige20041007_id413726-T2" VAL="2004-10-07TEV">
      <timex2_mention ID="adige20041007_id413726-T2-1">
        <extent>
          <charseq START="1018" END="1024">stasera</charseq>
        </extent>
      </timex2_mention>
    </timex2>
    <timex2 ID="adige20041007_id413726-T3" VAL="T20:30">
      <timex2_mention ID="adige20041007_id413726-T3-1">
        <extent>
          <charseq START="1056" END="1066">dalla 20.30</charseq>
        </extent>
      </timex2_mention>
    </timex2>
    <timex2 ID="adige20041007_id413726-T12" VAL="2004-10-07TEV">
      <timex2_mention ID="adige20041007_id413726-T12-1">
        <extent>
          <charseq START="1926" END="1934">la serata</charseq>
        </extent>
      </timex2_mention>
    </timex2>
    <timex2 ID="adige20041007_id413726-T9" VAL="XXXX-05">
      <timex2_mention ID="adige20041007_id413726-T9-1">
        <extent>
          <charseq START="327" END="344">sul mese di Maggio</charseq>
        </extent>
      </timex2_mention>
    </timex2>
    <timex2 ID="adige20041007_id413726-T4" VAL="2004-10-07TEV">
      <timex2_mention ID="adige20041007_id413726-T4-1">
        <extent>
          <charseq START="1098" END="1109">della serata</charseq>
        </extent>
      </timex2_mention>
    </timex2>
    <timex2 ID="adige20041007_id413726-T5" VAL="PAST_REF" ANCHOR_VAL="2004" ANCHOR_DIR="BEFORE">
      <timex2_mention ID="adige20041007_id413726-T5-1">
        <extent>
          <charseq START="1318" END="1328">alcuni anni</charseq>
        </extent>
      </timex2_mention>
    </timex2>
    <timex2 ID="adige20041007_id413726-T10" VAL="XXXX-05">
      <timex2_mention ID="adige20041007_id413726-T10-1">
        <extent>
          <charseq START="436" END="442">al mese</charseq>
        </extent>
      </timex2_mention>
    </timex2>
    <timex2 ID="adige20041007_id413726-T6" VAL="2004-10-07TMO">
      <timex2_mention ID="adige20041007_id413726-T6-1">
        <extent>
          <charseq START="1573" END="1582">Stamattina</charseq>
        </extent>
      </timex2_mention>
    </timex2>
  </document>
</source_file>
