<?xml version="1.0" encoding="UTF-8"?>
<!DOCTYPE source_file PUBLIC "SYSTEM" "apf.v5.1.1.dtd">

<source_file URI="adige20041007_id413725.sgm" SOURCE="unknown" TYPE="text" VERSION="5.0" AUTHOR="romano" ENCODING="UTF-8">
  <document DOCID="adige20041007_id413725">
    <timex2 ID="adige20041007_id413725-T6">
      <timex2_mention ID="adige20041007_id413725-T6-1">
        <extent>
          <charseq START="474" END="482">nel tempo</charseq>
        </extent>
      </timex2_mention>
    </timex2>
    <timex2 ID="adige20041007_id413725-T5" VAL="2004-10-07T17:30">
      <timex2_mention ID="adige20041007_id413725-T5-1">
        <extent>
          <charseq START="1308" END="1316">ore 17.30</charseq>
        </extent>
      </timex2_mention>
    </timex2>
    <timex2 ID="adige20041007_id413725-T7" VAL="2004-10-07TAF">
      <timex2_mention ID="adige20041007_id413725-T7-1">
        <extent>
          <charseq START="500" END="513">Nel pomeriggio</charseq>
        </extent>
      </timex2_mention>
    </timex2>
    <timex2 ID="adige20041007_id413725-T8" VAL="2004-10-07TEV">
      <timex2_mention ID="adige20041007_id413725-T8-1">
        <extent>
          <charseq START="917" END="925">la serata</charseq>
        </extent>
      </timex2_mention>
    </timex2>
    <timex2 ID="adige20041007_id413725-T9" VAL="PRESENT_REF" ANCHOR_VAL="2004-10-07" ANCHOR_DIR="AS_OF">
      <timex2_mention ID="adige20041007_id413725-T9-1">
        <extent>
          <charseq START="1239" END="1242">oggi</charseq>
        </extent>
      </timex2_mention>
    </timex2>
    <timex2 ID="adige20041007_id413725-T10" VAL="PAST_REF" ANCHOR_VAL="2004-10-07" ANCHOR_DIR="BEFORE">
      <timex2_mention ID="adige20041007_id413725-T10-1">
        <extent>
          <charseq START="1246" END="1269">del lontanissimo passato</charseq>
        </extent>
      </timex2_mention>
    </timex2>
    <timex2 ID="adige20041007_id413725-T1" VAL="2004-10-07">
      <timex2_mention ID="adige20041007_id413725-T1-1">
        <extent>
          <charseq START="54" END="57">oggi</charseq>
        </extent>
      </timex2_mention>
    </timex2>
    <timex2 ID="adige20041007_id413725-T2" VAL="2004-10-07TMO">
      <timex2_mention ID="adige20041007_id413725-T2-1">
        <extent>
          <charseq START="239" END="247">mattinata</charseq>
        </extent>
      </timex2_mention>
    </timex2>
    <timex2 ID="adige20041007_id413725-T3" VAL="2004-10-07T09:30">
      <timex2_mention ID="adige20041007_id413725-T3-1">
        <extent>
          <charseq START="250" END="263">dalle ore 9.30</charseq>
        </extent>
      </timex2_mention>
    </timex2>
    <timex2 ID="adige20041007_id413725-T4" VAL="2004-10-07TAF">
      <timex2_mention ID="adige20041007_id413725-T4-1">
        <extent>
          <charseq START="1292" END="1305">del pomeriggio</charseq>
        </extent>
      </timex2_mention>
    </timex2>
  </document>
</source_file>
