<?xml version="1.0" encoding="UTF-8"?>
<!DOCTYPE source_file PUBLIC "SYSTEM" "apf.v5.1.1.dtd">

<source_file URI="adige20041007_id413723.sgm" SOURCE="unknown" TYPE="text" VERSION="5.0" AUTHOR="romano" ENCODING="UTF-8">
  <document DOCID="adige20041007_id413723">
    <timex2 ID="adige20041007_id413723-T8" VAL="XXXX-WXX-1" SET="YES">
      <timex2_mention ID="adige20041007_id413723-T8-1">
        <extent>
          <charseq START="303" END="308">Lunedì</charseq>
        </extent>
      </timex2_mention>
    </timex2>
    <timex2 ID="adige20041007_id413723-T9" VAL="2005-01-10">
      <timex2_mention ID="adige20041007_id413723-T9-1">
        <extent>
          <charseq START="416" END="433">al 10 gennaio 2005</charseq>
        </extent>
      </timex2_mention>
    </timex2>
    <timex2 ID="adige20041007_id413723-T10" VAL="2004-10-24">
      <timex2_mention ID="adige20041007_id413723-T10-1">
        <extent>
          <charseq START="530" END="542">al 24 ottobre</charseq>
        </extent>
      </timex2_mention>
    </timex2>
    <timex2 ID="adige20041007_id413723-T11" VAL="T09:00">
      <timex2_mention ID="adige20041007_id413723-T11-1">
        <extent>
          <charseq START="552" END="552">9</charseq>
        </extent>
      </timex2_mention>
    </timex2>
    <timex2 ID="adige20041007_id413723-T12" VAL="T12:30">
      <timex2_mention ID="adige20041007_id413723-T12-1">
        <extent>
          <charseq START="556" END="560">12.30</charseq>
        </extent>
      </timex2_mention>
    </timex2>
    <timex2 ID="adige20041007_id413723-T13" VAL="T14:30">
      <timex2_mention ID="adige20041007_id413723-T13-1">
        <extent>
          <charseq START="564" END="568">14.30</charseq>
        </extent>
      </timex2_mention>
    </timex2>
    <timex2 ID="adige20041007_id413723-T14" VAL="T18:00">
      <timex2_mention ID="adige20041007_id413723-T14-1">
        <extent>
          <charseq START="572" END="573">18</charseq>
        </extent>
      </timex2_mention>
    </timex2>
    <timex2 ID="adige20041007_id413723-T15" VAL="XXXX-WXX-1" SET="YES">
      <timex2_mention ID="adige20041007_id413723-T15-1">
        <extent>
          <charseq START="583" END="591">il lunedì</charseq>
        </extent>
      </timex2_mention>
    </timex2>
    <timex2 ID="adige20041007_id413723-T48" VAL="T18:00">
      <timex2_mention ID="adige20041007_id413723-T48-1">
        <extent>
          <charseq START="1692" END="1693">18</charseq>
        </extent>
      </timex2_mention>
    </timex2>
    <timex2 ID="adige20041007_id413723-T16" VAL="T10:00">
      <timex2_mention ID="adige20041007_id413723-T16-1">
        <extent>
          <charseq START="700" END="701">10</charseq>
        </extent>
      </timex2_mention>
    </timex2>
    <timex2 ID="adige20041007_id413723-T49" VAL="XXXX-WXX-3" SET="YES">
      <timex2_mention ID="adige20041007_id413723-T49-1">
        <extent>
          <charseq START="1696" END="1704">mercoledì</charseq>
        </extent>
      </timex2_mention>
    </timex2>
    <timex2 ID="adige20041007_id413723-T17" VAL="T12:00">
      <timex2_mention ID="adige20041007_id413723-T17-1">
        <extent>
          <charseq START="705" END="706">12</charseq>
        </extent>
      </timex2_mention>
    </timex2>
    <timex2 ID="adige20041007_id413723-T50" VAL="XXXX-WXX-5" SET="YES">
      <timex2_mention ID="adige20041007_id413723-T50-1">
        <extent>
          <charseq START="1708" END="1714">venerdì</charseq>
        </extent>
      </timex2_mention>
    </timex2>
    <timex2 ID="adige20041007_id413723-T51" VAL="T15:00">
      <timex2_mention ID="adige20041007_id413723-T51-1">
        <extent>
          <charseq START="1716" END="1721">ore 15</charseq>
        </extent>
      </timex2_mention>
    </timex2>
    <timex2 ID="adige20041007_id413723-T52" VAL="T22:00">
      <timex2_mention ID="adige20041007_id413723-T52-1">
        <extent>
          <charseq START="1724" END="1725">22</charseq>
        </extent>
      </timex2_mention>
    </timex2>
    <timex2 ID="adige20041007_id413723-T53" VAL="XXXX-WXX-1" SET="YES">
      <timex2_mention ID="adige20041007_id413723-T53-1">
        <extent>
          <charseq START="1728" END="1733">lunedì</charseq>
        </extent>
      </timex2_mention>
    </timex2>
    <timex2 ID="adige20041007_id413723-T54" VAL="2004-10-31">
      <timex2_mention ID="adige20041007_id413723-T54-1">
        <extent>
          <charseq START="1748" END="1760">al 31 ottobre</charseq>
        </extent>
      </timex2_mention>
    </timex2>
    <timex2 ID="adige20041007_id413723-T55" VAL="2004-10-17">
      <timex2_mention ID="adige20041007_id413723-T55-1">
        <extent>
          <charseq START="1949" END="1961">al 17 ottobre</charseq>
        </extent>
      </timex2_mention>
    </timex2>
    <timex2 ID="adige20041007_id413723-T88" VAL="T10:30">
      <timex2_mention ID="adige20041007_id413723-T88-1">
        <extent>
          <charseq START="2899" END="2903">10.30</charseq>
        </extent>
      </timex2_mention>
    </timex2>
    <timex2 ID="adige20041007_id413723-T56" VAL="XXXX-WXX-2" SET="YES">
      <timex2_mention ID="adige20041007_id413723-T56-1">
        <extent>
          <charseq START="1967" END="1973">martedì</charseq>
        </extent>
      </timex2_mention>
    </timex2>
    <timex2 ID="adige20041007_id413723-T89" VAL="T18:30">
      <timex2_mention ID="adige20041007_id413723-T89-1">
        <extent>
          <charseq START="2907" END="2911">18.30</charseq>
        </extent>
      </timex2_mention>
    </timex2>
    <timex2 ID="adige20041007_id413723-T57" VAL="XXXX-WXX-6" SET="YES">
      <timex2_mention ID="adige20041007_id413723-T57-1">
        <extent>
          <charseq START="1977" END="1982">sabato</charseq>
        </extent>
      </timex2_mention>
    </timex2>
    <timex2 ID="adige20041007_id413723-T90" VAL="XXXX-XX-XX" SET="YES">
      <timex2_mention ID="adige20041007_id413723-T90-1">
        <extent>
          <charseq START="2913" END="2926">tutti i giorni</charseq>
        </extent>
      </timex2_mention>
    </timex2>
    <timex2 ID="adige20041007_id413723-T91" VAL="XXXX-WXX-1" SET="YES">
      <timex2_mention ID="adige20041007_id413723-T91-1">
        <extent>
          <charseq START="2937" END="2945">il lunedì</charseq>
        </extent>
      </timex2_mention>
    </timex2>
    <timex2 ID="adige20041007_id413723-T92" VAL="2004-10-31">
      <timex2_mention ID="adige20041007_id413723-T92-1">
        <extent>
          <charseq START="2972" END="2984">al 31 ottobre</charseq>
        </extent>
      </timex2_mention>
    </timex2>
    <timex2 ID="adige20041007_id413723-T18" VAL="T14:30">
      <timex2_mention ID="adige20041007_id413723-T18-1">
        <extent>
          <charseq START="709" END="713">14.30</charseq>
        </extent>
      </timex2_mention>
    </timex2>
    <timex2 ID="adige20041007_id413723-T19" VAL="T19:00">
      <timex2_mention ID="adige20041007_id413723-T19-1">
        <extent>
          <charseq START="715" END="716">19</charseq>
        </extent>
      </timex2_mention>
    </timex2>
    <timex2 ID="adige20041007_id413723-T20" VAL="XXXX-WXX-1" SET="YES">
      <timex2_mention ID="adige20041007_id413723-T20-1">
        <extent>
          <charseq START="726" END="734">il lunedì</charseq>
        </extent>
      </timex2_mention>
    </timex2>
    <timex2 ID="adige20041007_id413723-T21" VAL="XXXX-WXX-1" SET="YES">
      <timex2_mention ID="adige20041007_id413723-T21-1">
        <extent>
          <charseq START="952" END="960">il lunedì</charseq>
        </extent>
      </timex2_mention>
    </timex2>
    <timex2 ID="adige20041007_id413723-T22" VAL="XXXX-XX-XX">
      <timex2_mention ID="adige20041007_id413723-T22-1">
        <extent>
          <charseq START="963" END="978">gli altri giorni</charseq>
        </extent>
      </timex2_mention>
    </timex2>
    <timex2 ID="adige20041007_id413723-T23" VAL="2004-10-15">
      <timex2_mention ID="adige20041007_id413723-T23-1">
        <extent>
          <charseq START="1234" END="1251">al 15 ottobre 2004</charseq>
        </extent>
      </timex2_mention>
    </timex2>
    <timex2 ID="adige20041007_id413723-T24" VAL="XXXX-WXX-1" SET="YES">
      <timex2_mention ID="adige20041007_id413723-T24-1">
        <extent>
          <charseq START="1263" END="1265">lun</charseq>
        </extent>
      </timex2_mention>
    </timex2>
    <timex2 ID="adige20041007_id413723-T25" VAL="XXXX-WXX-5" SET="YES">
      <timex2_mention ID="adige20041007_id413723-T25-1">
        <extent>
          <charseq START="1269" END="1271">ven</charseq>
        </extent>
      </timex2_mention>
    </timex2>
    <timex2 ID="adige20041007_id413723-T58" VAL="T16:30">
      <timex2_mention ID="adige20041007_id413723-T58-1">
        <extent>
          <charseq START="1986" END="1990">16.30</charseq>
        </extent>
      </timex2_mention>
    </timex2>
    <timex2 ID="adige20041007_id413723-T26" VAL="T10:00">
      <timex2_mention ID="adige20041007_id413723-T26-1">
        <extent>
          <charseq START="1274" END="1275">10</charseq>
        </extent>
      </timex2_mention>
    </timex2>
    <timex2 ID="adige20041007_id413723-T59" VAL="T19:15">
      <timex2_mention ID="adige20041007_id413723-T59-1">
        <extent>
          <charseq START="1994" END="1998">19.15</charseq>
        </extent>
      </timex2_mention>
    </timex2>
    <timex2 ID="adige20041007_id413723-T27" VAL="T12:00">
      <timex2_mention ID="adige20041007_id413723-T27-1">
        <extent>
          <charseq START="1277" END="1278">12</charseq>
        </extent>
      </timex2_mention>
    </timex2>
    <timex2 ID="adige20041007_id413723-T60" VAL="XXXX-WXX-2" SET="YES">
      <timex2_mention ID="adige20041007_id413723-T60-1">
        <extent>
          <charseq START="2113" END="2119">martedì</charseq>
        </extent>
      </timex2_mention>
    </timex2>
    <timex2 ID="adige20041007_id413723-T61" VAL="XXXX-WXX-3" SET="YES">
      <timex2_mention ID="adige20041007_id413723-T61-1">
        <extent>
          <charseq START="2122" END="2130">mercoledì</charseq>
        </extent>
      </timex2_mention>
    </timex2>
    <timex2 ID="adige20041007_id413723-T62" VAL="XXXX-WXX-4" SET="YES">
      <timex2_mention ID="adige20041007_id413723-T62-1">
        <extent>
          <charseq START="2133" END="2139">giovedì</charseq>
        </extent>
      </timex2_mention>
    </timex2>
    <timex2 ID="adige20041007_id413723-T63" VAL="XXXX-WXX-6" SET="YES">
      <timex2_mention ID="adige20041007_id413723-T63-1">
        <extent>
          <charseq START="2142" END="2147">sabato</charseq>
        </extent>
      </timex2_mention>
    </timex2>
    <timex2 ID="adige20041007_id413723-T64" VAL="XXXX-WXX-7" SET="YES">
      <timex2_mention ID="adige20041007_id413723-T64-1">
        <extent>
          <charseq START="2151" END="2158">domenica</charseq>
        </extent>
      </timex2_mention>
    </timex2>
    <timex2 ID="adige20041007_id413723-T65" VAL="T10:00">
      <timex2_mention ID="adige20041007_id413723-T65-1">
        <extent>
          <charseq START="2160" END="2167">dalle 10</charseq>
        </extent>
      </timex2_mention>
    </timex2>
    <timex2 ID="adige20041007_id413723-T66" VAL="T18:00">
      <timex2_mention ID="adige20041007_id413723-T66-1">
        <extent>
          <charseq START="2169" END="2175">alle 18</charseq>
        </extent>
      </timex2_mention>
    </timex2>
    <timex2 ID="adige20041007_id413723-T93" VAL="TEV">
      <timex2_mention ID="adige20041007_id413723-T93-1">
        <extent>
          <charseq START="2715" END="2720">serale</charseq>
        </extent>
      </timex2_mention>
    </timex2>
    <timex2 ID="adige20041007_id413723-T67" VAL="XXXX-WXX-5" SET="YES">
      <timex2_mention ID="adige20041007_id413723-T67-1">
        <extent>
          <charseq START="2178" END="2184">Venerdì</charseq>
        </extent>
      </timex2_mention>
    </timex2>
    <timex2 ID="adige20041007_id413723-T94" VAL="T10:00">
      <timex2_mention ID="adige20041007_id413723-T94-1">
        <extent>
          <charseq START="981" END="986">ore 10</charseq>
        </extent>
      </timex2_mention>
    </timex2>
    <timex2 ID="adige20041007_id413723-T95" VAL="T18:00">
      <timex2_mention ID="adige20041007_id413723-T95-1">
        <extent>
          <charseq START="988" END="989">18</charseq>
        </extent>
      </timex2_mention>
    </timex2>
    <timex2 ID="adige20041007_id413723-T1" VAL="2004-11-07">
      <timex2_mention ID="adige20041007_id413723-T1-1">
        <extent>
          <charseq START="113" END="125">al 7 novembre</charseq>
        </extent>
      </timex2_mention>
    </timex2>
    <timex2 ID="adige20041007_id413723-T2" VAL="T10:00">
      <timex2_mention ID="adige20041007_id413723-T2-1">
        <extent>
          <charseq START="138" END="139">10</charseq>
        </extent>
      </timex2_mention>
    </timex2>
    <timex2 ID="adige20041007_id413723-T3" VAL="T18:00">
      <timex2_mention ID="adige20041007_id413723-T3-1">
        <extent>
          <charseq START="141" END="142">18</charseq>
        </extent>
      </timex2_mention>
    </timex2>
    <timex2 ID="adige20041007_id413723-T4" VAL="XXXX-WXX-1" SET="YES">
      <timex2_mention ID="adige20041007_id413723-T4-1">
        <extent>
          <charseq START="152" END="159">i lunedì</charseq>
        </extent>
      </timex2_mention>
    </timex2>
    <timex2 ID="adige20041007_id413723-T28" VAL="T15:00">
      <timex2_mention ID="adige20041007_id413723-T28-1">
        <extent>
          <charseq START="1282" END="1283">15</charseq>
        </extent>
      </timex2_mention>
    </timex2>
    <timex2 ID="adige20041007_id413723-T5" VAL="T10:00">
      <timex2_mention ID="adige20041007_id413723-T5-1">
        <extent>
          <charseq START="256" END="257">10</charseq>
        </extent>
      </timex2_mention>
    </timex2>
    <timex2 ID="adige20041007_id413723-T29" VAL="T19:00">
      <timex2_mention ID="adige20041007_id413723-T29-1">
        <extent>
          <charseq START="1285" END="1286">19</charseq>
        </extent>
      </timex2_mention>
    </timex2>
    <timex2 ID="adige20041007_id413723-T6" VAL="T18:00">
      <timex2_mention ID="adige20041007_id413723-T6-1">
        <extent>
          <charseq START="261" END="262">18</charseq>
        </extent>
      </timex2_mention>
    </timex2>
    <timex2 ID="adige20041007_id413723-T30" VAL="XXXX-WXX-2" SET="YES">
      <timex2_mention ID="adige20041007_id413723-T30-1">
        <extent>
          <charseq START="1466" END="1472">martedì</charseq>
        </extent>
      </timex2_mention>
    </timex2>
    <timex2 ID="adige20041007_id413723-T7" VAL="2004-11-21">
      <timex2_mention ID="adige20041007_id413723-T7-1">
        <extent>
          <charseq START="287" END="300">al 21 novembre</charseq>
        </extent>
      </timex2_mention>
    </timex2>
    <timex2 ID="adige20041007_id413723-T31" VAL="XXXX-WXX-5" SET="YES">
      <timex2_mention ID="adige20041007_id413723-T31-1">
        <extent>
          <charseq START="1474" END="1480">venerdì</charseq>
        </extent>
      </timex2_mention>
    </timex2>
    <timex2 ID="adige20041007_id413723-T32" VAL="T09:00">
      <timex2_mention ID="adige20041007_id413723-T32-1">
        <extent>
          <charseq START="1483" END="1483">9</charseq>
        </extent>
      </timex2_mention>
    </timex2>
    <timex2 ID="adige20041007_id413723-T33" VAL="T13:00">
      <timex2_mention ID="adige20041007_id413723-T33-1">
        <extent>
          <charseq START="1485" END="1486">13</charseq>
        </extent>
      </timex2_mention>
    </timex2>
    <timex2 ID="adige20041007_id413723-T34" VAL="T14:00">
      <timex2_mention ID="adige20041007_id413723-T34-1">
        <extent>
          <charseq START="1488" END="1489">14</charseq>
        </extent>
      </timex2_mention>
    </timex2>
    <timex2 ID="adige20041007_id413723-T35" VAL="T17:00">
      <timex2_mention ID="adige20041007_id413723-T35-1">
        <extent>
          <charseq START="1491" END="1492">17</charseq>
        </extent>
      </timex2_mention>
    </timex2>
    <timex2 ID="adige20041007_id413723-T68" VAL="XXXX-WXX-5T10:00">
      <timex2_mention ID="adige20041007_id413723-T68-1">
        <extent>
          <charseq START="2206" END="2213">dalle 10</charseq>
        </extent>
      </timex2_mention>
    </timex2>
    <timex2 ID="adige20041007_id413723-T36" VAL="XXXX-WXX-6" SET="YES">
      <timex2_mention ID="adige20041007_id413723-T36-1">
        <extent>
          <charseq START="1495" END="1500">sabato</charseq>
        </extent>
      </timex2_mention>
    </timex2>
    <timex2 ID="adige20041007_id413723-T69" VAL="XXXX-WXX-5T21:00">
      <timex2_mention ID="adige20041007_id413723-T69-1">
        <extent>
          <charseq START="2215" END="2221">alle 21</charseq>
        </extent>
      </timex2_mention>
    </timex2>
    <timex2 ID="adige20041007_id413723-T37" VAL="XXXX-WXX-7" SET="YES">
      <timex2_mention ID="adige20041007_id413723-T37-1">
        <extent>
          <charseq START="1504" END="1511">domenica</charseq>
        </extent>
      </timex2_mention>
    </timex2>
    <timex2 ID="adige20041007_id413723-T70" VAL="XXXX-WXX-1" SET="YES">
      <timex2_mention ID="adige20041007_id413723-T70-1">
        <extent>
          <charseq START="2224" END="2232">Il giorno</charseq>
        </extent>
      </timex2_mention>
    </timex2>
    <timex2 ID="adige20041007_id413723-T71" VAL="XXXX-WXX-1" SET="YES">
      <timex2_mention ID="adige20041007_id413723-T71-1">
        <extent>
          <charseq START="2248" END="2256">il lunedì</charseq>
        </extent>
      </timex2_mention>
    </timex2>
    <timex2 ID="adige20041007_id413723-T72" VAL="19">
      <timex2_mention ID="adige20041007_id413723-T72-1">
        <extent>
          <charseq START="2381" END="2393">del Novecento</charseq>
        </extent>
      </timex2_mention>
    </timex2>
    <timex2 ID="adige20041007_id413723-T73" VAL="T10:00">
      <timex2_mention ID="adige20041007_id413723-T73-1">
        <extent>
          <charseq START="2417" END="2424">dalle 10</charseq>
        </extent>
      </timex2_mention>
    </timex2>
    <timex2 ID="adige20041007_id413723-T74" VAL="T18:00">
      <timex2_mention ID="adige20041007_id413723-T74-1">
        <extent>
          <charseq START="2426" END="2432">alle 18</charseq>
        </extent>
      </timex2_mention>
    </timex2>
    <timex2 ID="adige20041007_id413723-T75" VAL="XXXX-WXX-1" SET="YES">
      <timex2_mention ID="adige20041007_id413723-T75-1">
        <extent>
          <charseq START="2442" END="2450">il lunedì</charseq>
        </extent>
      </timex2_mention>
    </timex2>
    <timex2 ID="adige20041007_id413723-T76" VAL="2005-01-16">
      <timex2_mention ID="adige20041007_id413723-T76-1">
        <extent>
          <charseq START="2458" END="2475">al 16 gennaio 2005</charseq>
        </extent>
      </timex2_mention>
    </timex2>
    <timex2 ID="adige20041007_id413723-T77" VAL="2004-11-28">
      <timex2_mention ID="adige20041007_id413723-T77-1">
        <extent>
          <charseq START="2590" END="2603">al 28 novembre</charseq>
        </extent>
      </timex2_mention>
    </timex2>
    <timex2 ID="adige20041007_id413723-T38" VAL="T17:00">
      <timex2_mention ID="adige20041007_id413723-T38-1">
        <extent>
          <charseq START="1514" END="1515">10</charseq>
        </extent>
      </timex2_mention>
    </timex2>
    <timex2 ID="adige20041007_id413723-T39" VAL="T13:00">
      <timex2_mention ID="adige20041007_id413723-T39-1">
        <extent>
          <charseq START="1517" END="1518">13</charseq>
        </extent>
      </timex2_mention>
    </timex2>
    <timex2 ID="adige20041007_id413723-T40" VAL="T14:00">
      <timex2_mention ID="adige20041007_id413723-T40-1">
        <extent>
          <charseq START="1520" END="1521">14</charseq>
        </extent>
      </timex2_mention>
    </timex2>
    <timex2 ID="adige20041007_id413723-T41" VAL="T18:00">
      <timex2_mention ID="adige20041007_id413723-T41-1">
        <extent>
          <charseq START="1523" END="1524">18</charseq>
        </extent>
      </timex2_mention>
    </timex2>
    <timex2 ID="adige20041007_id413723-T42" VAL="XXXX-WXX-1" SET="YES">
      <timex2_mention ID="adige20041007_id413723-T42-1">
        <extent>
          <charseq START="1534" END="1542">il lunedì</charseq>
        </extent>
      </timex2_mention>
    </timex2>
    <timex2 ID="adige20041007_id413723-T43" VAL="XXXX-WXX-2" SET="YES">
      <timex2_mention ID="adige20041007_id413723-T43-1">
        <extent>
          <charseq START="1650" END="1656">martedì</charseq>
        </extent>
      </timex2_mention>
    </timex2>
    <timex2 ID="adige20041007_id413723-T44" VAL="XXXX-WXX-4" SET="YES">
      <timex2_mention ID="adige20041007_id413723-T44-1">
        <extent>
          <charseq START="1658" END="1664">giovedì</charseq>
        </extent>
      </timex2_mention>
    </timex2>
    <timex2 ID="adige20041007_id413723-T45" VAL="XXXX-WXX-6" SET="YES">
      <timex2_mention ID="adige20041007_id413723-T45-1">
        <extent>
          <charseq START="1667" END="1672">sabato</charseq>
        </extent>
      </timex2_mention>
    </timex2>
    <timex2 ID="adige20041007_id413723-T78" VAL="T09:00">
      <timex2_mention ID="adige20041007_id413723-T78-1">
        <extent>
          <charseq START="2613" END="2619">dalle 9</charseq>
        </extent>
      </timex2_mention>
    </timex2>
    <timex2 ID="adige20041007_id413723-T46" VAL="XXXX-WXX-7" SET="YES">
      <timex2_mention ID="adige20041007_id413723-T46-1">
        <extent>
          <charseq START="1676" END="1683">domenica</charseq>
        </extent>
      </timex2_mention>
    </timex2>
    <timex2 ID="adige20041007_id413723-T79" VAL="T12:00">
      <timex2_mention ID="adige20041007_id413723-T79-1">
        <extent>
          <charseq START="2621" END="2627">alle 12</charseq>
        </extent>
      </timex2_mention>
    </timex2>
    <timex2 ID="adige20041007_id413723-T47" VAL="T10:00">
      <timex2_mention ID="adige20041007_id413723-T47-1">
        <extent>
          <charseq START="1689" END="1690">10</charseq>
        </extent>
      </timex2_mention>
    </timex2>
    <timex2 ID="adige20041007_id413723-T80" VAL="T15:00">
      <timex2_mention ID="adige20041007_id413723-T80-1">
        <extent>
          <charseq START="2631" END="2638">dalle 15</charseq>
        </extent>
      </timex2_mention>
    </timex2>
    <timex2 ID="adige20041007_id413723-T81" VAL="T18:00">
      <timex2_mention ID="adige20041007_id413723-T81-1">
        <extent>
          <charseq START="2640" END="2646">alle 18</charseq>
        </extent>
      </timex2_mention>
    </timex2>
    <timex2 ID="adige20041007_id413723-T82" VAL="XXXX-WXX-1" SET="YES">
      <timex2_mention ID="adige20041007_id413723-T82-1">
        <extent>
          <charseq START="2656" END="2664">il lunedì</charseq>
        </extent>
      </timex2_mention>
    </timex2>
    <timex2 ID="adige20041007_id413723-T83" VAL="2004-10-15">
      <timex2_mention ID="adige20041007_id413723-T83-1">
        <extent>
          <charseq START="2672" END="2684">al 15 ottobre</charseq>
        </extent>
      </timex2_mention>
    </timex2>
    <timex2 ID="adige20041007_id413723-T84" VAL="XXXX-WXX-5" SET="YES">
      <timex2_mention ID="adige20041007_id413723-T84-1">
        <extent>
          <charseq START="2687" END="2693">venerdì</charseq>
        </extent>
      </timex2_mention>
    </timex2>
    <timex2 ID="adige20041007_id413723-T85" VAL="XXXX-WXX-7" SET="YES">
      <timex2_mention ID="adige20041007_id413723-T85-1">
        <extent>
          <charseq START="2697" END="2704">domenica</charseq>
        </extent>
      </timex2_mention>
    </timex2>
    <timex2 ID="adige20041007_id413723-T86" VAL="T20:00">
      <timex2_mention ID="adige20041007_id413723-T86-1">
        <extent>
          <charseq START="2722" END="2729">dalle 20</charseq>
        </extent>
      </timex2_mention>
    </timex2>
    <timex2 ID="adige20041007_id413723-T87" VAL="T22:00">
      <timex2_mention ID="adige20041007_id413723-T87-1">
        <extent>
          <charseq START="2731" END="2737">alle 22</charseq>
        </extent>
      </timex2_mention>
    </timex2>
  </document>
</source_file>
