<?xml version="1.0" encoding="UTF-8"?>
<!DOCTYPE source_file PUBLIC "SYSTEM" "apf.v5.1.1.dtd">

<source_file URI="adige20041007_id413727.sgm" SOURCE="unknown" TYPE="text" VERSION="5.0" AUTHOR="romano" ENCODING="UTF-8">
  <document DOCID="adige20041007_id413727">
    <timex2 ID="adige20041007_id413727-T10" VAL="2004-10-07TMO">
      <timex2_mention ID="adige20041007_id413727-T10-1">
        <extent>
          <charseq START="1557" END="1568">la mattinata</charseq>
        </extent>
      </timex2_mention>
    </timex2>
    <timex2 ID="adige20041007_id413727-T1" VAL="2004-10-07">
      <timex2_mention ID="adige20041007_id413727-T1-1">
        <extent>
          <charseq START="2" END="5">Oggi</charseq>
        </extent>
      </timex2_mention>
    </timex2>
    <timex2 ID="adige20041007_id413727-T18" VAL="2004-10-07" ANCHOR_VAL="2004-10-07" ANCHOR_DIR="AS_OF">
      <timex2_mention ID="adige20041007_id413727-T18-1">
        <extent>
          <charseq START="1544" END="1547">oggi</charseq>
        </extent>
      </timex2_mention>
    </timex2>
    <timex2 ID="adige20041007_id413727-T11" VAL="2004-10-07TAF">
      <timex2_mention ID="adige20041007_id413727-T11-1">
        <extent>
          <charseq START="1628" END="1637">Pomeriggio</charseq>
        </extent>
      </timex2_mention>
    </timex2>
    <timex2 ID="adige20041007_id413727-T12" VAL="2004-10-07T15:00">
      <timex2_mention ID="adige20041007_id413727-T12-1">
        <extent>
          <charseq START="1711" END="1717">alle 15</charseq>
        </extent>
      </timex2_mention>
    </timex2>
    <timex2 ID="adige20041007_id413727-T2" VAL="2004-10-07">
      <timex2_mention ID="adige20041007_id413727-T2-1">
        <extent>
          <charseq START="250" END="253">oggi</charseq>
        </extent>
      </timex2_mention>
    </timex2>
    <timex2 ID="adige20041007_id413727-T19" VAL="2004-10-07">
      <timex2_mention ID="adige20041007_id413727-T19-1">
        <extent>
          <charseq START="72" END="79">Giornata</charseq>
        </extent>
      </timex2_mention>
    </timex2>
    <timex2 ID="adige20041007_id413727-T13" VAL="2004-10-07T18:00">
      <timex2_mention ID="adige20041007_id413727-T13-1">
        <extent>
          <charseq START="1720" END="1727">Dalle 18</charseq>
        </extent>
      </timex2_mention>
    </timex2>
    <timex2 ID="adige20041007_id413727-T3" VAL="P1D" ANCHOR_VAL="2004-10-07" ANCHOR_DIR="WITHIN">
      <timex2_mention ID="adige20041007_id413727-T3-1">
        <extent>
          <charseq START="260" END="277">un'intera giornata</charseq>
        </extent>
      </timex2_mention>
    </timex2>
    <timex2 ID="adige20041007_id413727-T14" VAL="2004-10-07T20:30">
      <timex2_mention ID="adige20041007_id413727-T14-1">
        <extent>
          <charseq START="1808" END="1817">alle 20.30</charseq>
        </extent>
      </timex2_mention>
    </timex2>
    <timex2 ID="adige20041007_id413727-T6" VAL="2008">
      <timex2_mention ID="adige20041007_id413727-T6-1">
        <extent>
          <charseq START="970" END="976">al 2008</charseq>
        </extent>
      </timex2_mention>
    </timex2>
    <timex2 ID="adige20041007_id413727-T15" VAL="2004-09">
      <timex2_mention ID="adige20041007_id413727-T15-1">
        <extent>
          <charseq START="399" END="413">del mese scorso</charseq>
        </extent>
      </timex2_mention>
    </timex2>
    <timex2 ID="adige20041007_id413727-T20" VAL="XXXX" SET="YES">
      <timex2_mention ID="adige20041007_id413727-T20-1">
        <extent>
          <charseq START="930" END="934">annuo</charseq>
        </extent>
      </timex2_mention>
    </timex2>
    <timex2 ID="adige20041007_id413727-T16" VAL="2005-XX" MOD="START">
      <timex2_mention ID="adige20041007_id413727-T16-1">
        <extent>
          <charseq START="756" END="778">nei primi mesi del 2005</charseq>
        </extent>
      </timex2_mention>
    </timex2>
    <timex2 ID="adige20041007_id413727-T7" VAL="1983">
      <timex2_mention ID="adige20041007_id413727-T7-1">
        <extent>
          <charseq START="1224" END="1231">dal 1983</charseq>
        </extent>
      </timex2_mention>
    </timex2>
    <timex2 ID="adige20041007_id413727-T17" VAL="2004-10-07">
      <timex2_mention ID="adige20041007_id413727-T17-1">
        <extent>
          <charseq START="1516" END="1526">La giornata</charseq>
        </extent>
      </timex2_mention>
    </timex2>
    <timex2 ID="adige20041007_id413727-T8" VAL="PRESENT_REF" ANCHOR_VAL="2004-10-07" ANCHOR_DIR="AS_OF">
      <timex2_mention ID="adige20041007_id413727-T8-1">
        <extent>
          <charseq START="1355" END="1357">Ora</charseq>
        </extent>
      </timex2_mention>
    </timex2>
  </document>
</source_file>
