<?xml version="1.0" encoding="UTF-8"?>
<!DOCTYPE source_file PUBLIC "SYSTEM" "apf.v5.1.1.dtd">

<source_file URI="adige20041007_id413719.sgm" SOURCE="unknown" TYPE="text" VERSION="5.0" AUTHOR="romano" ENCODING="UTF-8">
  <document DOCID="adige20041007_id413719">
    <timex2 ID="adige20041007_id413719-T75" VAL="P6Y" MOD="EQUAL_OR_LESS" ANCHOR_VAL="2004" ANCHOR_DIR="ENDING">
      <timex2_mention ID="adige20041007_id413719-T75-1">
        <extent>
          <charseq START="748" END="756">ai 6 anni</charseq>
        </extent>
      </timex2_mention>
    </timex2>
    <timex2 ID="adige20041007_id413719-T76" VAL="2004-10-07">
      <timex2_mention ID="adige20041007_id413719-T76-1">
        <extent>
          <charseq START="2091" END="2094">Oggi</charseq>
        </extent>
      </timex2_mention>
    </timex2>
    <timex2 ID="adige20041007_id413719-T77" VAL="2004-10-07">
      <timex2_mention ID="adige20041007_id413719-T77-1">
        <extent>
          <charseq START="2477" END="2480">oggi</charseq>
        </extent>
      </timex2_mention>
    </timex2>
    <timex2 ID="adige20041007_id413719-T46" VAL="2004-10-07T23:15">
      <timex2_mention ID="adige20041007_id413719-T46-1">
        <extent>
          <charseq START="6038" END="6047">alle 23.15</charseq>
        </extent>
      </timex2_mention>
    </timex2>
    <timex2 ID="adige20041007_id413719-T47" VAL="2004-10-07T17:30">
      <timex2_mention ID="adige20041007_id413719-T47-1">
        <extent>
          <charseq START="6050" END="6059">Alle 17.30</charseq>
        </extent>
      </timex2_mention>
    </timex2>
    <timex2 ID="adige20041007_id413719-T48" VAL="2004-10-07T11:30">
      <timex2_mention ID="adige20041007_id413719-T48-1">
        <extent>
          <charseq START="6228" END="6236">ore 11.30</charseq>
        </extent>
      </timex2_mention>
    </timex2>
    <timex2 ID="adige20041007_id413719-T49" VAL="2004-10-07T19:00">
      <timex2_mention ID="adige20041007_id413719-T49-1">
        <extent>
          <charseq START="6564" END="6569">ore 19</charseq>
        </extent>
      </timex2_mention>
    </timex2>
    <timex2 ID="adige20041007_id413719-T50" VAL="2004-10-07T19:00">
      <timex2_mention ID="adige20041007_id413719-T50-1">
        <extent>
          <charseq START="6659" END="6670">Dalle ore 19</charseq>
        </extent>
      </timex2_mention>
    </timex2>
    <timex2 ID="adige20041007_id413719-T51" VAL="2004-10-07T20:30">
      <timex2_mention ID="adige20041007_id413719-T51-1">
        <extent>
          <charseq START="6730" END="6738">ore 20.30</charseq>
        </extent>
      </timex2_mention>
    </timex2>
    <timex2 ID="adige20041007_id413719-T52" VAL="2004-10-07T20:45">
      <timex2_mention ID="adige20041007_id413719-T52-1">
        <extent>
          <charseq START="6869" END="6877">ore 20.45</charseq>
        </extent>
      </timex2_mention>
    </timex2>
    <timex2 ID="adige20041007_id413719-T53" VAL="2004-10-07TEV">
      <timex2_mention ID="adige20041007_id413719-T53-1">
        <extent>
          <charseq START="6951" END="6961">questa sera</charseq>
        </extent>
      </timex2_mention>
    </timex2>
    <timex2 ID="adige20041007_id413719-T54" VAL="2004-10-07T21:00">
      <timex2_mention ID="adige20041007_id413719-T54-1">
        <extent>
          <charseq START="7078" END="7083">ore 21</charseq>
        </extent>
      </timex2_mention>
    </timex2>
    <timex2 ID="adige20041007_id413719-T55" VAL="1993">
      <timex2_mention ID="adige20041007_id413719-T55-1">
        <extent>
          <charseq START="7190" END="7197">dal 1993</charseq>
        </extent>
      </timex2_mention>
    </timex2>
    <timex2 ID="adige20041007_id413719-T16" VAL="2004-10-07T09:00">
      <timex2_mention ID="adige20041007_id413719-T16-1">
        <extent>
          <charseq START="1243" END="1247">ore 9</charseq>
        </extent>
      </timex2_mention>
    </timex2>
    <timex2 ID="adige20041007_id413719-T17" VAL="2005-10-07T14:00">
      <timex2_mention ID="adige20041007_id413719-T17-1">
        <extent>
          <charseq START="1853" END="1858">ore 14</charseq>
        </extent>
      </timex2_mention>
    </timex2>
    <timex2 ID="adige20041007_id413719-T18" VAL="P3D" ANCHOR_VAL="2004-10-07" ANCHOR_DIR="STARTING">
      <timex2_mention ID="adige20041007_id413719-T18-1">
        <extent>
          <charseq START="1925" END="1934">tre giorni</charseq>
        </extent>
      </timex2_mention>
    </timex2>
    <timex2 ID="adige20041007_id413719-T19" VAL="2004-10-07T21:00">
      <timex2_mention ID="adige20041007_id413719-T19-1">
        <extent>
          <charseq START="2214" END="2220">alle 21</charseq>
        </extent>
      </timex2_mention>
    </timex2>
    <timex2 ID="adige20041007_id413719-T20" VAL="2004-10-08TMO">
      <timex2_mention ID="adige20041007_id413719-T20-1">
        <extent>
          <charseq START="2310" END="2317">domatina</charseq>
        </extent>
      </timex2_mention>
    </timex2>
    <timex2 ID="adige20041007_id413719-T21" VAL="2004-10-08T09">
      <timex2_mention ID="adige20041007_id413719-T21-1">
        <extent>
          <charseq START="2319" END="2324">alle 9</charseq>
        </extent>
      </timex2_mention>
    </timex2>
    <timex2 ID="adige20041007_id413719-T22" VAL="2004-10-07T15:00">
      <timex2_mention ID="adige20041007_id413719-T22-1">
        <extent>
          <charseq START="2407" END="2412">ore 15</charseq>
        </extent>
      </timex2_mention>
    </timex2>
    <timex2 ID="adige20041007_id413719-T78" VAL="PRESENT_REF" ANCHOR_VAL="2004-10-07" ANCHOR_DIR="AS_OF">
      <timex2_mention ID="adige20041007_id413719-T78-1">
        <extent>
          <charseq START="3326" END="3341">del nostro tempo</charseq>
        </extent>
      </timex2_mention>
    </timex2>
    <timex2 ID="adige20041007_id413719-T23" VAL="2004-10-07T15:00">
      <timex2_mention ID="adige20041007_id413719-T23-1">
        <extent>
          <charseq START="2660" END="2667">dalle 15</charseq>
        </extent>
      </timex2_mention>
    </timex2>
    <timex2 ID="adige20041007_id413719-T79" VAL="2004-10-07TEV">
      <timex2_mention ID="adige20041007_id413719-T79-1">
        <extent>
          <charseq START="4063" END="4072">una serata</charseq>
        </extent>
      </timex2_mention>
    </timex2>
    <timex2 ID="adige20041007_id413719-T24" VAL="2004-10-07T16:00">
      <timex2_mention ID="adige20041007_id413719-T24-1">
        <extent>
          <charseq START="3228" END="3233">ore 16</charseq>
        </extent>
      </timex2_mention>
    </timex2>
    <timex2 ID="adige20041007_id413719-T25" VAL="2004-10-07T17:00">
      <timex2_mention ID="adige20041007_id413719-T25-1">
        <extent>
          <charseq START="3457" END="3462">ore 17</charseq>
        </extent>
      </timex2_mention>
    </timex2>
    <timex2 ID="adige20041007_id413719-T80" VAL="PXD">
      <timex2_mention ID="adige20041007_id413719-T80-1">
        <extent>
          <charseq START="5734" END="5747">qualche giorno</charseq>
        </extent>
      </timex2_mention>
    </timex2>
    <timex2 ID="adige20041007_id413719-T56" VAL="2004-09-07">
      <timex2_mention ID="adige20041007_id413719-T56-1">
        <extent>
          <charseq START="7539" END="7542">oggi</charseq>
        </extent>
      </timex2_mention>
    </timex2>
    <timex2 ID="adige20041007_id413719-T57" VAL="2005-05-26">
      <timex2_mention ID="adige20041007_id413719-T57-1">
        <extent>
          <charseq START="8040" END="8056">al 26 maggio 2005</charseq>
        </extent>
      </timex2_mention>
    </timex2>
    <timex2 ID="adige20041007_id413719-T58" VAL="XXXX-WXX-4" SET="YES">
      <timex2_mention ID="adige20041007_id413719-T58-1">
        <extent>
          <charseq START="8102" END="8116">tutti i giovedì</charseq>
        </extent>
      </timex2_mention>
    </timex2>
    <timex2 ID="adige20041007_id413719-T59" VAL="T21:00">
      <timex2_mention ID="adige20041007_id413719-T59-1">
        <extent>
          <charseq START="8118" END="8125">dalle 21</charseq>
        </extent>
      </timex2_mention>
    </timex2>
    <timex2 ID="adige20041007_id413719-T60" VAL="T01:00">
      <timex2_mention ID="adige20041007_id413719-T60-1">
        <extent>
          <charseq START="8127" END="8142">all'una di notte</charseq>
        </extent>
      </timex2_mention>
    </timex2>
    <timex2 ID="adige20041007_id413719-T61" VAL="2004-10-08">
      <timex2_mention ID="adige20041007_id413719-T61-1">
        <extent>
          <charseq START="8146" END="8151">DOMANI</charseq>
        </extent>
      </timex2_mention>
    </timex2>
    <timex2 ID="adige20041007_id413719-T62" VAL="2004-10-08T09:00">
      <timex2_mention ID="adige20041007_id413719-T62-1">
        <extent>
          <charseq START="8170" END="8174">ore 9</charseq>
        </extent>
      </timex2_mention>
    </timex2>
    <timex2 ID="adige20041007_id413719-T63" VAL="2004-10-08T20:00">
      <timex2_mention ID="adige20041007_id413719-T63-1">
        <extent>
          <charseq START="8176" END="8177">20</charseq>
        </extent>
      </timex2_mention>
    </timex2>
    <timex2 ID="adige20041007_id413719-T64" VAL="2004-10-10">
      <timex2_mention ID="adige20041007_id413719-T64-1">
        <extent>
          <charseq START="8269" END="8276">domenica</charseq>
        </extent>
      </timex2_mention>
    </timex2>
    <timex2 ID="adige20041007_id413719-T65" VAL="T09:00">
      <timex2_mention ID="adige20041007_id413719-T65-1">
        <extent>
          <charseq START="8278" END="8284">dalle 9</charseq>
        </extent>
      </timex2_mention>
    </timex2>
    <timex2 ID="adige20041007_id413719-T26" VAL="2005-10-07T18:30">
      <timex2_mention ID="adige20041007_id413719-T26-1">
        <extent>
          <charseq START="3743" END="3751">ore 18.30</charseq>
        </extent>
      </timex2_mention>
    </timex2>
    <timex2 ID="adige20041007_id413719-T27" VAL="2004-11-30">
      <timex2_mention ID="adige20041007_id413719-T27-1">
        <extent>
          <charseq START="3830" END="3843">al 30 novembre</charseq>
        </extent>
      </timex2_mention>
    </timex2>
    <timex2 ID="adige20041007_id413719-T28" VAL="T10:00">
      <timex2_mention ID="adige20041007_id413719-T28-1">
        <extent>
          <charseq START="3856" END="3857">10</charseq>
        </extent>
      </timex2_mention>
    </timex2>
    <timex2 ID="adige20041007_id413719-T29" VAL="T12:30">
      <timex2_mention ID="adige20041007_id413719-T29-1">
        <extent>
          <charseq START="3859" END="3863">12.30</charseq>
        </extent>
      </timex2_mention>
    </timex2>
    <timex2 ID="adige20041007_id413719-T30" VAL="T17:00">
      <timex2_mention ID="adige20041007_id413719-T30-1">
        <extent>
          <charseq START="3867" END="3868">17</charseq>
        </extent>
      </timex2_mention>
    </timex2>
    <timex2 ID="adige20041007_id413719-T31" VAL="T19:30">
      <timex2_mention ID="adige20041007_id413719-T31-1">
        <extent>
          <charseq START="3870" END="3874">19.30</charseq>
        </extent>
      </timex2_mention>
    </timex2>
    <timex2 ID="adige20041007_id413719-T32" VAL="XXXX-WXX-1">
      <timex2_mention ID="adige20041007_id413719-T32-1">
        <extent>
          <charseq START="3884" END="3889">lunedì</charseq>
        </extent>
      </timex2_mention>
    </timex2>
    <timex2 ID="adige20041007_id413719-T33" VAL="XXXX-WXX-7" SET="YES">
      <timex2_mention ID="adige20041007_id413719-T33-1">
        <extent>
          <charseq START="3893" END="3900">domenica</charseq>
        </extent>
      </timex2_mention>
    </timex2>
    <timex2 ID="adige20041007_id413719-T34" VAL="2004-10-07T20:15">
      <timex2_mention ID="adige20041007_id413719-T34-1">
        <extent>
          <charseq START="3969" END="3977">ore 20.15</charseq>
        </extent>
      </timex2_mention>
    </timex2>
    <timex2 ID="adige20041007_id413719-T35" VAL="2004-10-07T20:30">
      <timex2_mention ID="adige20041007_id413719-T35-1">
        <extent>
          <charseq START="4185" END="4193">ore 20.30</charseq>
        </extent>
      </timex2_mention>
    </timex2>
    <timex2 ID="adige20041007_id413719-T66" VAL="T20:00">
      <timex2_mention ID="adige20041007_id413719-T66-1">
        <extent>
          <charseq START="8286" END="8292">alle 20</charseq>
        </extent>
      </timex2_mention>
    </timex2>
    <timex2 ID="adige20041007_id413719-T67" VAL="2004-10-08T09:30">
      <timex2_mention ID="adige20041007_id413719-T67-1">
        <extent>
          <charseq START="8332" END="8339">ore 9.30</charseq>
        </extent>
      </timex2_mention>
    </timex2>
    <timex2 ID="adige20041007_id413719-T68" VAL="2004-10-09TMO">
      <timex2_mention ID="adige20041007_id413719-T68-1">
        <extent>
          <charseq START="8964" END="8977">sabato mattina</charseq>
        </extent>
      </timex2_mention>
    </timex2>
    <timex2 ID="adige20041007_id413719-T69" VAL="2004-10-09T09:30">
      <timex2_mention ID="adige20041007_id413719-T69-1">
        <extent>
          <charseq START="8979" END="8987">alle 9.30</charseq>
        </extent>
      </timex2_mention>
    </timex2>
    <timex2 ID="adige20041007_id413719-T70" VAL="2004-10-07T09:30">
      <timex2_mention ID="adige20041007_id413719-T70-1">
        <extent>
          <charseq START="9069" END="9076">ore 9.30</charseq>
        </extent>
      </timex2_mention>
    </timex2>
    <timex2 ID="adige20041007_id413719-T71" VAL="2004-10-10">
      <timex2_mention ID="adige20041007_id413719-T71-1">
        <extent>
          <charseq START="9325" END="9343">domenica 10 ottobre</charseq>
        </extent>
      </timex2_mention>
    </timex2>
    <timex2 ID="adige20041007_id413719-T72" VAL="2004-10-10T07:30">
      <timex2_mention ID="adige20041007_id413719-T72-1">
        <extent>
          <charseq START="9603" END="9611">alle 7.30</charseq>
        </extent>
      </timex2_mention>
    </timex2>
    <timex2 ID="adige20041007_id413719-T73" VAL="2004-10-09">
      <timex2_mention ID="adige20041007_id413719-T73-1">
        <extent>
          <charseq START="9672" END="9679">sabato 9</charseq>
        </extent>
      </timex2_mention>
    </timex2>
    <timex2 ID="adige20041007_id413719-T1" VAL="1944">
      <timex2_mention ID="adige20041007_id413719-T1-1">
        <extent>
          <charseq START="47" END="62">Sessanta anni fa</charseq>
        </extent>
      </timex2_mention>
    </timex2>
    <timex2 ID="adige20041007_id413719-T2" VAL="PRESENT_REF" ANCHOR_VAL="2004-10-07" ANCHOR_DIR="AS_OF">
      <timex2_mention ID="adige20041007_id413719-T2-1">
        <extent>
          <charseq START="316" END="328">questi giorni</charseq>
        </extent>
      </timex2_mention>
    </timex2>
    <timex2 ID="adige20041007_id413719-T3" VAL="PAST_REF" ANCHOR_VAL="2004-10-07" ANCHOR_DIR="BEFORE">
      <timex2_mention ID="adige20041007_id413719-T3-1">
        <extent>
          <charseq START="423" END="426">ieri</charseq>
        </extent>
      </timex2_mention>
    </timex2>
    <timex2 ID="adige20041007_id413719-T4" VAL="PRESENT_REF" ANCHOR_VAL="2004-10-07" ANCHOR_DIR="AS_OF">
      <timex2_mention ID="adige20041007_id413719-T4-1">
        <extent>
          <charseq START="433" END="436">oggi</charseq>
        </extent>
      </timex2_mention>
    </timex2>
    <timex2 ID="adige20041007_id413719-T5" VAL="2004-10-09">
      <timex2_mention ID="adige20041007_id413719-T5-1">
        <extent>
          <charseq START="464" END="479">sabato 9 ottobre</charseq>
        </extent>
      </timex2_mention>
    </timex2>
    <timex2 ID="adige20041007_id413719-T36" VAL="2004-10-07T20:30">
      <timex2_mention ID="adige20041007_id413719-T36-1">
        <extent>
          <charseq START="4444" END="4452">ore 20.30</charseq>
        </extent>
      </timex2_mention>
    </timex2>
    <timex2 ID="adige20041007_id413719-T37" VAL="2004-10-07T20:30">
      <timex2_mention ID="adige20041007_id413719-T37-1">
        <extent>
          <charseq START="4572" END="4580">ore 20.30</charseq>
        </extent>
      </timex2_mention>
    </timex2>
    <timex2 ID="adige20041007_id413719-T38" VAL="2004-10-07T20:30">
      <timex2_mention ID="adige20041007_id413719-T38-1">
        <extent>
          <charseq START="5481" END="5489">ore 20.30</charseq>
        </extent>
      </timex2_mention>
    </timex2>
    <timex2 ID="adige20041007_id413719-T39" VAL="2004-10-07">
      <timex2_mention ID="adige20041007_id413719-T39-1">
        <extent>
          <charseq START="5617" END="5620">Oggi</charseq>
        </extent>
      </timex2_mention>
    </timex2>
    <timex2 ID="adige20041007_id413719-T40" VAL="2004-10-07T09:30">
      <timex2_mention ID="adige20041007_id413719-T40-1">
        <extent>
          <charseq START="5884" END="5891">ore 9.30</charseq>
        </extent>
      </timex2_mention>
    </timex2>
    <timex2 ID="adige20041007_id413719-T41" VAL="2004-10-07T09:30">
      <timex2_mention ID="adige20041007_id413719-T41-1">
        <extent>
          <charseq START="5987" END="5996">dalle 9.30</charseq>
        </extent>
      </timex2_mention>
    </timex2>
    <timex2 ID="adige20041007_id413719-T42" VAL="2004-10-07T12:00">
      <timex2_mention ID="adige20041007_id413719-T42-1">
        <extent>
          <charseq START="5998" END="6004">alle 12</charseq>
        </extent>
      </timex2_mention>
    </timex2>
    <timex2 ID="adige20041007_id413719-T43" VAL="2004-10-07T15:00">
      <timex2_mention ID="adige20041007_id413719-T43-1">
        <extent>
          <charseq START="6007" END="6014">dalle 15</charseq>
        </extent>
      </timex2_mention>
    </timex2>
    <timex2 ID="adige20041007_id413719-T44" VAL="2004-10-07T19:00">
      <timex2_mention ID="adige20041007_id413719-T44-1">
        <extent>
          <charseq START="6016" END="6022">alle 19</charseq>
        </extent>
      </timex2_mention>
    </timex2>
    <timex2 ID="adige20041007_id413719-T45" VAL="2004-10-07T20:45">
      <timex2_mention ID="adige20041007_id413719-T45-1">
        <extent>
          <charseq START="6026" END="6036">dalle 20.45</charseq>
        </extent>
      </timex2_mention>
    </timex2>
    <timex2 ID="adige20041007_id413719-T6" VAL="2004-10-15">
      <timex2_mention ID="adige20041007_id413719-T6-1">
        <extent>
          <charseq START="623" END="636">dal 15 ottobre</charseq>
        </extent>
      </timex2_mention>
    </timex2>
    <timex2 ID="adige20041007_id413719-T7" VAL="2004">
      <timex2_mention ID="adige20041007_id413719-T7-1">
        <extent>
          <charseq START="668" END="671">2004</charseq>
        </extent>
      </timex2_mention>
    </timex2>
    <timex2 ID="adige20041007_id413719-T8" VAL="2005">
      <timex2_mention ID="adige20041007_id413719-T8-1">
        <extent>
          <charseq START="673" END="675">'05</charseq>
        </extent>
      </timex2_mention>
    </timex2>
    <timex2 ID="adige20041007_id413719-T9" VAL="P2.5Y" MOD="EQUAL_OR_MORE" ANCHOR_VAL="2004" ANCHOR_DIR="ENDING">
      <timex2_mention ID="adige20041007_id413719-T9-1">
        <extent>
          <charseq START="740" END="746">dai 2 ½</charseq>
        </extent>
      </timex2_mention>
    </timex2>
    <timex2 ID="adige20041007_id413719-T11" VAL="2004-10-07">
      <timex2_mention ID="adige20041007_id413719-T11-1">
        <extent>
          <charseq START="966" END="969">oggi</charseq>
        </extent>
      </timex2_mention>
    </timex2>
    <timex2 ID="adige20041007_id413719-T12" VAL="XXXX-WXX-4" SET="YES">
      <timex2_mention ID="adige20041007_id413719-T12-1">
        <extent>
          <charseq START="971" END="982">ogni giovedì</charseq>
        </extent>
      </timex2_mention>
    </timex2>
    <timex2 ID="adige20041007_id413719-T13" VAL="T19:00">
      <timex2_mention ID="adige20041007_id413719-T13-1">
        <extent>
          <charseq START="984" END="991">dalle 19</charseq>
        </extent>
      </timex2_mention>
    </timex2>
    <timex2 ID="adige20041007_id413719-T74" COMMENT="NO calendario gregoriano.">
      <timex2_mention ID="adige20041007_id413719-T74-1">
        <extent>
          <charseq START="644" END="666">tutto l'anno scolastico</charseq>
        </extent>
      </timex2_mention>
    </timex2>
    <timex2 ID="adige20041007_id413719-T14" VAL="T21:00">
      <timex2_mention ID="adige20041007_id413719-T14-1">
        <extent>
          <charseq START="993" END="999">alle 21</charseq>
        </extent>
      </timex2_mention>
    </timex2>
    <timex2 ID="adige20041007_id413719-T15" VAL="2004-10-11">
      <timex2_mention ID="adige20041007_id413719-T15-1">
        <extent>
          <charseq START="1196" END="1204">lunedì 11</charseq>
        </extent>
      </timex2_mention>
    </timex2>
  </document>
</source_file>
