<?xml version="1.0" encoding="UTF-8"?>
<!DOCTYPE source_file PUBLIC "SYSTEM" "apf.v5.2.0.dtd">

<source_file URI="adige20040908_id405667.txt" SOURCE="unknown" TYPE="text" VERSION="5.0" AUTHOR="Evalita" ENCODING="UTF-8">
  <document DOCID="adige20040908_id405667">
    <entity ID="adige20040908_id405667-E1" TYPE="PER" SUBTYPE="Individual" CLASS="SPC">
      <entity_mention ID="adige20040908_id405667-E1-2" TYPE="NAM" PRIMARY="true" METONYMY_MENTION="FALSE">
        <extent>
          <charseq START="78" END="92">Simona Torretta</charseq>
        </extent>
        <head>
          <charseq START="78" END="92">Simona Torretta</charseq>
        </head>
      </entity_mention>
      <entity_mention ID="adige20040908_id405667-E1-4" TYPE="PRO" PRIMARY="false" METONYMY_MENTION="FALSE">
        <extent>
          <charseq START="98" END="103">averci</charseq>
        </extent>
        <head>
          <charseq START="102" END="103">ci</charseq>
        </head>
      </entity_mention>
      <entity_mention ID="adige20040908_id405667-E1-6" TYPE="NOM" PRIMARY="false" METONYMY_MENTION="FALSE">
        <extent>
          <charseq START="374" END="382">all'amica</charseq>
        </extent>
        <head>
          <charseq START="378" END="382">amica</charseq>
        </head>
      </entity_mention>
      <entity_attributes>
        <name NAME="Simona Torretta">
          <charseq START="78" END="92">Simona Torretta</charseq>
        </name>
      </entity_attributes>
    </entity>
    <entity ID="adige20040908_id405667-E2" TYPE="PER" SUBTYPE="Individual" CLASS="SPC">
      <entity_mention ID="adige20040908_id405667-E2-2" TYPE="NAM" PRIMARY="true" METONYMY_MENTION="FALSE">
        <extent>
          <charseq START="214" END="230">Beatrice De Blasi</charseq>
        </extent>
        <head>
          <charseq START="214" END="230">Beatrice De Blasi</charseq>
        </head>
      </entity_mention>
      <entity_mention ID="adige20040908_id405667-E2-4" TYPE="NOM" PRIMARY="false" METONYMY_MENTION="FALSE">
        <extent>
          <charseq START="233" END="284">responsabile educazione per la cooperativa Mandacarù</charseq>
        </extent>
        <head>
          <charseq START="233" END="244">responsabile</charseq>
        </head>
      </entity_mention>
      <entity_mention ID="adige20040908_id405667-E2-6" TYPE="NOM" PRIMARY="false" METONYMY_MENTION="FALSE">
        <extent>
          <charseq START="288" END="331">coordinatrice del Tavolo trentino per l'Iraq</charseq>
        </extent>
        <head>
          <charseq START="288" END="300">coordinatrice</charseq>
        </head>
      </entity_mention>
      <entity_mention ID="adige20040908_id405667-E2-8" TYPE="NAM" PRIMARY="false" METONYMY_MENTION="FALSE">
        <extent>
          <charseq START="214" END="331">Beatrice De Blasi, responsabile educazione per la cooperativa Mandacarù e coordinatrice del Tavolo trentino per l'Iraq</charseq>
        </extent>
        <head>
          <charseq START="214" END="331">Beatrice De Blasi, responsabile educazione per la cooperativa Mandacarù e coordinatrice del Tavolo trentino per l'Iraq</charseq>
        </head>
      </entity_mention>
      <entity_mention ID="adige20040908_id405667-E2-9" TYPE="PRO" PRIMARY="false" METONYMY_MENTION="FALSE">
        <extent>
          <charseq START="181" END="182">mi</charseq>
        </extent>
        <head>
          <charseq START="181" END="182">mi</charseq>
        </head>
      </entity_mention>
      <entity_mention ID="adige20040908_id405667-E2-10" TYPE="NOM" PRIMARY="false" METONYMY_MENTION="FALSE">
        <extent>
          <charseq START="233" END="331">responsabile educazione per la cooperativa Mandacarù e coordinatrice del Tavolo trentino per l'Iraq</charseq>
        </extent>
        <head>
          <charseq START="233" END="331">responsabile educazione per la cooperativa Mandacarù e coordinatrice del Tavolo trentino per l'Iraq</charseq>
        </head>
      </entity_mention>
      <entity_attributes>
        <name NAME="Beatrice De Blasi">
          <charseq START="214" END="230">Beatrice De Blasi</charseq>
        </name>
        <name NAME="Beatrice De Blasi, responsabile educazione per la cooperativa Mandacarù e coordinatrice del Tavolo trentino per l'Iraq">
          <charseq START="214" END="331">Beatrice De Blasi, responsabile educazione per la cooperativa Mandacarù e coordinatrice del Tavolo trentino per l'Iraq</charseq>
        </name>
      </entity_attributes>
    </entity>
    <entity ID="adige20040908_id405667-E3" TYPE="PER" SUBTYPE="Group" CLASS="SPC">
      <entity_mention ID="adige20040908_id405667-E3-2" TYPE="NOM" PRIMARY="true" METONYMY_MENTION="FALSE">
        <extent>
          <charseq START="414" END="483">due ragazze a posto, conosciute e ben accolte dalla popolazione locale</charseq>
        </extent>
        <head>
          <charseq START="418" END="424">ragazze</charseq>
        </head>
      </entity_mention>
      <entity_mention ID="adige20040908_id405667-E3-4" TYPE="PRO" PRIMARY="false" METONYMY_MENTION="FALSE">
        <extent>
          <charseq START="402" END="412">tutte e due</charseq>
        </extent>
        <head>
          <charseq START="402" END="412">tutte e due</charseq>
        </head>
      </entity_mention>
      <entity_mention ID="adige20040908_id405667-E3-6" TYPE="NOM" PRIMARY="false" METONYMY_MENTION="FALSE">
        <extent>
          <charseq START="601" END="615">alle due rapite</charseq>
        </extent>
        <head>
          <charseq START="610" END="615">rapite</charseq>
        </head>
      </entity_mention>
      <entity_mention ID="adige20040908_id405667-E3-8" TYPE="PRO" PRIMARY="false" METONYMY_MENTION="FALSE">
        <extent>
          <charseq START="795" END="803">liberarle</charseq>
        </extent>
        <head>
          <charseq START="802" END="803">le</charseq>
        </head>
      </entity_mention>
      <entity_mention ID="adige20040908_id405667-E3-9" TYPE="PRO" PRIMARY="false" METONYMY_MENTION="FALSE">
        <extent>
          <charseq START="402" END="483">tutte e due due ragazze a posto, conosciute e ben accolte dalla popolazione locale</charseq>
        </extent>
        <head>
          <charseq START="402" END="483">tutte e due due ragazze a posto, conosciute e ben accolte dalla popolazione locale</charseq>
        </head>
      </entity_mention>
    </entity>
    <entity ID="adige20040908_id405667-E5" TYPE="PER" SUBTYPE="Group" CLASS="USP">
      <entity_mention ID="adige20040908_id405667-E5-2" TYPE="PRO" PRIMARY="true" METONYMY_MENTION="FALSE">
        <extent>
          <charseq START="500" END="501">ci</charseq>
        </extent>
        <head>
          <charseq START="500" END="501">ci</charseq>
        </head>
      </entity_mention>
    </entity>
    <entity ID="adige20040908_id405667-E6" TYPE="PER" SUBTYPE="Indefinite" CLASS="USP">
      <entity_mention ID="adige20040908_id405667-E6-2" TYPE="PRO" PRIMARY="true" METONYMY_MENTION="FALSE">
        <extent>
          <charseq START="553" END="554">si</charseq>
        </extent>
        <head>
          <charseq START="553" END="554">si</charseq>
        </head>
      </entity_mention>
    </entity>
    <entity ID="adige20040908_id405667-E7" TYPE="PER" SUBTYPE="Group" CLASS="SPC">
      <entity_mention ID="adige20040908_id405667-E7-2" TYPE="NOM" PRIMARY="true" METONYMY_MENTION="FALSE">
        <extent>
          <charseq START="711" END="735">sui parlamentari trentini</charseq>
        </extent>
        <head>
          <charseq START="715" END="726">parlamentari</charseq>
        </head>
      </entity_mention>
    </entity>
    <entity ID="adige20040908_id405667-E8" TYPE="PER" SUBTYPE="Group" CLASS="SPC">
      <entity_mention ID="adige20040908_id405667-E8-2" TYPE="NOM" PRIMARY="true" METONYMY_MENTION="FALSE">
        <extent>
          <charseq START="1196" END="1210">gruppi iracheni</charseq>
        </extent>
        <head>
          <charseq START="1196" END="1201">gruppi</charseq>
        </head>
      </entity_mention>
    </entity>
    <entity ID="adige20040908_id405667-E9" TYPE="PER" SUBTYPE="Individual" CLASS="SPC">
      <entity_mention ID="adige20040908_id405667-E9-2" TYPE="NAM" PRIMARY="true" METONYMY_MENTION="FALSE">
        <extent>
          <charseq START="1484" END="1497">Remo Andreolli</charseq>
        </extent>
        <head>
          <charseq START="1484" END="1497">Remo Andreolli</charseq>
        </head>
      </entity_mention>
      <entity_mention ID="adige20040908_id405667-E9-4" TYPE="NOM" PRIMARY="false" METONYMY_MENTION="FALSE">
        <extent>
          <charseq START="1521" END="1558">responsabile provinciale del commercio</charseq>
        </extent>
        <head>
          <charseq START="1521" END="1532">responsabile</charseq>
        </head>
      </entity_mention>
      <entity_mention ID="adige20040908_id405667-E9-6" TYPE="NOM" PRIMARY="false" METONYMY_MENTION="FALSE">
        <extent>
          <charseq START="1460" END="1482">l'assessore alla sanità</charseq>
        </extent>
        <head>
          <charseq START="1462" END="1470">assessore</charseq>
        </head>
      </entity_mention>
      <entity_mention ID="adige20040908_id405667-E9-8" TYPE="NOM" PRIMARY="false" METONYMY_MENTION="FALSE">
        <extent>
          <charseq START="1460" END="1558">l'assessore alla sanità Remo Andreolli, fino all'anno scorso responsabile provinciale del commercio</charseq>
        </extent>
        <head>
          <charseq START="1460" END="1558">l'assessore alla sanità Remo Andreolli, fino all'anno scorso responsabile provinciale del commercio</charseq>
        </head>
      </entity_mention>
      <entity_attributes>
        <name NAME="Remo Andreolli">
          <charseq START="1484" END="1497">Remo Andreolli</charseq>
        </name>
      </entity_attributes>
    </entity>
    <entity ID="adige20040908_id405667-E11" TYPE="PER" SUBTYPE="Indefinite" CLASS="USP">
      <entity_mention ID="adige20040908_id405667-E11-2" TYPE="PRO" PRIMARY="true" METONYMY_MENTION="FALSE">
        <extent>
          <charseq START="977" END="978">si</charseq>
        </extent>
        <head>
          <charseq START="977" END="978">si</charseq>
        </head>
      </entity_mention>
    </entity>
    <entity ID="adige20040908_id405667-E12" TYPE="ORG" SUBTYPE="Non-Governmental" CLASS="SPC">
      <entity_mention ID="adige20040908_id405667-E12-1" TYPE="NAM" PRIMARY="true" METONYMY_MENTION="FALSE">
        <extent>
          <charseq START="143" END="156">"Un ponte per"</charseq>
        </extent>
        <head>
          <charseq START="144" END="155">Un ponte per</charseq>
        </head>
      </entity_mention>
      <entity_attributes>
        <name NAME="Un ponte per">
          <charseq START="144" END="155">Un ponte per</charseq>
        </name>
      </entity_attributes>
    </entity>
    <entity ID="adige20040908_id405667-E13" TYPE="ORG" SUBTYPE="Commercial" CLASS="SPC">
      <entity_mention ID="adige20040908_id405667-E13-1" TYPE="NAM" PRIMARY="true" METONYMY_MENTION="FALSE">
        <extent>
          <charseq START="261" END="284">la cooperativa Mandacarù</charseq>
        </extent>
        <head>
          <charseq START="264" END="284">cooperativa Mandacarù</charseq>
        </head>
      </entity_mention>
      <entity_mention ID="adige20040908_id405667-E13-2" TYPE="NAM" PRIMARY="false" METONYMY_MENTION="FALSE">
        <extent>
          <charseq START="1441" END="1449">Mandacarù</charseq>
        </extent>
        <head>
          <charseq START="1441" END="1449">Mandacarù</charseq>
        </head>
      </entity_mention>
      <entity_attributes>
        <name NAME="cooperativa Mandacarù">
          <charseq START="264" END="284">cooperativa Mandacarù</charseq>
        </name>
        <name NAME="Mandacarù">
          <charseq START="1441" END="1449">Mandacarù</charseq>
        </name>
      </entity_attributes>
    </entity>
    <entity ID="adige20040908_id405667-E14" TYPE="ORG" SUBTYPE="Non-Governmental" CLASS="SPC">
      <entity_mention ID="adige20040908_id405667-E14-1" TYPE="NAM" PRIMARY="true" METONYMY_MENTION="FALSE">
        <extent>
          <charseq START="302" END="331">del Tavolo trentino per l'Iraq</charseq>
        </extent>
        <head>
          <charseq START="306" END="331">Tavolo trentino per l'Iraq</charseq>
        </head>
      </entity_mention>
      <entity_mention ID="adige20040908_id405667-E14-2" TYPE="NAM" PRIMARY="false" METONYMY_MENTION="FALSE">
        <extent>
          <charseq START="863" END="891">Il Tavolo trentino per l'Iraq</charseq>
        </extent>
        <head>
          <charseq START="866" END="891">Tavolo trentino per l'Iraq</charseq>
        </head>
      </entity_mention>
      <entity_mention ID="adige20040908_id405667-E14-3" TYPE="NOM" PRIMARY="false" METONYMY_MENTION="FALSE">
        <extent>
          <charseq START="895" END="1210">un coordinamento informale di istituzioni e associazioni di volontariato (a breve si chiederà il riconoscimento alla Provincia) che ha avviato un progetto comune di cooperazione e di prossimità verso l'Iraq ed in particolare verso l'area di Bassora, favorendo la nascita di sinergie fra istituzioni e gruppi iracheni</charseq>
        </extent>
        <head>
          <charseq START="898" END="910">coordinamento</charseq>
        </head>
      </entity_mention>
      <entity_mention ID="adige20040908_id405667-E14-4" TYPE="PRO" PRIMARY="false" METONYMY_MENTION="FALSE">
        <extent>
          <charseq START="1023" END="1025">che</charseq>
        </extent>
        <head>
          <charseq START="1023" END="1025">che</charseq>
        </head>
      </entity_mention>
      <entity_mention ID="adige20040908_id405667-E14-5" TYPE="NAM" PRIMARY="false" METONYMY_MENTION="FALSE">
        <extent>
          <charseq START="1414" END="1423">del Tavolo</charseq>
        </extent>
        <head>
          <charseq START="1418" END="1423">Tavolo</charseq>
        </head>
      </entity_mention>
      <entity_mention ID="adige20040908_id405667-E14-6" TYPE="NAM" PRIMARY="false" METONYMY_MENTION="FALSE">
        <extent>
          <charseq START="10" END="29">il tavolo per l'iraq</charseq>
        </extent>
        <head>
          <charseq START="13" END="29">tavolo per l'iraq</charseq>
        </head>
      </entity_mention>
      <entity_attributes>
        <name NAME="Tavolo trentino per l'Iraq">
          <charseq START="306" END="331">Tavolo trentino per l'Iraq</charseq>
        </name>
        <name NAME="Tavolo trentino per l'Iraq">
          <charseq START="866" END="891">Tavolo trentino per l'Iraq</charseq>
        </name>
        <name NAME="Tavolo">
          <charseq START="1418" END="1423">Tavolo</charseq>
        </name>
        <name NAME="tavolo per l'iraq">
          <charseq START="13" END="29">tavolo per l'iraq</charseq>
        </name>
      </entity_attributes>
    </entity>
    <entity ID="adige20040908_id405667-E16" TYPE="ORG" SUBTYPE="Non-Governmental" CLASS="SPC">
      <entity_mention ID="adige20040908_id405667-E16-1" TYPE="NOM" PRIMARY="true" METONYMY_MENTION="FALSE">
        <extent>
          <charseq START="939" END="966">associazioni di volontariato</charseq>
        </extent>
        <head>
          <charseq START="939" END="950">associazioni</charseq>
        </head>
      </entity_mention>
    </entity>
    <entity ID="adige20040908_id405667-E17" TYPE="ORG" SUBTYPE="Government" CLASS="SPC">
      <entity_mention ID="adige20040908_id405667-E17-1" TYPE="NOM" PRIMARY="true" METONYMY_MENTION="FALSE">
        <extent>
          <charseq START="925" END="966">istituzioni e associazioni di volontariato</charseq>
        </extent>
        <head>
          <charseq START="925" END="966">istituzioni e associazioni di volontariato</charseq>
        </head>
      </entity_mention>
    </entity>
    <entity ID="adige20040908_id405667-E18" TYPE="ORG" SUBTYPE="Government" CLASS="SPC">
      <entity_mention ID="adige20040908_id405667-E18-1" TYPE="NOM" PRIMARY="true" METONYMY_MENTION="FALSE">
        <extent>
          <charseq START="1182" END="1192">istituzioni</charseq>
        </extent>
        <head>
          <charseq START="1182" END="1192">istituzioni</charseq>
        </head>
      </entity_mention>
    </entity>
    <entity ID="adige20040908_id405667-E20" TYPE="ORG" SUBTYPE="Non-Governmental" CLASS="GEN">
      <entity_mention ID="adige20040908_id405667-E20-1" TYPE="NOM" PRIMARY="true" METONYMY_MENTION="FALSE">
        <extent>
          <charseq START="1629" END="1661">le organizzazioni non governative</charseq>
        </extent>
        <head>
          <charseq START="1632" END="1645">organizzazioni</charseq>
        </head>
      </entity_mention>
    </entity>
    <entity ID="adige20040908_id405667-E21" TYPE="ORG" SUBTYPE="Government" CLASS="SPC">
      <entity_mention ID="adige20040908_id405667-E21-2" TYPE="NOM" PRIMARY="true" METONYMY_MENTION="FALSE">
        <extent>
          <charseq START="925" END="935">istituzioni</charseq>
        </extent>
        <head>
          <charseq START="925" END="935">istituzioni</charseq>
        </head>
      </entity_mention>
    </entity>
    <entity ID="adige20040908_id405667-E22" TYPE="GPE" SUBTYPE="Population-Center" CLASS="SPC">
      <entity_mention ID="adige20040908_id405667-E22-2" TYPE="NAM" PRIMARY="true" ROLE="GPE" METONYMY_MENTION="FALSE">
        <extent>
          <charseq START="135" END="138">Roma</charseq>
        </extent>
        <head>
          <charseq START="135" END="138">Roma</charseq>
        </head>
      </entity_mention>
      <entity_attributes>
        <name NAME="Roma">
          <charseq START="135" END="138">Roma</charseq>
        </name>
      </entity_attributes>
    </entity>
    <entity ID="adige20040908_id405667-E23" TYPE="GPE" SUBTYPE="Population-Center" CLASS="SPC">
      <entity_mention ID="adige20040908_id405667-E23-2" TYPE="NAM" PRIMARY="true" ROLE="LOC" METONYMY_MENTION="FALSE">
        <extent>
          <charseq START="386" END="392">Baghdad</charseq>
        </extent>
        <head>
          <charseq START="386" END="392">Baghdad</charseq>
        </head>
      </entity_mention>
      <entity_mention ID="adige20040908_id405667-E23-4" TYPE="NOM" PRIMARY="false" ROLE="PER" METONYMY_MENTION="FALSE">
        <extent>
          <charseq START="460" END="483">dalla popolazione locale</charseq>
        </extent>
        <head>
          <charseq START="466" END="476">popolazione</charseq>
        </head>
      </entity_mention>
      <entity_attributes>
        <name NAME="Baghdad">
          <charseq START="386" END="392">Baghdad</charseq>
        </name>
      </entity_attributes>
    </entity>
    <entity ID="adige20040908_id405667-E24" TYPE="GPE" SUBTYPE="State-or-Province" CLASS="SPC">
      <entity_mention ID="adige20040908_id405667-E24-6" TYPE="NAM" PRIMARY="true" ROLE="GPE" METONYMY_MENTION="FALSE">
        <extent>
          <charseq START="728" END="735">trentini</charseq>
        </extent>
        <head>
          <charseq START="728" END="735">trentini</charseq>
        </head>
      </entity_mention>
      <entity_mention ID="adige20040908_id405667-E24-8" TYPE="NAM" PRIMARY="false" ROLE="ORG" METONYMY_MENTION="FALSE">
        <extent>
          <charseq START="1007" END="1020">alla Provincia</charseq>
        </extent>
        <head>
          <charseq START="1012" END="1020">Provincia</charseq>
        </head>
      </entity_mention>
      <entity_mention ID="adige20040908_id405667-E24-10" TYPE="NAM" PRIMARY="false" ROLE="GPE" METONYMY_MENTION="FALSE">
        <extent>
          <charseq START="1534" END="1544">provinciale</charseq>
        </extent>
        <head>
          <charseq START="1534" END="1544">provinciale</charseq>
        </head>
      </entity_mention>
      <entity_mention ID="adige20040908_id405667-E24-12" TYPE="NAM" PRIMARY="false" ROLE="ORG" METONYMY_MENTION="TRUE">
        <extent>
          <charseq START="1614" END="1625">piazza Dante</charseq>
        </extent>
        <head>
          <charseq START="1614" END="1625">piazza Dante</charseq>
        </head>
      </entity_mention>
      <entity_attributes>
        <name NAME="Provincia">
          <charseq START="1012" END="1020">Provincia</charseq>
        </name>
        <name NAME="piazza Dante">
          <charseq START="1614" END="1625">piazza Dante</charseq>
        </name>
      </entity_attributes>
    </entity>
    <entity ID="adige20040908_id405667-E26" TYPE="GPE" SUBTYPE="Nation" CLASS="SPC">
      <entity_mention ID="adige20040908_id405667-E26-2" TYPE="NAM" PRIMARY="true" ROLE="GPE" METONYMY_MENTION="FALSE">
        <extent>
          <charseq START="1095" END="1100">l'Iraq</charseq>
        </extent>
        <head>
          <charseq START="1097" END="1100">Iraq</charseq>
        </head>
      </entity_mention>
      <entity_mention ID="adige20040908_id405667-E26-4" TYPE="NAM" PRIMARY="false" ROLE="GPE" METONYMY_MENTION="FALSE">
        <extent>
          <charseq START="1203" END="1210">iracheni</charseq>
        </extent>
        <head>
          <charseq START="1203" END="1210">iracheni</charseq>
        </head>
      </entity_mention>
      <entity_mention ID="adige20040908_id405667-E26-6" TYPE="NOM" PRIMARY="false" ROLE="GPE" METONYMY_MENTION="FALSE">
        <extent>
          <charseq START="1310" END="1322">della regione</charseq>
        </extent>
        <head>
          <charseq START="1316" END="1322">regione</charseq>
        </head>
      </entity_mention>
      <entity_attributes>
        <name NAME="Iraq">
          <charseq START="1097" END="1100">Iraq</charseq>
        </name>
      </entity_attributes>
    </entity>
    <entity ID="adige20040908_id405667-E27" TYPE="GPE" SUBTYPE="Population-Center" CLASS="SPC">
      <entity_mention ID="adige20040908_id405667-E27-2" TYPE="NAM" PRIMARY="true" ROLE="GPE" METONYMY_MENTION="FALSE">
        <extent>
          <charseq START="1136" END="1142">Bassora</charseq>
        </extent>
        <head>
          <charseq START="1136" END="1142">Bassora</charseq>
        </head>
      </entity_mention>
      <entity_attributes>
        <name NAME="Bassora">
          <charseq START="1136" END="1142">Bassora</charseq>
        </name>
      </entity_attributes>
    </entity>
    <entity ID="adige20040908_id405667-E30" TYPE="GPE" SUBTYPE="Population-Center" CLASS="SPC">
      <entity_mention ID="adige20040908_id405667-E30-2" TYPE="NAM" PRIMARY="true" ROLE="LOC" METONYMY_MENTION="FALSE">
        <extent>
          <charseq START="567" END="572">Trento</charseq>
        </extent>
        <head>
          <charseq START="567" END="572">Trento</charseq>
        </head>
      </entity_mention>
      <entity_mention ID="adige20040908_id405667-E30-4" TYPE="PRO" PRIMARY="false" ROLE="LOC" METONYMY_MENTION="FALSE">
        <extent>
          <charseq START="561" END="563">qui</charseq>
        </extent>
        <head>
          <charseq START="561" END="563">qui</charseq>
        </head>
      </entity_mention>
      <entity_mention ID="adige20040908_id405667-E30-6" TYPE="NOM" PRIMARY="false" ROLE="LOC" METONYMY_MENTION="FALSE">
        <extent>
          <charseq START="35" END="39">città</charseq>
        </extent>
        <head>
          <charseq START="35" END="39">città</charseq>
        </head>
      </entity_mention>
      <entity_attributes>
        <name NAME="Trento">
          <charseq START="567" END="572">Trento</charseq>
        </name>
      </entity_attributes>
    </entity>
    <entity ID="adige20040908_id405667-E31" TYPE="LOC" SUBTYPE="Region-General" CLASS="SPC">
      <entity_mention ID="adige20040908_id405667-E31-1" TYPE="NOM" PRIMARY="true" METONYMY_MENTION="FALSE">
        <extent>
          <charseq START="1126" END="1142">l'area di Bassora</charseq>
        </extent>
        <head>
          <charseq START="1128" END="1131">area</charseq>
        </head>
      </entity_mention>
    </entity>
    <entity ID="adige20040908_id405667-E32" TYPE="GPE" SUBTYPE="Nation" CLASS="SPC">
      <entity_mention ID="adige20040908_id405667-E32-1" TYPE="NAM" PRIMARY="true" ROLE="GPE" METONYMY_MENTION="FALSE">
        <extent>
          <charseq START="766" END="773">italiano</charseq>
        </extent>
        <head>
          <charseq START="766" END="773">italiano</charseq>
        </head>
      </entity_mention>
      <entity_mention ID="adige20040908_id405667-E32-2" TYPE="NOM" PRIMARY="false" ROLE="ORG" METONYMY_MENTION="FALSE">
        <extent>
          <charseq START="755" END="773">il governo italiano</charseq>
        </extent>
        <head>
          <charseq START="758" END="764">governo</charseq>
        </head>
      </entity_mention>
    </entity>
    <entity ID="adige20040908_id405667-E33" TYPE="LOC" SUBTYPE="Celestial" CLASS="SPC">
      <entity_mention ID="adige20040908_id405667-E33-1" TYPE="NOM" PRIMARY="true" METONYMY_MENTION="FALSE">
        <extent>
          <charseq START="851" END="858">del sole</charseq>
        </extent>
        <head>
          <charseq START="855" END="858">sole</charseq>
        </head>
      </entity_mention>
    </entity>
  </document>
</source_file>
