<?xml version="1.0" encoding="UTF-8"?>
<!DOCTYPE source_file PUBLIC "SYSTEM" "apf.v5.2.0.dtd">

<source_file URI="adige20040908_id405662.txt" SOURCE="unknown" TYPE="text" VERSION="5.0" AUTHOR="Evalita" ENCODING="UTF-8">
  <document DOCID="adige20040908_id405662">
    <entity ID="adige20040908_id405662-E1" TYPE="PER" SUBTYPE="Group" CLASS="SPC">
      <entity_mention ID="adige20040908_id405662-E1-2" TYPE="NOM" PRIMARY="true" METONYMY_MENTION="FALSE">
        <extent>
          <charseq START="55" END="68">dei terroristi</charseq>
        </extent>
        <head>
          <charseq START="59" END="68">terroristi</charseq>
        </head>
      </entity_mention>
      <entity_mention ID="adige20040908_id405662-E1-4" TYPE="NOM" PRIMARY="false" METONYMY_MENTION="FALSE">
        <extent>
          <charseq START="282" END="614">dei terroristi, che dopo il sequestro di Enzo Baldoni, dei due giornalisti francesi e di altri esponenti dei diversi stati che a vario titolo operano in Iraq, ora - con il rapimento di due volontarie di associazioni umanitarie - « intendono, tra l'altro, delegittimare il governo iracheno, mettendo nel mirino quelli che lo aiutano »</charseq>
        </extent>
        <head>
          <charseq START="286" END="295">terroristi</charseq>
        </head>
      </entity_mention>
      <entity_mention ID="adige20040908_id405662-E1-6" TYPE="PRO" PRIMARY="false" METONYMY_MENTION="FALSE">
        <extent>
          <charseq START="298" END="300">che</charseq>
        </extent>
        <head>
          <charseq START="298" END="300">che</charseq>
        </head>
      </entity_mention>
      <entity_mention ID="adige20040908_id405662-E1-8" TYPE="NOM" PRIMARY="false" METONYMY_MENTION="FALSE">
        <extent>
          <charseq START="1148" END="1159">i terroristi</charseq>
        </extent>
        <head>
          <charseq START="1150" END="1159">terroristi</charseq>
        </head>
      </entity_mention>
    </entity>
    <entity ID="adige20040908_id405662-E2" TYPE="PER" SUBTYPE="Individual" CLASS="SPC">
      <entity_mention ID="adige20040908_id405662-E2-2" TYPE="NAM" PRIMARY="true" METONYMY_MENTION="FALSE">
        <extent>
          <charseq START="132" END="142">Simona Pari</charseq>
        </extent>
        <head>
          <charseq START="132" END="142">Simona Pari</charseq>
        </head>
      </entity_mention>
      <entity_attributes>
        <name NAME="Simona Pari">
          <charseq START="132" END="142">Simona Pari</charseq>
        </name>
      </entity_attributes>
    </entity>
    <entity ID="adige20040908_id405662-E3" TYPE="PER" SUBTYPE="Individual" CLASS="SPC">
      <entity_mention ID="adige20040908_id405662-E3-2" TYPE="NAM" PRIMARY="true" METONYMY_MENTION="FALSE">
        <extent>
          <charseq START="146" END="160">Simona Torretta</charseq>
        </extent>
        <head>
          <charseq START="146" END="160">Simona Torretta</charseq>
        </head>
      </entity_mention>
      <entity_attributes>
        <name NAME="Simona Torretta">
          <charseq START="146" END="160">Simona Torretta</charseq>
        </name>
      </entity_attributes>
    </entity>
    <entity ID="adige20040908_id405662-E4" TYPE="PER" SUBTYPE="Group" CLASS="SPC">
      <entity_mention ID="adige20040908_id405662-E4-2" TYPE="NOM" PRIMARY="true" METONYMY_MENTION="FALSE">
        <extent>
          <charseq START="164" END="216">degli altri due operatori iracheni delle Ong italiane</charseq>
        </extent>
        <head>
          <charseq START="180" END="188">operatori</charseq>
        </head>
      </entity_mention>
    </entity>
    <entity ID="adige20040908_id405662-E5" TYPE="PER" SUBTYPE="Individual" CLASS="SPC">
      <entity_mention ID="adige20040908_id405662-E5-2" TYPE="NAM" PRIMARY="true" METONYMY_MENTION="FALSE">
        <extent>
          <charseq START="323" END="334">Enzo Baldoni</charseq>
        </extent>
        <head>
          <charseq START="323" END="334">Enzo Baldoni</charseq>
        </head>
      </entity_mention>
      <entity_attributes>
        <name NAME="Enzo Baldoni">
          <charseq START="323" END="334">Enzo Baldoni</charseq>
        </name>
      </entity_attributes>
    </entity>
    <entity ID="adige20040908_id405662-E6" TYPE="PER" SUBTYPE="Group" CLASS="SPC">
      <entity_mention ID="adige20040908_id405662-E6-2" TYPE="NOM" PRIMARY="true" METONYMY_MENTION="FALSE">
        <extent>
          <charseq START="337" END="364">dei due giornalisti francesi</charseq>
        </extent>
        <head>
          <charseq START="345" END="355">giornalisti</charseq>
        </head>
      </entity_mention>
      <entity_mention ID="adige20040908_id405662-E6-4" TYPE="NOM" PRIMARY="false" METONYMY_MENTION="FALSE">
        <extent>
          <charseq START="1734" END="1757">due giornalisti francesi</charseq>
        </extent>
        <head>
          <charseq START="1738" END="1748">giornalisti</charseq>
        </head>
      </entity_mention>
    </entity>
    <entity ID="adige20040908_id405662-E7" TYPE="PER" SUBTYPE="Group" CLASS="SPC">
      <entity_mention ID="adige20040908_id405662-E7-2" TYPE="NOM" PRIMARY="true" METONYMY_MENTION="FALSE">
        <extent>
          <charseq START="371" END="438">altri esponenti dei diversi stati che a vario titolo operano in Iraq</charseq>
        </extent>
        <head>
          <charseq START="377" END="385">esponenti</charseq>
        </head>
      </entity_mention>
      <entity_mention ID="adige20040908_id405662-E7-4" TYPE="PRO" PRIMARY="false" METONYMY_MENTION="FALSE">
        <extent>
          <charseq START="405" END="407">che</charseq>
        </extent>
        <head>
          <charseq START="405" END="407">che</charseq>
        </head>
      </entity_mention>
    </entity>
    <entity ID="adige20040908_id405662-E8" TYPE="PER" SUBTYPE="Group" CLASS="SPC">
      <entity_mention ID="adige20040908_id405662-E8-2" TYPE="NOM" PRIMARY="true" METONYMY_MENTION="FALSE">
        <extent>
          <charseq START="467" END="507">due volontarie di associazioni umanitarie</charseq>
        </extent>
        <head>
          <charseq START="471" END="480">volontarie</charseq>
        </head>
      </entity_mention>
      <entity_mention ID="adige20040908_id405662-E8-4" TYPE="NOM" PRIMARY="false" METONYMY_MENTION="FALSE">
        <extent>
          <charseq START="1683" END="1696">delle italiane</charseq>
        </extent>
        <head>
          <charseq START="1689" END="1696">italiane</charseq>
        </head>
      </entity_mention>
    </entity>
    <entity ID="adige20040908_id405662-E9" TYPE="PER" SUBTYPE="Indefinite" CLASS="SPC">
      <entity_mention ID="adige20040908_id405662-E9-2" TYPE="PRO" PRIMARY="true" METONYMY_MENTION="FALSE">
        <extent>
          <charseq START="592" END="612">quelli che lo aiutano</charseq>
        </extent>
        <head>
          <charseq START="592" END="597">quelli</charseq>
        </head>
      </entity_mention>
      <entity_mention ID="adige20040908_id405662-E9-4" TYPE="PRO" PRIMARY="false" METONYMY_MENTION="FALSE">
        <extent>
          <charseq START="599" END="601">che</charseq>
        </extent>
        <head>
          <charseq START="599" END="601">che</charseq>
        </head>
      </entity_mention>
      <entity_mention ID="adige20040908_id405662-E9-6" TYPE="NOM" PRIMARY="false" METONYMY_MENTION="FALSE">
        <extent>
          <charseq START="1381" END="1417">le persone che aiutano questo governo</charseq>
        </extent>
        <head>
          <charseq START="1384" END="1390">persone</charseq>
        </head>
      </entity_mention>
      <entity_mention ID="adige20040908_id405662-E9-8" TYPE="PRO" PRIMARY="false" METONYMY_MENTION="FALSE">
        <extent>
          <charseq START="1392" END="1394">che</charseq>
        </extent>
        <head>
          <charseq START="1392" END="1394">che</charseq>
        </head>
      </entity_mention>
    </entity>
    <entity ID="adige20040908_id405662-E10" TYPE="PER" SUBTYPE="Individual" CLASS="SPC">
      <entity_mention ID="adige20040908_id405662-E10-2" TYPE="NOM" PRIMARY="true" METONYMY_MENTION="FALSE">
        <extent>
          <charseq START="628" END="656">una fonte dei Servizi segreti</charseq>
        </extent>
        <head>
          <charseq START="632" END="636">fonte</charseq>
        </head>
      </entity_mention>
      <entity_mention ID="adige20040908_id405662-E10-4" TYPE="NOM" PRIMARY="false" METONYMY_MENTION="FALSE">
        <extent>
          <charseq START="667" END="674">la fonte</charseq>
        </extent>
        <head>
          <charseq START="670" END="674">fonte</charseq>
        </head>
      </entity_mention>
      <entity_mention ID="adige20040908_id405662-E10-6" TYPE="NOM" PRIMARY="false" METONYMY_MENTION="FALSE">
        <extent>
          <charseq START="1841" END="1848">la fonte</charseq>
        </extent>
        <head>
          <charseq START="1844" END="1848">fonte</charseq>
        </head>
      </entity_mention>
    </entity>
    <entity ID="adige20040908_id405662-E11" TYPE="PER" SUBTYPE="Group" CLASS="SPC">
      <entity_mention ID="adige20040908_id405662-E11-2" TYPE="NOM" PRIMARY="true" METONYMY_MENTION="FALSE">
        <extent>
          <charseq START="779" END="915">un commando che aveva preparato l'azione « in ogni dettaglio » e che ha agito nel pieno centro di Baghdad, una zona teoricamente blindata</charseq>
        </extent>
        <head>
          <charseq START="782" END="789">commando</charseq>
        </head>
      </entity_mention>
      <entity_mention ID="adige20040908_id405662-E11-4" TYPE="PRO" PRIMARY="false" METONYMY_MENTION="FALSE">
        <extent>
          <charseq START="791" END="793">che</charseq>
        </extent>
        <head>
          <charseq START="791" END="793">che</charseq>
        </head>
      </entity_mention>
      <entity_mention ID="adige20040908_id405662-E11-6" TYPE="PRO" PRIMARY="false" METONYMY_MENTION="FALSE">
        <extent>
          <charseq START="844" END="846">che</charseq>
        </extent>
        <head>
          <charseq START="844" END="846">che</charseq>
        </head>
      </entity_mention>
      <entity_mention ID="adige20040908_id405662-E11-8" TYPE="NOM" PRIMARY="false" METONYMY_MENTION="FALSE">
        <extent>
          <charseq START="1622" END="1651">dei professionisti del terrore</charseq>
        </extent>
        <head>
          <charseq START="1626" END="1639">professionisti</charseq>
        </head>
      </entity_mention>
      <entity_mention ID="adige20040908_id405662-E11-10" TYPE="NOM" PRIMARY="false" METONYMY_MENTION="FALSE">
        <extent>
          <charseq START="1810" END="1819">i rapitori</charseq>
        </extent>
        <head>
          <charseq START="1812" END="1819">rapitori</charseq>
        </head>
      </entity_mention>
      <entity_mention ID="adige20040908_id405662-E11-12" TYPE="PRO" PRIMARY="false" METONYMY_MENTION="FALSE">
        <extent>
          <charseq START="1801" END="1803">chi</charseq>
        </extent>
        <head>
          <charseq START="1801" END="1803">chi</charseq>
        </head>
      </entity_mention>
    </entity>
    <entity ID="adige20040908_id405662-E12" TYPE="PER" SUBTYPE="Group" CLASS="SPC">
      <entity_mention ID="adige20040908_id405662-E12-2" TYPE="NOM" PRIMARY="true" METONYMY_MENTION="FALSE">
        <extent>
          <charseq START="918" END="945">Gli uomini dell'intelligence</charseq>
        </extent>
        <head>
          <charseq START="922" END="927">uomini</charseq>
        </head>
      </entity_mention>
    </entity>
    <entity ID="adige20040908_id405662-E14" TYPE="PER" SUBTYPE="Group" CLASS="SPC">
      <entity_mention ID="adige20040908_id405662-E14-2" TYPE="NOM" PRIMARY="true" METONYMY_MENTION="FALSE">
        <extent>
          <charseq START="1361" END="1369">i soldati</charseq>
        </extent>
        <head>
          <charseq START="1363" END="1369">soldati</charseq>
        </head>
      </entity_mention>
    </entity>
    <entity ID="adige20040908_id405662-E17" TYPE="PER" SUBTYPE="Indefinite" CLASS="USP">
      <entity_mention ID="adige20040908_id405662-E17-2" TYPE="PRO" PRIMARY="true" METONYMY_MENTION="FALSE">
        <extent>
          <charseq START="1788" END="1789">si</charseq>
        </extent>
        <head>
          <charseq START="1788" END="1789">si</charseq>
        </head>
      </entity_mention>
    </entity>
    <entity ID="adige20040908_id405662-E18" TYPE="PER" SUBTYPE="Indefinite" CLASS="USP">
      <entity_mention ID="adige20040908_id405662-E18-2" TYPE="PRO" PRIMARY="true" METONYMY_MENTION="FALSE">
        <extent>
          <charseq START="1596" END="1597">si</charseq>
        </extent>
        <head>
          <charseq START="1596" END="1597">si</charseq>
        </head>
      </entity_mention>
    </entity>
  <entity ID="adige20040908_id405662-E21" TYPE="PER" SUBTYPE="Group" CLASS="SPC">
      <entity_mention ID="adige20040908_id405662-E21-2" TYPE="NOM" PRIMARY="true" METONYMY_MENTION="FALSE">
        <extent>
          <charseq START="1352" END="1417">non solo i soldati, ma anche le persone che aiutano questo governo</charseq>
        </extent>
        <head>
          <charseq START="1352" END="1417">non solo i soldati, ma anche le persone che aiutano questo governo</charseq>
        </head>
      </entity_mention>
    </entity>
    <entity ID="adige20040908_id405662-E22" TYPE="ORG" SUBTYPE="Government" CLASS="SPC">
      <entity_mention ID="adige20040908_id405662-E22-1" TYPE="NOM" PRIMARY="true" METONYMY_MENTION="FALSE">
        <extent>
          <charseq START="4" END="20">i servizi segreti</charseq>
        </extent>
        <head>
          <charseq START="6" END="20">servizi segreti</charseq>
        </head>
      </entity_mention>
      <entity_mention ID="adige20040908_id405662-E22-2" TYPE="NOM" PRIMARY="false" METONYMY_MENTION="FALSE">
        <extent>
          <charseq START="638" END="656">dei Servizi segreti</charseq>
        </extent>
        <head>
          <charseq START="642" END="656">Servizi segreti</charseq>
        </head>
      </entity_mention>
      <entity_mention ID="adige20040908_id405662-E22-3" TYPE="NOM" PRIMARY="false" METONYMY_MENTION="FALSE">
        <extent>
          <charseq START="929" END="945">dell'intelligence</charseq>
        </extent>
        <head>
          <charseq START="934" END="945">intelligence</charseq>
        </head>
      </entity_mention>
    </entity>
    <entity ID="adige20040908_id405662-E23" TYPE="ORG" SUBTYPE="Non-Governmental" CLASS="SPC">
      <entity_mention ID="adige20040908_id405662-E23-1" TYPE="NOM" PRIMARY="true" METONYMY_MENTION="FALSE">
        <extent>
          <charseq START="199" END="216">delle Ong italiane</charseq>
        </extent>
        <head>
          <charseq START="205" END="207">Ong</charseq>
        </head>
      </entity_mention>
      <entity_mention ID="adige20040908_id405662-E23-2" TYPE="NOM" PRIMARY="false" METONYMY_MENTION="FALSE">
        <extent>
          <charseq START="485" END="507">associazioni umanitarie</charseq>
        </extent>
        <head>
          <charseq START="485" END="496">associazioni</charseq>
        </head>
      </entity_mention>
      <entity_mention ID="adige20040908_id405662-E23-3" TYPE="NOM" PRIMARY="false" METONYMY_MENTION="FALSE">
        <extent>
          <charseq START="1250" END="1291">alle stesse organizzazioni non governative</charseq>
        </extent>
        <head>
          <charseq START="1262" END="1275">organizzazioni</charseq>
        </head>
      </entity_mention>
    </entity>
    <entity ID="adige20040908_id405662-E24" TYPE="GPE" SUBTYPE="Population-Center" CLASS="SPC">
      <entity_mention ID="adige20040908_id405662-E24-1" TYPE="NAM" PRIMARY="true" ROLE="LOC" METONYMY_MENTION="FALSE">
        <extent>
          <charseq START="109" END="112">ROMA</charseq>
        </extent>
        <head>
          <charseq START="109" END="112">ROMA</charseq>
        </head>
      </entity_mention>
      <entity_attributes>
        <name NAME="ROMA">
          <charseq START="109" END="112">ROMA</charseq>
        </name>
      </entity_attributes>
    </entity>
    <entity ID="adige20040908_id405662-E27" TYPE="GPE" SUBTYPE="Nation" CLASS="SPC">
      <entity_mention ID="adige20040908_id405662-E27-1" TYPE="NAM" PRIMARY="true" ROLE="GPE" METONYMY_MENTION="FALSE">
        <extent>
          <charseq START="357" END="364">francesi</charseq>
        </extent>
        <head>
          <charseq START="357" END="364">francesi</charseq>
        </head>
      </entity_mention>
      <entity_mention ID="adige20040908_id405662-E27-2" TYPE="NAM" PRIMARY="false" ROLE="GPE" METONYMY_MENTION="FALSE">
        <extent>
          <charseq START="1750" END="1757">francesi</charseq>
        </extent>
        <head>
          <charseq START="1750" END="1757">francesi</charseq>
        </head>
      </entity_mention>
    </entity>
    <entity ID="adige20040908_id405662-E28" TYPE="GPE" SUBTYPE="Nation" CLASS="SPC">
      <entity_mention ID="adige20040908_id405662-E28-1" TYPE="NAM" PRIMARY="true" ROLE="LOC" METONYMY_MENTION="FALSE">
        <extent>
          <charseq START="435" END="438">Iraq</charseq>
        </extent>
        <head>
          <charseq START="435" END="438">Iraq</charseq>
        </head>
      </entity_mention>
      <entity_mention ID="adige20040908_id405662-E28-2" TYPE="NAM" PRIMARY="false" ROLE="GPE" METONYMY_MENTION="FALSE">
        <extent>
          <charseq START="190" END="197">iracheni</charseq>
        </extent>
        <head>
          <charseq START="190" END="197">iracheni</charseq>
        </head>
      </entity_mention>
      <entity_mention ID="adige20040908_id405662-E28-3" TYPE="NAM" PRIMARY="false" ROLE="GPE" METONYMY_MENTION="FALSE">
        <extent>
          <charseq START="562" END="569">iracheno</charseq>
        </extent>
        <head>
          <charseq START="562" END="569">iracheno</charseq>
        </head>
      </entity_mention>
      <entity_mention ID="adige20040908_id405662-E28-4" TYPE="NAM" PRIMARY="false" ROLE="GPE" METONYMY_MENTION="FALSE">
        <extent>
          <charseq START="96" END="103">iracheno</charseq>
        </extent>
        <head>
          <charseq START="96" END="103">iracheno</charseq>
        </head>
      </entity_mention>
      <entity_mention ID="adige20040908_id405662-E28-6" TYPE="NAM" PRIMARY="false" ROLE="GPE" METONYMY_MENTION="FALSE">
        <extent>
          <charseq START="1318" END="1325">iracheno</charseq>
        </extent>
        <head>
          <charseq START="1318" END="1325">iracheno</charseq>
        </head>
      </entity_mention>
      <entity_mention ID="adige20040908_id405662-E28-8" TYPE="NOM" PRIMARY="false" ROLE="ORG" METONYMY_MENTION="FALSE">
        <extent>
          <charseq START="551" END="569">il governo iracheno</charseq>
        </extent>
        <head>
          <charseq START="554" END="560">governo</charseq>
        </head>
      </entity_mention>
      <entity_mention ID="adige20040908_id405662-E28-10" TYPE="PRO" PRIMARY="false" ROLE="ORG" METONYMY_MENTION="FALSE">
        <extent>
          <charseq START="603" END="604">lo</charseq>
        </extent>
        <head>
          <charseq START="603" END="604">lo</charseq>
        </head>
      </entity_mention>
      <entity_mention ID="adige20040908_id405662-E28-12" TYPE="NOM" PRIMARY="false" ROLE="ORG" METONYMY_MENTION="FALSE">
        <extent>
          <charseq START="1307" END="1325">al governo iracheno</charseq>
        </extent>
        <head>
          <charseq START="1310" END="1316">governo</charseq>
        </head>
      </entity_mention>
      <entity_mention ID="adige20040908_id405662-E28-14" TYPE="NOM" PRIMARY="false" ROLE="ORG" METONYMY_MENTION="FALSE">
        <extent>
          <charseq START="1404" END="1417">questo governo</charseq>
        </extent>
        <head>
          <charseq START="1411" END="1417">governo</charseq>
        </head>
      </entity_mention>
      <entity_mention ID="adige20040908_id405662-E28-16" TYPE="NOM" PRIMARY="false" ROLE="ORG" METONYMY_MENTION="FALSE">
        <extent>
          <charseq START="85" END="103">il governo iracheno</charseq>
        </extent>
        <head>
          <charseq START="88" END="94">governo</charseq>
        </head>
      </entity_mention>
      <entity_attributes>
        <name NAME="Iraq">
          <charseq START="435" END="438">Iraq</charseq>
        </name>
      </entity_attributes>
    </entity>
    <entity ID="adige20040908_id405662-E30" TYPE="GPE" SUBTYPE="Population-Center" CLASS="SPC">
      <entity_mention ID="adige20040908_id405662-E30-1" TYPE="NAM" PRIMARY="true" ROLE="GPE" METONYMY_MENTION="FALSE">
        <extent>
          <charseq START="877" END="883">Baghdad</charseq>
        </extent>
        <head>
          <charseq START="877" END="883">Baghdad</charseq>
        </head>
      </entity_mention>
      <entity_attributes>
        <name NAME="Baghdad">
          <charseq START="877" END="883">Baghdad</charseq>
        </name>
      </entity_attributes>
    </entity>
    <entity ID="adige20040908_id405662-E31" TYPE="GPE" SUBTYPE="Nation" CLASS="SPC">
      <entity_mention ID="adige20040908_id405662-E31-1" TYPE="NAM" PRIMARY="true" ROLE="GPE" METONYMY_MENTION="FALSE">
        <extent>
          <charseq START="1226" END="1235">all'Italia</charseq>
        </extent>
        <head>
          <charseq START="1230" END="1235">Italia</charseq>
        </head>
      </entity_mention>
      <entity_mention ID="adige20040908_id405662-E31-2" TYPE="NAM" PRIMARY="false" ROLE="GPE" METONYMY_MENTION="FALSE">
        <extent>
          <charseq START="209" END="216">italiane</charseq>
        </extent>
        <head>
          <charseq START="209" END="216">italiane</charseq>
        </head>
      </entity_mention>
      <entity_attributes>
        <name NAME="Italia">
          <charseq START="1230" END="1235">Italia</charseq>
        </name>
      </entity_attributes>
    </entity>
    <entity ID="adige20040908_id405662-E32" TYPE="GPE" SUBTYPE="Continent" CLASS="SPC">
      <entity_mention ID="adige20040908_id405662-E32-1" TYPE="NAM" PRIMARY="true" ROLE="GPE" METONYMY_MENTION="FALSE">
        <extent>
          <charseq START="1238" END="1247">all'Europa</charseq>
        </extent>
        <head>
          <charseq START="1242" END="1247">Europa</charseq>
        </head>
      </entity_mention>
      <entity_attributes>
        <name NAME="Europa">
          <charseq START="1242" END="1247">Europa</charseq>
        </name>
      </entity_attributes>
    </entity>
    <entity ID="adige20040908_id405662-E34" TYPE="GPE" SUBTYPE="Nation" CLASS="SPC">
      <entity_mention ID="adige20040908_id405662-E34-2" TYPE="NOM" PRIMARY="true" ROLE="GPE" METONYMY_MENTION="FALSE">
        <extent>
          <charseq START="387" END="438">dei diversi stati che a vario titolo operano in Iraq</charseq>
        </extent>
        <head>
          <charseq START="399" END="403">stati</charseq>
        </head>
      </entity_mention>
      <entity_mention ID="adige20040908_id405662-E34-4" TYPE="PRO" PRIMARY="false" ROLE="GPE" METONYMY_MENTION="FALSE">
        <extent>
          <charseq START="405" END="407">che</charseq>
        </extent>
        <head>
          <charseq START="405" END="407">che</charseq>
        </head>
      </entity_mention>
    </entity>
    <entity ID="adige20040908_id405662-E35" TYPE="LOC" SUBTYPE="Region-General" CLASS="SPC">
      <entity_mention ID="adige20040908_id405662-E35-1" TYPE="NOM" PRIMARY="true" METONYMY_MENTION="FALSE">
        <extent>
          <charseq START="857" END="883">nel pieno centro di Baghdad</charseq>
        </extent>
        <head>
          <charseq START="867" END="872">centro</charseq>
        </head>
      </entity_mention>
      <entity_mention ID="adige20040908_id405662-E35-2" TYPE="NOM" PRIMARY="false" METONYMY_MENTION="FALSE">
        <extent>
          <charseq START="886" END="915">una zona teoricamente blindata</charseq>
        </extent>
        <head>
          <charseq START="890" END="893">zona</charseq>
        </head>
      </entity_mention>
      <entity_mention ID="adige20040908_id405662-E35-3" TYPE="NOM" PRIMARY="false" METONYMY_MENTION="FALSE">
        <extent>
          <charseq START="857" END="915">nel pieno centro di Baghdad, una zona teoricamente blindata</charseq>
        </extent>
        <head>
          <charseq START="857" END="915">nel pieno centro di Baghdad, una zona teoricamente blindata</charseq>
        </head>
      </entity_mention>
    </entity>
  </document>
</source_file>
