<?xml version="1.0" encoding="UTF-8"?>
<!DOCTYPE source_file PUBLIC "SYSTEM" "apf.v5.2.0.dtd">

<source_file URI="adige20040908_id405661.txt" SOURCE="unknown" TYPE="text" VERSION="5.0" AUTHOR="Evalita" ENCODING="UTF-8">
  <document DOCID="adige20040908_id405661">
    <entity ID="adige20040908_id405661-E1" TYPE="PER" SUBTYPE="Group" CLASS="SPC">
      <entity_mention ID="adige20040908_id405661-E1-2" TYPE="NOM" PRIMARY="true" METONYMY_MENTION="FALSE">
        <extent>
          <charseq START="34" END="50">i morti americani</charseq>
        </extent>
        <head>
          <charseq START="36" END="40">morti</charseq>
        </head>
      </entity_mention>
      <entity_mention ID="adige20040908_id405661-E1-4" TYPE="NOM" PRIMARY="false" METONYMY_MENTION="FALSE">
        <extent>
          <charseq START="557" END="584">le perdite americane in Iraq</charseq>
        </extent>
        <head>
          <charseq START="560" END="566">perdite</charseq>
        </head>
      </entity_mention>
      <entity_mention ID="adige20040908_id405661-E1-6" TYPE="PRO" PRIMARY="false" METONYMY_MENTION="FALSE">
        <extent>
          <charseq START="616" END="620">mille</charseq>
        </extent>
        <head>
          <charseq START="616" END="620">mille</charseq>
        </head>
      </entity_mention>
      <entity_mention ID="adige20040908_id405661-E1-7" TYPE="PRO" PRIMARY="false" METONYMY_MENTION="FALSE">
        <extent>
          <charseq START="20" END="24">mille</charseq>
        </extent>
        <head>
          <charseq START="20" END="24">mille</charseq>
        </head>
      </entity_mention>
    </entity>
    <entity ID="adige20040908_id405661-E2" TYPE="PER" SUBTYPE="Group" CLASS="SPC">
      <entity_mention ID="adige20040908_id405661-E2-2" TYPE="NOM" PRIMARY="true" METONYMY_MENTION="FALSE">
        <extent>
          <charseq START="62" END="93">Almeno 100 guerriglieri iracheni</charseq>
        </extent>
        <head>
          <charseq START="73" END="84">guerriglieri</charseq>
        </head>
      </entity_mention>
    </entity>
    <entity ID="adige20040908_id405661-E3" TYPE="PER" SUBTYPE="Group" CLASS="SPC">
      <entity_mention ID="adige20040908_id405661-E3-2" TYPE="NOM" PRIMARY="true" METONYMY_MENTION="FALSE">
        <extent>
          <charseq START="174" END="194">dalle forze americane</charseq>
        </extent>
        <head>
          <charseq START="180" END="184">forze</charseq>
        </head>
      </entity_mention>
    </entity>
    <entity ID="adige20040908_id405661-E4" TYPE="PER" SUBTYPE="Group" CLASS="SPC">
      <entity_mention ID="adige20040908_id405661-E4-2" TYPE="NOM" PRIMARY="true" METONYMY_MENTION="FALSE">
        <extent>
          <charseq START="266" END="281">dalla guerriglia</charseq>
        </extent>
        <head>
          <charseq START="272" END="281">guerriglia</charseq>
        </head>
      </entity_mention>
    </entity>
    <entity ID="adige20040908_id405661-E5" TYPE="PER" SUBTYPE="Individual" CLASS="SPC">
      <entity_mention ID="adige20040908_id405661-E5-2" TYPE="NAM" PRIMARY="true" METONYMY_MENTION="FALSE">
        <extent>
          <charseq START="721" END="732">Enzo Baldoni</charseq>
        </extent>
        <head>
          <charseq START="721" END="732">Enzo Baldoni</charseq>
        </head>
      </entity_mention>
      <entity_mention ID="adige20040908_id405661-E5-4" TYPE="NAM" PRIMARY="false" METONYMY_MENTION="FALSE">
        <extent>
          <charseq START="645" END="651">Baldoni</charseq>
        </extent>
        <head>
          <charseq START="645" END="651">Baldoni</charseq>
        </head>
      </entity_mention>
      <entity_mention ID="adige20040908_id405661-E5-6" TYPE="NAM" PRIMARY="false" METONYMY_MENTION="FALSE">
        <extent>
          <charseq START="998" END="1009">Enzo Baldoni</charseq>
        </extent>
        <head>
          <charseq START="998" END="1009">Enzo Baldoni</charseq>
        </head>
      </entity_mention>
      <entity_mention ID="adige20040908_id405661-E5-8" TYPE="NOM" PRIMARY="false" METONYMY_MENTION="FALSE">
        <extent>
          <charseq START="1189" END="1201">dell'ostaggio</charseq>
        </extent>
        <head>
          <charseq START="1194" END="1201">ostaggio</charseq>
        </head>
      </entity_mention>
      <entity_mention ID="adige20040908_id405661-E5-10" TYPE="NOM" PRIMARY="false" METONYMY_MENTION="FALSE">
        <extent>
          <charseq START="639" END="643">salma</charseq>
        </extent>
        <head>
          <charseq START="639" END="643">salma</charseq>
        </head>
      </entity_mention>
      <entity_mention ID="adige20040908_id405661-E5-12" TYPE="NOM" PRIMARY="false" METONYMY_MENTION="FALSE">
        <extent>
          <charseq START="639" END="651">salma Baldoni</charseq>
        </extent>
        <head>
          <charseq START="639" END="651">salma Baldoni</charseq>
        </head>
      </entity_mention>
      <entity_mention ID="adige20040908_id405661-E5-13" TYPE="NOM" PRIMARY="false" METONYMY_MENTION="FALSE">
        <extent>
          <charseq START="708" END="732">dei resti di Enzo Baldoni</charseq>
        </extent>
        <head>
          <charseq START="712" END="716">resti</charseq>
        </head>
      </entity_mention>
      <entity_attributes>
        <name NAME="Enzo Baldoni">
          <charseq START="721" END="732">Enzo Baldoni</charseq>
        </name>
        <name NAME="Baldoni">
          <charseq START="645" END="651">Baldoni</charseq>
        </name>
        <name NAME="Enzo Baldoni">
          <charseq START="998" END="1009">Enzo Baldoni</charseq>
        </name>
      </entity_attributes>
    </entity>
    <entity ID="adige20040908_id405661-E6" TYPE="PER" SUBTYPE="Group" CLASS="SPC">
      <entity_mention ID="adige20040908_id405661-E6-2" TYPE="NOM" PRIMARY="true" METONYMY_MENTION="FALSE">
        <extent>
          <charseq START="767" END="791">due ostaggi francesi vivi</charseq>
        </extent>
        <head>
          <charseq START="771" END="777">ostaggi</charseq>
        </head>
      </entity_mention>
    </entity>
    <entity ID="adige20040908_id405661-E7" TYPE="PER" SUBTYPE="Individual" CLASS="SPC">
      <entity_mention ID="adige20040908_id405661-E7-2" TYPE="NAM" PRIMARY="true" METONYMY_MENTION="FALSE">
        <extent>
          <charseq START="887" END="897">Enzo Bianco</charseq>
        </extent>
        <head>
          <charseq START="887" END="897">Enzo Bianco</charseq>
        </head>
      </entity_mention>
      <entity_mention ID="adige20040908_id405661-E7-4" TYPE="NOM" PRIMARY="false" METONYMY_MENTION="FALSE">
        <extent>
          <charseq START="861" END="884">il presidente del Copaco</charseq>
        </extent>
        <head>
          <charseq START="864" END="873">presidente</charseq>
        </head>
      </entity_mention>
      <entity_mention ID="adige20040908_id405661-E7-6" TYPE="NOM" PRIMARY="false" METONYMY_MENTION="FALSE">
        <extent>
          <charseq START="861" END="897">il presidente del Copaco, Enzo Bianco</charseq>
        </extent>
        <head>
          <charseq START="861" END="897">il presidente del Copaco, Enzo Bianco</charseq>
        </head>
      </entity_mention>
      <entity_attributes>
        <name NAME="Enzo Bianco">
          <charseq START="887" END="897">Enzo Bianco</charseq>
        </name>
      </entity_attributes>
    </entity>
    <entity ID="adige20040908_id405661-E8" TYPE="PER" SUBTYPE="Individual" CLASS="SPC">
      <entity_mention ID="adige20040908_id405661-E8-2" TYPE="NAM" PRIMARY="true" METONYMY_MENTION="FALSE">
        <extent>
          <charseq START="951" END="964">Nicolò Pollari</charseq>
        </extent>
        <head>
          <charseq START="951" END="964">Nicolò Pollari</charseq>
        </head>
      </entity_mention>
      <entity_mention ID="adige20040908_id405661-E8-4" TYPE="NOM" PRIMARY="false" METONYMY_MENTION="FALSE">
        <extent>
          <charseq START="926" END="948">del direttore del Sismi</charseq>
        </extent>
        <head>
          <charseq START="930" END="938">direttore</charseq>
        </head>
      </entity_mention>
      <entity_mention ID="adige20040908_id405661-E8-6" TYPE="NOM" PRIMARY="false" METONYMY_MENTION="FALSE">
        <extent>
          <charseq START="926" END="964">del direttore del Sismi, Nicolò Pollari</charseq>
        </extent>
        <head>
          <charseq START="926" END="964">del direttore del Sismi, Nicolò Pollari</charseq>
        </head>
      </entity_mention>
      <entity_attributes>
        <name NAME="Nicolò Pollari">
          <charseq START="951" END="964">Nicolò Pollari</charseq>
        </name>
      </entity_attributes>
    </entity>
    <entity ID="adige20040908_id405661-E9" TYPE="PER" SUBTYPE="Group" CLASS="SPC">
      <entity_mention ID="adige20040908_id405661-E9-2" TYPE="NOM" PRIMARY="true" METONYMY_MENTION="FALSE">
        <extent>
          <charseq START="1206" END="1214">un gruppo</charseq>
        </extent>
        <head>
          <charseq START="1209" END="1214">gruppo</charseq>
        </head>
      </entity_mention>
    </entity>
    <entity ID="adige20040908_id405661-E10" TYPE="PER" SUBTYPE="Group" CLASS="SPC">
      <entity_mention ID="adige20040908_id405661-E10-2" TYPE="PRO" PRIMARY="true" METONYMY_MENTION="FALSE">
        <extent>
          <charseq START="1219" END="1226">un altro</charseq>
        </extent>
        <head>
          <charseq START="1222" END="1226">altro</charseq>
        </head>
      </entity_mention>
    </entity>
    <entity ID="adige20040908_id405661-E11" TYPE="PER" SUBTYPE="Individual" CLASS="SPC">
      <entity_mention ID="adige20040908_id405661-E11-2" TYPE="NOM" PRIMARY="true" METONYMY_MENTION="FALSE">
        <extent>
          <charseq START="1248" END="1263">camionista turco</charseq>
        </extent>
        <head>
          <charseq START="1248" END="1257">camionista</charseq>
        </head>
      </entity_mention>
      <entity_mention ID="adige20040908_id405661-E11-4" TYPE="NOM" PRIMARY="false" METONYMY_MENTION="FALSE">
        <extent>
          <charseq START="1275" END="1293">Un camionista turco</charseq>
        </extent>
        <head>
          <charseq START="1278" END="1287">camionista</charseq>
        </head>
      </entity_mention>
      <entity_mention ID="adige20040908_id405661-E11-6" TYPE="NOM" PRIMARY="false" METONYMY_MENTION="FALSE">
        <extent>
          <charseq START="1543" END="1557">l'autista turco</charseq>
        </extent>
        <head>
          <charseq START="1545" END="1551">autista</charseq>
        </head>
      </entity_mention>
    </entity>
    <entity ID="adige20040908_id405661-E12" TYPE="PER" SUBTYPE="Individual" CLASS="SPC">
      <entity_mention ID="adige20040908_id405661-E12-2" TYPE="NAM" PRIMARY="true" METONYMY_MENTION="FALSE">
        <extent>
          <charseq START="1428" END="1444">Mohammed Abdullah</charseq>
        </extent>
        <head>
          <charseq START="1428" END="1444">Mohammed Abdullah</charseq>
        </head>
      </entity_mention>
      <entity_mention ID="adige20040908_id405661-E12-4" TYPE="NOM" PRIMARY="false" METONYMY_MENTION="FALSE">
        <extent>
          <charseq START="1405" END="1426">Il maggiore di polizia</charseq>
        </extent>
        <head>
          <charseq START="1408" END="1415">maggiore</charseq>
        </head>
      </entity_mention>
      <entity_mention ID="adige20040908_id405661-E12-6" TYPE="NOM" PRIMARY="false" METONYMY_MENTION="FALSE">
        <extent>
          <charseq START="1405" END="1444">Il maggiore di polizia Mohammed Abdullah</charseq>
        </extent>
        <head>
          <charseq START="1405" END="1444">Il maggiore di polizia Mohammed Abdullah</charseq>
        </head>
      </entity_mention>
      <entity_attributes>
        <name NAME="Mohammed Abdullah">
          <charseq START="1428" END="1444">Mohammed Abdullah</charseq>
        </name>
      </entity_attributes>
    </entity>
    <entity ID="adige20040908_id405661-E13" TYPE="PER" SUBTYPE="Group" CLASS="SPC">
      <entity_mention ID="adige20040908_id405661-E13-2" TYPE="NOM" PRIMARY="true" METONYMY_MENTION="FALSE">
        <extent>
          <charseq START="1459" END="1471">uomini armati</charseq>
        </extent>
        <head>
          <charseq START="1459" END="1464">uomini</charseq>
        </head>
      </entity_mention>
    </entity>
    <entity ID="adige20040908_id405661-E14" TYPE="PER" SUBTYPE="Group" CLASS="SPC">
      <entity_mention ID="adige20040908_id405661-E14-2" TYPE="NOM" PRIMARY="true" METONYMY_MENTION="FALSE">
        <extent>
          <charseq START="1709" END="1739">dei suoi due giornalisti rapiti</charseq>
        </extent>
        <head>
          <charseq START="1722" END="1732">giornalisti</charseq>
        </head>
      </entity_mention>
    </entity>
    <entity ID="adige20040908_id405661-E15" TYPE="PER" SUBTYPE="Group" CLASS="GEN">
      <entity_mention ID="adige20040908_id405661-E15-2" TYPE="NOM" PRIMARY="true" METONYMY_MENTION="FALSE">
        <extent>
          <charseq START="1843" END="1852">capi tribù</charseq>
        </extent>
        <head>
          <charseq START="1843" END="1846">capi</charseq>
        </head>
      </entity_mention>
    </entity>
    <entity ID="adige20040908_id405661-E16" TYPE="PER" SUBTYPE="Group" CLASS="GEN">
      <entity_mention ID="adige20040908_id405661-E16-2" TYPE="NOM" PRIMARY="true" METONYMY_MENTION="FALSE">
        <extent>
          <charseq START="1855" END="1867">ulema sunniti</charseq>
        </extent>
        <head>
          <charseq START="1855" END="1859">ulema</charseq>
        </head>
      </entity_mention>
    </entity>
    <entity ID="adige20040908_id405661-E17" TYPE="PER" SUBTYPE="Group" CLASS="GEN">
      <entity_mention ID="adige20040908_id405661-E17-2" TYPE="NOM" PRIMARY="true" METONYMY_MENTION="FALSE">
        <extent>
          <charseq START="1871" END="1910">altri esponenti della « società civile »</charseq>
        </extent>
        <head>
          <charseq START="1877" END="1885">esponenti</charseq>
        </head>
      </entity_mention>
    </entity>
    <entity ID="adige20040908_id405661-E18" TYPE="PER" SUBTYPE="Group" CLASS="SPC">
      <entity_mention ID="adige20040908_id405661-E18-2" TYPE="NOM" PRIMARY="true" METONYMY_MENTION="FALSE">
        <extent>
          <charseq START="1952" END="1984">le altre « forze di occupazione »</charseq>
        </extent>
        <head>
          <charseq START="1963" END="1967">forze</charseq>
        </head>
      </entity_mention>
    </entity>
    <entity ID="adige20040908_id405661-E19" TYPE="PER" SUBTYPE="Individual" CLASS="SPC">
      <entity_mention ID="adige20040908_id405661-E19-2" TYPE="NAM" PRIMARY="true" METONYMY_MENTION="FALSE">
        <extent>
          <charseq START="2046" END="2062">Christian Chesnot</charseq>
        </extent>
        <head>
          <charseq START="2046" END="2062">Christian Chesnot</charseq>
        </head>
      </entity_mention>
      <entity_attributes>
        <name NAME="Christian Chesnot">
          <charseq START="2046" END="2062">Christian Chesnot</charseq>
        </name>
      </entity_attributes>
    </entity>
    <entity ID="adige20040908_id405661-E20" TYPE="PER" SUBTYPE="Individual" CLASS="SPC">
      <entity_mention ID="adige20040908_id405661-E20-2" TYPE="NAM" PRIMARY="true" METONYMY_MENTION="FALSE">
        <extent>
          <charseq START="2066" END="2082">Georges Malbrunot</charseq>
        </extent>
        <head>
          <charseq START="2066" END="2082">Georges Malbrunot</charseq>
        </head>
      </entity_mention>
      <entity_attributes>
        <name NAME="Georges Malbrunot">
          <charseq START="2066" END="2082">Georges Malbrunot</charseq>
        </name>
      </entity_attributes>
    </entity>
    <entity ID="adige20040908_id405661-E21" TYPE="PER" SUBTYPE="Group" CLASS="SPC">
      <entity_mention ID="adige20040908_id405661-E21-2" TYPE="NOM" PRIMARY="true" METONYMY_MENTION="FALSE">
        <extent>
          <charseq START="2119" END="2135">dei sequestratori</charseq>
        </extent>
        <head>
          <charseq START="2123" END="2135">sequestratori</charseq>
        </head>
      </entity_mention>
    </entity>
    <entity ID="adige20040908_id405661-E22" TYPE="PER" SUBTYPE="Individual" CLASS="SPC">
      <entity_mention ID="adige20040908_id405661-E22-2" TYPE="NAM" PRIMARY="true" METONYMY_MENTION="FALSE">
        <extent>
          <charseq START="2142" END="2149">Raffarin</charseq>
        </extent>
        <head>
          <charseq START="2142" END="2149">Raffarin</charseq>
        </head>
      </entity_mention>
      <entity_attributes>
        <name NAME="Raffarin">
          <charseq START="2142" END="2149">Raffarin</charseq>
        </name>
      </entity_attributes>
    </entity>
    <entity ID="adige20040908_id405661-E23" TYPE="PER" SUBTYPE="Group" CLASS="SPC">
      <entity_mention ID="adige20040908_id405661-E23-1" TYPE="NOM" PRIMARY="true" METONYMY_MENTION="FALSE">
        <extent>
          <charseq START="1843" END="1910">capi tribù, ulema sunniti e altri esponenti della « società civile »</charseq>
        </extent>
        <head>
          <charseq START="1843" END="1910">capi tribù, ulema sunniti e altri esponenti della « società civile »</charseq>
        </head>
      </entity_mention>
    </entity>
    <entity ID="adige20040908_id405661-E24" TYPE="PER" SUBTYPE="Group" CLASS="SPC">
      <entity_mention ID="adige20040908_id405661-E24-1" TYPE="NAM" PRIMARY="true" METONYMY_MENTION="FALSE">
        <extent>
          <charseq START="2046" END="2082">Christian Chesnot e Georges Malbrunot</charseq>
        </extent>
        <head>
          <charseq START="2046" END="2082">Christian Chesnot e Georges Malbrunot</charseq>
        </head>
      </entity_mention>
      <entity_attributes>
        <name NAME="Christian Chesnot e Georges Malbrunot">
          <charseq START="2046" END="2082">Christian Chesnot e Georges Malbrunot</charseq>
        </name>
      </entity_attributes>
    </entity>
    <entity ID="adige20040908_id405661-E25" TYPE="ORG" SUBTYPE="Government" CLASS="SPC">
      <entity_mention ID="adige20040908_id405661-E25-1" TYPE="NAM" PRIMARY="true" METONYMY_MENTION="FALSE">
        <extent>
          <charseq START="662" END="669">Il Sismi</charseq>
        </extent>
        <head>
          <charseq START="665" END="669">Sismi</charseq>
        </head>
      </entity_mention>
      <entity_mention ID="adige20040908_id405661-E25-2" TYPE="NAM" PRIMARY="false" METONYMY_MENTION="FALSE">
        <extent>
          <charseq START="940" END="948">del Sismi</charseq>
        </extent>
        <head>
          <charseq START="944" END="948">Sismi</charseq>
        </head>
      </entity_mention>
      <entity_attributes>
        <name NAME="Sismi">
          <charseq START="665" END="669">Sismi</charseq>
        </name>
        <name NAME="Sismi">
          <charseq START="944" END="948">Sismi</charseq>
        </name>
      </entity_attributes>
    </entity>
    <entity ID="adige20040908_id405661-E26" TYPE="ORG" SUBTYPE="Government" CLASS="SPC">
      <entity_mention ID="adige20040908_id405661-E26-1" TYPE="NAM" PRIMARY="true" METONYMY_MENTION="FALSE">
        <extent>
          <charseq START="875" END="884">del Copaco</charseq>
        </extent>
        <head>
          <charseq START="879" END="884">Copaco</charseq>
        </head>
      </entity_mention>
      <entity_attributes>
        <name NAME="Copaco">
          <charseq START="879" END="884">Copaco</charseq>
        </name>
      </entity_attributes>
    </entity>
    <entity ID="adige20040908_id405661-E28" TYPE="ORG" SUBTYPE="Government" CLASS="SPC">
      <entity_mention ID="adige20040908_id405661-E28-1" TYPE="NAM" PRIMARY="true" METONYMY_MENTION="FALSE">
        <extent>
          <charseq START="1420" END="1426">polizia</charseq>
        </extent>
        <head>
          <charseq START="1420" END="1426">polizia</charseq>
        </head>
      </entity_mention>
      <entity_attributes>
        <name NAME="polizia">
          <charseq START="1420" END="1426">polizia</charseq>
        </name>
      </entity_attributes>
    </entity>
    <entity ID="adige20040908_id405661-E29" TYPE="PER" SUBTYPE="Group" CLASS="SPC">
      <entity_mention ID="adige20040908_id405661-E29-2" TYPE="NOM" PRIMARY="true" METONYMY_MENTION="FALSE">
        <extent>
          <charseq START="1936" END="1948">gli americani</charseq>
        </extent>
        <head>
          <charseq START="1940" END="1948">americani</charseq>
        </head>
      </entity_mention>
    </entity>
    <entity ID="adige20040908_id405661-E30" TYPE="PER" SUBTYPE="Group" CLASS="SPC">
      <entity_mention ID="adige20040908_id405661-E30-2" TYPE="NOM" PRIMARY="true" METONYMY_MENTION="FALSE">
        <extent>
          <charseq START="1936" END="1984">gli americani e le altre « forze di occupazione »</charseq>
        </extent>
        <head>
          <charseq START="1936" END="1984">gli americani e le altre « forze di occupazione »</charseq>
        </head>
      </entity_mention>
    </entity>
    <entity ID="adige20040908_id405661-E32" TYPE="GPE" SUBTYPE="Nation" CLASS="SPC">
      <entity_mention ID="adige20040908_id405661-E32-1" TYPE="NAM" PRIMARY="true" ROLE="LOC" METONYMY_MENTION="FALSE">
        <extent>
          <charseq START="29" END="32">Iraq</charseq>
        </extent>
        <head>
          <charseq START="29" END="32">Iraq</charseq>
        </head>
      </entity_mention>
      <entity_mention ID="adige20040908_id405661-E32-2" TYPE="NAM" PRIMARY="false" ROLE="GPE" METONYMY_MENTION="FALSE">
        <extent>
          <charseq START="86" END="93">iracheni</charseq>
        </extent>
        <head>
          <charseq START="86" END="93">iracheni</charseq>
        </head>
      </entity_mention>
      <entity_mention ID="adige20040908_id405661-E32-3" TYPE="NAM" PRIMARY="false" ROLE="LOC" METONYMY_MENTION="FALSE">
        <extent>
          <charseq START="581" END="584">Iraq</charseq>
        </extent>
        <head>
          <charseq START="581" END="584">Iraq</charseq>
        </head>
      </entity_mention>
      <entity_mention ID="adige20040908_id405661-E32-4" TYPE="NAM" PRIMARY="false" ROLE="GPE" METONYMY_MENTION="FALSE">
        <extent>
          <charseq START="1605" END="1612">iracheno</charseq>
        </extent>
        <head>
          <charseq START="1605" END="1612">iracheno</charseq>
        </head>
      </entity_mention>
      <entity_mention ID="adige20040908_id405661-E32-5" TYPE="NAM" PRIMARY="false" ROLE="GPE" METONYMY_MENTION="FALSE">
        <extent>
          <charseq START="1681" END="1688">iracheno</charseq>
        </extent>
        <head>
          <charseq START="1681" END="1688">iracheno</charseq>
        </head>
      </entity_mention>
      <entity_mention ID="adige20040908_id405661-E32-6" TYPE="NOM" PRIMARY="false" ROLE="ORG" METONYMY_MENTION="FALSE">
        <extent>
          <charseq START="1597" END="1612">governo iracheno</charseq>
        </extent>
        <head>
          <charseq START="1597" END="1603">governo</charseq>
        </head>
      </entity_mention>
      <entity_mention ID="adige20040908_id405661-E32-7" TYPE="NOM" PRIMARY="false" ROLE="ORG" METONYMY_MENTION="FALSE">
        <extent>
          <charseq START="1657" END="1688">dal governo provvisorio iracheno</charseq>
        </extent>
        <head>
          <charseq START="1661" END="1667">governo</charseq>
        </head>
      </entity_mention>
      <entity_attributes>
        <name NAME="Iraq">
          <charseq START="29" END="32">Iraq</charseq>
        </name>
        <name NAME="Iraq">
          <charseq START="581" END="584">Iraq</charseq>
        </name>
      </entity_attributes>
    </entity>
    <entity ID="adige20040908_id405661-E33" TYPE="GPE" SUBTYPE="Population-Center" CLASS="SPC">
      <entity_mention ID="adige20040908_id405661-E33-1" TYPE="NAM" PRIMARY="true" ROLE="LOC" METONYMY_MENTION="FALSE">
        <extent>
          <charseq START="52" END="58">BAGHDAD</charseq>
        </extent>
        <head>
          <charseq START="52" END="58">BAGHDAD</charseq>
        </head>
      </entity_mention>
      <entity_attributes>
        <name NAME="BAGHDAD">
          <charseq START="52" END="58">BAGHDAD</charseq>
        </name>
      </entity_attributes>
    </entity>
    <entity ID="adige20040908_id405661-E34" TYPE="GPE" SUBTYPE="Nation" CLASS="SPC">
      <entity_mention ID="adige20040908_id405661-E34-1" TYPE="NAM" PRIMARY="true" ROLE="GPE" METONYMY_MENTION="FALSE">
        <extent>
          <charseq START="186" END="194">americane</charseq>
        </extent>
        <head>
          <charseq START="186" END="194">americane</charseq>
        </head>
      </entity_mention>
      <entity_mention ID="adige20040908_id405661-E34-2" TYPE="NAM" PRIMARY="false" ROLE="GPE" METONYMY_MENTION="FALSE">
        <extent>
          <charseq START="312" END="320">americane</charseq>
        </extent>
        <head>
          <charseq START="312" END="320">americane</charseq>
        </head>
      </entity_mention>
      <entity_mention ID="adige20040908_id405661-E34-3" TYPE="NAM" PRIMARY="false" ROLE="GPE" METONYMY_MENTION="FALSE">
        <extent>
          <charseq START="568" END="576">americane</charseq>
        </extent>
        <head>
          <charseq START="568" END="576">americane</charseq>
        </head>
      </entity_mention>
      <entity_mention ID="adige20040908_id405661-E34-4" TYPE="NAM" PRIMARY="false" ROLE="GPE" METONYMY_MENTION="FALSE">
        <extent>
          <charseq START="42" END="51">americani</charseq>
        </extent>
        <head>
          <charseq START="42" END="51">americani</charseq>
        </head>
      </entity_mention>
    </entity>
    <entity ID="adige20040908_id405661-E35" TYPE="GPE" SUBTYPE="Population-Center" CLASS="SPC">
      <entity_mention ID="adige20040908_id405661-E35-1" TYPE="NAM" PRIMARY="true" ROLE="GPE" METONYMY_MENTION="FALSE">
        <extent>
          <charseq START="211" END="217">Falluja</charseq>
        </extent>
        <head>
          <charseq START="211" END="217">Falluja</charseq>
        </head>
      </entity_mention>
      <entity_mention ID="adige20040908_id405661-E35-2" TYPE="NOM" PRIMARY="false" ROLE="LOC" METONYMY_MENTION="FALSE">
        <extent>
          <charseq START="196" END="217">sulla città di Falluja</charseq>
        </extent>
        <head>
          <charseq START="202" END="206">città</charseq>
        </head>
      </entity_mention>
      <entity_mention ID="adige20040908_id405661-E35-3" TYPE="NAM" PRIMARY="false" ROLE="GPE" METONYMY_MENTION="FALSE">
        <extent>
          <charseq START="462" END="468">Falluja</charseq>
        </extent>
        <head>
          <charseq START="462" END="468">Falluja</charseq>
        </head>
      </entity_mention>
      <entity_mention ID="adige20040908_id405661-E35-4" TYPE="NOM" PRIMARY="false" ROLE="GPE" METONYMY_MENTION="FALSE">
        <extent>
          <charseq START="398" END="445">della città del cosiddetto « triangolo sunnita »</charseq>
        </extent>
        <head>
          <charseq START="404" END="408">città</charseq>
        </head>
      </entity_mention>
      <entity_attributes>
        <name NAME="Falluja">
          <charseq START="211" END="217">Falluja</charseq>
        </name>
        <name NAME="Falluja">
          <charseq START="462" END="468">Falluja</charseq>
        </name>
      </entity_attributes>
    </entity>
    <entity ID="adige20040908_id405661-E37" TYPE="GPE" SUBTYPE="Population-Center" CLASS="SPC">
      <entity_mention ID="adige20040908_id405661-E37-1" TYPE="NAM" PRIMARY="true" ROLE="LOC" METONYMY_MENTION="FALSE">
        <extent>
          <charseq START="1265" END="1271">SAMARRA</charseq>
        </extent>
        <head>
          <charseq START="1265" END="1271">SAMARRA</charseq>
        </head>
      </entity_mention>
      <entity_mention ID="adige20040908_id405661-E37-2" TYPE="NAM" PRIMARY="false" ROLE="LOC" METONYMY_MENTION="FALSE">
        <extent>
          <charseq START="1232" END="1238">Samarra</charseq>
        </extent>
        <head>
          <charseq START="1232" END="1238">Samarra</charseq>
        </head>
      </entity_mention>
      <entity_mention ID="adige20040908_id405661-E37-3" TYPE="NAM" PRIMARY="false" ROLE="GPE" METONYMY_MENTION="FALSE">
        <extent>
          <charseq START="1396" END="1402">Samarra</charseq>
        </extent>
        <head>
          <charseq START="1396" END="1402">Samarra</charseq>
        </head>
      </entity_mention>
      <entity_mention ID="adige20040908_id405661-E37-4" TYPE="NOM" PRIMARY="false" ROLE="LOC" METONYMY_MENTION="FALSE">
        <extent>
          <charseq START="1369" END="1402">alla città nordirachena di Samarra</charseq>
        </extent>
        <head>
          <charseq START="1374" END="1378">città</charseq>
        </head>
      </entity_mention>
      <entity_attributes>
        <name NAME="SAMARRA">
          <charseq START="1265" END="1271">SAMARRA</charseq>
        </name>
        <name NAME="Samarra">
          <charseq START="1232" END="1238">Samarra</charseq>
        </name>
        <name NAME="Samarra">
          <charseq START="1396" END="1402">Samarra</charseq>
        </name>
      </entity_attributes>
    </entity>
    <entity ID="adige20040908_id405661-E39" TYPE="GPE" SUBTYPE="Nation" CLASS="SPC">
      <entity_mention ID="adige20040908_id405661-E39-1" TYPE="NAM" PRIMARY="true" ROLE="GPE" METONYMY_MENTION="FALSE">
        <extent>
          <charseq START="1289" END="1293">turco</charseq>
        </extent>
        <head>
          <charseq START="1289" END="1293">turco</charseq>
        </head>
      </entity_mention>
      <entity_mention ID="adige20040908_id405661-E39-2" TYPE="NAM" PRIMARY="false" ROLE="GPE" METONYMY_MENTION="FALSE">
        <extent>
          <charseq START="1553" END="1557">turco</charseq>
        </extent>
        <head>
          <charseq START="1553" END="1557">turco</charseq>
        </head>
      </entity_mention>
      <entity_mention ID="adige20040908_id405661-E39-3" TYPE="NAM" PRIMARY="false" ROLE="GPE" METONYMY_MENTION="FALSE">
        <extent>
          <charseq START="1259" END="1263">turco</charseq>
        </extent>
        <head>
          <charseq START="1259" END="1263">turco</charseq>
        </head>
      </entity_mention>
    </entity>
    <entity ID="adige20040908_id405661-E40" TYPE="GPE" SUBTYPE="Nation" CLASS="SPC">
      <entity_mention ID="adige20040908_id405661-E40-1" TYPE="NAM" PRIMARY="true" ROLE="ORG" METONYMY_MENTION="FALSE">
        <extent>
          <charseq START="1579" END="1588">La Francia</charseq>
        </extent>
        <head>
          <charseq START="1582" END="1588">Francia</charseq>
        </head>
      </entity_mention>
      <entity_mention ID="adige20040908_id405661-E40-3" TYPE="NAM" PRIMARY="false" ROLE="ORG" METONYMY_MENTION="FALSE">
        <extent>
          <charseq START="1623" END="1632">La Francia</charseq>
        </extent>
        <head>
          <charseq START="1626" END="1632">Francia</charseq>
        </head>
      </entity_mention>
      <entity_mention ID="adige20040908_id405661-E40-5" TYPE="NAM" PRIMARY="false" ROLE="GPE" METONYMY_MENTION="FALSE">
        <extent>
          <charseq START="779" END="786">francesi</charseq>
        </extent>
        <head>
          <charseq START="779" END="786">francesi</charseq>
        </head>
      </entity_mention>
      <entity_mention ID="adige20040908_id405661-E40-6" TYPE="PRO" PRIMARY="false" ROLE="GPE" METONYMY_MENTION="FALSE">
        <extent>
          <charseq START="1713" END="1716">suoi</charseq>
        </extent>
        <head>
          <charseq START="1713" END="1716">suoi</charseq>
        </head>
      </entity_mention>
      <entity_mention ID="adige20040908_id405661-E40-7" TYPE="NAM" PRIMARY="false" ROLE="GPE" METONYMY_MENTION="TRUE">
        <extent>
          <charseq START="1989" END="1994">Parigi</charseq>
        </extent>
        <head>
          <charseq START="1989" END="1994">Parigi</charseq>
        </head>
      </entity_mention>
      <entity_attributes>
        <name NAME="Francia">
          <charseq START="1582" END="1588">Francia</charseq>
        </name>
        <name NAME="Francia">
          <charseq START="1626" END="1632">Francia</charseq>
        </name>
        <name NAME="Parigi">
          <charseq START="1989" END="1994">Parigi</charseq>
        </name>
      </entity_attributes>
    </entity>
    <entity ID="adige20040908_id405661-E41" TYPE="GPE" SUBTYPE="Population-Center" CLASS="SPC">
      <entity_mention ID="adige20040908_id405661-E41-1" TYPE="NAM" PRIMARY="true" ROLE="LOC" METONYMY_MENTION="FALSE">
        <extent>
          <charseq START="1614" END="1619">PARIGI</charseq>
        </extent>
        <head>
          <charseq START="1614" END="1619">PARIGI</charseq>
        </head>
      </entity_mention>
      <entity_attributes>
        <name NAME="PARIGI">
          <charseq START="1614" END="1619">PARIGI</charseq>
        </name>
      </entity_attributes>
    </entity>
    <entity ID="adige20040908_id405661-E42" TYPE="GPE" SUBTYPE="Population-Center" CLASS="SPC">
      <entity_mention ID="adige20040908_id405661-E42-1" TYPE="NAM" PRIMARY="true" ROLE="LOC" METONYMY_MENTION="FALSE">
        <extent>
          <charseq START="653" END="656">ROMA</charseq>
        </extent>
        <head>
          <charseq START="653" END="656">ROMA</charseq>
        </head>
      </entity_mention>
      <entity_attributes>
        <name NAME="ROMA">
          <charseq START="653" END="656">ROMA</charseq>
        </name>
      </entity_attributes>
    </entity>
    <entity ID="adige20040908_id405661-E43" TYPE="LOC" SUBTYPE="Region-General" CLASS="SPC">
      <entity_mention ID="adige20040908_id405661-E43-1" TYPE="NAM" PRIMARY="true" METONYMY_MENTION="FALSE">
        <extent>
          <charseq START="381" END="387">Shuhada</charseq>
        </extent>
        <head>
          <charseq START="381" END="387">Shuhada</charseq>
        </head>
      </entity_mention>
      <entity_mention ID="adige20040908_id405661-E43-2" TYPE="NOM" PRIMARY="false" METONYMY_MENTION="FALSE">
        <extent>
          <charseq START="365" END="445">il quartiere di Shuhada, nel sud della città del cosiddetto « triangolo sunnita »</charseq>
        </extent>
        <head>
          <charseq START="368" END="376">quartiere</charseq>
        </head>
      </entity_mention>
      <entity_attributes>
        <name NAME="Shuhada">
          <charseq START="381" END="387">Shuhada</charseq>
        </name>
      </entity_attributes>
    </entity>
    <entity ID="adige20040908_id405661-E45" TYPE="LOC" SUBTYPE="Region-General" CLASS="SPC">
      <entity_mention ID="adige20040908_id405661-E45-1" TYPE="NOM" PRIMARY="true" METONYMY_MENTION="FALSE">
        <extent>
          <charseq START="390" END="445">nel sud della città del cosiddetto « triangolo sunnita »</charseq>
        </extent>
        <head>
          <charseq START="394" END="396">sud</charseq>
        </head>
      </entity_mention>
    </entity>
    <entity ID="adige20040908_id405661-E46" TYPE="LOC" SUBTYPE="Region-General" CLASS="SPC">
      <entity_mention ID="adige20040908_id405661-E46-1" TYPE="NOM" PRIMARY="true" METONYMY_MENTION="FALSE">
        <extent>
          <charseq START="448" END="468">Dal centro di Falluja</charseq>
        </extent>
        <head>
          <charseq START="452" END="457">centro</charseq>
        </head>
      </entity_mention>
    </entity>
    <entity ID="adige20040908_id405661-E47" TYPE="LOC" SUBTYPE="Region-General" CLASS="SPC">
      <entity_mention ID="adige20040908_id405661-E47-1" TYPE="NOM" PRIMARY="true" METONYMY_MENTION="FALSE">
        <extent>
          <charseq START="531" END="546">interi quartieri</charseq>
        </extent>
        <head>
          <charseq START="538" END="546">quartieri</charseq>
        </head>
      </entity_mention>
    </entity>
    <entity ID="adige20040908_id405661-E48" TYPE="LOC" SUBTYPE="Region-General" CLASS="SPC">
      <entity_mention ID="adige20040908_id405661-E48-1" TYPE="NAM" PRIMARY="true" METONYMY_MENTION="FALSE">
        <extent>
          <charseq START="410" END="445">del cosiddetto « triangolo sunnita »</charseq>
        </extent>
        <head>
          <charseq START="427" END="443">triangolo sunnita</charseq>
        </head>
      </entity_mention>
      <entity_attributes>
        <name NAME="triangolo sunnita">
          <charseq START="427" END="443">triangolo sunnita</charseq>
        </name>
      </entity_attributes>
    </entity>
  </document>
</source_file>
