<?xml version="1.0" encoding="UTF-8"?>
<!DOCTYPE source_file PUBLIC "SYSTEM" "apf.v5.2.0.dtd">

<source_file URI="adige20040908_id405670.txt" SOURCE="unknown" TYPE="text" VERSION="5.0" AUTHOR="Evalita" ENCODING="UTF-8">
  <document DOCID="adige20040908_id405670">
    <entity ID="adige20040908_id405670-E1" TYPE="PER" SUBTYPE="Individual" CLASS="SPC">
      <entity_mention ID="adige20040908_id405670-E1-2" TYPE="NAM" PRIMARY="true" METONYMY_MENTION="FALSE">
        <extent>
          <charseq START="264" END="275">Franco Ionta</charseq>
        </extent>
        <head>
          <charseq START="264" END="275">Franco Ionta</charseq>
        </head>
      </entity_mention>
      <entity_attributes>
        <name NAME="Franco Ionta">
          <charseq START="264" END="275">Franco Ionta</charseq>
        </name>
      </entity_attributes>
    </entity>
    <entity ID="adige20040908_id405670-E2" TYPE="PER" SUBTYPE="Individual" CLASS="SPC">
      <entity_mention ID="adige20040908_id405670-E2-2" TYPE="NAM" PRIMARY="true" METONYMY_MENTION="FALSE">
        <extent>
          <charseq START="279" END="293">Pietro Saviotti</charseq>
        </extent>
        <head>
          <charseq START="279" END="293">Pietro Saviotti</charseq>
        </head>
      </entity_mention>
      <entity_attributes>
        <name NAME="Pietro Saviotti">
          <charseq START="279" END="293">Pietro Saviotti</charseq>
        </name>
      </entity_attributes>
    </entity>
    <entity ID="adige20040908_id405670-E3" TYPE="PER" SUBTYPE="Group" CLASS="SPC">
      <entity_mention ID="adige20040908_id405670-E3-2" TYPE="NOM" PRIMARY="true" METONYMY_MENTION="FALSE">
        <extent>
          <charseq START="250" END="293">dei pm romani Franco Ionta e Pietro Saviotti</charseq>
        </extent>
        <head>
          <charseq START="250" END="293">dei pm romani Franco Ionta e Pietro Saviotti</charseq>
        </head>
      </entity_mention>
      <entity_mention ID="adige20040908_id405670-E3-4" TYPE="NOM" PRIMARY="false" METONYMY_MENTION="FALSE">
        <extent>
          <charseq START="250" END="262">dei pm romani</charseq>
        </extent>
        <head>
          <charseq START="254" END="255">pm</charseq>
        </head>
      </entity_mention>
      <entity_mention ID="adige20040908_id405670-E3-6" TYPE="NOM" PRIMARY="false" METONYMY_MENTION="FALSE">
        <extent>
          <charseq START="1577" END="1630">ai pm che aveva scelto come interlocutori privilegiati</charseq>
        </extent>
        <head>
          <charseq START="1580" END="1581">pm</charseq>
        </head>
      </entity_mention>
      <entity_mention ID="adige20040908_id405670-E3-8" TYPE="PRO" PRIMARY="false" METONYMY_MENTION="FALSE">
        <extent>
          <charseq START="1583" END="1585">che</charseq>
        </extent>
        <head>
          <charseq START="1583" END="1585">che</charseq>
        </head>
      </entity_mention>
      <entity_mention ID="adige20040908_id405670-E3-10" TYPE="NOM" PRIMARY="false" METONYMY_MENTION="FALSE">
        <extent>
          <charseq START="1605" END="1630">interlocutori privilegiati</charseq>
        </extent>
        <head>
          <charseq START="1605" END="1617">interlocutori</charseq>
        </head>
      </entity_mention>
      <entity_mention ID="adige20040908_id405670-E3-12" TYPE="NOM" PRIMARY="false" METONYMY_MENTION="FALSE">
        <extent>
          <charseq START="2745" END="2757">dei pm romani</charseq>
        </extent>
        <head>
          <charseq START="2749" END="2750">pm</charseq>
        </head>
      </entity_mention>
      <entity_mention ID="adige20040908_id405670-E3-14" TYPE="NOM" PRIMARY="false" METONYMY_MENTION="FALSE">
        <extent>
          <charseq START="1195" END="1409">dai magistrati romani, i quali avevano ormai delle certezze sui componenti delle nuove Br, ma anche dubbi su ruoli e nomi dei componenti dei commando che agirono a Roma il 20 maggio 1999 e a Bologna il 19 marzo 2002</charseq>
        </extent>
        <head>
          <charseq START="1199" END="1208">magistrati</charseq>
        </head>
      </entity_mention>
      <entity_mention ID="adige20040908_id405670-E3-16" TYPE="PRO" PRIMARY="false" METONYMY_MENTION="FALSE">
        <extent>
          <charseq START="1218" END="1224">i quali</charseq>
        </extent>
        <head>
          <charseq START="1220" END="1224">quali</charseq>
        </head>
      </entity_mention>
      <entity_mention ID="adige20040908_id405670-E3-17" TYPE="NAM" PRIMARY="false" METONYMY_MENTION="FALSE">
        <extent>
          <charseq START="264" END="293">Franco Ionta e Pietro Saviotti</charseq>
        </extent>
        <head>
          <charseq START="264" END="293">Franco Ionta e Pietro Saviotti</charseq>
        </head>
      </entity_mention>
      <entity_attributes>
        <name NAME="Franco Ionta e Pietro Saviotti">
          <charseq START="264" END="293">Franco Ionta e Pietro Saviotti</charseq>
        </name>
      </entity_attributes>
    </entity>
    <entity ID="adige20040908_id405670-E5" TYPE="PER" SUBTYPE="Individual" CLASS="SPC">
      <entity_mention ID="adige20040908_id405670-E5-2" TYPE="NAM" PRIMARY="true" METONYMY_MENTION="FALSE">
        <extent>
          <charseq START="466" END="479">Cinzia Banelli</charseq>
        </extent>
        <head>
          <charseq START="466" END="479">Cinzia Banelli</charseq>
        </head>
      </entity_mention>
      <entity_mention ID="adige20040908_id405670-E5-4" TYPE="NOM" PRIMARY="false" METONYMY_MENTION="FALSE">
        <extent>
          <charseq START="454" END="463">un pentito</charseq>
        </extent>
        <head>
          <charseq START="457" END="463">pentito</charseq>
        </head>
      </entity_mention>
      <entity_mention ID="adige20040908_id405670-E5-6" TYPE="NOM" PRIMARY="false" METONYMY_MENTION="FALSE">
        <extent>
          <charseq START="454" END="479">un pentito, Cinzia Banelli</charseq>
        </extent>
        <head>
          <charseq START="454" END="479">un pentito, Cinzia Banelli</charseq>
        </head>
      </entity_mention>
      <entity_mention ID="adige20040908_id405670-E5-8" TYPE="NAM" PRIMARY="false" METONYMY_MENTION="FALSE">
        <extent>
          <charseq START="628" END="634">Banelli</charseq>
        </extent>
        <head>
          <charseq START="628" END="634">Banelli</charseq>
        </head>
      </entity_mention>
      <entity_mention ID="adige20040908_id405670-E5-10" TYPE="NOM" PRIMARY="false" METONYMY_MENTION="FALSE">
        <extent>
          <charseq START="952" END="988">della « postina » dell'organizzazione</charseq>
        </extent>
        <head>
          <charseq START="960" END="966">postina</charseq>
        </head>
      </entity_mention>
      <entity_mention ID="adige20040908_id405670-E5-12" TYPE="PRO" PRIMARY="false" METONYMY_MENTION="FALSE">
        <extent>
          <charseq START="1042" END="1044">suo</charseq>
        </extent>
        <head>
          <charseq START="1042" END="1044">suo</charseq>
        </head>
      </entity_mention>
      <entity_mention ID="adige20040908_id405670-E5-14" TYPE="PRO" PRIMARY="false" METONYMY_MENTION="FALSE">
        <extent>
          <charseq START="1100" END="1102">lei</charseq>
        </extent>
        <head>
          <charseq START="1100" END="1102">lei</charseq>
        </head>
      </entity_mention>
      <entity_mention ID="adige20040908_id405670-E5-16" TYPE="NOM" PRIMARY="false" METONYMY_MENTION="FALSE">
        <extent>
          <charseq START="1055" END="1143">madre di una piccola creatura costretta, con lei, a vivere la dura esperienza del carcere</charseq>
        </extent>
        <head>
          <charseq START="1055" END="1059">madre</charseq>
        </head>
      </entity_mention>
      <entity_mention ID="adige20040908_id405670-E5-18" TYPE="NAM" PRIMARY="false" METONYMY_MENTION="FALSE">
        <extent>
          <charseq START="1423" END="1436">Cinzia Banelli</charseq>
        </extent>
        <head>
          <charseq START="1423" END="1436">Cinzia Banelli</charseq>
        </head>
      </entity_mention>
      <entity_mention ID="adige20040908_id405670-E5-20" TYPE="PRO" PRIMARY="false" METONYMY_MENTION="FALSE">
        <extent>
          <charseq START="1461" END="1463">suo</charseq>
        </extent>
        <head>
          <charseq START="1461" END="1463">suo</charseq>
        </head>
      </entity_mention>
      <entity_mention ID="adige20040908_id405670-E5-22" TYPE="NOM" PRIMARY="false" METONYMY_MENTION="FALSE">
        <extent>
          <charseq START="1490" END="1539">la prima pentita del terrorismo post anni Settanta</charseq>
        </extent>
        <head>
          <charseq START="1499" END="1505">pentita</charseq>
        </head>
      </entity_mention>
      <entity_mention ID="adige20040908_id405670-E5-24" TYPE="NAM" PRIMARY="false" METONYMY_MENTION="FALSE">
        <extent>
          <charseq START="1633" END="1650">la « compagna So »</charseq>
        </extent>
        <head>
          <charseq START="1638" END="1648">compagna So</charseq>
        </head>
      </entity_mention>
      <entity_mention ID="adige20040908_id405670-E5-26" TYPE="PRO" PRIMARY="false" METONYMY_MENTION="FALSE">
        <extent>
          <charseq START="1669" END="1675">propria</charseq>
        </extent>
        <head>
          <charseq START="1669" END="1675">propria</charseq>
        </head>
      </entity_mention>
      <entity_mention ID="adige20040908_id405670-E5-28" TYPE="PRO" PRIMARY="false" METONYMY_MENTION="FALSE">
        <extent>
          <charseq START="1791" END="1793">suo</charseq>
        </extent>
        <head>
          <charseq START="1791" END="1793">suo</charseq>
        </head>
      </entity_mention>
      <entity_mention ID="adige20040908_id405670-E5-30" TYPE="NOM" PRIMARY="false" METONYMY_MENTION="FALSE">
        <extent>
          <charseq START="1820" END="1828">staffetta</charseq>
        </extent>
        <head>
          <charseq START="1820" END="1828">staffetta</charseq>
        </head>
      </entity_mention>
      <entity_mention ID="adige20040908_id405670-E5-34" TYPE="NOM" PRIMARY="false" METONYMY_MENTION="FALSE">
        <extent>
          <charseq START="1962" END="1969">la donna</charseq>
        </extent>
        <head>
          <charseq START="1965" END="1969">donna</charseq>
        </head>
      </entity_mention>
      <entity_mention ID="adige20040908_id405670-E5-36" TYPE="PRO" PRIMARY="false" METONYMY_MENTION="FALSE">
        <extent>
          <charseq START="1983" END="1985">sua</charseq>
        </extent>
        <head>
          <charseq START="1983" END="1985">sua</charseq>
        </head>
      </entity_mention>
      <entity_mention ID="adige20040908_id405670-E5-38" TYPE="PRO" PRIMARY="false" METONYMY_MENTION="FALSE">
        <extent>
          <charseq START="2060" END="2063">suoi</charseq>
        </extent>
        <head>
          <charseq START="2060" END="2063">suoi</charseq>
        </head>
      </entity_mention>
      <entity_mention ID="adige20040908_id405670-E5-40" TYPE="PRO" PRIMARY="false" METONYMY_MENTION="FALSE">
        <extent>
          <charseq START="2081" END="2083">sua</charseq>
        </extent>
        <head>
          <charseq START="2081" END="2083">sua</charseq>
        </head>
      </entity_mention>
      <entity_mention ID="adige20040908_id405670-E5-42" TYPE="NAM" PRIMARY="false" METONYMY_MENTION="FALSE">
        <extent>
          <charseq START="2101" END="2110">La Banelli</charseq>
        </extent>
        <head>
          <charseq START="2104" END="2110">Banelli</charseq>
        </head>
      </entity_mention>
      <entity_mention ID="adige20040908_id405670-E5-44" TYPE="NAM" PRIMARY="false" METONYMY_MENTION="FALSE">
        <extent>
          <charseq START="2359" END="2368">la Banelli</charseq>
        </extent>
        <head>
          <charseq START="2362" END="2368">Banelli</charseq>
        </head>
      </entity_mention>
      <entity_mention ID="adige20040908_id405670-E5-46" TYPE="NAM" PRIMARY="false" METONYMY_MENTION="FALSE">
        <extent>
          <charseq START="2454" END="2471">la « Compagna So »</charseq>
        </extent>
        <head>
          <charseq START="2459" END="2469">Compagna So</charseq>
        </head>
      </entity_mention>
      <entity_mention ID="adige20040908_id405670-E5-48" TYPE="NAM" PRIMARY="false" METONYMY_MENTION="FALSE">
        <extent>
          <charseq START="2779" END="2791">della Banelli</charseq>
        </extent>
        <head>
          <charseq START="2785" END="2791">Banelli</charseq>
        </head>
      </entity_mention>
      <entity_mention ID="adige20040908_id405670-E5-50" TYPE="NAM" PRIMARY="false" METONYMY_MENTION="FALSE">
        <extent>
          <charseq START="3269" END="3281">della Banelli</charseq>
        </extent>
        <head>
          <charseq START="3275" END="3281">Banelli</charseq>
        </head>
      </entity_mention>
      <entity_mention ID="adige20040908_id405670-E5-52" TYPE="NAM" PRIMARY="false" METONYMY_MENTION="FALSE">
        <extent>
          <charseq START="3329" END="3346">la « compagna So »</charseq>
        </extent>
        <head>
          <charseq START="3334" END="3344">compagna So</charseq>
        </head>
      </entity_mention>
      <entity_mention ID="adige20040908_id405670-E5-54" TYPE="PRO" PRIMARY="false" METONYMY_MENTION="FALSE">
        <extent>
          <charseq START="30" END="31">io</charseq>
        </extent>
        <head>
          <charseq START="30" END="31">io</charseq>
        </head>
      </entity_mention>
      <entity_mention ID="adige20040908_id405670-E5-56" TYPE="NOM" PRIMARY="false" METONYMY_MENTION="FALSE">
        <extent>
          <charseq START="42" END="53">la staffetta</charseq>
        </extent>
        <head>
          <charseq START="45" END="53">staffetta</charseq>
        </head>
      </entity_mention>
      <entity_mention ID="adige20040908_id405670-E5-58" TYPE="NAM" PRIMARY="false" METONYMY_MENTION="FALSE">
        <extent>
          <charseq START="174" END="187">Cinzia Banelli</charseq>
        </extent>
        <head>
          <charseq START="174" END="187">Cinzia Banelli</charseq>
        </head>
      </entity_mention>
      <entity_mention ID="adige20040908_id405670-E5-60" TYPE="NOM" PRIMARY="false" METONYMY_MENTION="FALSE">
        <extent>
          <charseq START="168" END="172">La br</charseq>
        </extent>
        <head>
          <charseq START="171" END="172">br</charseq>
        </head>
      </entity_mention>
      <entity_mention ID="adige20040908_id405670-E5-62" TYPE="NOM" PRIMARY="false" METONYMY_MENTION="FALSE">
        <extent>
          <charseq START="168" END="187">La br Cinzia Banelli</charseq>
        </extent>
        <head>
          <charseq START="168" END="187">La br Cinzia Banelli</charseq>
        </head>
      </entity_mention>
      <entity_attributes>
        <name NAME="Cinzia Banelli">
          <charseq START="466" END="479">Cinzia Banelli</charseq>
        </name>
        <name NAME="Banelli">
          <charseq START="628" END="634">Banelli</charseq>
        </name>
        <name NAME="Cinzia Banelli">
          <charseq START="1423" END="1436">Cinzia Banelli</charseq>
        </name>
        <name NAME="compagna So">
          <charseq START="1638" END="1648">compagna So</charseq>
        </name>
        <name NAME="Banelli">
          <charseq START="2104" END="2110">Banelli</charseq>
        </name>
        <name NAME="Banelli">
          <charseq START="2362" END="2368">Banelli</charseq>
        </name>
        <name NAME="Compagna So">
          <charseq START="2459" END="2469">Compagna So</charseq>
        </name>
        <name NAME="Banelli">
          <charseq START="2785" END="2791">Banelli</charseq>
        </name>
        <name NAME="Banelli">
          <charseq START="3275" END="3281">Banelli</charseq>
        </name>
        <name NAME="compagna So">
          <charseq START="3334" END="3344">compagna So</charseq>
        </name>
        <name NAME="Cinzia Banelli">
          <charseq START="174" END="187">Cinzia Banelli</charseq>
        </name>
      </entity_attributes>
    </entity>
    <entity ID="adige20040908_id405670-E6" TYPE="PER" SUBTYPE="Individual" CLASS="SPC">
      <entity_mention ID="adige20040908_id405670-E6-2" TYPE="NAM" PRIMARY="true" METONYMY_MENTION="FALSE">
        <extent>
          <charseq START="529" END="544">Massimo D'Antona</charseq>
        </extent>
        <head>
          <charseq START="529" END="544">Massimo D'Antona</charseq>
        </head>
      </entity_mention>
      <entity_mention ID="adige20040908_id405670-E6-4" TYPE="NAM" PRIMARY="false" METONYMY_MENTION="FALSE">
        <extent>
          <charseq START="1770" END="1777">D'Antona</charseq>
        </extent>
        <head>
          <charseq START="1770" END="1777">D'Antona</charseq>
        </head>
      </entity_mention>
      <entity_mention ID="adige20040908_id405670-E6-6" TYPE="NAM" PRIMARY="false" METONYMY_MENTION="FALSE">
        <extent>
          <charseq START="3077" END="3085">D' Antona</charseq>
        </extent>
        <head>
          <charseq START="3077" END="3085">D' Antona</charseq>
        </head>
      </entity_mention>
      <entity_mention ID="adige20040908_id405670-E6-8" TYPE="NAM" PRIMARY="false" METONYMY_MENTION="FALSE">
        <extent>
          <charseq START="148" END="155">D'Antona</charseq>
        </extent>
        <head>
          <charseq START="148" END="155">D'Antona</charseq>
        </head>
      </entity_mention>
      <entity_attributes>
        <name NAME="Massimo D'Antona">
          <charseq START="529" END="544">Massimo D'Antona</charseq>
        </name>
        <name NAME="D'Antona">
          <charseq START="1770" END="1777">D'Antona</charseq>
        </name>
        <name NAME="D' Antona">
          <charseq START="3077" END="3085">D' Antona</charseq>
        </name>
        <name NAME="D'Antona">
          <charseq START="148" END="155">D'Antona</charseq>
        </name>
      </entity_attributes>
    </entity>
    <entity ID="adige20040908_id405670-E7" TYPE="PER" SUBTYPE="Individual" CLASS="SPC">
      <entity_mention ID="adige20040908_id405670-E7-2" TYPE="NAM" PRIMARY="true" METONYMY_MENTION="FALSE">
        <extent>
          <charseq START="548" END="558">Marco Biagi</charseq>
        </extent>
        <head>
          <charseq START="548" END="558">Marco Biagi</charseq>
        </head>
      </entity_mention>
      <entity_mention ID="adige20040908_id405670-E7-4" TYPE="NAM" PRIMARY="false" METONYMY_MENTION="FALSE">
        <extent>
          <charseq START="1781" END="1785">Biagi</charseq>
        </extent>
        <head>
          <charseq START="1781" END="1785">Biagi</charseq>
        </head>
      </entity_mention>
      <entity_mention ID="adige20040908_id405670-E7-6" TYPE="NAM" PRIMARY="false" METONYMY_MENTION="FALSE">
        <extent>
          <charseq START="159" END="163">Biagi</charseq>
        </extent>
        <head>
          <charseq START="159" END="163">Biagi</charseq>
        </head>
      </entity_mention>
      <entity_attributes>
        <name NAME="Marco Biagi">
          <charseq START="548" END="558">Marco Biagi</charseq>
        </name>
        <name NAME="Biagi">
          <charseq START="1781" END="1785">Biagi</charseq>
        </name>
        <name NAME="Biagi">
          <charseq START="159" END="163">Biagi</charseq>
        </name>
      </entity_attributes>
    </entity>
    <entity ID="adige20040908_id405670-E8" TYPE="PER" SUBTYPE="Group" CLASS="SPC">
      <entity_mention ID="adige20040908_id405670-E8-2" TYPE="NOM" PRIMARY="true" METONYMY_MENTION="FALSE">
        <extent>
          <charseq START="598" END="618">dei due giuslavoristi</charseq>
        </extent>
        <head>
          <charseq START="606" END="618">giuslavoristi</charseq>
        </head>
      </entity_mention>
      <entity_mention ID="adige20040908_id405670-E8-4" TYPE="PRO" PRIMARY="false" METONYMY_MENTION="FALSE">
        <extent>
          <charseq START="13" END="14">Li</charseq>
        </extent>
        <head>
          <charseq START="13" END="14">Li</charseq>
        </head>
      </entity_mention>
      <entity_mention ID="adige20040908_id405670-E8-6" TYPE="NAM" PRIMARY="false" METONYMY_MENTION="FALSE">
        <extent>
          <charseq START="148" END="163">D'Antona e Biagi</charseq>
        </extent>
        <head>
          <charseq START="148" END="163">D'Antona e Biagi</charseq>
        </head>
      </entity_mention>
      <entity_mention ID="adige20040908_id405670-E8-8" TYPE="NAM" PRIMARY="false" METONYMY_MENTION="FALSE">
        <extent>
          <charseq START="1770" END="1785">D'Antona e Biagi</charseq>
        </extent>
        <head>
          <charseq START="1770" END="1785">D'Antona e Biagi</charseq>
        </head>
      </entity_mention>
      <entity_mention ID="adige20040908_id405670-E8-10" TYPE="NAM" PRIMARY="false" METONYMY_MENTION="FALSE">
        <extent>
          <charseq START="529" END="558">Massimo D'Antona e Marco Biagi</charseq>
        </extent>
        <head>
          <charseq START="529" END="558">Massimo D'Antona e Marco Biagi</charseq>
        </head>
      </entity_mention>
      <entity_attributes>
        <name NAME="D'Antona e Biagi">
          <charseq START="148" END="163">D'Antona e Biagi</charseq>
        </name>
        <name NAME="D'Antona e Biagi">
          <charseq START="1770" END="1785">D'Antona e Biagi</charseq>
        </name>
        <name NAME="Massimo D'Antona e Marco Biagi">
          <charseq START="529" END="558">Massimo D'Antona e Marco Biagi</charseq>
        </name>
      </entity_attributes>
    </entity>
    <entity ID="adige20040908_id405670-E10" TYPE="PER" SUBTYPE="Individual" CLASS="SPC">
      <entity_mention ID="adige20040908_id405670-E10-2" TYPE="NAM" PRIMARY="true" METONYMY_MENTION="FALSE">
        <extent>
          <charseq START="768" END="788">Nadia Desdemona Lioce</charseq>
        </extent>
        <head>
          <charseq START="768" END="788">Nadia Desdemona Lioce</charseq>
        </head>
      </entity_mention>
      <entity_mention ID="adige20040908_id405670-E10-4" TYPE="NAM" PRIMARY="false" METONYMY_MENTION="FALSE">
        <extent>
          <charseq START="2193" END="2213">Nadia Desdemona Lioce</charseq>
        </extent>
        <head>
          <charseq START="2193" END="2213">Nadia Desdemona Lioce</charseq>
        </head>
      </entity_mention>
      <entity_mention ID="adige20040908_id405670-E10-6" TYPE="NAM" PRIMARY="false" METONYMY_MENTION="FALSE">
        <extent>
          <charseq START="111" END="115">Lioce</charseq>
        </extent>
        <head>
          <charseq START="111" END="115">Lioce</charseq>
        </head>
      </entity_mention>
      <entity_attributes>
        <name NAME="Nadia Desdemona Lioce">
          <charseq START="768" END="788">Nadia Desdemona Lioce</charseq>
        </name>
        <name NAME="Nadia Desdemona Lioce">
          <charseq START="2193" END="2213">Nadia Desdemona Lioce</charseq>
        </name>
        <name NAME="Lioce">
          <charseq START="111" END="115">Lioce</charseq>
        </name>
      </entity_attributes>
    </entity>
    <entity ID="adige20040908_id405670-E11" TYPE="PER" SUBTYPE="Individual" CLASS="SPC">
      <entity_mention ID="adige20040908_id405670-E11-2" TYPE="NAM" PRIMARY="true" METONYMY_MENTION="FALSE">
        <extent>
          <charseq START="639" END="650">Mario Galesi</charseq>
        </extent>
        <head>
          <charseq START="639" END="650">Mario Galesi</charseq>
        </head>
      </entity_mention>
      <entity_mention ID="adige20040908_id405670-E11-4" TYPE="NOM" PRIMARY="false" METONYMY_MENTION="FALSE">
        <extent>
          <charseq START="653" END="745">il terrorista ucciso nel conflitto a fuoco sul treno Roma-Firenze nel marzo dello scorso anno</charseq>
        </extent>
        <head>
          <charseq START="656" END="665">terrorista</charseq>
        </head>
      </entity_mention>
      <entity_mention ID="adige20040908_id405670-E11-6" TYPE="NOM" PRIMARY="false" METONYMY_MENTION="FALSE">
        <extent>
          <charseq START="750" END="925">capo, insieme con Nadia Desdemona Lioce, dell'organizzazione che, dopo la ritirata strategica di fine anni '80, decise di ripartire, nel 1999 con l'attacco al cuore dello Stato</charseq>
        </extent>
        <head>
          <charseq START="750" END="753">capo</charseq>
        </head>
      </entity_mention>
      <entity_mention ID="adige20040908_id405670-E11-8" TYPE="NAM" PRIMARY="false" METONYMY_MENTION="FALSE">
        <extent>
          <charseq START="639" END="925">Mario Galesi, il terrorista ucciso nel conflitto a fuoco sul treno Roma-Firenze nel marzo dello scorso anno, e capo, insieme con Nadia Desdemona Lioce, dell'organizzazione che, dopo la ritirata strategica di fine anni '80, decise di ripartire, nel 1999 con l'attacco al cuore dello Stato</charseq>
        </extent>
        <head>
          <charseq START="639" END="925">Mario Galesi, il terrorista ucciso nel conflitto a fuoco sul treno Roma-Firenze nel marzo dello scorso anno, e capo, insieme con Nadia Desdemona Lioce, dell'organizzazione che, dopo la ritirata strategica di fine anni '80, decise di ripartire, nel 1999 con l'attacco al cuore dello Stato</charseq>
        </head>
      </entity_mention>
      <entity_mention ID="adige20040908_id405670-E11-10" TYPE="NAM" PRIMARY="false" METONYMY_MENTION="FALSE">
        <extent>
          <charseq START="23" END="27">Mario</charseq>
        </extent>
        <head>
          <charseq START="23" END="27">Mario</charseq>
        </head>
      </entity_mention>
      <entity_mention ID="adige20040908_id405670-E11-12" TYPE="NAM" PRIMARY="false" METONYMY_MENTION="FALSE">
        <extent>
          <charseq START="133" END="138">Galesi</charseq>
        </extent>
        <head>
          <charseq START="133" END="138">Galesi</charseq>
        </head>
      </entity_mention>
      <entity_mention ID="adige20040908_id405670-E11-14" TYPE="NOM" PRIMARY="false" METONYMY_MENTION="FALSE">
        <extent>
          <charseq START="588" END="618">Il killer dei due giuslavoristi</charseq>
        </extent>
        <head>
          <charseq START="591" END="596">killer</charseq>
        </head>
      </entity_mention>
      <entity_attributes>
        <name NAME="Mario Galesi">
          <charseq START="639" END="650">Mario Galesi</charseq>
        </name>
        <name NAME="Mario Galesi, il terrorista ucciso nel conflitto a fuoco sul treno Roma-Firenze nel marzo dello scorso anno, e capo, insieme con Nadia Desdemona Lioce, dell'organizzazione che, dopo la ritirata strategica di fine anni '80, decise di ripartire, nel 1999 con l'attacco al cuore dello Stato">
          <charseq START="639" END="925">Mario Galesi, il terrorista ucciso nel conflitto a fuoco sul treno Roma-Firenze nel marzo dello scorso anno, e capo, insieme con Nadia Desdemona Lioce, dell'organizzazione che, dopo la ritirata strategica di fine anni '80, decise di ripartire, nel 1999 con l'attacco al cuore dello Stato</charseq>
        </name>
        <name NAME="Mario">
          <charseq START="23" END="27">Mario</charseq>
        </name>
        <name NAME="Galesi">
          <charseq START="133" END="138">Galesi</charseq>
        </name>
      </entity_attributes>
    </entity>
    <entity ID="adige20040908_id405670-E12" TYPE="PER" SUBTYPE="Individual" CLASS="SPC">
      <entity_mention ID="adige20040908_id405670-E12-2" TYPE="NOM" PRIMARY="true" METONYMY_MENTION="FALSE">
        <extent>
          <charseq START="1064" END="1143">una piccola creatura costretta, con lei, a vivere la dura esperienza del carcere</charseq>
        </extent>
        <head>
          <charseq START="1076" END="1083">creatura</charseq>
        </head>
      </entity_mention>
    </entity>
    <entity ID="adige20040908_id405670-E14" TYPE="PER" SUBTYPE="Group" CLASS="SPC">
      <entity_mention ID="adige20040908_id405670-E14-2" TYPE="NOM" PRIMARY="true" METONYMY_MENTION="FALSE">
        <extent>
          <charseq START="1332" END="1409">dei commando che agirono a Roma il 20 maggio 1999 e a Bologna il 19 marzo 2002</charseq>
        </extent>
        <head>
          <charseq START="1336" END="1343">commando</charseq>
        </head>
      </entity_mention>
      <entity_mention ID="adige20040908_id405670-E14-4" TYPE="PRO" PRIMARY="false" METONYMY_MENTION="FALSE">
        <extent>
          <charseq START="1345" END="1347">che</charseq>
        </extent>
        <head>
          <charseq START="1345" END="1347">che</charseq>
        </head>
      </entity_mention>
      <entity_mention ID="adige20040908_id405670-E14-6" TYPE="NOM" PRIMARY="false" METONYMY_MENTION="FALSE">
        <extent>
          <charseq START="1317" END="1409">dei componenti dei commando che agirono a Roma il 20 maggio 1999 e a Bologna il 19 marzo 2002</charseq>
        </extent>
        <head>
          <charseq START="1321" END="1330">componenti</charseq>
        </head>
      </entity_mention>
      <entity_mention ID="adige20040908_id405670-E14-8" TYPE="NOM" PRIMARY="false" METONYMY_MENTION="FALSE">
        <extent>
          <charseq START="1735" END="1785">dei due commando che assassinarono D'Antona e Biagi</charseq>
        </extent>
        <head>
          <charseq START="1743" END="1750">commando</charseq>
        </head>
      </entity_mention>
      <entity_mention ID="adige20040908_id405670-E14-10" TYPE="PRO" PRIMARY="false" METONYMY_MENTION="FALSE">
        <extent>
          <charseq START="1752" END="1754">che</charseq>
        </extent>
        <head>
          <charseq START="1752" END="1754">che</charseq>
        </head>
      </entity_mention>
    </entity>
    <entity ID="adige20040908_id405670-E15" TYPE="PER" SUBTYPE="Group" CLASS="SPC">
      <entity_mention ID="adige20040908_id405670-E15-2" TYPE="NOM" PRIMARY="true" METONYMY_MENTION="FALSE">
        <extent>
          <charseq START="1255" END="1283">sui componenti delle nuove Br</charseq>
        </extent>
        <head>
          <charseq START="1259" END="1268">componenti</charseq>
        </head>
      </entity_mention>
    </entity>
    <entity ID="adige20040908_id405670-E17" TYPE="PER" SUBTYPE="Individual" CLASS="SPC">
      <entity_mention ID="adige20040908_id405670-E17-2" TYPE="NAM" PRIMARY="true" METONYMY_MENTION="FALSE">
        <extent>
          <charseq START="1475" END="1485">Grazia Volo</charseq>
        </extent>
        <head>
          <charseq START="1475" END="1485">Grazia Volo</charseq>
        </head>
      </entity_mention>
      <entity_mention ID="adige20040908_id405670-E17-4" TYPE="NOM" PRIMARY="false" METONYMY_MENTION="FALSE">
        <extent>
          <charseq START="1458" END="1473">il suo difensore</charseq>
        </extent>
        <head>
          <charseq START="1465" END="1473">difensore</charseq>
        </head>
      </entity_mention>
      <entity_mention ID="adige20040908_id405670-E17-6" TYPE="NOM" PRIMARY="false" METONYMY_MENTION="FALSE">
        <extent>
          <charseq START="1458" END="1485">il suo difensore Grazia Volo</charseq>
        </extent>
        <head>
          <charseq START="1458" END="1485">il suo difensore Grazia Volo</charseq>
        </head>
      </entity_mention>
      <entity_attributes>
        <name NAME="Grazia Volo">
          <charseq START="1475" END="1485">Grazia Volo</charseq>
        </name>
      </entity_attributes>
    </entity>
    <entity ID="adige20040908_id405670-E18" TYPE="PER" SUBTYPE="Group" CLASS="SPC">
      <entity_mention ID="adige20040908_id405670-E18-2" TYPE="NOM" PRIMARY="true" METONYMY_MENTION="FALSE">
        <extent>
          <charseq START="1845" END="1854">i compagni</charseq>
        </extent>
        <head>
          <charseq START="1847" END="1854">compagni</charseq>
        </head>
      </entity_mention>
      <entity_mention ID="adige20040908_id405670-E18-4" TYPE="NOM" PRIMARY="false" METONYMY_MENTION="FALSE">
        <extent>
          <charseq START="2056" END="2072">dai suoi compagni</charseq>
        </extent>
        <head>
          <charseq START="2065" END="2072">compagni</charseq>
        </head>
      </entity_mention>
      <entity_mention ID="adige20040908_id405670-E18-6" TYPE="NOM" PRIMARY="false" METONYMY_MENTION="FALSE">
        <extent>
          <charseq START="72" END="83">dei complici</charseq>
        </extent>
        <head>
          <charseq START="76" END="83">complici</charseq>
        </head>
      </entity_mention>
    </entity>
    <entity ID="adige20040908_id405670-E19" TYPE="PER" SUBTYPE="Group" CLASS="SPC">
      <entity_mention ID="adige20040908_id405670-E19-2" TYPE="NOM" PRIMARY="true" METONYMY_MENTION="FALSE">
        <extent>
          <charseq START="2125" END="2141">i gruppi di fuoco</charseq>
        </extent>
        <head>
          <charseq START="2127" END="2132">gruppi</charseq>
        </head>
      </entity_mention>
      <entity_mention ID="adige20040908_id405670-E19-4" TYPE="NOM" PRIMARY="false" METONYMY_MENTION="FALSE">
        <extent>
          <charseq START="2160" END="2179">cinque-sette persone</charseq>
        </extent>
        <head>
          <charseq START="2173" END="2179">persone</charseq>
        </head>
      </entity_mention>
      <entity_mention ID="adige20040908_id405670-E19-6" TYPE="PRO" PRIMARY="false" METONYMY_MENTION="FALSE">
        <extent>
          <charseq START="2186" END="2191">questi</charseq>
        </extent>
        <head>
          <charseq START="2186" END="2191">questi</charseq>
        </head>
      </entity_mention>
    </entity>
    <entity ID="adige20040908_id405670-E20" TYPE="PER" SUBTYPE="Individual" CLASS="SPC">
      <entity_mention ID="adige20040908_id405670-E20-2" TYPE="NAM" PRIMARY="true" METONYMY_MENTION="FALSE">
        <extent>
          <charseq START="2216" END="2230">Roberto Morandi</charseq>
        </extent>
        <head>
          <charseq START="2216" END="2230">Roberto Morandi</charseq>
        </head>
      </entity_mention>
      <entity_mention ID="adige20040908_id405670-E20-4" TYPE="NAM" PRIMARY="false" METONYMY_MENTION="FALSE">
        <extent>
          <charseq START="102" END="108">Morandi</charseq>
        </extent>
        <head>
          <charseq START="102" END="108">Morandi</charseq>
        </head>
      </entity_mention>
      <entity_attributes>
        <name NAME="Roberto Morandi">
          <charseq START="2216" END="2230">Roberto Morandi</charseq>
        </name>
        <name NAME="Morandi">
          <charseq START="102" END="108">Morandi</charseq>
        </name>
      </entity_attributes>
    </entity>
    <entity ID="adige20040908_id405670-E21" TYPE="PER" SUBTYPE="Individual" CLASS="SPC">
      <entity_mention ID="adige20040908_id405670-E21-2" TYPE="NAM" PRIMARY="true" METONYMY_MENTION="FALSE">
        <extent>
          <charseq START="2234" END="2247">Laura Proietti</charseq>
        </extent>
        <head>
          <charseq START="2234" END="2247">Laura Proietti</charseq>
        </head>
      </entity_mention>
      <entity_mention ID="adige20040908_id405670-E21-4" TYPE="NAM" PRIMARY="false" METONYMY_MENTION="FALSE">
        <extent>
          <charseq START="119" END="126">Proietti</charseq>
        </extent>
        <head>
          <charseq START="119" END="126">Proietti</charseq>
        </head>
      </entity_mention>
      <entity_attributes>
        <name NAME="Laura Proietti">
          <charseq START="2234" END="2247">Laura Proietti</charseq>
        </name>
        <name NAME="Proietti">
          <charseq START="119" END="126">Proietti</charseq>
        </name>
      </entity_attributes>
    </entity>
    <entity ID="adige20040908_id405670-E22" TYPE="PER" SUBTYPE="Group" CLASS="SPC">
      <entity_mention ID="adige20040908_id405670-E22-2" TYPE="NOM" PRIMARY="true" METONYMY_MENTION="FALSE">
        <extent>
          <charseq START="2853" END="2909">degli altri br in carcere dall' ottobre dello scorso anno</charseq>
        </extent>
        <head>
          <charseq START="2865" END="2866">br</charseq>
        </head>
      </entity_mention>
      <entity_mention ID="adige20040908_id405670-E22-4" TYPE="PRO" PRIMARY="false" METONYMY_MENTION="FALSE">
        <extent>
          <charseq START="2923" END="2931">sui quali</charseq>
        </extent>
        <head>
          <charseq START="2927" END="2931">quali</charseq>
        </head>
      </entity_mention>
      <entity_mention ID="adige20040908_id405670-E22-6" TYPE="PRO" PRIMARY="false" METONYMY_MENTION="FALSE">
        <extent>
          <charseq START="2912" END="3162">Gli stessi sui quali, a partire dal 13 settembre prossimo, si dovrà pronunciare il gip di Roma in sede di esame della richiesta di rinvio a giudizio per l' omicidio D' Antona (sette gli imputati) e la partecipazione alla banda armata (dieci posizioni)</charseq>
        </extent>
        <head>
          <charseq START="2916" END="2921">stessi</charseq>
        </head>
      </entity_mention>
    </entity>
    <entity ID="adige20040908_id405670-E23" TYPE="PER" SUBTYPE="Individual" CLASS="SPC">
      <entity_mention ID="adige20040908_id405670-E23-2" TYPE="NOM" PRIMARY="true" METONYMY_MENTION="FALSE">
        <extent>
          <charseq START="2992" END="3005">il gip di Roma</charseq>
        </extent>
        <head>
          <charseq START="2995" END="2997">gip</charseq>
        </head>
      </entity_mention>
    </entity>
    <entity ID="adige20040908_id405670-E24" TYPE="PER" SUBTYPE="Group" CLASS="SPC">
      <entity_mention ID="adige20040908_id405670-E24-2" TYPE="NOM" PRIMARY="true" METONYMY_MENTION="FALSE">
        <extent>
          <charseq START="3094" END="3105">gli imputati</charseq>
        </extent>
        <head>
          <charseq START="3098" END="3105">imputati</charseq>
        </head>
      </entity_mention>
      <entity_mention ID="adige20040908_id405670-E24-3" TYPE="PRO" PRIMARY="false" METONYMY_MENTION="FALSE">
        <extent>
          <charseq START="3088" END="3105">sette gli imputati</charseq>
        </extent>
        <head>
          <charseq START="3088" END="3092">sette</charseq>
        </head>
      </entity_mention>
    </entity>
    <entity ID="adige20040908_id405670-E25" TYPE="PER" SUBTYPE="Group" CLASS="SPC">
      <entity_mention ID="adige20040908_id405670-E25-2" TYPE="NOM" PRIMARY="true" METONYMY_MENTION="FALSE">
        <extent>
          <charseq START="3365" END="3389">dai magistrati di Bologna</charseq>
        </extent>
        <head>
          <charseq START="3369" END="3378">magistrati</charseq>
        </head>
      </entity_mention>
    </entity>
    <entity ID="adige20040908_id405670-E26" TYPE="PER" SUBTYPE="Group" CLASS="SPC">
      <entity_mention ID="adige20040908_id405670-E26-2" TYPE="PRO" PRIMARY="true" METONYMY_MENTION="FALSE">
        <extent>
          <charseq START="3418" END="3434">quelli di Firenze</charseq>
        </extent>
        <head>
          <charseq START="3418" END="3423">quelli</charseq>
        </head>
      </entity_mention>
    </entity>
    <entity ID="adige20040908_id405670-E27" TYPE="PER" SUBTYPE="Indefinite" CLASS="USP">
      <entity_mention ID="adige20040908_id405670-E27-1" TYPE="PRO" PRIMARY="true" METONYMY_MENTION="FALSE">
        <extent>
          <charseq START="412" END="413">si</charseq>
        </extent>
        <head>
          <charseq START="412" END="413">si</charseq>
        </head>
      </entity_mention>
    </entity>
    <entity ID="adige20040908_id405670-E28" TYPE="PER" SUBTYPE="Group" CLASS="SPC">
      <entity_mention ID="adige20040908_id405670-E28-1" TYPE="NAM" PRIMARY="true" METONYMY_MENTION="FALSE">
        <extent>
          <charseq START="102" END="126">Morandi, Lioce e Proietti</charseq>
        </extent>
        <head>
          <charseq START="102" END="126">Morandi, Lioce e Proietti</charseq>
        </head>
      </entity_mention>
      <entity_mention ID="adige20040908_id405670-E28-3" TYPE="NAM" PRIMARY="false" METONYMY_MENTION="FALSE">
        <extent>
          <charseq START="2193" END="2247">Nadia Desdemona Lioce, Roberto Morandi e Laura Proietti</charseq>
        </extent>
        <head>
          <charseq START="2193" END="2247">Nadia Desdemona Lioce, Roberto Morandi e Laura Proietti</charseq>
        </head>
      </entity_mention>
      <entity_attributes>
        <name NAME="Morandi, Lioce e Proietti">
          <charseq START="102" END="126">Morandi, Lioce e Proietti</charseq>
        </name>
        <name NAME="Nadia Desdemona Lioce, Roberto Morandi e Laura Proietti">
          <charseq START="2193" END="2247">Nadia Desdemona Lioce, Roberto Morandi e Laura Proietti</charseq>
        </name>
      </entity_attributes>
    </entity>
    <entity ID="adige20040908_id405670-E29" TYPE="ORG" SUBTYPE="Non-Governmental" CLASS="SPC">
      <entity_mention ID="adige20040908_id405670-E29-2" TYPE="NAM" PRIMARY="true" METONYMY_MENTION="FALSE">
        <extent>
          <charseq START="386" END="410">delle nuove Brigate Rosse</charseq>
        </extent>
        <head>
          <charseq START="398" END="410">Brigate Rosse</charseq>
        </head>
      </entity_mention>
      <entity_mention ID="adige20040908_id405670-E29-4" TYPE="NOM" PRIMARY="false" METONYMY_MENTION="FALSE">
        <extent>
          <charseq START="791" END="925">dell'organizzazione che, dopo la ritirata strategica di fine anni '80, decise di ripartire, nel 1999 con l'attacco al cuore dello Stato</charseq>
        </extent>
        <head>
          <charseq START="796" END="809">organizzazione</charseq>
        </head>
      </entity_mention>
      <entity_mention ID="adige20040908_id405670-E29-6" TYPE="PRO" PRIMARY="false" METONYMY_MENTION="FALSE">
        <extent>
          <charseq START="811" END="813">che</charseq>
        </extent>
        <head>
          <charseq START="811" END="813">che</charseq>
        </head>
      </entity_mention>
      <entity_mention ID="adige20040908_id405670-E29-8" TYPE="NOM" PRIMARY="false" METONYMY_MENTION="FALSE">
        <extent>
          <charseq START="970" END="988">dell'organizzazione</charseq>
        </extent>
        <head>
          <charseq START="975" END="988">organizzazione</charseq>
        </head>
      </entity_mention>
      <entity_mention ID="adige20040908_id405670-E29-10" TYPE="NAM" PRIMARY="false" METONYMY_MENTION="FALSE">
        <extent>
          <charseq START="1270" END="1283">delle nuove Br</charseq>
        </extent>
        <head>
          <charseq START="1282" END="1283">Br</charseq>
        </head>
      </entity_mention>
      <entity_mention ID="adige20040908_id405670-E29-12" TYPE="NOM" PRIMARY="false" METONYMY_MENTION="FALSE">
        <extent>
          <charseq START="1996" END="2015">nell' organizzazione</charseq>
        </extent>
        <head>
          <charseq START="2002" END="2015">organizzazione</charseq>
        </head>
      </entity_mention>
      <entity_mention ID="adige20040908_id405670-E29-14" TYPE="NOM" PRIMARY="false" METONYMY_MENTION="FALSE">
        <extent>
          <charseq START="2433" END="2452">dell' organizzazione</charseq>
        </extent>
        <head>
          <charseq START="2439" END="2452">organizzazione</charseq>
        </head>
      </entity_mention>
      <entity_mention ID="adige20040908_id405670-E29-16" TYPE="NAM" PRIMARY="false" METONYMY_MENTION="FALSE">
        <extent>
          <charseq START="2521" END="2542">le nuove Brigate Rosse</charseq>
        </extent>
        <head>
          <charseq START="2530" END="2542">Brigate Rosse</charseq>
        </head>
      </entity_mention>
      <entity_mention ID="adige20040908_id405670-E29-18" TYPE="NOM" PRIMARY="false" METONYMY_MENTION="FALSE">
        <extent>
          <charseq START="2674" END="2693">dell' organizzazione</charseq>
        </extent>
        <head>
          <charseq START="2680" END="2693">organizzazione</charseq>
        </head>
      </entity_mention>
      <entity_mention ID="adige20040908_id405670-E29-19" TYPE="NOM" PRIMARY="false" METONYMY_MENTION="FALSE">
        <extent>
          <charseq START="3128" END="3144">alla banda armata</charseq>
        </extent>
        <head>
          <charseq START="3133" END="3137">banda</charseq>
        </head>
      </entity_mention>
      <entity_attributes>
        <name NAME="Brigate Rosse">
          <charseq START="398" END="410">Brigate Rosse</charseq>
        </name>
        <name NAME="Br">
          <charseq START="1282" END="1283">Br</charseq>
        </name>
        <name NAME="Brigate Rosse">
          <charseq START="2530" END="2542">Brigate Rosse</charseq>
        </name>
      </entity_attributes>
    </entity>
    <entity ID="adige20040908_id405670-E31" TYPE="PER" SUBTYPE="Group" CLASS="SPC">
      <entity_mention ID="adige20040908_id405670-E31-1" TYPE="NOM" PRIMARY="true" METONYMY_MENTION="FALSE">
        <extent>
          <charseq START="1882" END="1899">forze dell' ordine</charseq>
        </extent>
        <head>
          <charseq START="1882" END="1886">forze</charseq>
        </head>
      </entity_mention>
    </entity>
    <entity ID="adige20040908_id405670-E32" TYPE="GPE" SUBTYPE="Population-Center" CLASS="SPC">
      <entity_mention ID="adige20040908_id405670-E32-2" TYPE="NAM" PRIMARY="true" ROLE="LOC" METONYMY_MENTION="FALSE">
        <extent>
          <charseq START="232" END="235">ROMA</charseq>
        </extent>
        <head>
          <charseq START="232" END="235">ROMA</charseq>
        </head>
      </entity_mention>
      <entity_mention ID="adige20040908_id405670-E32-4" TYPE="NAM" PRIMARY="false" ROLE="GPE" METONYMY_MENTION="FALSE">
        <extent>
          <charseq START="257" END="262">romani</charseq>
        </extent>
        <head>
          <charseq START="257" END="262">romani</charseq>
        </head>
      </entity_mention>
      <entity_mention ID="adige20040908_id405670-E32-6" TYPE="NAM" PRIMARY="false" ROLE="GPE" METONYMY_MENTION="FALSE">
        <extent>
          <charseq START="1210" END="1215">romani</charseq>
        </extent>
        <head>
          <charseq START="1210" END="1215">romani</charseq>
        </head>
      </entity_mention>
      <entity_mention ID="adige20040908_id405670-E32-8" TYPE="NAM" PRIMARY="false" ROLE="LOC" METONYMY_MENTION="FALSE">
        <extent>
          <charseq START="1359" END="1362">Roma</charseq>
        </extent>
        <head>
          <charseq START="1359" END="1362">Roma</charseq>
        </head>
      </entity_mention>
      <entity_mention ID="adige20040908_id405670-E32-10" TYPE="NAM" PRIMARY="false" ROLE="GPE" METONYMY_MENTION="FALSE">
        <extent>
          <charseq START="2752" END="2757">romani</charseq>
        </extent>
        <head>
          <charseq START="2752" END="2757">romani</charseq>
        </head>
      </entity_mention>
      <entity_mention ID="adige20040908_id405670-E32-12" TYPE="NAM" PRIMARY="false" ROLE="GPE" METONYMY_MENTION="FALSE">
        <extent>
          <charseq START="3002" END="3005">Roma</charseq>
        </extent>
        <head>
          <charseq START="3002" END="3005">Roma</charseq>
        </head>
      </entity_mention>
      <entity_mention ID="adige20040908_id405670-E32-13" TYPE="NAM" PRIMARY="false" ROLE="LOC" METONYMY_MENTION="FALSE">
        <extent>
          <charseq START="706" END="709">Roma</charseq>
        </extent>
        <head>
          <charseq START="706" END="709">Roma</charseq>
        </head>
      </entity_mention>
      <entity_attributes>
        <name NAME="ROMA">
          <charseq START="232" END="235">ROMA</charseq>
        </name>
        <name NAME="Roma">
          <charseq START="1359" END="1362">Roma</charseq>
        </name>
        <name NAME="Roma">
          <charseq START="3002" END="3005">Roma</charseq>
        </name>
        <name NAME="Roma">
          <charseq START="706" END="709">Roma</charseq>
        </name>
      </entity_attributes>
    </entity>
    <entity ID="adige20040908_id405670-E34" TYPE="GPE" SUBTYPE="Nation" CLASS="SPC">
      <entity_mention ID="adige20040908_id405670-E34-2" TYPE="NOM" PRIMARY="true" ROLE="ORG" METONYMY_MENTION="FALSE">
        <extent>
          <charseq START="915" END="925">dello Stato</charseq>
        </extent>
        <head>
          <charseq START="921" END="925">Stato</charseq>
        </head>
      </entity_mention>
    </entity>
    <entity ID="adige20040908_id405670-E35" TYPE="GPE" SUBTYPE="Population-Center" CLASS="SPC">
      <entity_mention ID="adige20040908_id405670-E35-2" TYPE="NAM" PRIMARY="true" ROLE="GPE" METONYMY_MENTION="FALSE">
        <extent>
          <charseq START="3383" END="3389">Bologna</charseq>
        </extent>
        <head>
          <charseq START="3383" END="3389">Bologna</charseq>
        </head>
      </entity_mention>
      <entity_mention ID="adige20040908_id405670-E35-4" TYPE="NAM" PRIMARY="false" ROLE="LOC" METONYMY_MENTION="FALSE">
        <extent>
          <charseq START="1386" END="1392">Bologna</charseq>
        </extent>
        <head>
          <charseq START="1386" END="1392">Bologna</charseq>
        </head>
      </entity_mention>
      <entity_attributes>
        <name NAME="Bologna">
          <charseq START="3383" END="3389">Bologna</charseq>
        </name>
        <name NAME="Bologna">
          <charseq START="1386" END="1392">Bologna</charseq>
        </name>
      </entity_attributes>
    </entity>
    <entity ID="adige20040908_id405670-E36" TYPE="GPE" SUBTYPE="Population-Center" CLASS="SPC">
      <entity_mention ID="adige20040908_id405670-E36-2" TYPE="NAM" PRIMARY="true" ROLE="GPE" METONYMY_MENTION="FALSE">
        <extent>
          <charseq START="3428" END="3434">Firenze</charseq>
        </extent>
        <head>
          <charseq START="3428" END="3434">Firenze</charseq>
        </head>
      </entity_mention>
      <entity_mention ID="adige20040908_id405670-E36-4" TYPE="NAM" PRIMARY="false" ROLE="GPE" METONYMY_MENTION="FALSE">
        <extent>
          <charseq START="307" END="316">fiorentino</charseq>
        </extent>
        <head>
          <charseq START="307" END="316">fiorentino</charseq>
        </head>
      </entity_mention>
      <entity_mention ID="adige20040908_id405670-E36-5" TYPE="NAM" PRIMARY="false" ROLE="LOC" METONYMY_MENTION="FALSE">
        <extent>
          <charseq START="711" END="717">Firenze</charseq>
        </extent>
        <head>
          <charseq START="711" END="717">Firenze</charseq>
        </head>
      </entity_mention>
      <entity_attributes>
        <name NAME="Firenze">
          <charseq START="3428" END="3434">Firenze</charseq>
        </name>
        <name NAME="Firenze">
          <charseq START="711" END="717">Firenze</charseq>
        </name>
      </entity_attributes>
    </entity>
    <entity ID="adige20040908_id405670-E37" TYPE="LOC" SUBTYPE="Address" CLASS="SPC">
      <entity_mention ID="adige20040908_id405670-E37-1" TYPE="NAM" PRIMARY="true" METONYMY_MENTION="FALSE">
        <extent>
          <charseq START="2600" END="2615">via Montecuccoli</charseq>
        </extent>
        <head>
          <charseq START="2600" END="2615">via Montecuccoli</charseq>
        </head>
      </entity_mention>
      <entity_attributes>
        <name NAME="via Montecuccoli">
          <charseq START="2600" END="2615">via Montecuccoli</charseq>
        </name>
      </entity_attributes>
    </entity>
  </document>
</source_file>
