<?xml version="1.0" encoding="UTF-8"?>
<!DOCTYPE source_file PUBLIC "SYSTEM" "apf.v5.1.1.dtd">

<source_file URI="adige20040907_id405437.sgm" SOURCE="unknown" TYPE="text" VERSION="5.0" AUTHOR="romano" ENCODING="UTF-8">
  <document DOCID="adige20040907_id405437">
    <timex2 ID="adige20040907_id405437-T3" VAL="2002">
      <timex2_mention ID="adige20040907_id405437-T3-1">
        <extent>
          <charseq START="998" END="1014">l'anno precedente</charseq>
        </extent>
      </timex2_mention>
    </timex2>
    <timex2 ID="adige20040907_id405437-T4" VAL="2003">
      <timex2_mention ID="adige20040907_id405437-T4-1">
        <extent>
          <charseq START="1175" END="1182">del 2003</charseq>
        </extent>
      </timex2_mention>
    </timex2>
    <timex2 ID="adige20040907_id405437-T10" VAL="2003">
      <timex2_mention ID="adige20040907_id405437-T10-1">
        <extent>
          <charseq START="484" END="500">dallo scorso anno</charseq>
        </extent>
      </timex2_mention>
    </timex2>
    <timex2 ID="adige20040907_id405437-T5" VAL="2002">
      <timex2_mention ID="adige20040907_id405437-T5-1">
        <extent>
          <charseq START="1238" END="1245">Nel 2002</charseq>
        </extent>
      </timex2_mention>
    </timex2>
    <timex2 ID="adige20040907_id405437-T11" VAL="2003" COMMENT="Vuol dire 'l'anno precedente'. R.S.">
      <timex2_mention ID="adige20040907_id405437-T11-1">
        <extent>
          <charseq START="1017" END="1022">allora</charseq>
        </extent>
      </timex2_mention>
    </timex2>
    <timex2 ID="adige20040907_id405437-T6" VAL="2003-11">
      <timex2_mention ID="adige20040907_id405437-T6-1">
        <extent>
          <charseq START="2039" END="2057">nel novembre scorso</charseq>
        </extent>
      </timex2_mention>
    </timex2>
    <timex2 ID="adige20040907_id405437-T7" VAL="PXM" ANCHOR_VAL="2003-11" ANCHOR_DIR="AFTER">
      <timex2_mention ID="adige20040907_id405437-T7-1">
        <extent>
          <charseq START="2189" END="2207">nei mesi successivi</charseq>
        </extent>
      </timex2_mention>
    </timex2>
    <timex2 ID="adige20040907_id405437-T12" VAL="2001">
      <timex2_mention ID="adige20040907_id405437-T12-1">
        <extent>
          <charseq START="1830" END="1837">nel 2001</charseq>
        </extent>
      </timex2_mention>
    </timex2>
    <timex2 ID="adige20040907_id405437-T8" VAL="2003">
      <timex2_mention ID="adige20040907_id405437-T8-1">
        <extent>
          <charseq START="2924" END="2931">del 2003</charseq>
        </extent>
      </timex2_mention>
    </timex2>
    <timex2 ID="adige20040907_id405437-T1" VAL="2002">
      <timex2_mention ID="adige20040907_id405437-T1-1">
        <extent>
          <charseq START="45" END="48">2002</charseq>
        </extent>
      </timex2_mention>
    </timex2>
    <timex2 ID="adige20040907_id405437-T2" VAL="2003">
      <timex2_mention ID="adige20040907_id405437-T2-1">
        <extent>
          <charseq START="934" END="937">2003</charseq>
        </extent>
      </timex2_mention>
    </timex2>
  </document>
</source_file>
