<?xml version="1.0" encoding="UTF-8"?>
<!DOCTYPE source_file PUBLIC "SYSTEM" "apf.v5.1.1.dtd">

<source_file URI="adige20040907_id405448.sgm" SOURCE="unknown" TYPE="text" VERSION="5.0" AUTHOR="romano" ENCODING="UTF-8">
  <document DOCID="adige20040907_id405448">
    <timex2 ID="adige20040907_id405448-T7" VAL="2004" MOD="END">
      <timex2_mention ID="adige20040907_id405448-T7-1">
        <extent>
          <charseq START="683" END="709">alla fine dello scorso anno</charseq>
        </extent>
      </timex2_mention>
    </timex2>
    <timex2 ID="adige20040907_id405448-T8" VAL="PRESENT_REF" ANCHOR_VAL="2004-09-07" ANCHOR_DIR="AS_OF">
      <timex2_mention ID="adige20040907_id405448-T8-1">
        <extent>
          <charseq START="776" END="779">oggi</charseq>
        </extent>
      </timex2_mention>
    </timex2>
    <timex2 ID="adige20040907_id405448-T9" VAL="2004-07" MOD="MID">
      <timex2_mention ID="adige20040907_id405448-T9-1">
        <extent>
          <charseq START="1017" END="1045">alla metà dello scorso luglio</charseq>
        </extent>
      </timex2_mention>
    </timex2>
    <timex2 ID="adige20040907_id405448-T1" VAL="2004-09-07">
      <timex2_mention ID="adige20040907_id405448-T1-1">
        <extent>
          <charseq START="45" END="48">oggi</charseq>
        </extent>
      </timex2_mention>
    </timex2>
    <timex2 ID="adige20040907_id405448-T2" VAL="2004-09-07TAF">
      <timex2_mention ID="adige20040907_id405448-T2-1">
        <extent>
          <charseq START="156" END="170">oggi pomeriggio</charseq>
        </extent>
      </timex2_mention>
    </timex2>
    <timex2 ID="adige20040907_id405448-T3" VAL="2004-09-10">
      <timex2_mention ID="adige20040907_id405448-T3-1">
        <extent>
          <charseq START="389" END="419">nelle giornate del 10 settembre</charseq>
        </extent>
      </timex2_mention>
    </timex2>
    <timex2 ID="adige20040907_id405448-T4" VAL="2004-10-01">
      <timex2_mention ID="adige20040907_id405448-T4-1">
        <extent>
          <charseq START="423" END="439">del primo ottobre</charseq>
        </extent>
      </timex2_mention>
    </timex2>
    <timex2 ID="adige20040907_id405448-T5" VAL="2004-09-10">
      <timex2_mention ID="adige20040907_id405448-T5-1">
        <extent>
          <charseq START="452" END="458">venerdì</charseq>
        </extent>
      </timex2_mention>
    </timex2>
    <timex2 ID="adige20040907_id405448-T6" VAL="2004-10-01">
      <timex2_mention ID="adige20040907_id405448-T6-1">
        <extent>
          <charseq START="527" END="533">ottobre</charseq>
        </extent>
      </timex2_mention>
    </timex2>
  </document>
</source_file>
