<?xml version="1.0" encoding="UTF-8"?>
<!DOCTYPE source_file PUBLIC "SYSTEM" "apf.v5.1.1.dtd">

<source_file URI="adige20040907_id405446.sgm" SOURCE="unknown" TYPE="text" VERSION="5.0" AUTHOR="romano" ENCODING="UTF-8">
  <document DOCID="adige20040907_id405446">
    <timex2 ID="adige20040907_id405446-T3" VAL="2005-04">
      <timex2_mention ID="adige20040907_id405446-T3-1">
        <extent>
          <charseq START="665" END="670">aprile</charseq>
        </extent>
      </timex2_mention>
    </timex2>
    <timex2 ID="adige20040907_id405446-T4" VAL="2004-H1">
      <timex2_mention ID="adige20040907_id405446-T4-1">
        <extent>
          <charseq START="784" END="800">Il primo semestre</charseq>
        </extent>
      </timex2_mention>
    </timex2>
    <timex2 ID="adige20040907_id405446-T5" VAL="2003">
      <timex2_mention ID="adige20040907_id405446-T5-1">
        <extent>
          <charseq START="948" END="954">al 2003</charseq>
        </extent>
      </timex2_mention>
    </timex2>
    <timex2 ID="adige20040907_id405446-T1" VAL="PAST_REF" ANCHOR_VAL="2004-09-07" ANCHOR_DIR="BEFORE" COMMENT="Come dire 'in passato'.">
      <timex2_mention ID="adige20040907_id405446-T1-1">
        <extent>
          <charseq START="231" END="235">prima</charseq>
        </extent>
      </timex2_mention>
    </timex2>
    <timex2 ID="adige20040907_id405446-T2" VAL="2005-03">
      <timex2_mention ID="adige20040907_id405446-T2-1">
        <extent>
          <charseq START="522" END="526">marzo</charseq>
        </extent>
      </timex2_mention>
    </timex2>
  </document>
</source_file>
