<?xml version="1.0" encoding="UTF-8"?>
<!DOCTYPE source_file PUBLIC "SYSTEM" "apf.v5.1.1.dtd">

<source_file URI="adige20040907_id405447.sgm" SOURCE="unknown" TYPE="text" VERSION="5.0" AUTHOR="romano" ENCODING="UTF-8">
  <document DOCID="adige20040907_id405447">
    <timex2 ID="adige20040907_id405447-T1" VAL="2004-07">
      <timex2_mention ID="adige20040907_id405447-T1-1">
        <extent>
          <charseq START="16" END="21">luglio</charseq>
        </extent>
      </timex2_mention>
    </timex2>
    <timex2 ID="adige20040907_id405447-T2" VAL="2004-07">
      <timex2_mention ID="adige20040907_id405447-T2-1">
        <extent>
          <charseq START="191" END="196">luglio</charseq>
        </extent>
      </timex2_mention>
    </timex2>
    <timex2 ID="adige20040907_id405447-T4" VAL="XXXX-XX-XX">
      <timex2_mention ID="adige20040907_id405447-T4-1">
        <extent>
          <charseq START="926" END="944">giornate di vacanza</charseq>
        </extent>
      </timex2_mention>
    </timex2>
    <timex2 ID="adige20040907_id405447-T3" VAL="2003-07">
      <timex2_mention ID="adige20040907_id405447-T3-1">
        <extent>
          <charseq START="682" END="699">al luglio del 2003</charseq>
        </extent>
      </timex2_mention>
    </timex2>
  </document>
</source_file>
