<?xml version="1.0" encoding="UTF-8"?>
<!DOCTYPE source_file PUBLIC "SYSTEM" "apf.v5.1.1.dtd">

<source_file URI="adige20040907_id405444.sgm" SOURCE="unknown" TYPE="text" VERSION="5.0" AUTHOR="romano" ENCODING="UTF-8">
  <document DOCID="adige20040907_id405444">
    <timex2 ID="adige20040907_id405444-T8">
      <timex2_mention ID="adige20040907_id405444-T8-1">
        <extent>
          <charseq START="1969" END="1973">tempo</charseq>
        </extent>
      </timex2_mention>
    </timex2>
    <timex2 ID="adige20040907_id405444-T2" VAL="PRESENT_REF" ANCHOR_VAL="2004-09-07" ANCHOR_DIR="AS_OF">
      <timex2_mention ID="adige20040907_id405444-T2-1">
        <extent>
          <charseq START="929" END="932">oggi</charseq>
        </extent>
      </timex2_mention>
    </timex2>
    <timex2 ID="adige20040907_id405444-T3" VAL="2000">
      <timex2_mention ID="adige20040907_id405444-T3-1">
        <extent>
          <charseq START="1229" END="1241">gli anni 2000</charseq>
        </extent>
      </timex2_mention>
    </timex2>
    <timex2 ID="adige20040907_id405444-T1" VAL="PRESENT_REF" ANCHOR_VAL="2004-09-07" ANCHOR_DIR="AS_OF">
      <timex2_mention ID="adige20040907_id405444-T1-1">
        <extent>
          <charseq START="258" END="260">Ora</charseq>
        </extent>
      </timex2_mention>
    </timex2>
    <timex2 ID="adige20040907_id405444-T4" VAL="2001">
      <timex2_mention ID="adige20040907_id405444-T4-1">
        <extent>
          <charseq START="1243" END="1246">2001</charseq>
        </extent>
      </timex2_mention>
    </timex2>
    <timex2 ID="adige20040907_id405444-T9" VAL="PRESENT_REF" ANCHOR_VAL="2004-09-07" ANCHOR_DIR="AS_OF">
      <timex2_mention ID="adige20040907_id405444-T9-1">
        <extent>
          <charseq START="2178" END="2180">Ora</charseq>
        </extent>
      </timex2_mention>
    </timex2>
    <timex2 ID="adige20040907_id405444-T5" VAL="2002">
      <timex2_mention ID="adige20040907_id405444-T5-1">
        <extent>
          <charseq START="1248" END="1251">2002</charseq>
        </extent>
      </timex2_mention>
    </timex2>
    <timex2 ID="adige20040907_id405444-T7" VAL="PAST_REF" ANCHOR_VAL="2004-09-07" ANCHOR_DIR="BEFORE">
      <timex2_mention ID="adige20040907_id405444-T7-1">
        <extent>
          <charseq START="915" END="916">ex</charseq>
        </extent>
      </timex2_mention>
    </timex2>
    <timex2 ID="adige20040907_id405444-T6" VAL="PXY" ANCHOR_VAL="2004" ANCHOR_DIR="BEFORE">
      <timex2_mention ID="adige20040907_id405444-T6-1">
        <extent>
          <charseq START="1467" END="1483">negli ultimi anni</charseq>
        </extent>
      </timex2_mention>
    </timex2>
  </document>
</source_file>
