<?xml version="1.0" encoding="UTF-8"?>
<!DOCTYPE source_file PUBLIC "SYSTEM" "apf.v5.1.1.dtd">

<source_file URI="adige20040907_id405438.sgm" SOURCE="unknown" TYPE="text" VERSION="5.0" AUTHOR="romano" ENCODING="UTF-8">
  <document DOCID="adige20040907_id405438">
    <timex2 ID="adige20040907_id405438-T1" VAL="2003">
      <timex2_mention ID="adige20040907_id405438-T1-1">
        <extent>
          <charseq START="878" END="881">2003</charseq>
        </extent>
      </timex2_mention>
    </timex2>
    <timex2 ID="adige20040907_id405438-T2" VAL="2003">
      <timex2_mention ID="adige20040907_id405438-T2-1">
        <extent>
          <charseq START="895" END="898">2003</charseq>
        </extent>
      </timex2_mention>
    </timex2>
  </document>
</source_file>
