<?xml version="1.0" encoding="UTF-8"?>
<!DOCTYPE source_file PUBLIC "SYSTEM" "apf.v5.1.1.dtd">

<source_file URI="adige20041008_id414163.sgm" SOURCE="unknown" TYPE="text" VERSION="5.0" AUTHOR="romano" ENCODING="UTF-8">
  <document DOCID="adige20041008_id414163">
    <timex2 ID="adige20041008_id414163-T2" VAL="PAST_REF" ANCHOR_VAL="2004-10-08" ANCHOR_DIR="BEFORE">
      <timex2_mention ID="adige20041008_id414163-T2-1">
        <extent>
          <charseq START="111" END="112">ex</charseq>
        </extent>
      </timex2_mention>
    </timex2>
    <timex2 ID="adige20041008_id414163-T3" VAL="2004-W41" MOD="START">
      <timex2_mention ID="adige20041008_id414163-T3-1">
        <extent>
          <charseq START="227" END="257">all'inizio dei questa settimana</charseq>
        </extent>
      </timex2_mention>
    </timex2>
    <timex2 ID="adige20041008_id414163-T4" VAL="P3D">
      <timex2_mention ID="adige20041008_id414163-T4-1">
        <extent>
          <charseq START="594" END="603">tre giorni</charseq>
        </extent>
      </timex2_mention>
    </timex2>
    <timex2 ID="adige20041008_id414163-T5" VAL="2004-10-07TEV" MOD="END">
      <timex2_mention ID="adige20041008_id414163-T5-1">
        <extent>
          <charseq START="691" END="716">Nella tarda serata di ieri</charseq>
        </extent>
      </timex2_mention>
    </timex2>
    <timex2 ID="adige20041008_id414163-T6" VAL="2004-10-08">
      <timex2_mention ID="adige20041008_id414163-T6-1">
        <extent>
          <charseq START="850" END="853">oggi</charseq>
        </extent>
      </timex2_mention>
    </timex2>
    <timex2 ID="adige20041008_id414163-T7" VAL="XXXX-WXX-5" SET="YES">
      <timex2_mention ID="adige20041008_id414163-T7-1">
        <extent>
          <charseq START="894" END="904">del venerdì</charseq>
        </extent>
      </timex2_mention>
    </timex2>
    <timex2 ID="adige20041008_id414163-T8" VAL="2004-10-10">
      <timex2_mention ID="adige20041008_id414163-T8-1">
        <extent>
          <charseq START="907" END="914">Domenica</charseq>
        </extent>
      </timex2_mention>
    </timex2>
    <timex2 ID="adige20041008_id414163-T9" VAL="2003">
      <timex2_mention ID="adige20041008_id414163-T9-1">
        <extent>
          <charseq START="1109" END="1125">dell'anno passato</charseq>
        </extent>
      </timex2_mention>
    </timex2>
    <timex2 ID="adige20041008_id414163-T1" VAL="2004-10-07">
      <timex2_mention ID="adige20041008_id414163-T1-1">
        <extent>
          <charseq START="14" END="17">Ieri</charseq>
        </extent>
      </timex2_mention>
    </timex2>
    <timex2 ID="adige20041008_id414163-T10" VAL="PRESENT_REF" ANCHOR_VAL="2004-10-08" ANCHOR_DIR="AS_OF">
      <timex2_mention ID="adige20041008_id414163-T10-1">
        <extent>
          <charseq START="1459" END="1464">finora</charseq>
        </extent>
      </timex2_mention>
    </timex2>
  </document>
</source_file>
