<?xml version="1.0" encoding="UTF-8"?>
<!DOCTYPE source_file PUBLIC "SYSTEM" "apf.v5.1.1.dtd">

<source_file URI="adige20041008_id414157.sgm" SOURCE="unknown" TYPE="text" VERSION="5.0" AUTHOR="romano" ENCODING="UTF-8">
  <document DOCID="adige20041008_id414157">
    <timex2 ID="adige20041008_id414157-T2" VAL="2004-10-06">
      <timex2_mention ID="adige20041008_id414157-T2-1">
        <extent>
          <charseq START="667" END="693">nella giornata di mercoledì</charseq>
        </extent>
      </timex2_mention>
    </timex2>
    <timex2 ID="adige20041008_id414157-T3" VAL="FUTURE_REF" ANCHOR_VAL="2004-10-08" ANCHOR_DIR="AFTER">
      <timex2_mention ID="adige20041008_id414157-T3-1">
        <extent>
          <charseq START="781" END="794">del suo futuro</charseq>
        </extent>
      </timex2_mention>
    </timex2>
    <timex2 ID="adige20041008_id414157-T4" VAL="2003">
      <timex2_mention ID="adige20041008_id414157-T4-1">
        <extent>
          <charseq START="1196" END="1199">2003</charseq>
        </extent>
      </timex2_mention>
    </timex2>
    <timex2 ID="adige20041008_id414157-T5" VAL="2004-10-08">
      <timex2_mention ID="adige20041008_id414157-T5-1">
        <extent>
          <charseq START="1583" END="1586">oggi</charseq>
        </extent>
      </timex2_mention>
    </timex2>
    <timex2 ID="adige20041008_id414157-T7" VAL="PRESENT_REF" ANCHOR_VAL="2004-10-08" ANCHOR_DIR="AS_OF">
      <timex2_mention ID="adige20041008_id414157-T7-1">
        <extent>
          <charseq START="2418" END="2424">attuale</charseq>
        </extent>
      </timex2_mention>
    </timex2>
    <timex2 ID="adige20041008_id414157-T6" VAL="2004-10-10">
      <timex2_mention ID="adige20041008_id414157-T6-1">
        <extent>
          <charseq START="2459" END="2466">domenica</charseq>
        </extent>
      </timex2_mention>
    </timex2>
    <timex2 ID="adige20041008_id414157-T10" VAL="FUTURE_REF" ANCHOR_VAL="2004-10-08" ANCHOR_DIR="AFTER">
      <timex2_mention ID="adige20041008_id414157-T10-1">
        <extent>
          <charseq START="955" END="960">futuro</charseq>
        </extent>
      </timex2_mention>
    </timex2>
    <timex2 ID="adige20041008_id414157-T1" VAL="2004-W41">
      <timex2_mention ID="adige20041008_id414157-T1-1">
        <extent>
          <charseq START="592" END="607">questa settimana</charseq>
        </extent>
      </timex2_mention>
    </timex2>
    <timex2 ID="adige20041008_id414157-T8" COMMENT="NO calendario gregoriano.">
      <timex2_mention ID="adige20041008_id414157-T8-1">
        <extent>
          <charseq START="265" END="287">nella prossima stagione</charseq>
        </extent>
      </timex2_mention>
    </timex2>
    <timex2 ID="adige20041008_id414157-T9">
      <timex2_mention ID="adige20041008_id414157-T9-1">
        <extent>
          <charseq START="408" END="412">tempo</charseq>
        </extent>
      </timex2_mention>
    </timex2>
  </document>
</source_file>
