<?xml version="1.0" encoding="UTF-8"?>
<!DOCTYPE source_file PUBLIC "SYSTEM" "apf.v5.1.1.dtd">

<source_file URI="adige20041008_id414155.sgm" SOURCE="unknown" TYPE="text" VERSION="5.0" AUTHOR="romano" ENCODING="UTF-8">
  <document DOCID="adige20041008_id414155">
    <timex2 ID="adige20041008_id414155-T2">
      <timex2_mention ID="adige20041008_id414155-T2-1">
        <extent>
          <charseq START="1130" END="1137">il tempo</charseq>
        </extent>
      </timex2_mention>
    </timex2>
    <timex2 ID="adige20041008_id414155-T7" COMMENT="NO calendario gregoriano.">
      <timex2_mention ID="adige20041008_id414155-T7-1">
        <extent>
          <charseq START="1828" END="1832">al 4'</charseq>
        </extent>
      </timex2_mention>
    </timex2>
    <timex2 ID="adige20041008_id414155-T3" COMMENT="NO calendario gregoriano.">
      <timex2_mention ID="adige20041008_id414155-T3-1">
        <extent>
          <charseq START="1184" END="1193">12 secondi</charseq>
        </extent>
      </timex2_mention>
    </timex2>
    <timex2 ID="adige20041008_id414155-T4" COMMENT="NO calendario gregoriano.">
      <timex2_mention ID="adige20041008_id414155-T4-1">
        <extent>
          <charseq START="1527" END="1531">17'39</charseq>
        </extent>
      </timex2_mention>
    </timex2>
    <timex2 ID="adige20041008_id414155-T5" COMMENT="NO calendario gregoriano.">
      <timex2_mention ID="adige20041008_id414155-T5-1">
        <extent>
          <charseq START="1604" END="1613">10 secondi</charseq>
        </extent>
      </timex2_mention>
    </timex2>
    <timex2 ID="adige20041008_id414155-T1" COMMENT="NO calendario gregoriano.">
      <timex2_mention ID="adige20041008_id414155-T1-1">
        <extent>
          <charseq START="744" END="751">2 minuti</charseq>
        </extent>
      </timex2_mention>
    </timex2>
  </document>
</source_file>
