<?xml version="1.0" encoding="UTF-8"?>
<!DOCTYPE source_file PUBLIC "SYSTEM" "apf.v5.1.1.dtd">

<source_file URI="adige20041008_id414153.sgm" SOURCE="unknown" TYPE="text" VERSION="5.0" AUTHOR="romano" ENCODING="UTF-8">
  <document DOCID="adige20041008_id414153">
    <timex2 ID="adige20041008_id414153-T1" VAL="2004-10-08">
      <timex2_mention ID="adige20041008_id414153-T1-1">
        <extent>
          <charseq START="538" END="541">oggi</charseq>
        </extent>
      </timex2_mention>
    </timex2>
    <timex2 ID="adige20041008_id414153-T2" VAL="2004-W41">
      <timex2_mention ID="adige20041008_id414153-T2-1">
        <extent>
          <charseq START="742" END="750">settimana</charseq>
        </extent>
      </timex2_mention>
    </timex2>
  </document>
</source_file>
