<?xml version="1.0" encoding="UTF-8"?>
<!DOCTYPE source_file PUBLIC "SYSTEM" "apf.v5.1.1.dtd">

<source_file URI="adige20041008_id414146.sgm" SOURCE="unknown" TYPE="text" VERSION="5.0" AUTHOR="romano" ENCODING="UTF-8">
  <document DOCID="adige20041008_id414146">
    <timex2 ID="adige20041008_id414146-T4" VAL="2000-WXX-5">
      <timex2_mention ID="adige20041008_id414146-T4-1">
        <extent>
          <charseq START="670" END="680">del venerdì</charseq>
        </extent>
      </timex2_mention>
    </timex2>
    <timex2 ID="adige20041008_id414146-T5" VAL="1994">
      <timex2_mention ID="adige20041008_id414146-T5-1">
        <extent>
          <charseq START="853" END="859">Nel '94</charseq>
        </extent>
      </timex2_mention>
    </timex2>
    <timex2 ID="adige20041008_id414146-T1" VAL="PRESENT_REF" ANCHOR_VAL="2004-10-08" ANCHOR_DIR="AS_OF">
      <timex2_mention ID="adige20041008_id414146-T1-1">
        <extent>
          <charseq START="27" END="32">adesso</charseq>
        </extent>
      </timex2_mention>
    </timex2>
    <timex2 ID="adige20041008_id414146-T2" VAL="2004-10-06TEV" MOD="END">
      <timex2_mention ID="adige20041008_id414146-T2-1">
        <extent>
          <charseq START="279" END="309">nella tarda serata di mercoledì</charseq>
        </extent>
      </timex2_mention>
    </timex2>
    <timex2 ID="adige20041008_id414146-T3" VAL="2000">
      <timex2_mention ID="adige20041008_id414146-T3-1">
        <extent>
          <charseq START="606" END="613">Nel 2000</charseq>
        </extent>
      </timex2_mention>
    </timex2>
  </document>
</source_file>
