<?xml version="1.0" encoding="UTF-8"?>
<!DOCTYPE source_file PUBLIC "SYSTEM" "apf.v5.1.1.dtd">

<source_file URI="adige20041008_id414150.sgm" SOURCE="unknown" TYPE="text" VERSION="5.0" AUTHOR="romano" ENCODING="UTF-8">
  <document DOCID="adige20041008_id414150">
    <timex2 ID="adige20041008_id414150-T1" VAL="2004-10-07">
      <timex2_mention ID="adige20041008_id414150-T1-1">
        <extent>
          <charseq START="131" END="141">del giovedì</charseq>
        </extent>
      </timex2_mention>
    </timex2>
    <timex2 ID="adige20041008_id414150-T2" VAL="PT2H">
      <timex2_mention ID="adige20041008_id414150-T2-1">
        <extent>
          <charseq START="707" END="713">due ore</charseq>
        </extent>
      </timex2_mention>
    </timex2>
    <timex2 ID="adige20041008_id414150-T3" VAL="PRESENT_REF" ANCHOR_VAL="2004-10-08" ANCHOR_DIR="AS_OF">
      <timex2_mention ID="adige20041008_id414150-T3-1">
        <extent>
          <charseq START="739" END="744">Adesso</charseq>
        </extent>
      </timex2_mention>
    </timex2>
  </document>
</source_file>
