<?xml version="1.0" encoding="UTF-8"?>
<!DOCTYPE source_file PUBLIC "SYSTEM" "apf.v5.1.1.dtd">

<source_file URI="adige20041008_id414151.sgm" SOURCE="unknown" TYPE="text" VERSION="5.0" AUTHOR="romano" ENCODING="UTF-8">
  <document DOCID="adige20041008_id414151">
    <timex2 ID="adige20041008_id414151-T1" VAL="2004-10-XXT20:55" COMMENT="Dal contesto non si capisce se la partita si svolge la sera dell'8 o del 9 ottobre.">
      <timex2_mention ID="adige20041008_id414151-T1-1">
        <extent>
          <charseq START="12" END="20">ore 20.55</charseq>
        </extent>
      </timex2_mention>
    </timex2>
  </document>
</source_file>
