<?xml version="1.0" encoding="UTF-8"?>
<!DOCTYPE source_file PUBLIC "SYSTEM" "apf.v5.1.1.dtd">

<source_file URI="adige20041008_id414159.sgm" SOURCE="unknown" TYPE="text" VERSION="5.0" AUTHOR="romano" ENCODING="UTF-8">
  <document DOCID="adige20041008_id414159">
    <timex2 ID="adige20041008_id414159-T1" VAL="XXXX-WXX-X" SET="YES">
      <timex2_mention ID="adige20041008_id414159-T1-1">
        <extent>
          <charseq START="146" END="161">infrasettimanale</charseq>
        </extent>
      </timex2_mention>
    </timex2>
    <timex2 ID="adige20041008_id414159-T2" VAL="2004-10-06">
      <timex2_mention ID="adige20041008_id414159-T2-1">
        <extent>
          <charseq START="501" END="509">mercoledì</charseq>
        </extent>
      </timex2_mention>
    </timex2>
  </document>
</source_file>
