<?xml version="1.0" encoding="UTF-8"?>
<!DOCTYPE source_file PUBLIC "SYSTEM" "apf.v5.1.1.dtd">

<source_file URI="adige20041008_id414148.sgm" SOURCE="unknown" TYPE="text" VERSION="5.0" AUTHOR="romano" ENCODING="UTF-8">
  <document DOCID="adige20041008_id414148">
    <timex2 ID="adige20041008_id414148-T5" VAL="PTXM">
      <timex2_mention ID="adige20041008_id414148-T5-1">
        <extent>
          <charseq START="1381" END="1396">dai primi minuti</charseq>
        </extent>
      </timex2_mention>
    </timex2>
    <timex2 ID="adige20041008_id414148-T1" VAL="PTXM">
      <timex2_mention ID="adige20041008_id414148-T1-1">
        <extent>
          <charseq START="416" END="432">pochi minuti dopo</charseq>
        </extent>
      </timex2_mention>
    </timex2>
    <timex2 ID="adige20041008_id414148-T2" VAL="2004-10-07">
      <timex2_mention ID="adige20041008_id414148-T2-1">
        <extent>
          <charseq START="491" END="494">ieri</charseq>
        </extent>
      </timex2_mention>
    </timex2>
    <timex2 ID="adige20041008_id414148-T3" VAL="XXXX-XX-XX">
      <timex2_mention ID="adige20041008_id414148-T3-1">
        <extent>
          <charseq START="524" END="533">dal giorno</charseq>
        </extent>
      </timex2_mention>
    </timex2>
    <timex2 ID="adige20041008_id414148-T4" VAL="PRESENT_REF" ANCHOR_VAL="2004-10-08" ANCHOR_DIR="AS_OF">
      <timex2_mention ID="adige20041008_id414148-T4-1">
        <extent>
          <charseq START="1201" END="1210">il momento</charseq>
        </extent>
      </timex2_mention>
    </timex2>
  </document>
</source_file>
