<?xml version="1.0" encoding="UTF-8"?>
<!DOCTYPE source_file PUBLIC "SYSTEM" "apf.v5.1.1.dtd">

<source_file URI="adige20041008_id414160.sgm" SOURCE="unknown" TYPE="text" VERSION="5.0" AUTHOR="romano" ENCODING="UTF-8">
  <document DOCID="adige20041008_id414160">
    <timex2 ID="adige20041008_id414160-T1" VAL="2004-10-10">
      <timex2_mention ID="adige20041008_id414160-T1-1">
        <extent>
          <charseq START="78" END="96">Domenica 10 ottobre</charseq>
        </extent>
      </timex2_mention>
    </timex2>
    <timex2 ID="adige20041008_id414160-T10" VAL="2004-10-10T16:40">
      <timex2_mention ID="adige20041008_id414160-T10-1">
        <extent>
          <charseq START="974" END="982">ore 16.40</charseq>
        </extent>
      </timex2_mention>
    </timex2>
    <timex2 ID="adige20041008_id414160-T2" VAL="P7Y" MOD="EQUAL_OR_MORE" ANCHOR_VAL="2004" ANCHOR_DIR="ENDING">
      <timex2_mention ID="adige20041008_id414160-T2-1">
        <extent>
          <charseq START="726" END="730">dai 7</charseq>
        </extent>
      </timex2_mention>
    </timex2>
    <timex2 ID="adige20041008_id414160-T11" VAL="2004-10-10">
      <timex2_mention ID="adige20041008_id414160-T11-1">
        <extent>
          <charseq START="9" END="16">Domenica</charseq>
        </extent>
      </timex2_mention>
    </timex2>
    <timex2 ID="adige20041008_id414160-T3" VAL="P12Y" MOD="EQUAL_OR_LESS" ANCHOR_VAL="2004" ANCHOR_DIR="ENDING">
      <timex2_mention ID="adige20041008_id414160-T3-1">
        <extent>
          <charseq START="732" END="741">ai 12 anni</charseq>
        </extent>
      </timex2_mention>
    </timex2>
    <timex2 ID="adige20041008_id414160-T4" VAL="2004-10-10">
      <timex2_mention ID="adige20041008_id414160-T4-1">
        <extent>
          <charseq START="831" END="838">domenica</charseq>
        </extent>
      </timex2_mention>
    </timex2>
    <timex2 ID="adige20041008_id414160-T5" VAL="2004-10-10T10:00">
      <timex2_mention ID="adige20041008_id414160-T5-1">
        <extent>
          <charseq START="841" END="846">ore 10</charseq>
        </extent>
      </timex2_mention>
    </timex2>
    <timex2 ID="adige20041008_id414160-T6" VAL="2004-10-10T10:50">
      <timex2_mention ID="adige20041008_id414160-T6-1">
        <extent>
          <charseq START="870" END="878">ore 10.50</charseq>
        </extent>
      </timex2_mention>
    </timex2>
    <timex2 ID="adige20041008_id414160-T7" VAL="2004-10-10T11:40">
      <timex2_mention ID="adige20041008_id414160-T7-1">
        <extent>
          <charseq START="895" END="903">ore 11.40</charseq>
        </extent>
      </timex2_mention>
    </timex2>
    <timex2 ID="adige20041008_id414160-T8" VAL="2004-10-10T15:00">
      <timex2_mention ID="adige20041008_id414160-T8-1">
        <extent>
          <charseq START="927" END="932">ore 15</charseq>
        </extent>
      </timex2_mention>
    </timex2>
    <timex2 ID="adige20041008_id414160-T9" VAL="2004-10-10T15:50">
      <timex2_mention ID="adige20041008_id414160-T9-1">
        <extent>
          <charseq START="949" END="957">ore 15.50</charseq>
        </extent>
      </timex2_mention>
    </timex2>
  </document>
</source_file>
