<?xml version="1.0" encoding="UTF-8"?>
<!DOCTYPE source_file PUBLIC "SYSTEM" "apf.v5.2.0.dtd">

<source_file URI="adige20041008_id414181.txt" SOURCE="unknown" TYPE="text" VERSION="5.0" AUTHOR="Evalita" ENCODING="UTF-8">
  <document DOCID="adige20041008_id414181">
    <entity ID="adige20041008_id414181-E3" TYPE="PER" SUBTYPE="Indefinite" CLASS="USP">
      <entity_mention ID="adige20041008_id414181-E3-1" TYPE="PRO" PRIMARY="true" METONYMY_MENTION="FALSE">
        <extent>
          <charseq START="419" END="420">si</charseq>
        </extent>
        <head>
          <charseq START="419" END="420">si</charseq>
        </head>
      </entity_mention>
    </entity>
    <entity ID="adige20041008_id414181-E4" TYPE="PER" SUBTYPE="Group" CLASS="USP">
      <entity_mention ID="adige20041008_id414181-E4-1" TYPE="NOM" PRIMARY="true" METONYMY_MENTION="FALSE">
        <extent>
          <charseq START="609" END="638">autorità religiose e politiche</charseq>
        </extent>
        <head>
          <charseq START="609" END="616">autorità</charseq>
        </head>
      </entity_mention>
    </entity>
    <entity ID="adige20041008_id414181-E5" TYPE="PER" SUBTYPE="Group" CLASS="USP">
      <entity_mention ID="adige20041008_id414181-E5-1" TYPE="NOM" PRIMARY="true" METONYMY_MENTION="FALSE">
        <extent>
          <charseq START="708" END="721">1.200 invitati</charseq>
        </extent>
        <head>
          <charseq START="714" END="721">invitati</charseq>
        </head>
      </entity_mention>
    </entity>
    <entity ID="adige20041008_id414181-E6" TYPE="PER" SUBTYPE="Individual" CLASS="SPC">
      <entity_mention ID="adige20041008_id414181-E6-1" TYPE="NAM" PRIMARY="true" METONYMY_MENTION="FALSE">
        <extent>
          <charseq START="1389" END="1403">Denis Bertolini</charseq>
        </extent>
        <head>
          <charseq START="1389" END="1403">Denis Bertolini</charseq>
        </head>
      </entity_mention>
      <entity_mention ID="adige20041008_id414181-E6-2" TYPE="NOM" PRIMARY="false" METONYMY_MENTION="FALSE">
        <extent>
          <charseq START="1351" END="1387">Il consigliere provinciale della Lega</charseq>
        </extent>
        <head>
          <charseq START="1354" END="1364">consigliere</charseq>
        </head>
      </entity_mention>
      <entity_mention ID="adige20041008_id414181-E6-3" TYPE="NOM" PRIMARY="false" METONYMY_MENTION="FALSE">
        <extent>
          <charseq START="1351" END="1403">Il consigliere provinciale della Lega Denis Bertolini</charseq>
        </extent>
        <head>
          <charseq START="1351" END="1403">Il consigliere provinciale della Lega Denis Bertolini</charseq>
        </head>
      </entity_mention>
      <entity_mention ID="adige20041008_id414181-E6-5" TYPE="NAM" PRIMARY="false" METONYMY_MENTION="FALSE">
        <extent>
          <charseq START="266" END="274">Bertolini</charseq>
        </extent>
        <head>
          <charseq START="266" END="274">Bertolini</charseq>
        </head>
      </entity_mention>
      <entity_attributes>
        <name NAME="Denis Bertolini">
          <charseq START="1389" END="1403">Denis Bertolini</charseq>
        </name>
        <name NAME="Bertolini">
          <charseq START="266" END="274">Bertolini</charseq>
        </name>
      </entity_attributes>
    </entity>
    <entity ID="adige20041008_id414181-E7" TYPE="PER" SUBTYPE="Individual" CLASS="SPC">
      <entity_mention ID="adige20041008_id414181-E7-1" TYPE="NAM" PRIMARY="true" METONYMY_MENTION="FALSE">
        <extent>
          <charseq START="1556" END="1567">Luigi Merler</charseq>
        </extent>
        <head>
          <charseq START="1556" END="1567">Luigi Merler</charseq>
        </head>
      </entity_mention>
      <entity_mention ID="adige20041008_id414181-E7-2" TYPE="NOM" PRIMARY="false" METONYMY_MENTION="FALSE">
        <extent>
          <charseq START="1506" END="1554">il consigliere comunale di Trento di Forza Italia</charseq>
        </extent>
        <head>
          <charseq START="1509" END="1519">consigliere</charseq>
        </head>
      </entity_mention>
      <entity_mention ID="adige20041008_id414181-E7-3" TYPE="NOM" PRIMARY="false" METONYMY_MENTION="FALSE">
        <extent>
          <charseq START="1506" END="1567">il consigliere comunale di Trento di Forza Italia Luigi Merler</charseq>
        </extent>
        <head>
          <charseq START="1506" END="1567">il consigliere comunale di Trento di Forza Italia Luigi Merler</charseq>
        </head>
      </entity_mention>
      <entity_mention ID="adige20041008_id414181-E7-5" TYPE="NAM" PRIMARY="false" METONYMY_MENTION="FALSE">
        <extent>
          <charseq START="278" END="283">Merler</charseq>
        </extent>
        <head>
          <charseq START="278" END="283">Merler</charseq>
        </head>
      </entity_mention>
      <entity_attributes>
        <name NAME="Luigi Merler">
          <charseq START="1556" END="1567">Luigi Merler</charseq>
        </name>
        <name NAME="Merler">
          <charseq START="278" END="283">Merler</charseq>
        </name>
      </entity_attributes>
    </entity>
    <entity ID="adige20041008_id414181-E8" TYPE="PER" SUBTYPE="Individual" CLASS="SPC">
      <entity_mention ID="adige20041008_id414181-E8-1" TYPE="NAM" PRIMARY="true" METONYMY_MENTION="FALSE">
        <extent>
          <charseq START="1618" END="1623">Pacher</charseq>
        </extent>
        <head>
          <charseq START="1618" END="1623">Pacher</charseq>
        </head>
      </entity_mention>
      <entity_mention ID="adige20041008_id414181-E8-2" TYPE="NOM" PRIMARY="false" METONYMY_MENTION="FALSE">
        <extent>
          <charseq START="1607" END="1616">al sindaco</charseq>
        </extent>
        <head>
          <charseq START="1610" END="1616">sindaco</charseq>
        </head>
      </entity_mention>
      <entity_mention ID="adige20041008_id414181-E8-3" TYPE="NOM" PRIMARY="false" METONYMY_MENTION="FALSE">
        <extent>
          <charseq START="1607" END="1623">al sindaco Pacher</charseq>
        </extent>
        <head>
          <charseq START="1607" END="1623">al sindaco Pacher</charseq>
        </head>
      </entity_mention>
      <entity_attributes>
        <name NAME="Pacher">
          <charseq START="1618" END="1623">Pacher</charseq>
        </name>
      </entity_attributes>
    </entity>
    <entity ID="adige20041008_id414181-E9" TYPE="ORG" SUBTYPE="Commercial" CLASS="SPC">
      <entity_mention ID="adige20041008_id414181-E9-2" TYPE="NAM" PRIMARY="true" METONYMY_MENTION="FALSE">
        <extent>
          <charseq START="140" END="157">Trentino Trasporti</charseq>
        </extent>
        <head>
          <charseq START="140" END="157">Trentino Trasporti</charseq>
        </head>
      </entity_mention>
      <entity_mention ID="adige20041008_id414181-E9-4" TYPE="NOM" PRIMARY="false" METONYMY_MENTION="FALSE">
        <extent>
          <charseq START="194" END="203">la società</charseq>
        </extent>
        <head>
          <charseq START="197" END="203">società</charseq>
        </head>
      </entity_mention>
      <entity_mention ID="adige20041008_id414181-E9-6" TYPE="NAM" PRIMARY="false" METONYMY_MENTION="FALSE">
        <extent>
          <charseq START="225" END="242">Trentino Trasporti</charseq>
        </extent>
        <head>
          <charseq START="225" END="242">Trentino Trasporti</charseq>
        </head>
      </entity_mention>
      <entity_mention ID="adige20041008_id414181-E9-8" TYPE="NAM" PRIMARY="false" METONYMY_MENTION="FALSE">
        <extent>
          <charseq START="324" END="341">Trentino trasporti</charseq>
        </extent>
        <head>
          <charseq START="324" END="341">Trentino trasporti</charseq>
        </head>
      </entity_mention>
      <entity_mention ID="adige20041008_id414181-E9-10" TYPE="NOM" PRIMARY="false" METONYMY_MENTION="FALSE">
        <extent>
          <charseq START="406" END="415">La Società</charseq>
        </extent>
        <head>
          <charseq START="409" END="415">Società</charseq>
        </head>
      </entity_mention>
      <entity_mention ID="adige20041008_id414181-E9-12" TYPE="NAM" PRIMARY="false" METONYMY_MENTION="FALSE">
        <extent>
          <charseq START="893" END="913">la Trentino Trasporti</charseq>
        </extent>
        <head>
          <charseq START="896" END="913">Trentino Trasporti</charseq>
        </head>
      </entity_mention>
      <entity_mention ID="adige20041008_id414181-E9-14" TYPE="PRO" PRIMARY="false" METONYMY_MENTION="FALSE">
        <extent>
          <charseq START="928" END="930">sua</charseq>
        </extent>
        <head>
          <charseq START="928" END="930">sua</charseq>
        </head>
      </entity_mention>
      <entity_mention ID="adige20041008_id414181-E9-18" TYPE="NAM" PRIMARY="false" METONYMY_MENTION="FALSE">
        <extent>
          <charseq START="74" END="91">Trentino trasporti</charseq>
        </extent>
        <head>
          <charseq START="74" END="91">Trentino trasporti</charseq>
        </head>
      </entity_mention>
      <entity_attributes>
        <name NAME="Trentino Trasporti">
          <charseq START="140" END="157">Trentino Trasporti</charseq>
        </name>
        <name NAME="Trentino Trasporti">
          <charseq START="225" END="242">Trentino Trasporti</charseq>
        </name>
        <name NAME="Trentino trasporti">
          <charseq START="324" END="341">Trentino trasporti</charseq>
        </name>
        <name NAME="Trentino Trasporti">
          <charseq START="896" END="913">Trentino Trasporti</charseq>
        </name>
        <name NAME="Trentino trasporti">
          <charseq START="74" END="91">Trentino trasporti</charseq>
        </name>
      </entity_attributes>
    </entity>
    <entity ID="adige20041008_id414181-E10" TYPE="ORG" SUBTYPE="Non-Governmental" CLASS="SPC">
      <entity_mention ID="adige20041008_id414181-E10-2" TYPE="NAM" PRIMARY="true" METONYMY_MENTION="FALSE">
        <extent>
          <charseq START="257" END="263">il Patt</charseq>
        </extent>
        <head>
          <charseq START="260" END="263">Patt</charseq>
        </head>
      </entity_mention>
      <entity_mention ID="adige20041008_id414181-E10-4" TYPE="NAM" PRIMARY="false" METONYMY_MENTION="FALSE">
        <extent>
          <charseq START="1173" END="1180">del Patt</charseq>
        </extent>
        <head>
          <charseq START="1177" END="1180">Patt</charseq>
        </head>
      </entity_mention>
      <entity_mention ID="adige20041008_id414181-E10-6" TYPE="NAM" PRIMARY="false" METONYMY_MENTION="FALSE">
        <extent>
          <charseq START="1269" END="1275">Il Patt</charseq>
        </extent>
        <head>
          <charseq START="1272" END="1275">Patt</charseq>
        </head>
      </entity_mention>
      <entity_mention ID="adige20041008_id414181-E10-8" TYPE="NAM" PRIMARY="false" METONYMY_MENTION="FALSE">
        <extent>
          <charseq START="28" END="31">Patt</charseq>
        </extent>
        <head>
          <charseq START="28" END="31">Patt</charseq>
        </head>
      </entity_mention>
      <entity_attributes>
        <name NAME="Patt">
          <charseq START="260" END="263">Patt</charseq>
        </name>
        <name NAME="Patt">
          <charseq START="1177" END="1180">Patt</charseq>
        </name>
        <name NAME="Patt">
          <charseq START="1272" END="1275">Patt</charseq>
        </name>
        <name NAME="Patt">
          <charseq START="28" END="31">Patt</charseq>
        </name>
      </entity_attributes>
    </entity>
    <entity ID="adige20041008_id414181-E12" TYPE="ORG" SUBTYPE="Entertainment" CLASS="SPC">
      <entity_mention ID="adige20041008_id414181-E12-2" TYPE="NAM" PRIMARY="true" METONYMY_MENTION="FALSE">
        <extent>
          <charseq START="800" END="834">della Federazione dei cori trentini</charseq>
        </extent>
        <head>
          <charseq START="806" END="834">Federazione dei cori trentini</charseq>
        </head>
      </entity_mention>
      <entity_attributes>
        <name NAME="Federazione dei cori trentini">
          <charseq START="806" END="834">Federazione dei cori trentini</charseq>
        </name>
      </entity_attributes>
    </entity>
    <entity ID="adige20041008_id414181-E14" TYPE="ORG" SUBTYPE="Entertainment" CLASS="SPC">
      <entity_mention ID="adige20041008_id414181-E14-2" TYPE="NAM" PRIMARY="true" METONYMY_MENTION="FALSE">
        <extent>
          <charseq START="838" END="875">della Federazione dei corpi bandistici</charseq>
        </extent>
        <head>
          <charseq START="844" END="875">Federazione dei corpi bandistici</charseq>
        </head>
      </entity_mention>
      <entity_attributes>
        <name NAME="Federazione dei corpi bandistici">
          <charseq START="844" END="875">Federazione dei corpi bandistici</charseq>
        </name>
      </entity_attributes>
    </entity>
    <entity ID="adige20041008_id414181-E15" TYPE="ORG" SUBTYPE="Entertainment" CLASS="SPC">
      <entity_mention ID="adige20041008_id414181-E15-2" TYPE="NAM" PRIMARY="true" METONYMY_MENTION="FALSE">
        <extent>
          <charseq START="800" END="875">della Federazione dei cori trentini e della Federazione dei corpi bandistici</charseq>
        </extent>
        <head>
          <charseq START="800" END="875">della Federazione dei cori trentini e della Federazione dei corpi bandistici</charseq>
        </head>
      </entity_mention>
      <entity_attributes>
        <name NAME="della Federazione dei cori trentini e della Federazione dei corpi bandistici">
          <charseq START="800" END="875">della Federazione dei cori trentini e della Federazione dei corpi bandistici</charseq>
        </name>
      </entity_attributes>
    </entity>
    <entity ID="adige20041008_id414181-E16" TYPE="ORG" SUBTYPE="Entertainment" CLASS="SPC">
      <entity_mention ID="adige20041008_id414181-E16-2" TYPE="NOM" PRIMARY="true" METONYMY_MENTION="FALSE">
        <extent>
          <charseq START="1061" END="1097">le associazioni musicali protagoniste</charseq>
        </extent>
        <head>
          <charseq START="1064" END="1075">associazioni</charseq>
        </head>
      </entity_mention>
    </entity>
    <entity ID="adige20041008_id414181-E17" TYPE="ORG" SUBTYPE="Non-Governmental" CLASS="SPC">
      <entity_mention ID="adige20041008_id414181-E17-2" TYPE="NOM" PRIMARY="true" METONYMY_MENTION="FALSE">
        <extent>
          <charseq START="1154" END="1180">l'ufficio politico del Patt</charseq>
        </extent>
        <head>
          <charseq START="1156" END="1171">ufficio politico</charseq>
        </head>
      </entity_mention>
    </entity>
    <entity ID="adige20041008_id414181-E18" TYPE="ORG" SUBTYPE="Non-Governmental" CLASS="SPC">
      <entity_mention ID="adige20041008_id414181-E18-2" TYPE="NAM" PRIMARY="true" METONYMY_MENTION="FALSE">
        <extent>
          <charseq START="1378" END="1387">della Lega</charseq>
        </extent>
        <head>
          <charseq START="1384" END="1387">Lega</charseq>
        </head>
      </entity_mention>
      <entity_mention ID="adige20041008_id414181-E18-4" TYPE="NAM" PRIMARY="false" METONYMY_MENTION="FALSE">
        <extent>
          <charseq START="49" END="52">Lega</charseq>
        </extent>
        <head>
          <charseq START="49" END="52">Lega</charseq>
        </head>
      </entity_mention>
      <entity_attributes>
        <name NAME="Lega">
          <charseq START="1384" END="1387">Lega</charseq>
        </name>
        <name NAME="Lega">
          <charseq START="49" END="52">Lega</charseq>
        </name>
      </entity_attributes>
    </entity>
    <entity ID="adige20041008_id414181-E20" TYPE="ORG" SUBTYPE="Non-Governmental" CLASS="SPC">
      <entity_mention ID="adige20041008_id414181-E20-2" TYPE="NAM" PRIMARY="true" METONYMY_MENTION="FALSE">
        <extent>
          <charseq START="1543" END="1554">Forza Italia</charseq>
        </extent>
        <head>
          <charseq START="1543" END="1554">Forza Italia</charseq>
        </head>
      </entity_mention>
      <entity_mention ID="adige20041008_id414181-E20-4" TYPE="NAM" PRIMARY="false" METONYMY_MENTION="FALSE">
        <extent>
          <charseq START="34" END="45">Forza Italia</charseq>
        </extent>
        <head>
          <charseq START="34" END="45">Forza Italia</charseq>
        </head>
      </entity_mention>
      <entity_attributes>
        <name NAME="Forza Italia">
          <charseq START="1543" END="1554">Forza Italia</charseq>
        </name>
        <name NAME="Forza Italia">
          <charseq START="34" END="45">Forza Italia</charseq>
        </name>
      </entity_attributes>
    </entity>
    <entity ID="adige20041008_id414181-E21" TYPE="ORG" SUBTYPE="Non-Governmental" CLASS="SPC">
      <entity_mention ID="adige20041008_id414181-E21-2" TYPE="NAM" PRIMARY="true" METONYMY_MENTION="FALSE">
        <extent>
          <charseq START="28" END="52">Patt, Forza Italia e Lega</charseq>
        </extent>
        <head>
          <charseq START="28" END="52">Patt, Forza Italia e Lega</charseq>
        </head>
      </entity_mention>
      <entity_attributes>
        <name NAME="Patt, Forza Italia e Lega">
          <charseq START="28" END="52">Patt, Forza Italia e Lega</charseq>
        </name>
      </entity_attributes>
    </entity>
    <entity ID="adige20041008_id414181-E22" TYPE="GPE" SUBTYPE="State-or-Province" CLASS="SPC">
      <entity_mention ID="adige20041008_id414181-E22-3" TYPE="NAM" PRIMARY="true" ROLE="GPE" METONYMY_MENTION="FALSE">
        <extent>
          <charseq START="1366" END="1376">provinciale</charseq>
        </extent>
        <head>
          <charseq START="1366" END="1376">provinciale</charseq>
        </head>
      </entity_mention>
    </entity>
    <entity ID="adige20041008_id414181-E23" TYPE="GPE" SUBTYPE="County-or-District" CLASS="SPC">
      <entity_mention ID="adige20041008_id414181-E23-1" TYPE="NAM" PRIMARY="true" ROLE="GPE" METONYMY_MENTION="FALSE">
        <extent>
          <charseq START="1533" END="1538">Trento</charseq>
        </extent>
        <head>
          <charseq START="1533" END="1538">Trento</charseq>
        </head>
      </entity_mention>
      <entity_mention ID="adige20041008_id414181-E23-2" TYPE="NAM" PRIMARY="false" ROLE="GPE" METONYMY_MENTION="FALSE">
        <extent>
          <charseq START="1521" END="1528">comunale</charseq>
        </extent>
        <head>
          <charseq START="1521" END="1528">comunale</charseq>
        </head>
      </entity_mention>
      <entity_attributes>
        <name NAME="Trento">
          <charseq START="1533" END="1538">Trento</charseq>
        </name>
      </entity_attributes>
    </entity>
    <entity ID="adige20041008_id414181-E24" TYPE="GPE" SUBTYPE="Population-Center" CLASS="SPC">
      <entity_mention ID="adige20041008_id414181-E24-1" TYPE="NAM" PRIMARY="true" ROLE="GPE" METONYMY_MENTION="FALSE">
        <extent>
          <charseq START="537" END="545">Roncafort</charseq>
        </extent>
        <head>
          <charseq START="537" END="545">Roncafort</charseq>
        </head>
      </entity_mention>
      <entity_attributes>
        <name NAME="Roncafort">
          <charseq START="537" END="545">Roncafort</charseq>
        </name>
      </entity_attributes>
    </entity>
    <entity ID="adige20041008_id414181-E25" TYPE="LOC" SUBTYPE="Region-General" CLASS="SPC">
      <entity_mention ID="adige20041008_id414181-E25-1" TYPE="NOM" PRIMARY="true" METONYMY_MENTION="FALSE">
        <extent>
          <charseq START="1100" END="1138">ai rispettivi luoghi dove si esibiranno</charseq>
        </extent>
        <head>
          <charseq START="1114" END="1119">luoghi</charseq>
        </head>
      </entity_mention>
      <entity_mention ID="adige20041008_id414181-E25-2" TYPE="PRO" PRIMARY="false" METONYMY_MENTION="FALSE">
        <extent>
          <charseq START="1121" END="1124">dove</charseq>
        </extent>
        <head>
          <charseq START="1121" END="1124">dove</charseq>
        </head>
      </entity_mention>
    </entity>
  </document>
</source_file>
