<?xml version="1.0" encoding="UTF-8"?>
<!DOCTYPE source_file PUBLIC "SYSTEM" "apf.v5.2.0.dtd">

<source_file URI="adige20041008_id414206.txt" SOURCE="unknown" TYPE="text" VERSION="5.0" AUTHOR="Evalita" ENCODING="UTF-8">
  <document DOCID="adige20041008_id414206">
    <entity ID="adige20041008_id414206-E2" TYPE="PER" SUBTYPE="Group" CLASS="GEN">
      <entity_mention ID="adige20041008_id414206-E2-2" TYPE="PRO" PRIMARY="true" METONYMY_MENTION="FALSE">
        <extent>
          <charseq START="68" END="94">chi assiste parenti in casa</charseq>
        </extent>
        <head>
          <charseq START="68" END="70">chi</charseq>
        </head>
      </entity_mention>
      <entity_mention ID="adige20041008_id414206-E2-6" TYPE="NOM" PRIMARY="false" METONYMY_MENTION="FALSE">
        <extent>
          <charseq START="1373" END="1443">le persone che assistono in casa i propri familiari non autosufficienti</charseq>
        </extent>
        <head>
          <charseq START="1376" END="1382">persone</charseq>
        </head>
      </entity_mention>
      <entity_mention ID="adige20041008_id414206-E2-8" TYPE="PRO" PRIMARY="false" METONYMY_MENTION="FALSE">
        <extent>
          <charseq START="1384" END="1386">che</charseq>
        </extent>
        <head>
          <charseq START="1384" END="1386">che</charseq>
        </head>
      </entity_mention>
      <entity_mention ID="adige20041008_id414206-E2-10" TYPE="PRO" PRIMARY="false" METONYMY_MENTION="FALSE">
        <extent>
          <charseq START="1408" END="1413">propri</charseq>
        </extent>
        <head>
          <charseq START="1408" END="1413">propri</charseq>
        </head>
      </entity_mention>
    </entity>
    <entity ID="adige20041008_id414206-E3" TYPE="PER" SUBTYPE="Group" CLASS="GEN">
      <entity_mention ID="adige20041008_id414206-E3-2" TYPE="NOM" PRIMARY="true" METONYMY_MENTION="FALSE">
        <extent>
          <charseq START="80" END="86">parenti</charseq>
        </extent>
        <head>
          <charseq START="80" END="86">parenti</charseq>
        </head>
      </entity_mention>
      <entity_mention ID="adige20041008_id414206-E3-4" TYPE="NOM" PRIMARY="false" METONYMY_MENTION="FALSE">
        <extent>
          <charseq START="1406" END="1443">i propri familiari non autosufficienti</charseq>
        </extent>
        <head>
          <charseq START="1415" END="1423">familiari</charseq>
        </head>
      </entity_mention>
    </entity>
    <entity ID="adige20041008_id414206-E4" TYPE="PER" SUBTYPE="Group" CLASS="GEN">
      <entity_mention ID="adige20041008_id414206-E4-2" TYPE="NOM" PRIMARY="true" METONYMY_MENTION="FALSE">
        <extent>
          <charseq START="139" END="159">ai lavoratori atipici</charseq>
        </extent>
        <head>
          <charseq START="142" END="151">lavoratori</charseq>
        </head>
      </entity_mention>
      <entity_mention ID="adige20041008_id414206-E4-4" TYPE="NOM" PRIMARY="false" METONYMY_MENTION="FALSE">
        <extent>
          <charseq START="247" END="267">ai lavoratori atipici</charseq>
        </extent>
        <head>
          <charseq START="250" END="259">lavoratori</charseq>
        </head>
      </entity_mention>
      <entity_mention ID="adige20041008_id414206-E4-6" TYPE="NOM" PRIMARY="false" METONYMY_MENTION="FALSE">
        <extent>
          <charseq START="823" END="840">lavoratori atipici</charseq>
        </extent>
        <head>
          <charseq START="823" END="832">lavoratori</charseq>
        </head>
      </entity_mention>
      <entity_mention ID="adige20041008_id414206-E4-8" TYPE="PRO" PRIMARY="false" METONYMY_MENTION="FALSE">
        <extent>
          <charseq START="1669" END="1675">ATIPICI</charseq>
        </extent>
        <head>
          <charseq START="1669" END="1675">ATIPICI</charseq>
        </head>
      </entity_mention>
      <entity_mention ID="adige20041008_id414206-E4-10" TYPE="NOM" PRIMARY="false" METONYMY_MENTION="FALSE">
        <extent>
          <charseq START="1771" END="1834">lavoratori con pochi diritti, poche sicurezze e ridotte garanzie</charseq>
        </extent>
        <head>
          <charseq START="1771" END="1780">lavoratori</charseq>
        </head>
      </entity_mention>
    </entity>
    <entity ID="adige20041008_id414206-E5" TYPE="PER" SUBTYPE="Group" CLASS="GEN">
      <entity_mention ID="adige20041008_id414206-E5-2" TYPE="NOM" PRIMARY="true" METONYMY_MENTION="FALSE">
        <extent>
          <charseq START="163" END="177">alle mamme sole</charseq>
        </extent>
        <head>
          <charseq START="168" END="172">mamme</charseq>
        </head>
      </entity_mention>
      <entity_mention ID="adige20041008_id414206-E5-4" TYPE="NOM" PRIMARY="false" METONYMY_MENTION="FALSE">
        <extent>
          <charseq START="2775" END="2784">MADRI SOLE</charseq>
        </extent>
        <head>
          <charseq START="2775" END="2779">MADRI</charseq>
        </head>
      </entity_mention>
    </entity>
    <entity ID="adige20041008_id414206-E6" TYPE="PER" SUBTYPE="Group" CLASS="GEN">
      <entity_mention ID="adige20041008_id414206-E6-2" TYPE="NOM" PRIMARY="true" METONYMY_MENTION="FALSE">
        <extent>
          <charseq START="208" END="224">al secondo figlio</charseq>
        </extent>
        <head>
          <charseq START="219" END="224">figlio</charseq>
        </head>
      </entity_mention>
      <entity_mention ID="adige20041008_id414206-E6-4" TYPE="NOM" PRIMARY="false" METONYMY_MENTION="FALSE">
        <extent>
          <charseq START="294" END="310">il secondo figlio</charseq>
        </extent>
        <head>
          <charseq START="305" END="310">figlio</charseq>
        </head>
      </entity_mention>
      <entity_mention ID="adige20041008_id414206-E6-6" TYPE="NOM" PRIMARY="false" METONYMY_MENTION="FALSE">
        <extent>
          <charseq START="2378" END="2391">SECONDO FIGLIO</charseq>
        </extent>
        <head>
          <charseq START="2386" END="2391">FIGLIO</charseq>
        </head>
      </entity_mention>
      <entity_mention ID="adige20041008_id414206-E6-8" TYPE="NOM" PRIMARY="false" METONYMY_MENTION="FALSE">
        <extent>
          <charseq START="2460" END="2477">dal secondo figlio</charseq>
        </extent>
        <head>
          <charseq START="2472" END="2477">figlio</charseq>
        </head>
      </entity_mention>
    </entity>
    <entity ID="adige20041008_id414206-E7" TYPE="PER" SUBTYPE="Group" CLASS="GEN">
      <entity_mention ID="adige20041008_id414206-E7-2" TYPE="PRO" PRIMARY="true" METONYMY_MENTION="FALSE">
        <extent>
          <charseq START="363" END="407">chi si licenzia per curare o crescere i figli</charseq>
        </extent>
        <head>
          <charseq START="363" END="365">chi</charseq>
        </head>
      </entity_mention>
      <entity_mention ID="adige20041008_id414206-E7-4" TYPE="PRO" PRIMARY="false" METONYMY_MENTION="FALSE">
        <extent>
          <charseq START="367" END="368">si</charseq>
        </extent>
        <head>
          <charseq START="367" END="368">si</charseq>
        </head>
      </entity_mention>
    </entity>
    <entity ID="adige20041008_id414206-E8" TYPE="PER" SUBTYPE="Group" CLASS="GEN">
      <entity_mention ID="adige20041008_id414206-E8-2" TYPE="NOM" PRIMARY="true" METONYMY_MENTION="FALSE">
        <extent>
          <charseq START="401" END="407">i figli</charseq>
        </extent>
        <head>
          <charseq START="403" END="407">figli</charseq>
        </head>
      </entity_mention>
      <entity_mention ID="adige20041008_id414206-E8-4" TYPE="NOM" PRIMARY="false" METONYMY_MENTION="FALSE">
        <extent>
          <charseq START="980" END="988">dei figli</charseq>
        </extent>
        <head>
          <charseq START="984" END="988">figli</charseq>
        </head>
      </entity_mention>
    </entity>
    <entity ID="adige20041008_id414206-E9" TYPE="PER" SUBTYPE="Individual" CLASS="SPC">
      <entity_mention ID="adige20041008_id414206-E9-2" TYPE="NAM" PRIMARY="true" METONYMY_MENTION="FALSE">
        <extent>
          <charseq START="525" END="538">Martha Stocker</charseq>
        </extent>
        <head>
          <charseq START="525" END="538">Martha Stocker</charseq>
        </head>
      </entity_mention>
      <entity_mention ID="adige20041008_id414206-E9-4" TYPE="NOM" PRIMARY="false" METONYMY_MENTION="FALSE">
        <extent>
          <charseq START="513" END="523">l'assessore</charseq>
        </extent>
        <head>
          <charseq START="515" END="523">assessore</charseq>
        </head>
      </entity_mention>
      <entity_mention ID="adige20041008_id414206-E9-6" TYPE="NOM" PRIMARY="false" METONYMY_MENTION="FALSE">
        <extent>
          <charseq START="513" END="538">l'assessore Martha Stocker</charseq>
        </extent>
        <head>
          <charseq START="513" END="538">l'assessore Martha Stocker</charseq>
        </head>
      </entity_mention>
      <entity_mention ID="adige20041008_id414206-E9-8" TYPE="NAM" PRIMARY="false" METONYMY_MENTION="FALSE">
        <extent>
          <charseq START="51" END="57">Stocker</charseq>
        </extent>
        <head>
          <charseq START="51" END="57">Stocker</charseq>
        </head>
      </entity_mention>
      <entity_mention ID="adige20041008_id414206-E9-10" TYPE="NOM" PRIMARY="false" METONYMY_MENTION="FALSE">
        <extent>
          <charseq START="36" END="49">dell'assessora</charseq>
        </extent>
        <head>
          <charseq START="41" END="49">assessora</charseq>
        </head>
      </entity_mention>
      <entity_mention ID="adige20041008_id414206-E9-12" TYPE="NOM" PRIMARY="false" METONYMY_MENTION="FALSE">
        <extent>
          <charseq START="36" END="57">dell'assessora Stocker</charseq>
        </extent>
        <head>
          <charseq START="36" END="57">dell'assessora Stocker</charseq>
        </head>
      </entity_mention>
      <entity_mention ID="adige20041008_id414206-E9-14" TYPE="NAM" PRIMARY="false" METONYMY_MENTION="FALSE">
        <extent>
          <charseq START="2418" END="2424">Stocker</charseq>
        </extent>
        <head>
          <charseq START="2418" END="2424">Stocker</charseq>
        </head>
      </entity_mention>
      <entity_mention ID="adige20041008_id414206-E9-16" TYPE="NOM" PRIMARY="false" METONYMY_MENTION="FALSE">
        <extent>
          <charseq START="2403" END="2416">dell'assessora</charseq>
        </extent>
        <head>
          <charseq START="2408" END="2416">assessora</charseq>
        </head>
      </entity_mention>
      <entity_mention ID="adige20041008_id414206-E9-18" TYPE="NOM" PRIMARY="false" METONYMY_MENTION="FALSE">
        <extent>
          <charseq START="2403" END="2424">dell'assessora Stocker</charseq>
        </extent>
        <head>
          <charseq START="2403" END="2424">dell'assessora Stocker</charseq>
        </head>
      </entity_mention>
      <entity_mention ID="adige20041008_id414206-E9-20" TYPE="NAM" PRIMARY="false" METONYMY_MENTION="FALSE">
        <extent>
          <charseq START="3646" END="3652">Stocker</charseq>
        </extent>
        <head>
          <charseq START="3646" END="3652">Stocker</charseq>
        </head>
      </entity_mention>
      <entity_mention ID="adige20041008_id414206-E9-22" TYPE="NOM" PRIMARY="false" METONYMY_MENTION="FALSE">
        <extent>
          <charseq START="3626" END="3644">la stessa assessore</charseq>
        </extent>
        <head>
          <charseq START="3636" END="3644">assessore</charseq>
        </head>
      </entity_mention>
      <entity_mention ID="adige20041008_id414206-E9-24" TYPE="NOM" PRIMARY="false" METONYMY_MENTION="FALSE">
        <extent>
          <charseq START="3626" END="3652">la stessa assessore Stocker</charseq>
        </extent>
        <head>
          <charseq START="3626" END="3652">la stessa assessore Stocker</charseq>
        </head>
      </entity_mention>
      <entity_attributes>
        <name NAME="Martha Stocker">
          <charseq START="525" END="538">Martha Stocker</charseq>
        </name>
        <name NAME="Stocker">
          <charseq START="51" END="57">Stocker</charseq>
        </name>
        <name NAME="Stocker">
          <charseq START="2418" END="2424">Stocker</charseq>
        </name>
        <name NAME="Stocker">
          <charseq START="3646" END="3652">Stocker</charseq>
        </name>
      </entity_attributes>
    </entity>
    <entity ID="adige20041008_id414206-E10" TYPE="PER" SUBTYPE="Group" CLASS="SPC">
      <entity_mention ID="adige20041008_id414206-E10-2" TYPE="NOM" PRIMARY="true" METONYMY_MENTION="FALSE">
        <extent>
          <charseq START="555" END="565">ai colleghi</charseq>
        </extent>
        <head>
          <charseq START="558" END="565">colleghi</charseq>
        </head>
      </entity_mention>
    </entity>
    <entity ID="adige20041008_id414206-E11" TYPE="PER" SUBTYPE="Group" CLASS="SPC">
      <entity_mention ID="adige20041008_id414206-E11-2" TYPE="NOM" PRIMARY="true" METONYMY_MENTION="FALSE">
        <extent>
          <charseq START="569" END="581">ai capigruppo</charseq>
        </extent>
        <head>
          <charseq START="572" END="581">capigruppo</charseq>
        </head>
      </entity_mention>
    </entity>
    <entity ID="adige20041008_id414206-E12" TYPE="PER" SUBTYPE="Group" CLASS="SPC">
      <entity_mention ID="adige20041008_id414206-E12-2" TYPE="NOM" PRIMARY="true" METONYMY_MENTION="FALSE">
        <extent>
          <charseq START="555" END="581">ai colleghi e ai capigruppo</charseq>
        </extent>
        <head>
          <charseq START="555" END="581">ai colleghi e ai capigruppo</charseq>
        </head>
      </entity_mention>
    </entity>
    <entity ID="adige20041008_id414206-E13" TYPE="PER" SUBTYPE="Group" CLASS="GEN">
      <entity_mention ID="adige20041008_id414206-E13-2" TYPE="NOM" PRIMARY="true" METONYMY_MENTION="FALSE">
        <extent>
          <charseq START="772" END="796">le famiglie in difficoltà</charseq>
        </extent>
        <head>
          <charseq START="775" END="782">famiglie</charseq>
        </head>
      </entity_mention>
    </entity>
    <entity ID="adige20041008_id414206-E14" TYPE="PER" SUBTYPE="Group" CLASS="GEN">
      <entity_mention ID="adige20041008_id414206-E14-2" TYPE="NOM" PRIMARY="true" METONYMY_MENTION="FALSE">
        <extent>
          <charseq START="803" END="815">i disoccupati</charseq>
        </extent>
        <head>
          <charseq START="805" END="815">disoccupati</charseq>
        </head>
      </entity_mention>
    </entity>
    <entity ID="adige20041008_id414206-E15" TYPE="PER" SUBTYPE="Group" CLASS="GEN">
      <entity_mention ID="adige20041008_id414206-E15-2" TYPE="NOM" PRIMARY="true" METONYMY_MENTION="FALSE">
        <extent>
          <charseq START="772" END="840">le famiglie in difficoltà, per i disoccupati e per lavoratori atipici</charseq>
        </extent>
        <head>
          <charseq START="772" END="840">le famiglie in difficoltà, per i disoccupati e per lavoratori atipici</charseq>
        </head>
      </entity_mention>
    </entity>
    <entity ID="adige20041008_id414206-E16" TYPE="PER" SUBTYPE="Group" CLASS="GEN">
      <entity_mention ID="adige20041008_id414206-E16-2" TYPE="NOM" PRIMARY="true" METONYMY_MENTION="FALSE">
        <extent>
          <charseq START="889" END="893">MADRI</charseq>
        </extent>
        <head>
          <charseq START="889" END="893">MADRI</charseq>
        </head>
      </entity_mention>
    </entity>
    <entity ID="adige20041008_id414206-E17" TYPE="PER" SUBTYPE="Indefinite" CLASS="USP">
      <entity_mention ID="adige20041008_id414206-E17-2" TYPE="PRO" PRIMARY="true" METONYMY_MENTION="FALSE">
        <extent>
          <charseq START="1192" END="1193">si</charseq>
        </extent>
        <head>
          <charseq START="1192" END="1193">si</charseq>
        </head>
      </entity_mention>
    </entity>
    <entity ID="adige20041008_id414206-E18" TYPE="PER" SUBTYPE="Group" CLASS="GEN">
      <entity_mention ID="adige20041008_id414206-E18-2" TYPE="NOM" PRIMARY="true" METONYMY_MENTION="FALSE">
        <extent>
          <charseq START="1215" END="1300">alle donne con percorsi contributivi con parecchi vuoti pensionistici, come i co.co.co</charseq>
        </extent>
        <head>
          <charseq START="1220" END="1224">donne</charseq>
        </head>
      </entity_mention>
    </entity>
    <entity ID="adige20041008_id414206-E19" TYPE="PER" SUBTYPE="Group" CLASS="GEN">
      <entity_mention ID="adige20041008_id414206-E19-2" TYPE="NOM" PRIMARY="true" METONYMY_MENTION="FALSE">
        <extent>
          <charseq START="1291" END="1300">i co.co.co</charseq>
        </extent>
        <head>
          <charseq START="1293" END="1300">co.co.co</charseq>
        </head>
      </entity_mention>
    </entity>
    <entity ID="adige20041008_id414206-E22" TYPE="PER" SUBTYPE="Group" CLASS="SPC">
      <entity_mention ID="adige20041008_id414206-E22-2" TYPE="NOM" PRIMARY="true" METONYMY_MENTION="FALSE">
        <extent>
          <charseq START="1525" END="1544">più di 1.200 persone</charseq>
        </extent>
        <head>
          <charseq START="1538" END="1544">persone</charseq>
        </head>
      </entity_mention>
    </entity>
    <entity ID="adige20041008_id414206-E23" TYPE="PER" SUBTYPE="Group" CLASS="GEN">
      <entity_mention ID="adige20041008_id414206-E23-2" TYPE="NOM" PRIMARY="true" METONYMY_MENTION="FALSE">
        <extent>
          <charseq START="2068" END="2090">del diretto interessato</charseq>
        </extent>
        <head>
          <charseq START="2080" END="2090">interessato</charseq>
        </head>
      </entity_mention>
    </entity>
    <entity ID="adige20041008_id414206-E24" TYPE="PER" SUBTYPE="Group" CLASS="GEN">
      <entity_mention ID="adige20041008_id414206-E24-2" TYPE="NOM" PRIMARY="true" METONYMY_MENTION="FALSE">
        <extent>
          <charseq START="2129" END="2258">persone che abbiano da cinque anni domicilio e residenza in regione e che non superino il reddito lordo individuale di 15mila euro</charseq>
        </extent>
        <head>
          <charseq START="2129" END="2135">persone</charseq>
        </head>
      </entity_mention>
      <entity_mention ID="adige20041008_id414206-E24-4" TYPE="PRO" PRIMARY="false" METONYMY_MENTION="FALSE">
        <extent>
          <charseq START="2137" END="2139">che</charseq>
        </extent>
        <head>
          <charseq START="2137" END="2139">che</charseq>
        </head>
      </entity_mention>
      <entity_mention ID="adige20041008_id414206-E24-6" TYPE="PRO" PRIMARY="false" METONYMY_MENTION="FALSE">
        <extent>
          <charseq START="2199" END="2201">che</charseq>
        </extent>
        <head>
          <charseq START="2199" END="2201">che</charseq>
        </head>
      </entity_mention>
      <entity_mention ID="adige20041008_id414206-E24-8" TYPE="NOM" PRIMARY="false" METONYMY_MENTION="FALSE">
        <extent>
          <charseq START="2309" END="2328">le persone coinvolte</charseq>
        </extent>
        <head>
          <charseq START="2312" END="2318">persone</charseq>
        </head>
      </entity_mention>
      <entity_mention ID="adige20041008_id414206-E24-10" TYPE="PRO" PRIMARY="false" METONYMY_MENTION="FALSE">
        <extent>
          <charseq START="2289" END="2307">più di quindicimila</charseq>
        </extent>
        <head>
          <charseq START="2296" END="2307">quindicimila</charseq>
        </head>
      </entity_mention>
    </entity>
    <entity ID="adige20041008_id414206-E25" TYPE="PER" SUBTYPE="Group" CLASS="GEN">
      <entity_mention ID="adige20041008_id414206-E25-2" TYPE="NOM" PRIMARY="true" METONYMY_MENTION="FALSE">
        <extent>
          <charseq START="2524" END="2536">al terzo bebè</charseq>
        </extent>
        <head>
          <charseq START="2533" END="2536">bebè</charseq>
        </head>
      </entity_mention>
    </entity>
    <entity ID="adige20041008_id414206-E26" TYPE="PER" SUBTYPE="Indefinite" CLASS="USP">
      <entity_mention ID="adige20041008_id414206-E26-2" TYPE="PRO" PRIMARY="true" METONYMY_MENTION="FALSE">
        <extent>
          <charseq START="2603" END="2604">si</charseq>
        </extent>
        <head>
          <charseq START="2603" END="2604">si</charseq>
        </head>
      </entity_mention>
    </entity>
    <entity ID="adige20041008_id414206-E28" TYPE="PER" SUBTYPE="Group" CLASS="USP">
      <entity_mention ID="adige20041008_id414206-E28-2" TYPE="NOM" PRIMARY="true" METONYMY_MENTION="FALSE">
        <extent>
          <charseq START="2649" END="2666">molte più famiglie</charseq>
        </extent>
        <head>
          <charseq START="2659" END="2666">famiglie</charseq>
        </head>
      </entity_mention>
      <entity_mention ID="adige20041008_id414206-E28-4" TYPE="NOM" PRIMARY="false" METONYMY_MENTION="FALSE">
        <extent>
          <charseq START="2724" END="2743">più di 42mila nuclei</charseq>
        </extent>
        <head>
          <charseq START="2738" END="2743">nuclei</charseq>
        </head>
      </entity_mention>
    </entity>
    <entity ID="adige20041008_id414206-E29" TYPE="PER" SUBTYPE="Group" CLASS="SPC">
      <entity_mention ID="adige20041008_id414206-E29-2" TYPE="PRO" PRIMARY="true" METONYMY_MENTION="FALSE">
        <extent>
          <charseq START="2754" END="2772">agli attuali 10.020</charseq>
        </extent>
        <head>
          <charseq START="2767" END="2772">10.020</charseq>
        </head>
      </entity_mention>
    </entity>
    <entity ID="adige20041008_id414206-E30" TYPE="PER" SUBTYPE="Group" CLASS="GEN">
      <entity_mention ID="adige20041008_id414206-E30-2" TYPE="NOM" PRIMARY="true" METONYMY_MENTION="FALSE">
        <extent>
          <charseq START="2887" END="2905">al nucleo familiare</charseq>
        </extent>
        <head>
          <charseq START="2890" END="2895">nucleo</charseq>
        </head>
      </entity_mention>
      <entity_mention ID="adige20041008_id414206-E30-4" TYPE="NOM" PRIMARY="false" METONYMY_MENTION="FALSE">
        <extent>
          <charseq START="3217" END="3235">al nucleo familiare</charseq>
        </extent>
        <head>
          <charseq START="3220" END="3225">nucleo</charseq>
        </head>
      </entity_mention>
    </entity>
    <entity ID="adige20041008_id414206-E31" TYPE="PER" SUBTYPE="Group" CLASS="GEN">
      <entity_mention ID="adige20041008_id414206-E31-2" TYPE="NOM" PRIMARY="true" METONYMY_MENTION="FALSE">
        <extent>
          <charseq START="2911" END="2936">i « nuclei monoparentali »</charseq>
        </extent>
        <head>
          <charseq START="2915" END="2920">nuclei</charseq>
        </head>
      </entity_mention>
      <entity_mention ID="adige20041008_id414206-E31-4" TYPE="NOM" PRIMARY="false" METONYMY_MENTION="FALSE">
        <extent>
          <charseq START="2948" END="2978">un solo parente oltre al minore</charseq>
        </extent>
        <head>
          <charseq START="2948" END="2978">un solo parente oltre al minore</charseq>
        </head>
      </entity_mention>
      <entity_mention ID="adige20041008_id414206-E31-6" TYPE="NOM" PRIMARY="false" METONYMY_MENTION="FALSE">
        <extent>
          <charseq START="3304" END="3325">i nuclei monoparentali</charseq>
        </extent>
        <head>
          <charseq START="3306" END="3311">nuclei</charseq>
        </head>
      </entity_mention>
    </entity>
    <entity ID="adige20041008_id414206-E32" TYPE="PER" SUBTYPE="Group" CLASS="GEN">
      <entity_mention ID="adige20041008_id414206-E32-2" TYPE="NOM" PRIMARY="true" METONYMY_MENTION="FALSE">
        <extent>
          <charseq START="2948" END="2962">un solo parente</charseq>
        </extent>
        <head>
          <charseq START="2956" END="2962">parente</charseq>
        </head>
      </entity_mention>
    </entity>
    <entity ID="adige20041008_id414206-E33" TYPE="PER" SUBTYPE="Group" CLASS="GEN">
      <entity_mention ID="adige20041008_id414206-E33-2" TYPE="NOM" PRIMARY="true" METONYMY_MENTION="FALSE">
        <extent>
          <charseq START="2970" END="2978">al minore</charseq>
        </extent>
        <head>
          <charseq START="2973" END="2978">minore</charseq>
        </head>
      </entity_mention>
      <entity_mention ID="adige20041008_id414206-E33-4" TYPE="NOM" PRIMARY="false" METONYMY_MENTION="FALSE">
        <extent>
          <charseq START="3045" END="3055">del bambino</charseq>
        </extent>
        <head>
          <charseq START="3049" END="3055">bambino</charseq>
        </head>
      </entity_mention>
    </entity>
    <entity ID="adige20041008_id414206-E34" TYPE="PER" SUBTYPE="Group" CLASS="GEN">
      <entity_mention ID="adige20041008_id414206-E34-2" TYPE="NOM" PRIMARY="true" METONYMY_MENTION="FALSE">
        <extent>
          <charseq START="2995" END="3010">dal primo figlio</charseq>
        </extent>
        <head>
          <charseq START="3005" END="3010">figlio</charseq>
        </head>
      </entity_mention>
    </entity>
    <entity ID="adige20041008_id414206-E35" TYPE="PER" SUBTYPE="Indefinite" CLASS="USP">
      <entity_mention ID="adige20041008_id414206-E35-2" TYPE="PRO" PRIMARY="true" METONYMY_MENTION="FALSE">
        <extent>
          <charseq START="3176" END="3177">si</charseq>
        </extent>
        <head>
          <charseq START="3176" END="3177">si</charseq>
        </head>
      </entity_mention>
    </entity>
    <entity ID="adige20041008_id414206-E36" TYPE="PER" SUBTYPE="Group" CLASS="GEN">
      <entity_mention ID="adige20041008_id414206-E36-2" TYPE="NOM" PRIMARY="true" METONYMY_MENTION="FALSE">
        <extent>
          <charseq START="3412" END="3435">delle persone casalinghe</charseq>
        </extent>
        <head>
          <charseq START="3418" END="3424">persone</charseq>
        </head>
      </entity_mention>
    </entity>
    <entity ID="adige20041008_id414206-E37" TYPE="PER" SUBTYPE="Individual" CLASS="SPC">
      <entity_mention ID="adige20041008_id414206-E37-2" TYPE="NAM" PRIMARY="true" METONYMY_MENTION="FALSE">
        <extent>
          <charseq START="3733" END="3737">P.Mi.</charseq>
        </extent>
        <head>
          <charseq START="3733" END="3737">P.Mi.</charseq>
        </head>
      </entity_mention>
      <entity_attributes>
        <name NAME="P.Mi.">
          <charseq START="3733" END="3737">P.Mi.</charseq>
        </name>
      </entity_attributes>
    </entity>
    <entity ID="adige20041008_id414206-E38" TYPE="ORG" SUBTYPE="Government" CLASS="SPC">
      <entity_mention ID="adige20041008_id414206-E38-1" TYPE="NAM" PRIMARY="true" METONYMY_MENTION="FALSE">
        <extent>
          <charseq START="444" END="465">dalla giunta regionale</charseq>
        </extent>
        <head>
          <charseq START="450" END="465">giunta regionale</charseq>
        </head>
      </entity_mention>
      <entity_mention ID="adige20041008_id414206-E38-2" TYPE="NAM" PRIMARY="false" METONYMY_MENTION="FALSE">
        <extent>
          <charseq START="3599" END="3614">giunta regionale</charseq>
        </extent>
        <head>
          <charseq START="3599" END="3614">giunta regionale</charseq>
        </head>
      </entity_mention>
      <entity_mention ID="adige20041008_id414206-E38-3" TYPE="NOM" PRIMARY="false" METONYMY_MENTION="FALSE">
        <extent>
          <charseq START="473" END="483">l'esecutivo</charseq>
        </extent>
        <head>
          <charseq START="475" END="483">esecutivo</charseq>
        </head>
      </entity_mention>
      <entity_attributes>
        <name NAME="giunta regionale">
          <charseq START="450" END="465">giunta regionale</charseq>
        </name>
        <name NAME="giunta regionale">
          <charseq START="3599" END="3614">giunta regionale</charseq>
        </name>
      </entity_attributes>
    </entity>
    <entity ID="adige20041008_id414206-E39" TYPE="ORG" SUBTYPE="Government" CLASS="SPC">
      <entity_mention ID="adige20041008_id414206-E39-1" TYPE="NOM" PRIMARY="true" METONYMY_MENTION="FALSE">
        <extent>
          <charseq START="3100" END="3117">dell'ente pubblico</charseq>
        </extent>
        <head>
          <charseq START="3105" END="3108">ente</charseq>
        </head>
      </entity_mention>
    </entity>
    <entity ID="adige20041008_id414206-E40" TYPE="PER" SUBTYPE="Group" CLASS="SPC">
      <entity_mention ID="adige20041008_id414206-E40-1" TYPE="NOM" PRIMARY="true" METONYMY_MENTION="FALSE">
        <extent>
          <charseq START="3710" END="3730">delle forze politiche</charseq>
        </extent>
        <head>
          <charseq START="3716" END="3720">forze</charseq>
        </head>
      </entity_mention>
    </entity>
    <entity ID="adige20041008_id414206-E41" TYPE="PER" SUBTYPE="Group" CLASS="SPC">
      <entity_mention ID="adige20041008_id414206-E41-1" TYPE="NOM" PRIMARY="true" METONYMY_MENTION="FALSE">
        <extent>
          <charseq START="139" END="177">ai lavoratori atipici e alle mamme sole</charseq>
        </extent>
        <head>
          <charseq START="139" END="177">ai lavoratori atipici e alle mamme sole</charseq>
        </head>
      </entity_mention>
    </entity>
    <entity ID="adige20041008_id414206-E42" TYPE="GPE" SUBTYPE="State-or-Province" CLASS="SPC">
      <entity_mention ID="adige20041008_id414206-E42-2" TYPE="NAM" PRIMARY="true" ROLE="ORG" METONYMY_MENTION="FALSE">
        <extent>
          <charseq START="912" END="921">la Regione</charseq>
        </extent>
        <head>
          <charseq START="915" END="921">Regione</charseq>
        </head>
      </entity_mention>
      <entity_mention ID="adige20041008_id414206-E42-4" TYPE="NAM" PRIMARY="false" ROLE="ORG" METONYMY_MENTION="FALSE">
        <extent>
          <charseq START="1329" END="1338">la Regione</charseq>
        </extent>
        <head>
          <charseq START="1332" END="1338">Regione</charseq>
        </head>
      </entity_mention>
      <entity_mention ID="adige20041008_id414206-E42-6" TYPE="NAM" PRIMARY="false" ROLE="ORG" METONYMY_MENTION="FALSE">
        <extent>
          <charseq START="1678" END="1687">La Regione</charseq>
        </extent>
        <head>
          <charseq START="1681" END="1687">Regione</charseq>
        </head>
      </entity_mention>
      <entity_mention ID="adige20041008_id414206-E42-8" TYPE="NAM" PRIMARY="false" ROLE="GPE" METONYMY_MENTION="FALSE">
        <extent>
          <charseq START="2797" END="2805">regionale</charseq>
        </extent>
        <head>
          <charseq START="2797" END="2805">regionale</charseq>
        </head>
      </entity_mention>
      <entity_mention ID="adige20041008_id414206-E42-10" TYPE="NAM" PRIMARY="false" ROLE="GPE" METONYMY_MENTION="FALSE">
        <extent>
          <charseq START="0" END="6">Regione</charseq>
        </extent>
        <head>
          <charseq START="0" END="6">Regione</charseq>
        </head>
      </entity_mention>
      <entity_mention ID="adige20041008_id414206-E42-11" TYPE="NAM" PRIMARY="false" ROLE="LOC" METONYMY_MENTION="FALSE">
        <extent>
          <charseq START="2189" END="2195">regione</charseq>
        </extent>
        <head>
          <charseq START="2189" END="2195">regione</charseq>
        </head>
      </entity_mention>
      <entity_attributes>
        <name NAME="Regione">
          <charseq START="915" END="921">Regione</charseq>
        </name>
        <name NAME="Regione">
          <charseq START="1332" END="1338">Regione</charseq>
        </name>
        <name NAME="Regione">
          <charseq START="1681" END="1687">Regione</charseq>
        </name>
        <name NAME="Regione">
          <charseq START="0" END="6">Regione</charseq>
        </name>
        <name NAME="regione">
          <charseq START="2189" END="2195">regione</charseq>
        </name>
      </entity_attributes>
    </entity>
    <entity ID="adige20041008_id414206-E43" TYPE="GPE" SUBTYPE="State-or-Province" CLASS="SPC">
      <entity_mention ID="adige20041008_id414206-E43-2" TYPE="NAM" PRIMARY="true" ROLE="LOC" METONYMY_MENTION="FALSE">
        <extent>
          <charseq START="1546" END="1575">nella sola provincia di Trento</charseq>
        </extent>
        <head>
          <charseq START="1557" END="1575">provincia di Trento</charseq>
        </head>
      </entity_mention>
      <entity_attributes>
        <name NAME="provincia di Trento">
          <charseq START="1557" END="1575">provincia di Trento</charseq>
        </name>
      </entity_attributes>
    </entity>
  </document>
</source_file>
