<?xml version="1.0" encoding="UTF-8"?>
<!DOCTYPE source_file PUBLIC "SYSTEM" "apf.v5.2.0.dtd">

<source_file URI="adige20041008_id414193.txt" SOURCE="unknown" TYPE="text" VERSION="5.0" AUTHOR="Evalita" ENCODING="UTF-8">
  <document DOCID="adige20041008_id414193">
    <entity ID="adige20041008_id414193-E1" TYPE="PER" SUBTYPE="Individual" CLASS="SPC">
      <entity_mention ID="adige20041008_id414193-E1-1" TYPE="NAM" PRIMARY="true" METONYMY_MENTION="FALSE">
        <extent>
          <charseq START="38" END="44">VILARDI</charseq>
        </extent>
        <head>
          <charseq START="38" END="44">VILARDI</charseq>
        </head>
      </entity_mention>
      <entity_attributes>
        <name NAME="VILARDI">
          <charseq START="38" END="44">VILARDI</charseq>
        </name>
      </entity_attributes>
    </entity>
    <entity ID="adige20041008_id414193-E2" TYPE="PER" SUBTYPE="Individual" CLASS="SPC">
      <entity_mention ID="adige20041008_id414193-E2-1" TYPE="NAM" PRIMARY="true" METONYMY_MENTION="FALSE">
        <extent>
          <charseq START="79" END="87">Andreatta</charseq>
        </extent>
        <head>
          <charseq START="79" END="87">Andreatta</charseq>
        </head>
      </entity_mention>
      <entity_mention ID="adige20041008_id414193-E2-2" TYPE="PRO" PRIMARY="false" METONYMY_MENTION="FALSE">
        <extent>
          <charseq START="439" END="441">suo</charseq>
        </extent>
        <head>
          <charseq START="439" END="441">suo</charseq>
        </head>
      </entity_mention>
      <entity_mention ID="adige20041008_id414193-E2-3" TYPE="PRO" PRIMARY="false" METONYMY_MENTION="FALSE">
        <extent>
          <charseq START="547" END="552">gliene</charseq>
        </extent>
        <head>
          <charseq START="547" END="549">gli</charseq>
        </head>
      </entity_mention>
      <entity_attributes>
        <name NAME="Andreatta">
          <charseq START="79" END="87">Andreatta</charseq>
        </name>
      </entity_attributes>
    </entity>
    <entity ID="adige20041008_id414193-E3" TYPE="PER" SUBTYPE="Group" CLASS="SPC">
      <entity_mention ID="adige20041008_id414193-E3-1" TYPE="PRO" PRIMARY="true" METONYMY_MENTION="FALSE">
        <extent>
          <charseq START="96" END="100">tanti</charseq>
        </extent>
        <head>
          <charseq START="96" END="100">tanti</charseq>
        </head>
      </entity_mention>
      <entity_mention ID="adige20041008_id414193-E3-2" TYPE="NOM" PRIMARY="false" METONYMY_MENTION="FALSE">
        <extent>
          <charseq START="127" END="198">comproprietari di Varenne, un campione in grado di vincere e far vincere</charseq>
        </extent>
        <head>
          <charseq START="127" END="140">comproprietari</charseq>
        </head>
      </entity_mention>
    </entity>
    <entity ID="adige20041008_id414193-E4" TYPE="PER" SUBTYPE="Group" CLASS="USP">
      <entity_mention ID="adige20041008_id414193-E4-1" TYPE="PRO" PRIMARY="true" METONYMY_MENTION="FALSE">
        <extent>
          <charseq START="449" END="454">nostro</charseq>
        </extent>
        <head>
          <charseq START="449" END="454">nostro</charseq>
        </head>
      </entity_mention>
    </entity>
    <entity ID="adige20041008_id414193-E5" TYPE="PER" SUBTYPE="Individual" CLASS="SPC">
      <entity_mention ID="adige20041008_id414193-E5-1" TYPE="NAM" PRIMARY="true" METONYMY_MENTION="FALSE">
        <extent>
          <charseq START="568" END="572">MONTI</charseq>
        </extent>
        <head>
          <charseq START="568" END="572">MONTI</charseq>
        </head>
      </entity_mention>
      <entity_attributes>
        <name NAME="MONTI">
          <charseq START="568" END="572">MONTI</charseq>
        </name>
      </entity_attributes>
    </entity>
    <entity ID="adige20041008_id414193-E7" TYPE="PER" SUBTYPE="Individual" CLASS="SPC">
      <entity_mention ID="adige20041008_id414193-E7-1" TYPE="NAM" PRIMARY="true" METONYMY_MENTION="FALSE">
        <extent>
          <charseq START="860" END="870">CAPPELLETTI</charseq>
        </extent>
        <head>
          <charseq START="860" END="870">CAPPELLETTI</charseq>
        </head>
      </entity_mention>
      <entity_mention ID="adige20041008_id414193-E7-2" TYPE="NAM" PRIMARY="false" METONYMY_MENTION="FALSE">
        <extent>
          <charseq START="1112" END="1122">CAPPELLETTI</charseq>
        </extent>
        <head>
          <charseq START="1112" END="1122">CAPPELLETTI</charseq>
        </head>
      </entity_mention>
      <entity_attributes>
        <name NAME="CAPPELLETTI">
          <charseq START="860" END="870">CAPPELLETTI</charseq>
        </name>
        <name NAME="CAPPELLETTI">
          <charseq START="1112" END="1122">CAPPELLETTI</charseq>
        </name>
      </entity_attributes>
    </entity>
    <entity ID="adige20041008_id414193-E9" TYPE="ORG" SUBTYPE="Non-Governmental" CLASS="SPC">
      <entity_mention ID="adige20041008_id414193-E9-1" TYPE="NAM" PRIMARY="true" METONYMY_MENTION="FALSE">
        <extent>
          <charseq START="575" END="578">PATT</charseq>
        </extent>
        <head>
          <charseq START="575" END="578">PATT</charseq>
        </head>
      </entity_mention>
      <entity_mention ID="adige20041008_id414193-E9-2" TYPE="PRO" PRIMARY="false" METONYMY_MENTION="FALSE">
        <extent>
          <charseq START="584" END="586">Noi</charseq>
        </extent>
        <head>
          <charseq START="584" END="586">Noi</charseq>
        </head>
      </entity_mention>
      <entity_attributes>
        <name NAME="PATT">
          <charseq START="575" END="578">PATT</charseq>
        </name>
      </entity_attributes>
    </entity>
    <entity ID="adige20041008_id414193-E10" TYPE="ORG" SUBTYPE="Non-Governmental" CLASS="SPC">
      <entity_mention ID="adige20041008_id414193-E10-1" TYPE="NAM" PRIMARY="true" METONYMY_MENTION="FALSE">
        <extent>
          <charseq START="873" END="882">MARGHERITA</charseq>
        </extent>
        <head>
          <charseq START="873" END="882">MARGHERITA</charseq>
        </head>
      </entity_mention>
      <entity_mention ID="adige20041008_id414193-E10-2" TYPE="NOM" PRIMARY="false" METONYMY_MENTION="FALSE">
        <extent>
          <charseq START="1133" END="1148">il nostro gruppo</charseq>
        </extent>
        <head>
          <charseq START="1143" END="1148">gruppo</charseq>
        </head>
      </entity_mention>
      <entity_mention ID="adige20041008_id414193-E10-4" TYPE="PRO" PRIMARY="false" METONYMY_MENTION="FALSE">
        <extent>
          <charseq START="1136" END="1141">nostro</charseq>
        </extent>
        <head>
          <charseq START="1136" END="1141">nostro</charseq>
        </head>
      </entity_mention>
      <entity_attributes>
        <name NAME="MARGHERITA">
          <charseq START="873" END="882">MARGHERITA</charseq>
        </name>
      </entity_attributes>
    </entity>
    <entity ID="adige20041008_id414193-E11" TYPE="ORG" SUBTYPE="Non-Governmental" CLASS="SPC">
      <entity_mention ID="adige20041008_id414193-E11-1" TYPE="NAM" PRIMARY="true" METONYMY_MENTION="FALSE">
        <extent>
          <charseq START="47" END="63">CONFRONTO SOCIALE</charseq>
        </extent>
        <head>
          <charseq START="47" END="63">CONFRONTO SOCIALE</charseq>
        </head>
      </entity_mention>
      <entity_attributes>
        <name NAME="CONFRONTO SOCIALE">
          <charseq START="47" END="63">CONFRONTO SOCIALE</charseq>
        </name>
      </entity_attributes>
    </entity>
    <entity ID="adige20041008_id414193-E12" TYPE="GPE" SUBTYPE="Population-Center" CLASS="SPC">
      <entity_mention ID="adige20041008_id414193-E12-2" TYPE="NOM" PRIMARY="true" ROLE="GPE" METONYMY_MENTION="FALSE">
        <extent>
          <charseq START="538" END="545">La città</charseq>
        </extent>
        <head>
          <charseq START="541" END="545">città</charseq>
        </head>
      </entity_mention>
    </entity>
    <entity ID="adige20041008_id414193-E13" TYPE="LOC" SUBTYPE="Land-Region-Natural" CLASS="SPC">
      <entity_mention ID="adige20041008_id414193-E13-1" TYPE="NAM" PRIMARY="true" METONYMY_MENTION="FALSE">
        <extent>
          <charseq START="385" END="390">alpino</charseq>
        </extent>
        <head>
          <charseq START="385" END="390">alpino</charseq>
        </head>
      </entity_mention>
    </entity>
  </document>
</source_file>
