<?xml version="1.0" encoding="UTF-8"?>
<!DOCTYPE source_file PUBLIC "SYSTEM" "apf.v5.2.0.dtd">

<source_file URI="adige20041008_id414186.txt" SOURCE="unknown" TYPE="text" VERSION="5.0" AUTHOR="Evalita" ENCODING="UTF-8">
  <document DOCID="adige20041008_id414186">
    <entity ID="adige20041008_id414186-E1" TYPE="PER" SUBTYPE="Individual" CLASS="SPC">
      <entity_mention ID="adige20041008_id414186-E1-1" TYPE="NAM" PRIMARY="true" METONYMY_MENTION="FALSE">
        <extent>
          <charseq START="721" END="737">del Divina Sergio</charseq>
        </extent>
        <head>
          <charseq START="725" END="737">Divina Sergio</charseq>
        </head>
      </entity_mention>
      <entity_mention ID="adige20041008_id414186-E1-2" TYPE="NOM" PRIMARY="false" METONYMY_MENTION="FALSE">
        <extent>
          <charseq START="2" END="12">Il leghista</charseq>
        </extent>
        <head>
          <charseq START="5" END="12">leghista</charseq>
        </head>
      </entity_mention>
      <entity_mention ID="adige20041008_id414186-E1-4" TYPE="PRO" PRIMARY="false" METONYMY_MENTION="FALSE">
        <extent>
          <charseq START="53" END="54">lo</charseq>
        </extent>
        <head>
          <charseq START="53" END="54">lo</charseq>
        </head>
      </entity_mention>
      <entity_mention ID="adige20041008_id414186-E1-5" TYPE="NAM" PRIMARY="false" METONYMY_MENTION="FALSE">
        <extent>
          <charseq START="190" END="204">Sergio-Duracell</charseq>
        </extent>
        <head>
          <charseq START="190" END="204">Sergio-Duracell</charseq>
        </head>
      </entity_mention>
      <entity_mention ID="adige20041008_id414186-E1-6" TYPE="PRO" PRIMARY="false" METONYMY_MENTION="FALSE">
        <extent>
          <charseq START="257" END="258">Lo</charseq>
        </extent>
        <head>
          <charseq START="257" END="258">Lo</charseq>
        </head>
      </entity_mention>
      <entity_mention ID="adige20041008_id414186-E1-7" TYPE="PRO" PRIMARY="false" METONYMY_MENTION="FALSE">
        <extent>
          <charseq START="292" END="294">Lui</charseq>
        </extent>
        <head>
          <charseq START="292" END="294">Lui</charseq>
        </head>
      </entity_mention>
      <entity_mention ID="adige20041008_id414186-E1-8" TYPE="PRO" PRIMARY="false" METONYMY_MENTION="FALSE">
        <extent>
          <charseq START="317" END="319">sua</charseq>
        </extent>
        <head>
          <charseq START="317" END="319">sua</charseq>
        </head>
      </entity_mention>
      <entity_mention ID="adige20041008_id414186-E1-9" TYPE="PRO" PRIMARY="false" METONYMY_MENTION="FALSE">
        <extent>
          <charseq START="448" END="449">lo</charseq>
        </extent>
        <head>
          <charseq START="448" END="449">lo</charseq>
        </head>
      </entity_mention>
      <entity_mention ID="adige20041008_id414186-E1-10" TYPE="NOM" PRIMARY="false" METONYMY_MENTION="FALSE">
        <extent>
          <charseq START="578" END="588">Consigliere</charseq>
        </extent>
        <head>
          <charseq START="578" END="588">Consigliere</charseq>
        </head>
      </entity_mention>
      <entity_mention ID="adige20041008_id414186-E1-11" TYPE="PRO" PRIMARY="false" METONYMY_MENTION="FALSE">
        <extent>
          <charseq START="604" END="611">aiutarla</charseq>
        </extent>
        <head>
          <charseq START="610" END="611">la</charseq>
        </head>
      </entity_mention>
      <entity_mention ID="adige20041008_id414186-E1-12" TYPE="NOM" PRIMARY="false" METONYMY_MENTION="FALSE">
        <extent>
          <charseq START="740" END="797">consigliere provinciale della Lega, alla terza legislatura</charseq>
        </extent>
        <head>
          <charseq START="740" END="750">consigliere</charseq>
        </head>
      </entity_mention>
      <entity_mention ID="adige20041008_id414186-E1-13" TYPE="NAM" PRIMARY="false" METONYMY_MENTION="FALSE">
        <extent>
          <charseq START="721" END="797">del Divina Sergio, consigliere provinciale della Lega, alla terza legislatura</charseq>
        </extent>
        <head>
          <charseq START="721" END="797">del Divina Sergio, consigliere provinciale della Lega, alla terza legislatura</charseq>
        </head>
      </entity_mention>
      <entity_mention ID="adige20041008_id414186-E1-14" TYPE="PRO" PRIMARY="false" METONYMY_MENTION="FALSE">
        <extent>
          <charseq START="859" END="861">sua</charseq>
        </extent>
        <head>
          <charseq START="859" END="861">sua</charseq>
        </head>
      </entity_mention>
      <entity_mention ID="adige20041008_id414186-E1-15" TYPE="NAM" PRIMARY="false" METONYMY_MENTION="FALSE">
        <extent>
          <charseq START="1039" END="1053">Sergio-Duracell</charseq>
        </extent>
        <head>
          <charseq START="1039" END="1053">Sergio-Duracell</charseq>
        </head>
      </entity_mention>
      <entity_mention ID="adige20041008_id414186-E1-16" TYPE="NAM" PRIMARY="false" METONYMY_MENTION="FALSE">
        <extent>
          <charseq START="1109" END="1117">al Divina</charseq>
        </extent>
        <head>
          <charseq START="1112" END="1117">Divina</charseq>
        </head>
      </entity_mention>
      <entity_mention ID="adige20041008_id414186-E1-17" TYPE="NOM" PRIMARY="false" METONYMY_MENTION="FALSE">
        <extent>
          <charseq START="1153" END="1163">il leghista</charseq>
        </extent>
        <head>
          <charseq START="1156" END="1163">leghista</charseq>
        </head>
      </entity_mention>
      <entity_mention ID="adige20041008_id414186-E1-18" TYPE="NAM" PRIMARY="false" METONYMY_MENTION="FALSE">
        <extent>
          <charseq START="1450" END="1464">Sergio-Duracell</charseq>
        </extent>
        <head>
          <charseq START="1450" END="1464">Sergio-Duracell</charseq>
        </head>
      </entity_mention>
      <entity_mention ID="adige20041008_id414186-E1-19" TYPE="NAM" PRIMARY="false" METONYMY_MENTION="FALSE">
        <extent>
          <charseq START="1616" END="1636">l'instancabile Divina</charseq>
        </extent>
        <head>
          <charseq START="1631" END="1636">Divina</charseq>
        </head>
      </entity_mention>
      <entity_mention ID="adige20041008_id414186-E1-20" TYPE="NAM" PRIMARY="false" ROLE="GPE" METONYMY_MENTION="FALSE">
        <extent>
          <charseq START="1710" END="1724">Sergio-Duracell</charseq>
        </extent>
        <head>
          <charseq START="1710" END="1724">Sergio-Duracell</charseq>
        </head>
      </entity_mention>
      <entity_mention ID="adige20041008_id414186-E1-21" TYPE="NAM" PRIMARY="false" METONYMY_MENTION="FALSE">
        <extent>
          <charseq START="1968" END="1973">Divina</charseq>
        </extent>
        <head>
          <charseq START="1968" END="1973">Divina</charseq>
        </head>
      </entity_mention>
      <entity_mention ID="adige20041008_id414186-E1-22" TYPE="NAM" PRIMARY="false" METONYMY_MENTION="FALSE">
        <extent>
          <charseq START="1993" END="1998">Divina</charseq>
        </extent>
        <head>
          <charseq START="1993" END="1998">Divina</charseq>
        </head>
      </entity_mention>
      <entity_mention ID="adige20041008_id414186-E1-23" TYPE="PRO" PRIMARY="false" METONYMY_MENTION="FALSE">
        <extent>
          <charseq START="2032" END="2037">dargli</charseq>
        </extent>
        <head>
          <charseq START="2035" END="2037">gli</charseq>
        </head>
      </entity_mention>
      <entity_mention ID="adige20041008_id414186-E1-24" TYPE="NOM" PRIMARY="false" METONYMY_MENTION="FALSE">
        <extent>
          <charseq START="2143" END="2152">il collega</charseq>
        </extent>
        <head>
          <charseq START="2146" END="2152">collega</charseq>
        </head>
      </entity_mention>
      <entity_mention ID="adige20041008_id414186-E1-25" TYPE="NOM" PRIMARY="false" METONYMY_MENTION="FALSE">
        <extent>
          <charseq START="2190" END="2304">il leghista che sfida tutti, maggioranza ed opposizione, per alzare le barricate contro la modifica del regolamento</charseq>
        </extent>
        <head>
          <charseq START="2193" END="2200">leghista</charseq>
        </head>
      </entity_mention>
      <entity_mention ID="adige20041008_id414186-E1-26" TYPE="PRO" PRIMARY="false" METONYMY_MENTION="FALSE">
        <extent>
          <charseq START="2202" END="2204">che</charseq>
        </extent>
        <head>
          <charseq START="2202" END="2204">che</charseq>
        </head>
      </entity_mention>
      <entity_mention ID="adige20041008_id414186-E1-27" TYPE="PRO" PRIMARY="false" METONYMY_MENTION="FALSE">
        <extent>
          <charseq START="2384" END="2386">gli</charseq>
        </extent>
        <head>
          <charseq START="2384" END="2386">gli</charseq>
        </head>
      </entity_mention>
      <entity_mention ID="adige20041008_id414186-E1-28" TYPE="NAM" PRIMARY="false" METONYMY_MENTION="FALSE">
        <extent>
          <charseq START="2454" END="2459">Divina</charseq>
        </extent>
        <head>
          <charseq START="2454" END="2459">Divina</charseq>
        </head>
      </entity_mention>
      <entity_mention ID="adige20041008_id414186-E1-29" TYPE="NOM" PRIMARY="false" METONYMY_MENTION="FALSE">
        <extent>
          <charseq START="2578" END="2599">il maratoneta leghista</charseq>
        </extent>
        <head>
          <charseq START="2581" END="2590">maratoneta</charseq>
        </head>
      </entity_mention>
      <entity_mention ID="adige20041008_id414186-E1-31" TYPE="NAM" PRIMARY="false" METONYMY_MENTION="FALSE">
        <extent>
          <charseq START="2689" END="2694">Divina</charseq>
        </extent>
        <head>
          <charseq START="2689" END="2694">Divina</charseq>
        </head>
      </entity_mention>
      <entity_mention ID="adige20041008_id414186-E1-32" TYPE="PRO" PRIMARY="false" METONYMY_MENTION="FALSE">
        <extent>
          <charseq START="2723" END="2724">lo</charseq>
        </extent>
        <head>
          <charseq START="2723" END="2724">lo</charseq>
        </head>
      </entity_mention>
      <entity_mention ID="adige20041008_id414186-E1-33" TYPE="NAM" PRIMARY="false" METONYMY_MENTION="FALSE">
        <extent>
          <charseq START="3054" END="3059">Divina</charseq>
        </extent>
        <head>
          <charseq START="3054" END="3059">Divina</charseq>
        </head>
      </entity_mention>
      <entity_mention ID="adige20041008_id414186-E1-34" TYPE="PRO" PRIMARY="false" METONYMY_MENTION="FALSE">
        <extent>
          <charseq START="3099" END="3106">aiutarla</charseq>
        </extent>
        <head>
          <charseq START="3105" END="3106">la</charseq>
        </head>
      </entity_mention>
      <entity_mention ID="adige20041008_id414186-E1-35" TYPE="NAM" PRIMARY="false" METONYMY_MENTION="FALSE">
        <extent>
          <charseq START="3181" END="3186">Divina</charseq>
        </extent>
        <head>
          <charseq START="3181" END="3186">Divina</charseq>
        </head>
      </entity_mention>
      <entity_mention ID="adige20041008_id414186-E1-36" TYPE="PRO" PRIMARY="false" METONYMY_MENTION="FALSE">
        <extent>
          <charseq START="244" END="251">aiutarvi</charseq>
        </extent>
        <head>
          <charseq START="250" END="251">vi</charseq>
        </head>
      </entity_mention>
      <entity_mention ID="adige20041008_id414186-E1-37" TYPE="PRO" PRIMARY="false" METONYMY_MENTION="FALSE">
        <extent>
          <charseq START="3472" END="3473">si</charseq>
        </extent>
        <head>
          <charseq START="3472" END="3473">si</charseq>
        </head>
      </entity_mention>
      <entity_mention ID="adige20041008_id414186-E1-38" TYPE="PRO" PRIMARY="false" METONYMY_MENTION="FALSE">
        <extent>
          <charseq START="3512" END="3513">lo</charseq>
        </extent>
        <head>
          <charseq START="3512" END="3513">lo</charseq>
        </head>
      </entity_mention>
      <entity_mention ID="adige20041008_id414186-E1-39" TYPE="NAM" PRIMARY="false" METONYMY_MENTION="FALSE">
        <extent>
          <charseq START="3657" END="3662">Divina</charseq>
        </extent>
        <head>
          <charseq START="3657" END="3662">Divina</charseq>
        </head>
      </entity_mention>
      <entity_mention ID="adige20041008_id414186-E1-40" TYPE="NAM" PRIMARY="false" METONYMY_MENTION="FALSE">
        <extent>
          <charseq START="3789" END="3823">Divina, che tira avanti con lo show</charseq>
        </extent>
        <head>
          <charseq START="3789" END="3794">Divina</charseq>
        </head>
      </entity_mention>
      <entity_mention ID="adige20041008_id414186-E1-41" TYPE="PRO" PRIMARY="false" METONYMY_MENTION="FALSE">
        <extent>
          <charseq START="3797" END="3799">che</charseq>
        </extent>
        <head>
          <charseq START="3797" END="3799">che</charseq>
        </head>
      </entity_mention>
      <entity_mention ID="adige20041008_id414186-E1-42" TYPE="NAM" PRIMARY="false" METONYMY_MENTION="FALSE">
        <extent>
          <charseq START="3111" END="3118">Duracell</charseq>
        </extent>
        <head>
          <charseq START="3111" END="3118">Duracell</charseq>
        </head>
      </entity_mention>
      <entity_mention ID="adige20041008_id414186-E1-44" TYPE="NAM" PRIMARY="false" METONYMY_MENTION="FALSE">
        <extent>
          <charseq START="2177" END="2182">Divina</charseq>
        </extent>
        <head>
          <charseq START="2177" END="2182">Divina</charseq>
        </head>
      </entity_mention>
      <entity_attributes>
        <name NAME="Divina Sergio">
          <charseq START="725" END="737">Divina Sergio</charseq>
        </name>
        <name NAME="Sergio-Duracell">
          <charseq START="190" END="204">Sergio-Duracell</charseq>
        </name>
        <name NAME="del Divina Sergio, consigliere provinciale della Lega, alla terza legislatura">
          <charseq START="721" END="797">del Divina Sergio, consigliere provinciale della Lega, alla terza legislatura</charseq>
        </name>
        <name NAME="Sergio-Duracell">
          <charseq START="1039" END="1053">Sergio-Duracell</charseq>
        </name>
        <name NAME="Divina">
          <charseq START="1112" END="1117">Divina</charseq>
        </name>
        <name NAME="Sergio-Duracell">
          <charseq START="1450" END="1464">Sergio-Duracell</charseq>
        </name>
        <name NAME="Divina">
          <charseq START="1631" END="1636">Divina</charseq>
        </name>
        <name NAME="Sergio-Duracell">
          <charseq START="1710" END="1724">Sergio-Duracell</charseq>
        </name>
        <name NAME="Divina">
          <charseq START="1968" END="1973">Divina</charseq>
        </name>
        <name NAME="Divina">
          <charseq START="1993" END="1998">Divina</charseq>
        </name>
        <name NAME="Divina">
          <charseq START="2454" END="2459">Divina</charseq>
        </name>
        <name NAME="Divina">
          <charseq START="2689" END="2694">Divina</charseq>
        </name>
        <name NAME="Divina">
          <charseq START="3054" END="3059">Divina</charseq>
        </name>
        <name NAME="Divina">
          <charseq START="3181" END="3186">Divina</charseq>
        </name>
        <name NAME="Divina">
          <charseq START="3657" END="3662">Divina</charseq>
        </name>
        <name NAME="Divina">
          <charseq START="3789" END="3794">Divina</charseq>
        </name>
        <name NAME="Duracell">
          <charseq START="3111" END="3118">Duracell</charseq>
        </name>
        <name NAME="Divina">
          <charseq START="2177" END="2182">Divina</charseq>
        </name>
      </entity_attributes>
    </entity>
    <entity ID="adige20041008_id414186-E5" TYPE="PER" SUBTYPE="Individual" CLASS="SPC">
      <entity_mention ID="adige20041008_id414186-E5-1" TYPE="NAM" PRIMARY="true" METONYMY_MENTION="FALSE">
        <extent>
          <charseq START="430" END="442">Giacomo Bezzi</charseq>
        </extent>
        <head>
          <charseq START="430" END="442">Giacomo Bezzi</charseq>
        </head>
      </entity_mention>
      <entity_mention ID="adige20041008_id414186-E5-2" TYPE="NOM" PRIMARY="false" METONYMY_MENTION="FALSE">
        <extent>
          <charseq START="402" END="428">il presidente del Consiglio</charseq>
        </extent>
        <head>
          <charseq START="405" END="414">presidente</charseq>
        </head>
      </entity_mention>
      <entity_mention ID="adige20041008_id414186-E5-3" TYPE="PRO" PRIMARY="false" METONYMY_MENTION="FALSE">
        <extent>
          <charseq START="444" END="446">che</charseq>
        </extent>
        <head>
          <charseq START="444" END="446">che</charseq>
        </head>
      </entity_mention>
      <entity_mention ID="adige20041008_id414186-E5-4" TYPE="NOM" PRIMARY="false" METONYMY_MENTION="FALSE">
        <extent>
          <charseq START="402" END="573">il presidente del Consiglio Giacomo Bezzi che lo ha richiamato infine volte, usando una frase che è già diventata un tormentone, tipo « Sole cuore amore » di estiva memoria</charseq>
        </extent>
        <head>
          <charseq START="402" END="573">il presidente del Consiglio Giacomo Bezzi che lo ha richiamato infine volte, usando una frase che è già diventata un tormentone, tipo « Sole cuore amore » di estiva memoria</charseq>
        </head>
      </entity_mention>
      <entity_mention ID="adige20041008_id414186-E5-5" TYPE="NAM" PRIMARY="false" METONYMY_MENTION="FALSE">
        <extent>
          <charseq START="628" END="691">un Bezzi che ieri sfoggiava un inedito paio di occhiali da vista</charseq>
        </extent>
        <head>
          <charseq START="631" END="635">Bezzi</charseq>
        </head>
      </entity_mention>
      <entity_mention ID="adige20041008_id414186-E5-6" TYPE="PRO" PRIMARY="false" METONYMY_MENTION="FALSE">
        <extent>
          <charseq START="637" END="639">che</charseq>
        </extent>
        <head>
          <charseq START="637" END="639">che</charseq>
        </head>
      </entity_mention>
      <entity_mention ID="adige20041008_id414186-E5-7" TYPE="NOM" PRIMARY="false" METONYMY_MENTION="FALSE">
        <extent>
          <charseq START="29" END="78">il presidente, che così lo richiama infinite volte</charseq>
        </extent>
        <head>
          <charseq START="32" END="41">presidente</charseq>
        </head>
      </entity_mention>
      <entity_mention ID="adige20041008_id414186-E5-8" TYPE="PRO" PRIMARY="false" METONYMY_MENTION="FALSE">
        <extent>
          <charseq START="44" END="46">che</charseq>
        </extent>
        <head>
          <charseq START="44" END="46">che</charseq>
        </head>
      </entity_mention>
      <entity_mention ID="adige20041008_id414186-E5-9" TYPE="NOM" PRIMARY="false" METONYMY_MENTION="FALSE">
        <extent>
          <charseq START="206" END="218">Il presidente</charseq>
        </extent>
        <head>
          <charseq START="209" END="218">presidente</charseq>
        </head>
      </entity_mention>
      <entity_mention ID="adige20041008_id414186-E5-10" TYPE="NAM" PRIMARY="false" METONYMY_MENTION="FALSE">
        <extent>
          <charseq START="2717" END="2721">Bezzi</charseq>
        </extent>
        <head>
          <charseq START="2717" END="2721">Bezzi</charseq>
        </head>
      </entity_mention>
      <entity_mention ID="adige20041008_id414186-E5-11" TYPE="NAM" PRIMARY="false" METONYMY_MENTION="FALSE">
        <extent>
          <charseq START="3027" END="3031">Bezzi</charseq>
        </extent>
        <head>
          <charseq START="3027" END="3031">Bezzi</charseq>
        </head>
      </entity_mention>
      <entity_mention ID="adige20041008_id414186-E5-12" TYPE="NOM" PRIMARY="false" METONYMY_MENTION="FALSE">
        <extent>
          <charseq START="3062" END="3074">Il presidente</charseq>
        </extent>
        <head>
          <charseq START="3065" END="3074">presidente</charseq>
        </head>
      </entity_mention>
      <entity_mention ID="adige20041008_id414186-E5-13" TYPE="PRO" PRIMARY="false" METONYMY_MENTION="FALSE">
        <extent>
          <charseq START="3168" END="3170">suo</charseq>
        </extent>
        <head>
          <charseq START="3168" END="3170">suo</charseq>
        </head>
      </entity_mention>
      <entity_mention ID="adige20041008_id414186-E5-14" TYPE="NAM" PRIMARY="false" METONYMY_MENTION="FALSE">
        <extent>
          <charseq START="3496" END="3500">Bezzi</charseq>
        </extent>
        <head>
          <charseq START="3496" END="3500">Bezzi</charseq>
        </head>
      </entity_mention>
      <entity_attributes>
        <name NAME="Giacomo Bezzi">
          <charseq START="430" END="442">Giacomo Bezzi</charseq>
        </name>
        <name NAME="Bezzi">
          <charseq START="631" END="635">Bezzi</charseq>
        </name>
        <name NAME="Bezzi">
          <charseq START="2717" END="2721">Bezzi</charseq>
        </name>
        <name NAME="Bezzi">
          <charseq START="3027" END="3031">Bezzi</charseq>
        </name>
        <name NAME="Bezzi">
          <charseq START="3496" END="3500">Bezzi</charseq>
        </name>
      </entity_attributes>
    </entity>
    <entity ID="adige20041008_id414186-E6" TYPE="PER" SUBTYPE="Indefinite" CLASS="NEG">
      <entity_mention ID="adige20041008_id414186-E6-1" TYPE="PRO" PRIMARY="true" METONYMY_MENTION="FALSE">
        <extent>
          <charseq START="1070" END="1076">nessuno</charseq>
        </extent>
        <head>
          <charseq START="1070" END="1076">nessuno</charseq>
        </head>
      </entity_mention>
    </entity>
    <entity ID="adige20041008_id414186-E7" TYPE="ORG" SUBTYPE="Non-Governmental" CLASS="GEN">
      <entity_mention ID="adige20041008_id414186-E7-1" TYPE="NOM" PRIMARY="true" METONYMY_MENTION="FALSE">
        <extent>
          <charseq START="1421" END="1441">dei gruppi consiliari</charseq>
        </extent>
        <head>
          <charseq START="1425" END="1430">gruppi</charseq>
        </head>
      </entity_mention>
    </entity>
    <entity ID="adige20041008_id414186-E8" TYPE="PER" SUBTYPE="Individual" CLASS="SPC">
      <entity_mention ID="adige20041008_id414186-E8-1" TYPE="NAM" PRIMARY="true" METONYMY_MENTION="FALSE">
        <extent>
          <charseq START="2074" END="2161">Catalano, che interviene un minutino, giusto il tempo per far andare il collega al bagno</charseq>
        </extent>
        <head>
          <charseq START="2074" END="2081">Catalano</charseq>
        </head>
      </entity_mention>
      <entity_mention ID="adige20041008_id414186-E8-2" TYPE="PRO" PRIMARY="false" METONYMY_MENTION="FALSE">
        <extent>
          <charseq START="2084" END="2086">che</charseq>
        </extent>
        <head>
          <charseq START="2084" END="2086">che</charseq>
        </head>
      </entity_mention>
      <entity_attributes>
        <name NAME="Catalano">
          <charseq START="2074" END="2081">Catalano</charseq>
        </name>
      </entity_attributes>
    </entity>
    <entity ID="adige20041008_id414186-E9" TYPE="PER" SUBTYPE="Group" CLASS="SPC">
      <entity_mention ID="adige20041008_id414186-E9-1" TYPE="NOM" PRIMARY="true" METONYMY_MENTION="FALSE">
        <extent>
          <charseq START="2219" END="2229">maggioranza</charseq>
        </extent>
        <head>
          <charseq START="2219" END="2229">maggioranza</charseq>
        </head>
      </entity_mention>
      <entity_mention ID="adige20041008_id414186-E9-2" TYPE="NOM" PRIMARY="false" METONYMY_MENTION="FALSE">
        <extent>
          <charseq START="3323" END="3336">la maggioranza</charseq>
        </extent>
        <head>
          <charseq START="3326" END="3336">maggioranza</charseq>
        </head>
      </entity_mention>
    </entity>
    <entity ID="adige20041008_id414186-E10" TYPE="PER" SUBTYPE="Group" CLASS="SPC">
      <entity_mention ID="adige20041008_id414186-E10-1" TYPE="NOM" PRIMARY="true" METONYMY_MENTION="FALSE">
        <extent>
          <charseq START="2234" END="2244">opposizione</charseq>
        </extent>
        <head>
          <charseq START="2234" END="2244">opposizione</charseq>
        </head>
      </entity_mention>
      <entity_mention ID="adige20041008_id414186-E10-2" TYPE="NOM" PRIMARY="false" METONYMY_MENTION="FALSE">
        <extent>
          <charseq START="3225" END="3237">l'opposizione</charseq>
        </extent>
        <head>
          <charseq START="3227" END="3237">opposizione</charseq>
        </head>
      </entity_mention>
      <entity_mention ID="adige20041008_id414186-E10-3" TYPE="NOM" PRIMARY="false" METONYMY_MENTION="FALSE">
        <extent>
          <charseq START="3244" END="3261">dodici consiglieri</charseq>
        </extent>
        <head>
          <charseq START="3251" END="3261">consiglieri</charseq>
        </head>
      </entity_mention>
      <entity_mention ID="adige20041008_id414186-E10-4" TYPE="PRO" PRIMARY="false" METONYMY_MENTION="FALSE">
        <extent>
          <charseq START="3291" END="3296">cinque</charseq>
        </extent>
        <head>
          <charseq START="3291" END="3296">cinque</charseq>
        </head>
      </entity_mention>
      <entity_mention ID="adige20041008_id414186-E10-5" TYPE="NOM" PRIMARY="false" METONYMY_MENTION="FALSE">
        <extent>
          <charseq START="3199" END="3208">i colleghi</charseq>
        </extent>
        <head>
          <charseq START="3201" END="3208">colleghi</charseq>
        </head>
      </entity_mention>
    </entity>
    <entity ID="adige20041008_id414186-E11" TYPE="PER" SUBTYPE="Group" CLASS="SPC">
      <entity_mention ID="adige20041008_id414186-E11-1" TYPE="NOM" PRIMARY="true" METONYMY_MENTION="FALSE">
        <extent>
          <charseq START="2219" END="2244">maggioranza ed opposizione</charseq>
        </extent>
        <head>
          <charseq START="2219" END="2244">maggioranza ed opposizione</charseq>
        </head>
      </entity_mention>
      <entity_mention ID="adige20041008_id414186-E11-3" TYPE="PRO" PRIMARY="false" METONYMY_MENTION="FALSE">
        <extent>
          <charseq START="2212" END="2216">tutti</charseq>
        </extent>
        <head>
          <charseq START="2212" END="2216">tutti</charseq>
        </head>
      </entity_mention>
      <entity_mention ID="adige20041008_id414186-E11-4" TYPE="PRO" PRIMARY="false" METONYMY_MENTION="FALSE">
        <extent>
          <charseq START="2212" END="2244">tutti, maggioranza ed opposizione</charseq>
        </extent>
        <head>
          <charseq START="2212" END="2244">tutti, maggioranza ed opposizione</charseq>
        </head>
      </entity_mention>
      <entity_mention ID="adige20041008_id414186-E11-5" TYPE="PRO" PRIMARY="false" METONYMY_MENTION="FALSE">
        <extent>
          <charseq START="344" END="348">tutti</charseq>
        </extent>
        <head>
          <charseq START="344" END="348">tutti</charseq>
        </head>
      </entity_mention>
    </entity>
    <entity ID="adige20041008_id414186-E12" TYPE="PER" SUBTYPE="Individual" CLASS="SPC">
      <entity_mention ID="adige20041008_id414186-E12-1" TYPE="NOM" PRIMARY="true" METONYMY_MENTION="FALSE">
        <extent>
          <charseq START="2357" END="2382">un'elettrice mossa a pietà</charseq>
        </extent>
        <head>
          <charseq START="2360" END="2368">elettrice</charseq>
        </head>
      </entity_mention>
    </entity>
    <entity ID="adige20041008_id414186-E13" TYPE="PER" SUBTYPE="Individual" CLASS="SPC">
      <entity_mention ID="adige20041008_id414186-E13-1" TYPE="NAM" PRIMARY="true" METONYMY_MENTION="FALSE">
        <extent>
          <charseq START="2487" END="2500">Marcello Carli</charseq>
        </extent>
        <head>
          <charseq START="2487" END="2500">Marcello Carli</charseq>
        </head>
      </entity_mention>
      <entity_mention ID="adige20041008_id414186-E13-2" TYPE="NOM" PRIMARY="false" METONYMY_MENTION="FALSE">
        <extent>
          <charseq START="2503" END="2525">il consigliere dell'Udc</charseq>
        </extent>
        <head>
          <charseq START="2506" END="2516">consigliere</charseq>
        </head>
      </entity_mention>
      <entity_mention ID="adige20041008_id414186-E13-3" TYPE="PRO" PRIMARY="false" METONYMY_MENTION="FALSE">
        <extent>
          <charseq START="2527" END="2529">che</charseq>
        </extent>
        <head>
          <charseq START="2527" END="2529">che</charseq>
        </head>
      </entity_mention>
      <entity_mention ID="adige20041008_id414186-E13-4" TYPE="NAM" PRIMARY="false" METONYMY_MENTION="FALSE">
        <extent>
          <charseq START="2487" END="2599">Marcello Carli, il consigliere dell'Udc che in teoria sarebbe all'opposizione proprio come il maratoneta leghista</charseq>
        </extent>
        <head>
          <charseq START="2487" END="2599">Marcello Carli, il consigliere dell'Udc che in teoria sarebbe all'opposizione proprio come il maratoneta leghista</charseq>
        </head>
      </entity_mention>
      <entity_mention ID="adige20041008_id414186-E13-5" TYPE="PRO" PRIMARY="false" METONYMY_MENTION="FALSE">
        <extent>
          <charseq START="2462" END="2478">Il più sconsolato</charseq>
        </extent>
        <head>
          <charseq START="2469" END="2478">sconsolato</charseq>
        </head>
      </entity_mention>
      <entity_attributes>
        <name NAME="Marcello Carli">
          <charseq START="2487" END="2500">Marcello Carli</charseq>
        </name>
        <name NAME="Marcello Carli, il consigliere dell'Udc che in teoria sarebbe all'opposizione proprio come il maratoneta leghista">
          <charseq START="2487" END="2599">Marcello Carli, il consigliere dell'Udc che in teoria sarebbe all'opposizione proprio come il maratoneta leghista</charseq>
        </name>
      </entity_attributes>
    </entity>
    <entity ID="adige20041008_id414186-E15" TYPE="PER" SUBTYPE="Indefinite" CLASS="USP">
      <entity_mention ID="adige20041008_id414186-E15-1" TYPE="PRO" PRIMARY="true" METONYMY_MENTION="FALSE">
        <extent>
          <charseq START="2627" END="2628">si</charseq>
        </extent>
        <head>
          <charseq START="2627" END="2628">si</charseq>
        </head>
      </entity_mention>
    </entity>
    <entity ID="adige20041008_id414186-E16" TYPE="PER" SUBTYPE="Indefinite" CLASS="USP">
      <entity_mention ID="adige20041008_id414186-E16-1" TYPE="PRO" PRIMARY="true" METONYMY_MENTION="FALSE">
        <extent>
          <charseq START="2661" END="2662">si</charseq>
        </extent>
        <head>
          <charseq START="2661" END="2662">si</charseq>
        </head>
      </entity_mention>
    </entity>
    <entity ID="adige20041008_id414186-E17" TYPE="PER" SUBTYPE="Group" CLASS="GEN">
      <entity_mention ID="adige20041008_id414186-E17-1" TYPE="NOM" PRIMARY="true" METONYMY_MENTION="FALSE">
        <extent>
          <charseq START="2812" END="2824">il presidente</charseq>
        </extent>
        <head>
          <charseq START="2815" END="2824">presidente</charseq>
        </head>
      </entity_mention>
    </entity>
    <entity ID="adige20041008_id414186-E18" TYPE="PER" SUBTYPE="Group" CLASS="GEN">
      <entity_mention ID="adige20041008_id414186-E18-1" TYPE="NOM" PRIMARY="true" METONYMY_MENTION="FALSE">
        <extent>
          <charseq START="2855" END="2863">l'oratore</charseq>
        </extent>
        <head>
          <charseq START="2857" END="2863">oratore</charseq>
        </head>
      </entity_mention>
    </entity>
    <entity ID="adige20041008_id414186-E19" TYPE="PER" SUBTYPE="Indefinite" CLASS="USP">
      <entity_mention ID="adige20041008_id414186-E19-1" TYPE="PRO" PRIMARY="true" METONYMY_MENTION="FALSE">
        <extent>
          <charseq START="2938" END="2939">si</charseq>
        </extent>
        <head>
          <charseq START="2938" END="2939">si</charseq>
        </head>
      </entity_mention>
    </entity>
    <entity ID="adige20041008_id414186-E20" TYPE="PER" SUBTYPE="Indefinite" CLASS="USP">
      <entity_mention ID="adige20041008_id414186-E20-1" TYPE="PRO" PRIMARY="true" METONYMY_MENTION="FALSE">
        <extent>
          <charseq START="2977" END="2984">chiunque</charseq>
        </extent>
        <head>
          <charseq START="2977" END="2984">chiunque</charseq>
        </head>
      </entity_mention>
    </entity>
    <entity ID="adige20041008_id414186-E22" TYPE="PER" SUBTYPE="Individual" CLASS="SPC">
      <entity_mention ID="adige20041008_id414186-E22-1" TYPE="NAM" PRIMARY="true" METONYMY_MENTION="FALSE">
        <extent>
          <charseq START="3435" END="3444">Giovanazzi</charseq>
        </extent>
        <head>
          <charseq START="3435" END="3444">Giovanazzi</charseq>
        </head>
      </entity_mention>
      <entity_attributes>
        <name NAME="Giovanazzi">
          <charseq START="3435" END="3444">Giovanazzi</charseq>
        </name>
      </entity_attributes>
    </entity>
    <entity ID="adige20041008_id414186-E23" TYPE="PER" SUBTYPE="Indefinite" CLASS="USP">
      <entity_mention ID="adige20041008_id414186-E23-1" TYPE="PRO" PRIMARY="true" METONYMY_MENTION="FALSE">
        <extent>
          <charseq START="3503" END="3510">Qualcuno</charseq>
        </extent>
        <head>
          <charseq START="3503" END="3510">Qualcuno</charseq>
        </head>
      </entity_mention>
    </entity>
    <entity ID="adige20041008_id414186-E24" TYPE="PER" SUBTYPE="Individual" CLASS="SPC">
      <entity_mention ID="adige20041008_id414186-E24-1" TYPE="NAM" PRIMARY="true" METONYMY_MENTION="FALSE">
        <extent>
          <charseq START="3538" END="3679">Lunelli che chiede che sulla diretta di Tca compaia una scritta per dire che loro vogliono riformare il regolamento ma Divina fa ostruzionismo</charseq>
        </extent>
        <head>
          <charseq START="3538" END="3544">Lunelli</charseq>
        </head>
      </entity_mention>
      <entity_mention ID="adige20041008_id414186-E24-2" TYPE="PRO" PRIMARY="false" METONYMY_MENTION="FALSE">
        <extent>
          <charseq START="3546" END="3548">che</charseq>
        </extent>
        <head>
          <charseq START="3546" END="3548">che</charseq>
        </head>
      </entity_mention>
      <entity_attributes>
        <name NAME="Lunelli">
          <charseq START="3538" END="3544">Lunelli</charseq>
        </name>
      </entity_attributes>
    </entity>
    <entity ID="adige20041008_id414186-E25" TYPE="PER" SUBTYPE="Group" CLASS="USP">
      <entity_mention ID="adige20041008_id414186-E25-1" TYPE="PRO" PRIMARY="true" METONYMY_MENTION="FALSE">
        <extent>
          <charseq START="3615" END="3618">loro</charseq>
        </extent>
        <head>
          <charseq START="3615" END="3618">loro</charseq>
        </head>
      </entity_mention>
      <entity_mention ID="adige20041008_id414186-E25-2" TYPE="PRO" PRIMARY="false" METONYMY_MENTION="FALSE">
        <extent>
          <charseq START="3734" END="3737">loro</charseq>
        </extent>
        <head>
          <charseq START="3734" END="3737">loro</charseq>
        </head>
      </entity_mention>
      <entity_mention ID="adige20041008_id414186-E25-3" TYPE="NOM" PRIMARY="false" METONYMY_MENTION="FALSE">
        <extent>
          <charseq START="3750" END="3763">servi sciocchi</charseq>
        </extent>
        <head>
          <charseq START="3750" END="3754">servi</charseq>
        </head>
      </entity_mention>
    </entity>
    <entity ID="adige20041008_id414186-E26" TYPE="PER" SUBTYPE="Individual" CLASS="SPC">
      <entity_mention ID="adige20041008_id414186-E26-1" TYPE="NAM" PRIMARY="true" METONYMY_MENTION="FALSE">
        <extent>
          <charseq START="3695" END="3718">il margheritino Odorizzi</charseq>
        </extent>
        <head>
          <charseq START="3711" END="3718">Odorizzi</charseq>
        </head>
      </entity_mention>
      <entity_attributes>
        <name NAME="Odorizzi">
          <charseq START="3711" END="3718">Odorizzi</charseq>
        </name>
      </entity_attributes>
    </entity>
    <entity ID="adige20041008_id414186-E27" TYPE="PER" SUBTYPE="Individual" CLASS="SPC">
      <entity_mention ID="adige20041008_id414186-E27-1" TYPE="NAM" PRIMARY="true" METONYMY_MENTION="FALSE">
        <extent>
          <charseq START="3826" END="3830">P.Mi.</charseq>
        </extent>
        <head>
          <charseq START="3826" END="3830">P.Mi.</charseq>
        </head>
      </entity_mention>
      <entity_attributes>
        <name NAME="P.Mi.">
          <charseq START="3826" END="3830">P.Mi.</charseq>
        </name>
      </entity_attributes>
    </entity>
    <entity ID="adige20041008_id414186-E28" TYPE="ORG" SUBTYPE="Government" CLASS="SPC">
      <entity_mention ID="adige20041008_id414186-E28-1" TYPE="NAM" PRIMARY="true" METONYMY_MENTION="FALSE">
        <extent>
          <charseq START="416" END="428">del Consiglio</charseq>
        </extent>
        <head>
          <charseq START="420" END="428">Consiglio</charseq>
        </head>
      </entity_mention>
      <entity_mention ID="adige20041008_id414186-E28-2" TYPE="NAM" PRIMARY="false" METONYMY_MENTION="FALSE">
        <extent>
          <charseq START="875" END="895">Consiglio provinciale</charseq>
        </extent>
        <head>
          <charseq START="875" END="895">Consiglio provinciale</charseq>
        </head>
      </entity_mention>
      <entity_mention ID="adige20041008_id414186-E28-3" TYPE="NAM" PRIMARY="false" METONYMY_MENTION="FALSE">
        <extent>
          <charseq START="976" END="987">il Consiglio</charseq>
        </extent>
        <head>
          <charseq START="979" END="987">Consiglio</charseq>
        </head>
      </entity_mention>
      <entity_attributes>
        <name NAME="Consiglio">
          <charseq START="420" END="428">Consiglio</charseq>
        </name>
        <name NAME="Consiglio provinciale">
          <charseq START="875" END="895">Consiglio provinciale</charseq>
        </name>
        <name NAME="Consiglio">
          <charseq START="979" END="987">Consiglio</charseq>
        </name>
      </entity_attributes>
    </entity>
    <entity ID="adige20041008_id414186-E29" TYPE="ORG" SUBTYPE="Non-Governmental" CLASS="SPC">
      <entity_mention ID="adige20041008_id414186-E29-1" TYPE="NAM" PRIMARY="true" METONYMY_MENTION="FALSE">
        <extent>
          <charseq START="764" END="773">della Lega</charseq>
        </extent>
        <head>
          <charseq START="770" END="773">Lega</charseq>
        </head>
      </entity_mention>
      <entity_attributes>
        <name NAME="Lega">
          <charseq START="770" END="773">Lega</charseq>
        </name>
      </entity_attributes>
    </entity>
    <entity ID="adige20041008_id414186-E30" TYPE="ORG" SUBTYPE="Non-Governmental" CLASS="SPC">
      <entity_mention ID="adige20041008_id414186-E30-1" TYPE="NAM" PRIMARY="true" METONYMY_MENTION="FALSE">
        <extent>
          <charseq START="2518" END="2525">dell'Udc</charseq>
        </extent>
        <head>
          <charseq START="2523" END="2525">Udc</charseq>
        </head>
      </entity_mention>
      <entity_mention ID="adige20041008_id414186-E30-2" TYPE="NAM" PRIMARY="false" METONYMY_MENTION="FALSE">
        <extent>
          <charseq START="3361" END="3365">l'Udc</charseq>
        </extent>
        <head>
          <charseq START="3363" END="3365">Udc</charseq>
        </head>
      </entity_mention>
      <entity_attributes>
        <name NAME="Udc">
          <charseq START="2523" END="2525">Udc</charseq>
        </name>
        <name NAME="Udc">
          <charseq START="3363" END="3365">Udc</charseq>
        </name>
      </entity_attributes>
    </entity>
    <entity ID="adige20041008_id414186-E31" TYPE="ORG" SUBTYPE="Non-Governmental" CLASS="SPC">
      <entity_mention ID="adige20041008_id414186-E31-1" TYPE="NAM" PRIMARY="true" METONYMY_MENTION="FALSE">
        <extent>
          <charseq START="3340" END="3351">Forza Italia</charseq>
        </extent>
        <head>
          <charseq START="3340" END="3351">Forza Italia</charseq>
        </head>
      </entity_mention>
      <entity_mention ID="adige20041008_id414186-E31-3" TYPE="NOM" PRIMARY="false" METONYMY_MENTION="FALSE">
        <extent>
          <charseq START="3392" END="3408">degli « azzurri »</charseq>
        </extent>
        <head>
          <charseq START="3400" END="3406">azzurri</charseq>
        </head>
      </entity_mention>
      <entity_attributes>
        <name NAME="Forza Italia">
          <charseq START="3340" END="3351">Forza Italia</charseq>
        </name>
      </entity_attributes>
    </entity>
    <entity ID="adige20041008_id414186-E32" TYPE="ORG" SUBTYPE="Media" CLASS="SPC">
      <entity_mention ID="adige20041008_id414186-E32-1" TYPE="NAM" PRIMARY="true" METONYMY_MENTION="FALSE">
        <extent>
          <charseq START="3578" END="3580">Tca</charseq>
        </extent>
        <head>
          <charseq START="3578" END="3580">Tca</charseq>
        </head>
      </entity_mention>
      <entity_attributes>
        <name NAME="Tca">
          <charseq START="3578" END="3580">Tca</charseq>
        </name>
      </entity_attributes>
    </entity>
    <entity ID="adige20041008_id414186-E33" TYPE="PER" SUBTYPE="Group" CLASS="SPC">
      <entity_mention ID="adige20041008_id414186-E33-2" TYPE="NOM" PRIMARY="true" METONYMY_MENTION="FALSE">
        <extent>
          <charseq START="915" END="928">un'aula intera</charseq>
        </extent>
        <head>
          <charseq START="918" END="921">aula</charseq>
        </head>
      </entity_mention>
      <entity_mention ID="adige20041008_id414186-E33-4" TYPE="NOM" PRIMARY="false" METONYMY_MENTION="FALSE">
        <extent>
          <charseq START="1928" END="1936">dell'aula</charseq>
        </extent>
        <head>
          <charseq START="1933" END="1936">aula</charseq>
        </head>
      </entity_mention>
    </entity>
    <entity ID="adige20041008_id414186-E35" TYPE="GPE" SUBTYPE="State-or-Province" CLASS="SPC">
      <entity_mention ID="adige20041008_id414186-E35-1" TYPE="NAM" PRIMARY="true" ROLE="GPE" METONYMY_MENTION="FALSE">
        <extent>
          <charseq START="752" END="762">provinciale</charseq>
        </extent>
        <head>
          <charseq START="752" END="762">provinciale</charseq>
        </head>
      </entity_mention>
    </entity>
  </document>
</source_file>
