<?xml version="1.0" encoding="UTF-8"?>
<!DOCTYPE source_file PUBLIC "SYSTEM" "apf.v5.2.0.dtd">

<source_file URI="adige20041008_id414182.txt" SOURCE="unknown" TYPE="text" VERSION="5.0" AUTHOR="Evalita" ENCODING="UTF-8">
  <document DOCID="adige20041008_id414182">
    <entity ID="adige20041008_id414182-E1" TYPE="PER" SUBTYPE="Individual" CLASS="SPC">
      <entity_mention ID="adige20041008_id414182-E1-2" TYPE="NAM" PRIMARY="true" METONYMY_MENTION="FALSE">
        <extent>
          <charseq START="320" END="336">Tiziano Mellarini</charseq>
        </extent>
        <head>
          <charseq START="320" END="336">Tiziano Mellarini</charseq>
        </head>
      </entity_mention>
      <entity_mention ID="adige20041008_id414182-E1-3" TYPE="NAM" PRIMARY="false" METONYMY_MENTION="FALSE">
        <extent>
          <charseq START="39" END="47">Mellarini</charseq>
        </extent>
        <head>
          <charseq START="39" END="47">Mellarini</charseq>
        </head>
      </entity_mention>
      <entity_mention ID="adige20041008_id414182-E1-4" TYPE="NOM" PRIMARY="false" METONYMY_MENTION="FALSE">
        <extent>
          <charseq START="305" END="318">dall'assessore</charseq>
        </extent>
        <head>
          <charseq START="310" END="318">assessore</charseq>
        </head>
      </entity_mention>
      <entity_mention ID="adige20041008_id414182-E1-5" TYPE="NOM" PRIMARY="false" METONYMY_MENTION="FALSE">
        <extent>
          <charseq START="305" END="336">dall'assessore Tiziano Mellarini</charseq>
        </extent>
        <head>
          <charseq START="305" END="336">dall'assessore Tiziano Mellarini</charseq>
        </head>
      </entity_mention>
      <entity_mention ID="adige20041008_id414182-E1-6" TYPE="NOM" PRIMARY="false" METONYMY_MENTION="FALSE">
        <extent>
          <charseq START="354" END="375">il diretto interessato</charseq>
        </extent>
        <head>
          <charseq START="365" END="375">interessato</charseq>
        </head>
      </entity_mention>
      <entity_mention ID="adige20041008_id414182-E1-7" TYPE="NAM" PRIMARY="false" METONYMY_MENTION="FALSE">
        <extent>
          <charseq START="545" END="553">Mellarini</charseq>
        </extent>
        <head>
          <charseq START="545" END="553">Mellarini</charseq>
        </head>
      </entity_mention>
      <entity_mention ID="adige20041008_id414182-E1-8" TYPE="PRO" PRIMARY="false" METONYMY_MENTION="FALSE">
        <extent>
          <charseq START="556" END="563">Il quale</charseq>
        </extent>
        <head>
          <charseq START="559" END="563">quale</charseq>
        </head>
      </entity_mention>
      <entity_mention ID="adige20041008_id414182-E1-9" TYPE="NOM" PRIMARY="false" METONYMY_MENTION="FALSE">
        <extent>
          <charseq START="908" END="918">l'assessore</charseq>
        </extent>
        <head>
          <charseq START="910" END="918">assessore</charseq>
        </head>
      </entity_mention>
      <entity_attributes>
        <name NAME="Tiziano Mellarini">
          <charseq START="320" END="336">Tiziano Mellarini</charseq>
        </name>
        <name NAME="Mellarini">
          <charseq START="39" END="47">Mellarini</charseq>
        </name>
        <name NAME="Mellarini">
          <charseq START="545" END="553">Mellarini</charseq>
        </name>
      </entity_attributes>
    </entity>
    <entity ID="adige20041008_id414182-E2" TYPE="PER" SUBTYPE="Group" CLASS="GEN">
      <entity_mention ID="adige20041008_id414182-E2-1" TYPE="NOM" PRIMARY="true" METONYMY_MENTION="FALSE">
        <extent>
          <charseq START="859" END="869">dei turisti</charseq>
        </extent>
        <head>
          <charseq START="863" END="869">turisti</charseq>
        </head>
      </entity_mention>
    </entity>
    <entity ID="adige20041008_id414182-E4" TYPE="PER" SUBTYPE="Group" CLASS="GEN">
      <entity_mention ID="adige20041008_id414182-E4-1" TYPE="NOM" PRIMARY="true" METONYMY_MENTION="FALSE">
        <extent>
          <charseq START="775" END="785">ristoratori</charseq>
        </extent>
        <head>
          <charseq START="775" END="785">ristoratori</charseq>
        </head>
      </entity_mention>
    </entity>
    <entity ID="adige20041008_id414182-E5" TYPE="PER" SUBTYPE="Group" CLASS="GEN">
      <entity_mention ID="adige20041008_id414182-E5-1" TYPE="NOM" PRIMARY="true" METONYMY_MENTION="FALSE">
        <extent>
          <charseq START="1043" END="1055">gli artigiani</charseq>
        </extent>
        <head>
          <charseq START="1047" END="1055">artigiani</charseq>
        </head>
      </entity_mention>
    </entity>
    <entity ID="adige20041008_id414182-E6" TYPE="PER" SUBTYPE="Group" CLASS="GEN">
      <entity_mention ID="adige20041008_id414182-E6-1" TYPE="PRO" PRIMARY="true" METONYMY_MENTION="FALSE">
        <extent>
          <charseq START="1033" END="1113">chi, come gli artigiani, traggono profitti maggiori dalla presenza dei vacanzieri</charseq>
        </extent>
        <head>
          <charseq START="1033" END="1035">chi</charseq>
        </head>
      </entity_mention>
    </entity>
    <entity ID="adige20041008_id414182-E7" TYPE="PER" SUBTYPE="Group" CLASS="GEN">
      <entity_mention ID="adige20041008_id414182-E7-1" TYPE="NOM" PRIMARY="true" METONYMY_MENTION="FALSE">
        <extent>
          <charseq START="1100" END="1113">dei vacanzieri</charseq>
        </extent>
        <head>
          <charseq START="1104" END="1113">vacanzieri</charseq>
        </head>
      </entity_mention>
    </entity>
    <entity ID="adige20041008_id414182-E8" TYPE="PER" SUBTYPE="Individual" CLASS="SPC">
      <entity_mention ID="adige20041008_id414182-E8-1" TYPE="NAM" PRIMARY="true" METONYMY_MENTION="FALSE">
        <extent>
          <charseq START="1377" END="1391">Denis Bertolini</charseq>
        </extent>
        <head>
          <charseq START="1377" END="1391">Denis Bertolini</charseq>
        </head>
      </entity_mention>
      <entity_mention ID="adige20041008_id414182-E8-2" TYPE="NOM" PRIMARY="false" METONYMY_MENTION="FALSE">
        <extent>
          <charseq START="1362" END="1375">il consigliere</charseq>
        </extent>
        <head>
          <charseq START="1365" END="1375">consigliere</charseq>
        </head>
      </entity_mention>
      <entity_mention ID="adige20041008_id414182-E8-3" TYPE="NOM" PRIMARY="false" METONYMY_MENTION="FALSE">
        <extent>
          <charseq START="1362" END="1391">il consigliere Denis Bertolini</charseq>
        </extent>
        <head>
          <charseq START="1362" END="1391">il consigliere Denis Bertolini</charseq>
        </head>
      </entity_mention>
      <entity_mention ID="adige20041008_id414182-E8-4" TYPE="NAM" PRIMARY="false" METONYMY_MENTION="FALSE">
        <extent>
          <charseq START="1637" END="1645">Bertolini</charseq>
        </extent>
        <head>
          <charseq START="1637" END="1645">Bertolini</charseq>
        </head>
      </entity_mention>
      <entity_attributes>
        <name NAME="Denis Bertolini">
          <charseq START="1377" END="1391">Denis Bertolini</charseq>
        </name>
        <name NAME="Bertolini">
          <charseq START="1637" END="1645">Bertolini</charseq>
        </name>
      </entity_attributes>
    </entity>
    <entity ID="adige20041008_id414182-E9" TYPE="PER" SUBTYPE="Group" CLASS="USP">
      <entity_mention ID="adige20041008_id414182-E9-1" TYPE="PRO" PRIMARY="true" METONYMY_MENTION="FALSE">
        <extent>
          <charseq START="1499" END="1507">spiegarci</charseq>
        </extent>
        <head>
          <charseq START="1506" END="1507">ci</charseq>
        </head>
      </entity_mention>
    </entity>
    <entity ID="adige20041008_id414182-E10" TYPE="PER" SUBTYPE="Individual" CLASS="SPC">
      <entity_mention ID="adige20041008_id414182-E10-1" TYPE="NAM" PRIMARY="true" METONYMY_MENTION="FALSE">
        <extent>
          <charseq START="1813" END="1826">Natale Rigotti</charseq>
        </extent>
        <head>
          <charseq START="1813" END="1826">Natale Rigotti</charseq>
        </head>
      </entity_mention>
      <entity_mention ID="adige20041008_id414182-E10-2" TYPE="NOM" PRIMARY="false" METONYMY_MENTION="FALSE">
        <extent>
          <charseq START="1829" END="1856">presidente degli Albergatori</charseq>
        </extent>
        <head>
          <charseq START="1829" END="1838">presidente</charseq>
        </head>
      </entity_mention>
      <entity_mention ID="adige20041008_id414182-E10-3" TYPE="NAM" PRIMARY="false" METONYMY_MENTION="FALSE">
        <extent>
          <charseq START="1813" END="1856">Natale Rigotti, presidente degli Albergatori</charseq>
        </extent>
        <head>
          <charseq START="1813" END="1856">Natale Rigotti, presidente degli Albergatori</charseq>
        </head>
      </entity_mention>
      <entity_attributes>
        <name NAME="Natale Rigotti">
          <charseq START="1813" END="1826">Natale Rigotti</charseq>
        </name>
        <name NAME="Natale Rigotti, presidente degli Albergatori">
          <charseq START="1813" END="1856">Natale Rigotti, presidente degli Albergatori</charseq>
        </name>
      </entity_attributes>
    </entity>
    <entity ID="adige20041008_id414182-E11" TYPE="PER" SUBTYPE="Group" CLASS="USP">
      <entity_mention ID="adige20041008_id414182-E11-1" TYPE="PRO" PRIMARY="true" METONYMY_MENTION="FALSE">
        <extent>
          <charseq START="1995" END="1999">tutti</charseq>
        </extent>
        <head>
          <charseq START="1995" END="1999">tutti</charseq>
        </head>
      </entity_mention>
    </entity>
    <entity ID="adige20041008_id414182-E12" TYPE="PER" SUBTYPE="Individual" CLASS="SPC">
      <entity_mention ID="adige20041008_id414182-E12-1" TYPE="NAM" PRIMARY="true" METONYMY_MENTION="FALSE">
        <extent>
          <charseq START="2075" END="2085">Gianni Bort</charseq>
        </extent>
        <head>
          <charseq START="2075" END="2085">Gianni Bort</charseq>
        </head>
      </entity_mention>
      <entity_mention ID="adige20041008_id414182-E12-2" TYPE="NOM" PRIMARY="false" METONYMY_MENTION="FALSE">
        <extent>
          <charseq START="2088" END="2119">presidente dell'Unione commercio</charseq>
        </extent>
        <head>
          <charseq START="2088" END="2097">presidente</charseq>
        </head>
      </entity_mention>
      <entity_mention ID="adige20041008_id414182-E12-3" TYPE="NAM" PRIMARY="false" METONYMY_MENTION="FALSE">
        <extent>
          <charseq START="2075" END="2119">Gianni Bort, presidente dell'Unione commercio</charseq>
        </extent>
        <head>
          <charseq START="2075" END="2119">Gianni Bort, presidente dell'Unione commercio</charseq>
        </head>
      </entity_mention>
      <entity_attributes>
        <name NAME="Gianni Bort">
          <charseq START="2075" END="2085">Gianni Bort</charseq>
        </name>
        <name NAME="Gianni Bort, presidente dell'Unione commercio">
          <charseq START="2075" END="2119">Gianni Bort, presidente dell'Unione commercio</charseq>
        </name>
      </entity_attributes>
    </entity>
    <entity ID="adige20041008_id414182-E13" TYPE="PER" SUBTYPE="Individual" CLASS="SPC">
      <entity_mention ID="adige20041008_id414182-E13-1" TYPE="NAM" PRIMARY="true" METONYMY_MENTION="FALSE">
        <extent>
          <charseq START="2324" END="2334">Flavio Tosi</charseq>
        </extent>
        <head>
          <charseq START="2324" END="2334">Flavio Tosi</charseq>
        </head>
      </entity_mention>
      <entity_mention ID="adige20041008_id414182-E13-2" TYPE="NOM" PRIMARY="false" METONYMY_MENTION="FALSE">
        <extent>
          <charseq START="2293" END="2321">Il presidente degli Artigiani</charseq>
        </extent>
        <head>
          <charseq START="2296" END="2305">presidente</charseq>
        </head>
      </entity_mention>
      <entity_mention ID="adige20041008_id414182-E13-3" TYPE="NOM" PRIMARY="false" METONYMY_MENTION="FALSE">
        <extent>
          <charseq START="2293" END="2334">Il presidente degli Artigiani, Flavio Tosi</charseq>
        </extent>
        <head>
          <charseq START="2293" END="2334">Il presidente degli Artigiani, Flavio Tosi</charseq>
        </head>
      </entity_mention>
      <entity_mention ID="adige20041008_id414182-E13-4" TYPE="PRO" PRIMARY="false" METONYMY_MENTION="FALSE">
        <extent>
          <charseq START="2336" END="2337">si</charseq>
        </extent>
        <head>
          <charseq START="2336" END="2337">si</charseq>
        </head>
      </entity_mention>
      <entity_attributes>
        <name NAME="Flavio Tosi">
          <charseq START="2324" END="2334">Flavio Tosi</charseq>
        </name>
      </entity_attributes>
    </entity>
    <entity ID="adige20041008_id414182-E14" TYPE="PER" SUBTYPE="Group" CLASS="GEN">
      <entity_mention ID="adige20041008_id414182-E14-1" TYPE="PRO" PRIMARY="true" METONYMY_MENTION="FALSE">
        <extent>
          <charseq START="2378" END="2407">chi trae beneficio dal turismo</charseq>
        </extent>
        <head>
          <charseq START="2378" END="2380">chi</charseq>
        </head>
      </entity_mention>
    </entity>
    <entity ID="adige20041008_id414182-E15" TYPE="PER" SUBTYPE="Group" CLASS="USP">
      <entity_mention ID="adige20041008_id414182-E15-1" TYPE="PRO" PRIMARY="true" METONYMY_MENTION="FALSE">
        <extent>
          <charseq START="2478" END="2482">tutti</charseq>
        </extent>
        <head>
          <charseq START="2478" END="2482">tutti</charseq>
        </head>
      </entity_mention>
      <entity_mention ID="adige20041008_id414182-E15-2" TYPE="PRO" PRIMARY="false" METONYMY_MENTION="FALSE">
        <extent>
          <charseq START="2502" END="2506">tutti</charseq>
        </extent>
        <head>
          <charseq START="2502" END="2506">tutti</charseq>
        </head>
      </entity_mention>
    </entity>
    <entity ID="adige20041008_id414182-E16" TYPE="PER" SUBTYPE="Indefinite" CLASS="USP">
      <entity_mention ID="adige20041008_id414182-E16-1" TYPE="PRO" PRIMARY="true" METONYMY_MENTION="FALSE">
        <extent>
          <charseq START="2649" END="2650">se</charseq>
        </extent>
        <head>
          <charseq START="2649" END="2650">se</charseq>
        </head>
      </entity_mention>
    </entity>
    <entity ID="adige20041008_id414182-E17" TYPE="ORG" SUBTYPE="Non-Governmental" CLASS="SPC">
      <entity_mention ID="adige20041008_id414182-E17-2" TYPE="NAM" PRIMARY="true" METONYMY_MENTION="FALSE">
        <extent>
          <charseq START="630" END="648">delle Apt riformate</charseq>
        </extent>
        <head>
          <charseq START="636" END="638">Apt</charseq>
        </head>
      </entity_mention>
      <entity_mention ID="adige20041008_id414182-E17-4" TYPE="NAM" PRIMARY="false" METONYMY_MENTION="FALSE">
        <extent>
          <charseq START="1893" END="1898">le Apt</charseq>
        </extent>
        <head>
          <charseq START="1896" END="1898">Apt</charseq>
        </head>
      </entity_mention>
      <entity_mention ID="adige20041008_id414182-E17-6" TYPE="NAM" PRIMARY="false" METONYMY_MENTION="FALSE">
        <extent>
          <charseq START="85" END="90">le Apt</charseq>
        </extent>
        <head>
          <charseq START="88" END="90">Apt</charseq>
        </head>
      </entity_mention>
      <entity_attributes>
        <name NAME="Apt">
          <charseq START="636" END="638">Apt</charseq>
        </name>
        <name NAME="Apt">
          <charseq START="1896" END="1898">Apt</charseq>
        </name>
        <name NAME="Apt">
          <charseq START="88" END="90">Apt</charseq>
        </name>
      </entity_attributes>
    </entity>
    <entity ID="adige20041008_id414182-E18" TYPE="ORG" SUBTYPE="Government" CLASS="SPC">
      <entity_mention ID="adige20041008_id414182-E18-4" TYPE="NAM" PRIMARY="true" METONYMY_MENTION="FALSE">
        <extent>
          <charseq START="710" END="721">dalla giunta</charseq>
        </extent>
        <head>
          <charseq START="716" END="721">giunta</charseq>
        </head>
      </entity_mention>
      <entity_mention ID="adige20041008_id414182-E18-6" TYPE="NAM" PRIMARY="false" METONYMY_MENTION="FALSE">
        <extent>
          <charseq START="1438" END="1446">la giunta</charseq>
        </extent>
        <head>
          <charseq START="1441" END="1446">giunta</charseq>
        </head>
      </entity_mention>
      <entity_attributes>
        <name NAME="giunta">
          <charseq START="716" END="721">giunta</charseq>
        </name>
        <name NAME="giunta">
          <charseq START="1441" END="1446">giunta</charseq>
        </name>
      </entity_attributes>
    </entity>
    <entity ID="adige20041008_id414182-E20" TYPE="ORG" SUBTYPE="Commercial" CLASS="GEN">
      <entity_mention ID="adige20041008_id414182-E20-2" TYPE="NOM" PRIMARY="true" METONYMY_MENTION="FALSE">
        <extent>
          <charseq START="789" END="805">pubblici esercizi</charseq>
        </extent>
        <head>
          <charseq START="798" END="805">esercizi</charseq>
        </head>
      </entity_mention>
    </entity>
    <entity ID="adige20041008_id414182-E22" TYPE="ORG" SUBTYPE="Non-Governmental" CLASS="SPC">
      <entity_mention ID="adige20041008_id414182-E22-2" TYPE="NAM" PRIMARY="true" METONYMY_MENTION="FALSE">
        <extent>
          <charseq START="1189" END="1199">le Pro loco</charseq>
        </extent>
        <head>
          <charseq START="1192" END="1199">Pro loco</charseq>
        </head>
      </entity_mention>
      <entity_attributes>
        <name NAME="Pro loco">
          <charseq START="1192" END="1199">Pro loco</charseq>
        </name>
      </entity_attributes>
    </entity>
    <entity ID="adige20041008_id414182-E23" TYPE="ORG" SUBTYPE="Non-Governmental" CLASS="SPC">
      <entity_mention ID="adige20041008_id414182-E23-2" TYPE="NAM" PRIMARY="true" METONYMY_MENTION="FALSE">
        <extent>
          <charseq START="1350" END="1356">la Lega</charseq>
        </extent>
        <head>
          <charseq START="1353" END="1356">Lega</charseq>
        </head>
      </entity_mention>
      <entity_attributes>
        <name NAME="Lega">
          <charseq START="1353" END="1356">Lega</charseq>
        </name>
      </entity_attributes>
    </entity>
    <entity ID="adige20041008_id414182-E24" TYPE="ORG" SUBTYPE="Non-Governmental" CLASS="SPC">
      <entity_mention ID="adige20041008_id414182-E24-2" TYPE="NAM" PRIMARY="true" METONYMY_MENTION="FALSE">
        <extent>
          <charseq START="1395" END="1410">la Lista Taverna</charseq>
        </extent>
        <head>
          <charseq START="1398" END="1410">Lista Taverna</charseq>
        </head>
      </entity_mention>
      <entity_mention ID="adige20041008_id414182-E24-4" TYPE="PRO" PRIMARY="false" METONYMY_MENTION="FALSE">
        <extent>
          <charseq START="1413" END="1424">Quest'ultima</charseq>
        </extent>
        <head>
          <charseq START="1419" END="1424">ultima</charseq>
        </head>
      </entity_mention>
      <entity_attributes>
        <name NAME="Lista Taverna">
          <charseq START="1398" END="1410">Lista Taverna</charseq>
        </name>
      </entity_attributes>
    </entity>
    <entity ID="adige20041008_id414182-E26" TYPE="PER" SUBTYPE="Group" CLASS="GEN">
      <entity_mention ID="adige20041008_id414182-E26-4" TYPE="NOM" PRIMARY="true" METONYMY_MENTION="FALSE">
        <extent>
          <charseq START="763" END="773">albergatori</charseq>
        </extent>
        <head>
          <charseq START="763" END="773">albergatori</charseq>
        </head>
      </entity_mention>
      <entity_mention ID="adige20041008_id414182-E26-6" TYPE="NOM" PRIMARY="false" METONYMY_MENTION="FALSE">
        <extent>
          <charseq START="2754" END="2768">gli albergatori</charseq>
        </extent>
        <head>
          <charseq START="2758" END="2768">albergatori</charseq>
        </head>
      </entity_mention>
    </entity>
    <entity ID="adige20041008_id414182-E27" TYPE="ORG" SUBTYPE="Non-Governmental" CLASS="SPC">
      <entity_mention ID="adige20041008_id414182-E27-2" TYPE="NAM" PRIMARY="true" METONYMY_MENTION="FALSE">
        <extent>
          <charseq START="2099" END="2119">dell'Unione commercio</charseq>
        </extent>
        <head>
          <charseq START="2104" END="2119">Unione commercio</charseq>
        </head>
      </entity_mention>
      <entity_mention ID="adige20041008_id414182-E27-4" TYPE="PRO" PRIMARY="false" METONYMY_MENTION="FALSE">
        <extent>
          <charseq START="2123" END="2125">Noi</charseq>
        </extent>
        <head>
          <charseq START="2123" END="2125">Noi</charseq>
        </head>
      </entity_mention>
      <entity_attributes>
        <name NAME="Unione commercio">
          <charseq START="2104" END="2119">Unione commercio</charseq>
        </name>
      </entity_attributes>
    </entity>
    <entity ID="adige20041008_id414182-E28" TYPE="ORG" SUBTYPE="Non-Governmental" CLASS="SPC">
      <entity_mention ID="adige20041008_id414182-E28-2" TYPE="NAM" PRIMARY="true" METONYMY_MENTION="FALSE">
        <extent>
          <charseq START="2307" END="2321">degli Artigiani</charseq>
        </extent>
        <head>
          <charseq START="2313" END="2321">Artigiani</charseq>
        </head>
      </entity_mention>
      <entity_attributes>
        <name NAME="Artigiani">
          <charseq START="2313" END="2321">Artigiani</charseq>
        </name>
      </entity_attributes>
    </entity>
    <entity ID="adige20041008_id414182-E29" TYPE="ORG" SUBTYPE="Commercial" CLASS="SPC">
      <entity_mention ID="adige20041008_id414182-E29-2" TYPE="NOM" PRIMARY="true" METONYMY_MENTION="FALSE">
        <extent>
          <charseq START="2784" END="2802">le aziende trentine</charseq>
        </extent>
        <head>
          <charseq START="2787" END="2793">aziende</charseq>
        </head>
      </entity_mention>
    </entity>
    <entity ID="adige20041008_id414182-E30" TYPE="ORG" SUBTYPE="Non-Governmental" CLASS="SPC">
      <entity_mention ID="adige20041008_id414182-E30-1" TYPE="NAM" PRIMARY="true" METONYMY_MENTION="FALSE">
        <extent>
          <charseq START="1840" END="1856">degli Albergatori</charseq>
        </extent>
        <head>
          <charseq START="1846" END="1856">Albergatori</charseq>
        </head>
      </entity_mention>
      <entity_attributes>
        <name NAME="Albergatori">
          <charseq START="1846" END="1856">Albergatori</charseq>
        </name>
      </entity_attributes>
    </entity>
    <entity ID="adige20041008_id414182-E31" TYPE="GPE" SUBTYPE="State-or-Province" CLASS="SPC">
      <entity_mention ID="adige20041008_id414182-E31-1" TYPE="NAM" PRIMARY="true" ROLE="GPE" METONYMY_MENTION="FALSE">
        <extent>
          <charseq START="1760" END="1770">provinciale</charseq>
        </extent>
        <head>
          <charseq START="1760" END="1770">provinciale</charseq>
        </head>
      </entity_mention>
      <entity_mention ID="adige20041008_id414182-E31-2" TYPE="NAM" PRIMARY="false" ROLE="GPE" METONYMY_MENTION="FALSE">
        <extent>
          <charseq START="2688" END="2695">trentina</charseq>
        </extent>
        <head>
          <charseq START="2688" END="2695">trentina</charseq>
        </head>
      </entity_mention>
      <entity_mention ID="adige20041008_id414182-E31-3" TYPE="NAM" PRIMARY="false" ROLE="GPE" METONYMY_MENTION="FALSE">
        <extent>
          <charseq START="2795" END="2802">trentine</charseq>
        </extent>
        <head>
          <charseq START="2795" END="2802">trentine</charseq>
        </head>
      </entity_mention>
    </entity>
    <entity ID="adige20041008_id414182-E32" TYPE="LOC" SUBTYPE="Region-General" CLASS="SPC">
      <entity_mention ID="adige20041008_id414182-E32-1" TYPE="NOM" PRIMARY="true" METONYMY_MENTION="FALSE">
        <extent>
          <charseq START="2247" END="2260">sul territorio</charseq>
        </extent>
        <head>
          <charseq START="2251" END="2260">territorio</charseq>
        </head>
      </entity_mention>
    </entity>
  </document>
</source_file>
