<?xml version="1.0" encoding="UTF-8"?>
<!DOCTYPE source_file PUBLIC "SYSTEM" "apf.v5.2.0.dtd">

<source_file URI="adige20041008_id414195.txt" SOURCE="unknown" TYPE="text" VERSION="5.0" AUTHOR="Evalita" ENCODING="UTF-8">
  <document DOCID="adige20041008_id414195">
    <entity ID="adige20041008_id414195-E2" TYPE="PER" SUBTYPE="Group" CLASS="SPC">
      <entity_mention ID="adige20041008_id414195-E2-1" TYPE="NOM" PRIMARY="true" METONYMY_MENTION="FALSE">
        <extent>
          <charseq START="469" END="476">I medici</charseq>
        </extent>
        <head>
          <charseq START="471" END="476">medici</charseq>
        </head>
      </entity_mention>
      <entity_mention ID="adige20041008_id414195-E2-2" TYPE="PRO" PRIMARY="false" METONYMY_MENTION="FALSE">
        <extent>
          <charseq START="478" END="479">si</charseq>
        </extent>
        <head>
          <charseq START="478" END="479">si</charseq>
        </head>
      </entity_mention>
      <entity_mention ID="adige20041008_id414195-E2-3" TYPE="NOM" PRIMARY="false" METONYMY_MENTION="FALSE">
        <extent>
          <charseq START="1445" END="1509">dai medici del pronto soccorso che hanno rilevato numerosi traumi</charseq>
        </extent>
        <head>
          <charseq START="1449" END="1454">medici</charseq>
        </head>
      </entity_mention>
      <entity_mention ID="adige20041008_id414195-E2-4" TYPE="PRO" PRIMARY="false" METONYMY_MENTION="FALSE">
        <extent>
          <charseq START="1476" END="1478">che</charseq>
        </extent>
        <head>
          <charseq START="1476" END="1478">che</charseq>
        </head>
      </entity_mention>
      <entity_mention ID="adige20041008_id414195-E2-5" TYPE="NOM" PRIMARY="false" METONYMY_MENTION="FALSE">
        <extent>
          <charseq START="1554" END="1561">i medici</charseq>
        </extent>
        <head>
          <charseq START="1556" END="1561">medici</charseq>
        </head>
      </entity_mention>
    </entity>
    <entity ID="adige20041008_id414195-E3" TYPE="PER" SUBTYPE="Individual" CLASS="SPC">
      <entity_mention ID="adige20041008_id414195-E3-1" TYPE="NOM" PRIMARY="true" METONYMY_MENTION="FALSE">
        <extent>
          <charseq START="800" END="860">una donna che ha potuto vedere l'uomo solo all'ultimo momento</charseq>
        </extent>
        <head>
          <charseq START="804" END="808">donna</charseq>
        </head>
      </entity_mention>
      <entity_mention ID="adige20041008_id414195-E3-2" TYPE="PRO" PRIMARY="false" METONYMY_MENTION="FALSE">
        <extent>
          <charseq START="810" END="812">che</charseq>
        </extent>
        <head>
          <charseq START="810" END="812">che</charseq>
        </head>
      </entity_mention>
      <entity_mention ID="adige20041008_id414195-E3-3" TYPE="NOM" PRIMARY="false" METONYMY_MENTION="FALSE">
        <extent>
          <charseq START="1086" END="1093">La donna</charseq>
        </extent>
        <head>
          <charseq START="1089" END="1093">donna</charseq>
        </head>
      </entity_mention>
    </entity>
    <entity ID="adige20041008_id414195-E4" TYPE="PER" SUBTYPE="Individual" CLASS="SPC">
      <entity_mention ID="adige20041008_id414195-E4-1" TYPE="NOM" PRIMARY="true" METONYMY_MENTION="FALSE">
        <extent>
          <charseq START="923" END="932">il polacco</charseq>
        </extent>
        <head>
          <charseq START="926" END="932">polacco</charseq>
        </head>
      </entity_mention>
      <entity_mention ID="adige20041008_id414195-E4-2" TYPE="NOM" PRIMARY="false" METONYMY_MENTION="FALSE">
        <extent>
          <charseq START="0" END="63">Grave un cittadino polacco che stava andando all'Opera Bonomelli</charseq>
        </extent>
        <head>
          <charseq START="9" END="17">cittadino</charseq>
        </head>
      </entity_mention>
      <entity_mention ID="adige20041008_id414195-E4-3" TYPE="PRO" PRIMARY="false" METONYMY_MENTION="FALSE">
        <extent>
          <charseq START="27" END="29">che</charseq>
        </extent>
        <head>
          <charseq START="27" END="29">che</charseq>
        </head>
      </entity_mention>
      <entity_mention ID="adige20041008_id414195-E4-4" TYPE="NOM" PRIMARY="false" METONYMY_MENTION="FALSE">
        <extent>
          <charseq START="138" END="157">Un cittadino polacco</charseq>
        </extent>
        <head>
          <charseq START="141" END="149">cittadino</charseq>
        </head>
      </entity_mention>
      <entity_mention ID="adige20041008_id414195-E4-5" TYPE="NOM" PRIMARY="false" METONYMY_MENTION="FALSE">
        <extent>
          <charseq START="283" END="288">L'uomo</charseq>
        </extent>
        <head>
          <charseq START="285" END="288">uomo</charseq>
        </head>
      </entity_mention>
      <entity_mention ID="adige20041008_id414195-E4-6" TYPE="PRO" PRIMARY="false" METONYMY_MENTION="FALSE">
        <extent>
          <charseq START="362" END="364">sue</charseq>
        </extent>
        <head>
          <charseq START="362" END="364">sue</charseq>
        </head>
      </entity_mention>
      <entity_mention ID="adige20041008_id414195-E4-7" TYPE="NOM" PRIMARY="false" METONYMY_MENTION="FALSE">
        <extent>
          <charseq START="532" END="537">l'uomo</charseq>
        </extent>
        <head>
          <charseq START="534" END="537">uomo</charseq>
        </head>
      </entity_mention>
      <entity_mention ID="adige20041008_id414195-E4-8" TYPE="NOM" PRIMARY="false" METONYMY_MENTION="FALSE">
        <extent>
          <charseq START="568" END="573">L'uomo</charseq>
        </extent>
        <head>
          <charseq START="570" END="573">uomo</charseq>
        </head>
      </entity_mention>
      <entity_mention ID="adige20041008_id414195-E4-9" TYPE="NOM" PRIMARY="false" METONYMY_MENTION="FALSE">
        <extent>
          <charseq START="831" END="836">l'uomo</charseq>
        </extent>
        <head>
          <charseq START="833" END="836">uomo</charseq>
        </head>
      </entity_mention>
      <entity_mention ID="adige20041008_id414195-E4-10" TYPE="PRO" PRIMARY="false" METONYMY_MENTION="FALSE">
        <extent>
          <charseq START="936" END="937">lo</charseq>
        </extent>
        <head>
          <charseq START="936" END="937">lo</charseq>
        </head>
      </entity_mention>
      <entity_mention ID="adige20041008_id414195-E4-11" TYPE="NOM" PRIMARY="false" METONYMY_MENTION="FALSE">
        <extent>
          <charseq START="1139" END="1165">l'uomo in mezzo alla strada</charseq>
        </extent>
        <head>
          <charseq START="1141" END="1144">uomo</charseq>
        </head>
      </entity_mention>
      <entity_mention ID="adige20041008_id414195-E4-12" TYPE="NOM" PRIMARY="false" METONYMY_MENTION="FALSE">
        <extent>
          <charseq START="1220" END="1231">il poveretto</charseq>
        </extent>
        <head>
          <charseq START="1223" END="1231">poveretto</charseq>
        </head>
      </entity_mention>
      <entity_mention ID="adige20041008_id414195-E4-13" TYPE="NOM" PRIMARY="false" METONYMY_MENTION="FALSE">
        <extent>
          <charseq START="1326" END="1336">L'investito</charseq>
        </extent>
        <head>
          <charseq START="1328" END="1336">investito</charseq>
        </head>
      </entity_mention>
      <entity_mention ID="adige20041008_id414195-E4-14" TYPE="PRO" PRIMARY="false" METONYMY_MENTION="FALSE">
        <extent>
          <charseq START="1375" END="1376">lo</charseq>
        </extent>
        <head>
          <charseq START="1375" END="1376">lo</charseq>
        </head>
      </entity_mention>
      <entity_mention ID="adige20041008_id414195-E4-15" TYPE="NOM" PRIMARY="false" METONYMY_MENTION="FALSE">
        <extent>
          <charseq START="1423" END="1428">L'uomo</charseq>
        </extent>
        <head>
          <charseq START="1425" END="1428">uomo</charseq>
        </head>
      </entity_mention>
      <entity_mention ID="adige20041008_id414195-E4-16" TYPE="NOM" PRIMARY="false" METONYMY_MENTION="FALSE">
        <extent>
          <charseq START="1512" END="1517">L'uomo</charseq>
        </extent>
        <head>
          <charseq START="1514" END="1517">uomo</charseq>
        </head>
      </entity_mention>
      <entity_mention ID="adige20041008_id414195-E4-17" TYPE="PRO" PRIMARY="false" METONYMY_MENTION="FALSE">
        <extent>
          <charseq START="1618" END="1620">sue</charseq>
        </extent>
        <head>
          <charseq START="1618" END="1620">sue</charseq>
        </head>
      </entity_mention>
    </entity>
    <entity ID="adige20041008_id414195-E5" TYPE="ORG" SUBTYPE="Medical-Science" CLASS="SPC">
      <entity_mention ID="adige20041008_id414195-E5-1" TYPE="NAM" PRIMARY="true" METONYMY_MENTION="FALSE">
        <extent>
          <charseq START="323" END="329">del 118</charseq>
        </extent>
        <head>
          <charseq START="327" END="329">118</charseq>
        </head>
      </entity_mention>
      <entity_attributes>
        <name NAME="118">
          <charseq START="327" END="329">118</charseq>
        </name>
      </entity_attributes>
    </entity>
    <entity ID="adige20041008_id414195-E6" TYPE="PER" SUBTYPE="Group" CLASS="SPC">
      <entity_mention ID="adige20041008_id414195-E6-1" TYPE="NOM" PRIMARY="true" METONYMY_MENTION="FALSE">
        <extent>
          <charseq START="1104" END="1119">ai vigili urbani</charseq>
        </extent>
        <head>
          <charseq START="1107" END="1119">vigili urbani</charseq>
        </head>
      </entity_mention>
    </entity>
    <entity ID="adige20041008_id414195-E7" TYPE="PER" SUBTYPE="Group" CLASS="SPC">
      <entity_mention ID="adige20041008_id414195-E7-1" TYPE="NOM" PRIMARY="true" METONYMY_MENTION="FALSE">
        <extent>
          <charseq START="1265" END="1323">i vigili urbani che hanno anche provveduto a fare viabilità</charseq>
        </extent>
        <head>
          <charseq START="1267" END="1279">vigili urbani</charseq>
        </head>
      </entity_mention>
      <entity_mention ID="adige20041008_id414195-E7-2" TYPE="PRO" PRIMARY="false" METONYMY_MENTION="FALSE">
        <extent>
          <charseq START="1281" END="1283">che</charseq>
        </extent>
        <head>
          <charseq START="1281" END="1283">che</charseq>
        </head>
      </entity_mention>
    </entity>
    <entity ID="adige20041008_id414195-E8" TYPE="ORG" SUBTYPE="Medical-Science" CLASS="SPC">
      <entity_mention ID="adige20041008_id414195-E8-1" TYPE="NAM" PRIMARY="true" METONYMY_MENTION="FALSE">
        <extent>
          <charseq START="1456" END="1474">del pronto soccorso</charseq>
        </extent>
        <head>
          <charseq START="1460" END="1474">pronto soccorso</charseq>
        </head>
      </entity_mention>
      <entity_attributes>
        <name NAME="pronto soccorso">
          <charseq START="1460" END="1474">pronto soccorso</charseq>
        </name>
      </entity_attributes>
    </entity>
    <entity ID="adige20041008_id414195-E9" TYPE="GPE" SUBTYPE="Nation" CLASS="SPC">
      <entity_mention ID="adige20041008_id414195-E9-1" TYPE="NAM" PRIMARY="true" ROLE="GPE" METONYMY_MENTION="FALSE">
        <extent>
          <charseq START="151" END="157">polacco</charseq>
        </extent>
        <head>
          <charseq START="151" END="157">polacco</charseq>
        </head>
      </entity_mention>
      <entity_mention ID="adige20041008_id414195-E9-2" TYPE="NAM" PRIMARY="false" ROLE="GPE" METONYMY_MENTION="FALSE">
        <extent>
          <charseq START="19" END="25">polacco</charseq>
        </extent>
        <head>
          <charseq START="19" END="25">polacco</charseq>
        </head>
      </entity_mention>
    </entity>
    <entity ID="adige20041008_id414195-E10" TYPE="GPE" SUBTYPE="Population-Center" CLASS="SPC">
      <entity_mention ID="adige20041008_id414195-E10-1" TYPE="NAM" PRIMARY="true" ROLE="LOC" METONYMY_MENTION="FALSE">
        <extent>
          <charseq START="120" END="132">Piedicastello</charseq>
        </extent>
        <head>
          <charseq START="120" END="132">Piedicastello</charseq>
        </head>
      </entity_mention>
      <entity_attributes>
        <name NAME="Piedicastello">
          <charseq START="120" END="132">Piedicastello</charseq>
        </name>
      </entity_attributes>
    </entity>
  </document>
</source_file>
