<?xml version="1.0" encoding="UTF-8"?>
<!DOCTYPE source_file PUBLIC "SYSTEM" "apf.v5.2.0.dtd">

<source_file URI="adige20041008_id414189.txt" SOURCE="unknown" TYPE="text" VERSION="5.0" AUTHOR="Evalita" ENCODING="UTF-8">
  <document DOCID="adige20041008_id414189">
    <entity ID="adige20041008_id414189-E1" TYPE="GPE" SUBTYPE="Population-Center" CLASS="SPC">
      <entity_mention ID="adige20041008_id414189-E1-2" TYPE="NAM" PRIMARY="true" ROLE="GPE" METONYMY_MENTION="FALSE">
        <extent>
          <charseq START="187" END="192">Trento</charseq>
        </extent>
        <head>
          <charseq START="187" END="192">Trento</charseq>
        </head>
      </entity_mention>
      <entity_attributes>
        <name NAME="Trento">
          <charseq START="187" END="192">Trento</charseq>
        </name>
      </entity_attributes>
    </entity>
    <entity ID="adige20041008_id414189-E2" TYPE="GPE" SUBTYPE="State-or-Province" CLASS="SPC">
      <entity_mention ID="adige20041008_id414189-E2-2" TYPE="NAM" PRIMARY="true" ROLE="LOC" METONYMY_MENTION="FALSE">
        <extent>
          <charseq START="511" END="518">Trentino</charseq>
        </extent>
        <head>
          <charseq START="511" END="518">Trentino</charseq>
        </head>
      </entity_mention>
      <entity_attributes>
        <name NAME="Trentino">
          <charseq START="511" END="518">Trentino</charseq>
        </name>
      </entity_attributes>
    </entity>
    <entity ID="adige20041008_id414189-E3" TYPE="GPE" SUBTYPE="Population-Center" CLASS="SPC">
      <entity_mention ID="adige20041008_id414189-E3-1" TYPE="NAM" PRIMARY="true" ROLE="GPE" METONYMY_MENTION="FALSE">
        <extent>
          <charseq START="178" END="183">Marter</charseq>
        </extent>
        <head>
          <charseq START="178" END="183">Marter</charseq>
        </head>
      </entity_mention>
      <entity_attributes>
        <name NAME="Marter">
          <charseq START="178" END="183">Marter</charseq>
        </name>
      </entity_attributes>
    </entity>
    <entity ID="adige20041008_id414189-E4" TYPE="GPE" SUBTYPE="Population-Center" CLASS="SPC">
      <entity_mention ID="adige20041008_id414189-E4-1" TYPE="NAM" PRIMARY="true" ROLE="GPE" METONYMY_MENTION="FALSE">
        <extent>
          <charseq START="178" END="192">Marter e Trento</charseq>
        </extent>
        <head>
          <charseq START="178" END="192">Marter e Trento</charseq>
        </head>
      </entity_mention>
      <entity_attributes>
        <name NAME="Marter e Trento">
          <charseq START="178" END="192">Marter e Trento</charseq>
        </name>
      </entity_attributes>
    </entity>
  </document>
</source_file>
