<?xml version="1.0" encoding="UTF-8"?>
<!DOCTYPE source_file PUBLIC "SYSTEM" "apf.v5.2.0.dtd">

<source_file URI="adige20041008_id414187.txt" SOURCE="unknown" TYPE="text" VERSION="5.0" AUTHOR="Evalita" ENCODING="UTF-8">
  <document DOCID="adige20041008_id414187">
    <entity ID="adige20041008_id414187-E1" TYPE="PER" SUBTYPE="Group" CLASS="SPC">
      <entity_mention ID="adige20041008_id414187-E1-1" TYPE="NOM" PRIMARY="true" METONYMY_MENTION="FALSE">
        <extent>
          <charseq START="0" END="28">Venti ragazzi delle superiori</charseq>
        </extent>
        <head>
          <charseq START="6" END="12">ragazzi</charseq>
        </head>
      </entity_mention>
      <entity_mention ID="adige20041008_id414187-E1-2" TYPE="NOM" PRIMARY="false" METONYMY_MENTION="FALSE">
        <extent>
          <charseq START="177" END="283">un gruppo di una ventina di allievi delle scuole superiori della città, in particolare del liceo "Da Vinci"</charseq>
        </extent>
        <head>
          <charseq START="180" END="185">gruppo</charseq>
        </head>
      </entity_mention>
      <entity_mention ID="adige20041008_id414187-E1-3" TYPE="NOM" PRIMARY="false" METONYMY_MENTION="FALSE">
        <extent>
          <charseq START="190" END="283">una ventina di allievi delle scuole superiori della città, in particolare del liceo "Da Vinci"</charseq>
        </extent>
        <head>
          <charseq START="205" END="211">allievi</charseq>
        </head>
      </entity_mention>
    </entity>
    <entity ID="adige20041008_id414187-E2" TYPE="PER" SUBTYPE="Group" CLASS="USP">
      <entity_mention ID="adige20041008_id414187-E2-1" TYPE="NOM" PRIMARY="true" METONYMY_MENTION="FALSE">
        <extent>
          <charseq START="850" END="857">studenti</charseq>
        </extent>
        <head>
          <charseq START="850" END="857">studenti</charseq>
        </head>
      </entity_mention>
    </entity>
    <entity ID="adige20041008_id414187-E3" TYPE="PER" SUBTYPE="Group" CLASS="USP">
      <entity_mention ID="adige20041008_id414187-E3-1" TYPE="NOM" PRIMARY="true" METONYMY_MENTION="FALSE">
        <extent>
          <charseq START="871" END="884">altri studenti</charseq>
        </extent>
        <head>
          <charseq START="877" END="884">studenti</charseq>
        </head>
      </entity_mention>
    </entity>
    <entity ID="adige20041008_id414187-E4" TYPE="PER" SUBTYPE="Group" CLASS="GEN">
      <entity_mention ID="adige20041008_id414187-E4-1" TYPE="NOM" PRIMARY="true" METONYMY_MENTION="FALSE">
        <extent>
          <charseq START="1054" END="1062">i giovani</charseq>
        </extent>
        <head>
          <charseq START="1056" END="1062">giovani</charseq>
        </head>
      </entity_mention>
    </entity>
    <entity ID="adige20041008_id414187-E5" TYPE="PER" SUBTYPE="Group" CLASS="GEN">
      <entity_mention ID="adige20041008_id414187-E5-1" TYPE="NOM" PRIMARY="true" METONYMY_MENTION="FALSE">
        <extent>
          <charseq START="1076" END="1089">degli studenti</charseq>
        </extent>
        <head>
          <charseq START="1082" END="1089">studenti</charseq>
        </head>
      </entity_mention>
    </entity>
    <entity ID="adige20041008_id414187-E6" TYPE="PER" SUBTYPE="Individual" CLASS="SPC">
      <entity_mention ID="adige20041008_id414187-E6-1" TYPE="NAM" PRIMARY="true" METONYMY_MENTION="FALSE">
        <extent>
          <charseq START="1638" END="1641">P.B.</charseq>
        </extent>
        <head>
          <charseq START="1638" END="1641">P.B.</charseq>
        </head>
      </entity_mention>
      <entity_attributes>
        <name NAME="P.B.">
          <charseq START="1638" END="1641">P.B.</charseq>
        </name>
      </entity_attributes>
    </entity>
    <entity ID="adige20041008_id414187-E7" TYPE="ORG" SUBTYPE="Non-Governmental" CLASS="SPC">
      <entity_mention ID="adige20041008_id414187-E7-1" TYPE="NAM" PRIMARY="true" METONYMY_MENTION="FALSE">
        <extent>
          <charseq START="71" END="75">L'Uds</charseq>
        </extent>
        <head>
          <charseq START="73" END="75">Uds</charseq>
        </head>
      </entity_mention>
      <entity_mention ID="adige20041008_id414187-E7-4" TYPE="NAM" PRIMARY="false" METONYMY_MENTION="FALSE">
        <extent>
          <charseq START="470" END="474">L'Uds</charseq>
        </extent>
        <head>
          <charseq START="472" END="474">Uds</charseq>
        </head>
      </entity_mention>
      <entity_mention ID="adige20041008_id414187-E7-5" TYPE="NAM" PRIMARY="false" METONYMY_MENTION="FALSE">
        <extent>
          <charseq START="753" END="757">l'Uds</charseq>
        </extent>
        <head>
          <charseq START="755" END="757">Uds</charseq>
        </head>
      </entity_mention>
      <entity_mention ID="adige20041008_id414187-E7-6" TYPE="NAM" PRIMARY="false" METONYMY_MENTION="FALSE">
        <extent>
          <charseq START="1220" END="1224">l'Uds</charseq>
        </extent>
        <head>
          <charseq START="1222" END="1224">Uds</charseq>
        </head>
      </entity_mention>
      <entity_mention ID="adige20041008_id414187-E7-7" TYPE="NAM" PRIMARY="false" METONYMY_MENTION="FALSE">
        <extent>
          <charseq START="1291" END="1298">L'Unione</charseq>
        </extent>
        <head>
          <charseq START="1293" END="1298">Unione</charseq>
        </head>
      </entity_mention>
      <entity_mention ID="adige20041008_id414187-E7-8" TYPE="PRO" PRIMARY="false" METONYMY_MENTION="FALSE">
        <extent>
          <charseq START="1302" END="1304">che</charseq>
        </extent>
        <head>
          <charseq START="1302" END="1304">che</charseq>
        </head>
      </entity_mention>
      <entity_mention ID="adige20041008_id414187-E7-9" TYPE="NOM" PRIMARY="false" METONYMY_MENTION="FALSE">
        <extent>
          <charseq START="1319" END="1477">"associazione studentesca nazionale, apartitica e indipendente, di ispirazione sindacale, per una scuola pubblica, democratica, laica, solidale e antifascista"</charseq>
        </extent>
        <head>
          <charseq START="1320" END="1331">associazione</charseq>
        </head>
      </entity_mention>
      <entity_mention ID="adige20041008_id414187-E7-11" TYPE="NAM" PRIMARY="false" METONYMY_MENTION="FALSE">
        <extent>
          <charseq START="49" END="65">l'Unione studenti</charseq>
        </extent>
        <head>
          <charseq START="51" END="65">Unione studenti</charseq>
        </head>
      </entity_mention>
      <entity_mention ID="adige20041008_id414187-E7-12" TYPE="NAM" PRIMARY="false" METONYMY_MENTION="FALSE">
        <extent>
          <charseq START="78" END="100">l'Unione degli studenti</charseq>
        </extent>
        <head>
          <charseq START="80" END="100">Unione degli studenti</charseq>
        </head>
      </entity_mention>
      <entity_mention ID="adige20041008_id414187-E7-13" TYPE="NAM" PRIMARY="false" METONYMY_MENTION="FALSE">
        <extent>
          <charseq START="71" END="100">L'Uds, l'Unione degli studenti</charseq>
        </extent>
        <head>
          <charseq START="71" END="100">L'Uds, l'Unione degli studenti</charseq>
        </head>
      </entity_mention>
      <entity_attributes>
        <name NAME="Uds">
          <charseq START="73" END="75">Uds</charseq>
        </name>
        <name NAME="Uds">
          <charseq START="472" END="474">Uds</charseq>
        </name>
        <name NAME="Uds">
          <charseq START="755" END="757">Uds</charseq>
        </name>
        <name NAME="Uds">
          <charseq START="1222" END="1224">Uds</charseq>
        </name>
        <name NAME="Unione">
          <charseq START="1293" END="1298">Unione</charseq>
        </name>
        <name NAME="Unione studenti">
          <charseq START="51" END="65">Unione studenti</charseq>
        </name>
        <name NAME="Unione degli studenti">
          <charseq START="80" END="100">Unione degli studenti</charseq>
        </name>
        <name NAME="L'Uds, l'Unione degli studenti">
          <charseq START="71" END="100">L'Uds, l'Unione degli studenti</charseq>
        </name>
      </entity_attributes>
    </entity>
    <entity ID="adige20041008_id414187-E8" TYPE="ORG" SUBTYPE="Educational" CLASS="SPC">
      <entity_mention ID="adige20041008_id414187-E8-1" TYPE="NAM" PRIMARY="true" METONYMY_MENTION="FALSE">
        <extent>
          <charseq START="264" END="283">del liceo "Da Vinci"</charseq>
        </extent>
        <head>
          <charseq START="268" END="283">liceo "Da Vinci"</charseq>
        </head>
      </entity_mention>
      <entity_attributes>
        <name NAME="liceo &quot;Da Vinci&quot;">
          <charseq START="268" END="283">liceo "Da Vinci"</charseq>
        </name>
      </entity_attributes>
    </entity>
    <entity ID="adige20041008_id414187-E10" TYPE="ORG" SUBTYPE="Educational" CLASS="SPC">
      <entity_mention ID="adige20041008_id414187-E10-1" TYPE="NOM" PRIMARY="true" METONYMY_MENTION="FALSE">
        <extent>
          <charseq START="648" END="662">alcuni istituti</charseq>
        </extent>
        <head>
          <charseq START="655" END="662">istituti</charseq>
        </head>
      </entity_mention>
    </entity>
    <entity ID="adige20041008_id414187-E11" TYPE="ORG" SUBTYPE="Educational" CLASS="GEN">
      <entity_mention ID="adige20041008_id414187-E11-1" TYPE="NOM" PRIMARY="true" METONYMY_MENTION="FALSE">
        <extent>
          <charseq START="1026" END="1033">istituto</charseq>
        </extent>
        <head>
          <charseq START="1026" END="1033">istituto</charseq>
        </head>
      </entity_mention>
    </entity>
    <entity ID="adige20041008_id414187-E12" TYPE="ORG" SUBTYPE="Non-Governmental" CLASS="SPC">
      <entity_mention ID="adige20041008_id414187-E12-1" TYPE="NAM" PRIMARY="true" METONYMY_MENTION="FALSE">
        <extent>
          <charseq START="1106" END="1130">del Movimento studentesco</charseq>
        </extent>
        <head>
          <charseq START="1110" END="1130">Movimento studentesco</charseq>
        </head>
      </entity_mention>
      <entity_mention ID="adige20041008_id414187-E12-2" TYPE="NOM" PRIMARY="false" METONYMY_MENTION="FALSE">
        <extent>
          <charseq START="1133" END="1216">il gruppo che nei giorni scorsi ha indetto la prima manifestazione pubblica in città</charseq>
        </extent>
        <head>
          <charseq START="1136" END="1141">gruppo</charseq>
        </head>
      </entity_mention>
      <entity_mention ID="adige20041008_id414187-E12-3" TYPE="PRO" PRIMARY="false" METONYMY_MENTION="FALSE">
        <extent>
          <charseq START="1143" END="1145">che</charseq>
        </extent>
        <head>
          <charseq START="1143" END="1145">che</charseq>
        </head>
      </entity_mention>
      <entity_attributes>
        <name NAME="Movimento studentesco">
          <charseq START="1110" END="1130">Movimento studentesco</charseq>
        </name>
      </entity_attributes>
    </entity>
    <entity ID="adige20041008_id414187-E13" TYPE="ORG" SUBTYPE="Educational" CLASS="GEN">
      <entity_mention ID="adige20041008_id414187-E13-1" TYPE="NOM" PRIMARY="true" METONYMY_MENTION="FALSE">
        <extent>
          <charseq START="1413" END="1476">una scuola pubblica, democratica, laica, solidale e antifascista</charseq>
        </extent>
        <head>
          <charseq START="1417" END="1422">scuola</charseq>
        </head>
      </entity_mention>
    </entity>
    <entity ID="adige20041008_id414187-E14" TYPE="ORG" SUBTYPE="Non-Governmental" CLASS="SPC">
      <entity_mention ID="adige20041008_id414187-E14-1" TYPE="NAM" PRIMARY="true" METONYMY_MENTION="FALSE">
        <extent>
          <charseq START="1579" END="1598">dalla Cgil di Trento</charseq>
        </extent>
        <head>
          <charseq START="1585" END="1588">Cgil</charseq>
        </head>
      </entity_mention>
      <entity_attributes>
        <name NAME="Cgil">
          <charseq START="1585" END="1588">Cgil</charseq>
        </name>
      </entity_attributes>
    </entity>
    <entity ID="adige20041008_id414187-E15" TYPE="ORG" SUBTYPE="Educational" CLASS="SPC">
      <entity_mention ID="adige20041008_id414187-E15-1" TYPE="NOM" PRIMARY="true" METONYMY_MENTION="FALSE">
        <extent>
          <charseq START="213" END="283">delle scuole superiori della città, in particolare del liceo "Da Vinci"</charseq>
        </extent>
        <head>
          <charseq START="219" END="224">scuole</charseq>
        </head>
      </entity_mention>
      <entity_mention ID="adige20041008_id414187-E15-2" TYPE="NOM" PRIMARY="false" METONYMY_MENTION="FALSE">
        <extent>
          <charseq START="14" END="28">delle superiori</charseq>
        </extent>
        <head>
          <charseq START="20" END="28">superiori</charseq>
        </head>
      </entity_mention>
    </entity>
    <entity ID="adige20041008_id414187-E17" TYPE="GPE" SUBTYPE="State-or-Province" CLASS="SPC">
      <entity_mention ID="adige20041008_id414187-E17-2" TYPE="NAM" PRIMARY="true" ROLE="GPE" METONYMY_MENTION="FALSE">
        <extent>
          <charseq START="576" END="590">della provincia</charseq>
        </extent>
        <head>
          <charseq START="582" END="590">provincia</charseq>
        </head>
      </entity_mention>
      <entity_attributes>
        <name NAME="provincia">
          <charseq START="582" END="590">provincia</charseq>
        </name>
      </entity_attributes>
    </entity>
    <entity ID="adige20041008_id414187-E18" TYPE="GPE" SUBTYPE="Population-Center" CLASS="SPC">
      <entity_mention ID="adige20041008_id414187-E18-2" TYPE="NAM" PRIMARY="true" ROLE="GPE" METONYMY_MENTION="FALSE">
        <extent>
          <charseq START="1593" END="1598">Trento</charseq>
        </extent>
        <head>
          <charseq START="1593" END="1598">Trento</charseq>
        </head>
      </entity_mention>
      <entity_mention ID="adige20041008_id414187-E18-4" TYPE="NOM" PRIMARY="false" ROLE="LOC" METONYMY_MENTION="FALSE">
        <extent>
          <charseq START="545" END="552">la città</charseq>
        </extent>
        <head>
          <charseq START="548" END="552">città</charseq>
        </head>
      </entity_mention>
      <entity_mention ID="adige20041008_id414187-E18-6" TYPE="NOM" PRIMARY="false" ROLE="GPE" METONYMY_MENTION="FALSE">
        <extent>
          <charseq START="236" END="246">della città</charseq>
        </extent>
        <head>
          <charseq START="242" END="246">città</charseq>
        </head>
      </entity_mention>
      <entity_mention ID="adige20041008_id414187-E18-8" TYPE="NOM" PRIMARY="false" ROLE="LOC" METONYMY_MENTION="FALSE">
        <extent>
          <charseq START="1212" END="1216">città</charseq>
        </extent>
        <head>
          <charseq START="1212" END="1216">città</charseq>
        </head>
      </entity_mention>
      <entity_attributes>
        <name NAME="Trento">
          <charseq START="1593" END="1598">Trento</charseq>
        </name>
      </entity_attributes>
    </entity>
    <entity ID="adige20041008_id414187-E19" TYPE="LOC" SUBTYPE="Region-General" CLASS="SPC">
      <entity_mention ID="adige20041008_id414187-E19-1" TYPE="NOM" PRIMARY="true" METONYMY_MENTION="FALSE">
        <extent>
          <charseq START="556" END="590">le zone periferiche della provincia</charseq>
        </extent>
        <head>
          <charseq START="559" END="562">zone</charseq>
        </head>
      </entity_mention>
    </entity>
    <entity ID="adige20041008_id414187-E21" TYPE="LOC" SUBTYPE="Address" CLASS="SPC">
      <entity_mention ID="adige20041008_id414187-E21-1" TYPE="NAM" PRIMARY="true" METONYMY_MENTION="FALSE">
        <extent>
          <charseq START="1603" END="1615">via Muredei 8</charseq>
        </extent>
        <head>
          <charseq START="1603" END="1615">via Muredei 8</charseq>
        </head>
      </entity_mention>
      <entity_attributes>
        <name NAME="via Muredei 8">
          <charseq START="1603" END="1615">via Muredei 8</charseq>
        </name>
      </entity_attributes>
    </entity>
    <entity ID="adige20041008_id414187-E22" TYPE="LOC" SUBTYPE="Region-General" CLASS="SPC">
      <entity_mention ID="adige20041008_id414187-E22-1" TYPE="NAM" PRIMARY="true" METONYMY_MENTION="FALSE">
        <extent>
          <charseq START="1626" END="1634">San Pio X</charseq>
        </extent>
        <head>
          <charseq START="1626" END="1634">San Pio X</charseq>
        </head>
      </entity_mention>
      <entity_mention ID="adige20041008_id414187-E22-2" TYPE="NOM" PRIMARY="false" METONYMY_MENTION="FALSE">
        <extent>
          <charseq START="1621" END="1624">zona</charseq>
        </extent>
        <head>
          <charseq START="1621" END="1624">zona</charseq>
        </head>
      </entity_mention>
      <entity_mention ID="adige20041008_id414187-E22-3" TYPE="NOM" PRIMARY="false" METONYMY_MENTION="FALSE">
        <extent>
          <charseq START="1621" END="1634">zona San Pio X</charseq>
        </extent>
        <head>
          <charseq START="1621" END="1634">zona San Pio X</charseq>
        </head>
      </entity_mention>
      <entity_attributes>
        <name NAME="San Pio X">
          <charseq START="1626" END="1634">San Pio X</charseq>
        </name>
      </entity_attributes>
    </entity>
  </document>
</source_file>
