<?xml version="1.0" encoding="UTF-8"?>
<!DOCTYPE source_file PUBLIC "SYSTEM" "apf.v5.2.0.dtd">

<source_file URI="adige20041008_id414180.txt" SOURCE="unknown" TYPE="text" VERSION="5.0" AUTHOR="Evalita" ENCODING="UTF-8">
  <document DOCID="adige20041008_id414180">
    <entity ID="adige20041008_id414180-E3" TYPE="PER" SUBTYPE="Group" CLASS="SPC">
      <entity_mention ID="adige20041008_id414180-E3-1" TYPE="NOM" PRIMARY="true" METONYMY_MENTION="FALSE">
        <extent>
          <charseq START="370" END="400">i rappresentanti dei lavoratori</charseq>
        </extent>
        <head>
          <charseq START="372" END="385">rappresentanti</charseq>
        </head>
      </entity_mention>
      <entity_mention ID="adige20041008_id414180-E3-2" TYPE="PRO" PRIMARY="false" METONYMY_MENTION="FALSE">
        <extent>
          <charseq START="412" END="415">loro</charseq>
        </extent>
        <head>
          <charseq START="412" END="415">loro</charseq>
        </head>
      </entity_mention>
    </entity>
    <entity ID="adige20041008_id414180-E4" TYPE="PER" SUBTYPE="Individual" CLASS="SPC">
      <entity_mention ID="adige20041008_id414180-E4-1" TYPE="NAM" PRIMARY="true" METONYMY_MENTION="FALSE">
        <extent>
          <charseq START="467" END="472">Dellai</charseq>
        </extent>
        <head>
          <charseq START="467" END="472">Dellai</charseq>
        </head>
      </entity_mention>
      <entity_mention ID="adige20041008_id414180-E4-2" TYPE="NOM" PRIMARY="false" METONYMY_MENTION="FALSE">
        <extent>
          <charseq START="453" END="465">al presidente</charseq>
        </extent>
        <head>
          <charseq START="456" END="465">presidente</charseq>
        </head>
      </entity_mention>
      <entity_mention ID="adige20041008_id414180-E4-3" TYPE="NOM" PRIMARY="false" METONYMY_MENTION="FALSE">
        <extent>
          <charseq START="453" END="472">al presidente Dellai</charseq>
        </extent>
        <head>
          <charseq START="453" END="472">al presidente Dellai</charseq>
        </head>
      </entity_mention>
      <entity_mention ID="adige20041008_id414180-E4-4" TYPE="PRO" PRIMARY="false" METONYMY_MENTION="FALSE">
        <extent>
          <charseq START="481" END="483">sua</charseq>
        </extent>
        <head>
          <charseq START="481" END="483">sua</charseq>
        </head>
      </entity_mention>
      <entity_mention ID="adige20041008_id414180-E4-5" TYPE="NAM" PRIMARY="false" METONYMY_MENTION="FALSE">
        <extent>
          <charseq START="1476" END="1481">Dellai</charseq>
        </extent>
        <head>
          <charseq START="1476" END="1481">Dellai</charseq>
        </head>
      </entity_mention>
      <entity_mention ID="adige20041008_id414180-E4-6" TYPE="NOM" PRIMARY="false" METONYMY_MENTION="FALSE">
        <extent>
          <charseq START="1462" END="1474">al presidente</charseq>
        </extent>
        <head>
          <charseq START="1465" END="1474">presidente</charseq>
        </head>
      </entity_mention>
      <entity_mention ID="adige20041008_id414180-E4-7" TYPE="NOM" PRIMARY="false" METONYMY_MENTION="FALSE">
        <extent>
          <charseq START="1462" END="1481">al presidente Dellai</charseq>
        </extent>
        <head>
          <charseq START="1462" END="1481">al presidente Dellai</charseq>
        </head>
      </entity_mention>
      <entity_mention ID="adige20041008_id414180-E4-8" TYPE="NAM" PRIMARY="false" METONYMY_MENTION="FALSE">
        <extent>
          <charseq START="2468" END="2473">Dellai</charseq>
        </extent>
        <head>
          <charseq START="2468" END="2473">Dellai</charseq>
        </head>
      </entity_mention>
      <entity_mention ID="adige20041008_id414180-E4-9" TYPE="NAM" PRIMARY="false" METONYMY_MENTION="FALSE">
        <extent>
          <charseq START="2716" END="2721">Dellai</charseq>
        </extent>
        <head>
          <charseq START="2716" END="2721">Dellai</charseq>
        </head>
      </entity_mention>
      <entity_mention ID="adige20041008_id414180-E4-10" TYPE="NOM" PRIMARY="false" METONYMY_MENTION="FALSE">
        <extent>
          <charseq START="2702" END="2714">il presidente</charseq>
        </extent>
        <head>
          <charseq START="2705" END="2714">presidente</charseq>
        </head>
      </entity_mention>
      <entity_mention ID="adige20041008_id414180-E4-11" TYPE="NOM" PRIMARY="false" METONYMY_MENTION="FALSE">
        <extent>
          <charseq START="2702" END="2721">il presidente Dellai</charseq>
        </extent>
        <head>
          <charseq START="2702" END="2721">il presidente Dellai</charseq>
        </head>
      </entity_mention>
      <entity_attributes>
        <name NAME="Dellai">
          <charseq START="467" END="472">Dellai</charseq>
        </name>
        <name NAME="Dellai">
          <charseq START="1476" END="1481">Dellai</charseq>
        </name>
        <name NAME="Dellai">
          <charseq START="2468" END="2473">Dellai</charseq>
        </name>
        <name NAME="Dellai">
          <charseq START="2716" END="2721">Dellai</charseq>
        </name>
      </entity_attributes>
    </entity>
    <entity ID="adige20041008_id414180-E5" TYPE="PER" SUBTYPE="Group" CLASS="USP">
      <entity_mention ID="adige20041008_id414180-E5-1" TYPE="PRO" PRIMARY="true" METONYMY_MENTION="FALSE">
        <extent>
          <charseq START="727" END="731">tutti</charseq>
        </extent>
        <head>
          <charseq START="727" END="731">tutti</charseq>
        </head>
      </entity_mention>
    </entity>
    <entity ID="adige20041008_id414180-E6" TYPE="PER" SUBTYPE="Group" CLASS="SPC">
      <entity_mention ID="adige20041008_id414180-E6-1" TYPE="NOM" PRIMARY="true" METONYMY_MENTION="FALSE">
        <extent>
          <charseq START="785" END="844">lavoratori che i sacrifici (anche dolorosi) li fanno da anni</charseq>
        </extent>
        <head>
          <charseq START="785" END="794">lavoratori</charseq>
        </head>
      </entity_mention>
      <entity_mention ID="adige20041008_id414180-E6-3" TYPE="PRO" PRIMARY="false" METONYMY_MENTION="FALSE">
        <extent>
          <charseq START="796" END="798">che</charseq>
        </extent>
        <head>
          <charseq START="796" END="798">che</charseq>
        </head>
      </entity_mention>
    </entity>
    <entity ID="adige20041008_id414180-E7" TYPE="PER" SUBTYPE="Individual" CLASS="SPC">
      <entity_mention ID="adige20041008_id414180-E7-1" TYPE="NAM" PRIMARY="true" METONYMY_MENTION="FALSE">
        <extent>
          <charseq START="856" END="868">Ruggero Purin</charseq>
        </extent>
        <head>
          <charseq START="856" END="868">Ruggero Purin</charseq>
        </head>
      </entity_mention>
      <entity_mention ID="adige20041008_id414180-E7-2" TYPE="NAM" PRIMARY="false" METONYMY_MENTION="FALSE">
        <extent>
          <charseq START="86" END="90">Purin</charseq>
        </extent>
        <head>
          <charseq START="86" END="90">Purin</charseq>
        </head>
      </entity_mention>
      <entity_mention ID="adige20041008_id414180-E7-3" TYPE="NOM" PRIMARY="false" METONYMY_MENTION="FALSE">
        <extent>
          <charseq START="871" END="891">numero uno della Cgil</charseq>
        </extent>
        <head>
          <charseq START="871" END="880">numero uno</charseq>
        </head>
      </entity_mention>
      <entity_mention ID="adige20041008_id414180-E7-4" TYPE="NAM" PRIMARY="false" METONYMY_MENTION="FALSE">
        <extent>
          <charseq START="856" END="891">Ruggero Purin, numero uno della Cgil</charseq>
        </extent>
        <head>
          <charseq START="856" END="891">Ruggero Purin, numero uno della Cgil</charseq>
        </head>
      </entity_mention>
      <entity_mention ID="adige20041008_id414180-E7-5" TYPE="NAM" PRIMARY="false" METONYMY_MENTION="FALSE">
        <extent>
          <charseq START="1041" END="1045">Purin</charseq>
        </extent>
        <head>
          <charseq START="1041" END="1045">Purin</charseq>
        </head>
      </entity_mention>
      <entity_mention ID="adige20041008_id414180-E7-6" TYPE="NAM" PRIMARY="false" METONYMY_MENTION="FALSE">
        <extent>
          <charseq START="1298" END="1302">Purin</charseq>
        </extent>
        <head>
          <charseq START="1298" END="1302">Purin</charseq>
        </head>
      </entity_mention>
      <entity_attributes>
        <name NAME="Ruggero Purin">
          <charseq START="856" END="868">Ruggero Purin</charseq>
        </name>
        <name NAME="Purin">
          <charseq START="86" END="90">Purin</charseq>
        </name>
        <name NAME="Ruggero Purin, numero uno della Cgil">
          <charseq START="856" END="891">Ruggero Purin, numero uno della Cgil</charseq>
        </name>
        <name NAME="Purin">
          <charseq START="1041" END="1045">Purin</charseq>
        </name>
        <name NAME="Purin">
          <charseq START="1298" END="1302">Purin</charseq>
        </name>
      </entity_attributes>
    </entity>
    <entity ID="adige20041008_id414180-E8" TYPE="PER" SUBTYPE="Group" CLASS="GEN">
      <entity_mention ID="adige20041008_id414180-E8-1" TYPE="NOM" PRIMARY="true" METONYMY_MENTION="FALSE">
        <extent>
          <charseq START="1223" END="1244">delle fasce più deboli</charseq>
        </extent>
        <head>
          <charseq START="1229" END="1233">fasce</charseq>
        </head>
      </entity_mention>
    </entity>
    <entity ID="adige20041008_id414180-E9" TYPE="PER" SUBTYPE="Individual" CLASS="SPC">
      <entity_mention ID="adige20041008_id414180-E9-1" TYPE="NAM" PRIMARY="true" METONYMY_MENTION="FALSE">
        <extent>
          <charseq START="1376" END="1389">Ermanno Monari</charseq>
        </extent>
        <head>
          <charseq START="1376" END="1389">Ermanno Monari</charseq>
        </head>
      </entity_mention>
      <entity_mention ID="adige20041008_id414180-E9-2" TYPE="NOM" PRIMARY="false" METONYMY_MENTION="FALSE">
        <extent>
          <charseq START="1392" END="1420">segretario generale della Uil</charseq>
        </extent>
        <head>
          <charseq START="1392" END="1401">segretario</charseq>
        </head>
      </entity_mention>
      <entity_mention ID="adige20041008_id414180-E9-3" TYPE="NAM" PRIMARY="false" METONYMY_MENTION="FALSE">
        <extent>
          <charseq START="1376" END="1420">Ermanno Monari, segretario generale della Uil</charseq>
        </extent>
        <head>
          <charseq START="1376" END="1420">Ermanno Monari, segretario generale della Uil</charseq>
        </head>
      </entity_mention>
      <entity_mention ID="adige20041008_id414180-E9-4" TYPE="NOM" PRIMARY="false" METONYMY_MENTION="FALSE">
        <extent>
          <charseq START="2115" END="2137">il segretario della Uil</charseq>
        </extent>
        <head>
          <charseq START="2118" END="2127">segretario</charseq>
        </head>
      </entity_mention>
      <entity_mention ID="adige20041008_id414180-E9-5" TYPE="NAM" PRIMARY="false" METONYMY_MENTION="FALSE">
        <extent>
          <charseq START="10" END="15">Monari</charseq>
        </extent>
        <head>
          <charseq START="10" END="15">Monari</charseq>
        </head>
      </entity_mention>
      <entity_mention ID="adige20041008_id414180-E9-6" TYPE="NAM" PRIMARY="false" METONYMY_MENTION="FALSE">
        <extent>
          <charseq START="1921" END="1926">Monari</charseq>
        </extent>
        <head>
          <charseq START="1921" END="1926">Monari</charseq>
        </head>
      </entity_mention>
      <entity_mention ID="adige20041008_id414180-E9-7" TYPE="NAM" PRIMARY="false" METONYMY_MENTION="FALSE">
        <extent>
          <charseq START="2398" END="2405">Molinari</charseq>
        </extent>
        <head>
          <charseq START="2398" END="2405">Molinari</charseq>
        </head>
      </entity_mention>
      <entity_attributes>
        <name NAME="Ermanno Monari">
          <charseq START="1376" END="1389">Ermanno Monari</charseq>
        </name>
        <name NAME="Ermanno Monari, segretario generale della Uil">
          <charseq START="1376" END="1420">Ermanno Monari, segretario generale della Uil</charseq>
        </name>
        <name NAME="Monari">
          <charseq START="10" END="15">Monari</charseq>
        </name>
        <name NAME="Monari">
          <charseq START="1921" END="1926">Monari</charseq>
        </name>
        <name NAME="Molinari">
          <charseq START="2398" END="2405">Molinari</charseq>
        </name>
      </entity_attributes>
    </entity>
    <entity ID="adige20041008_id414180-E10" TYPE="PER" SUBTYPE="Group" CLASS="GEN">
      <entity_mention ID="adige20041008_id414180-E10-1" TYPE="NOM" PRIMARY="true" METONYMY_MENTION="FALSE">
        <extent>
          <charseq START="2030" END="2055">dell'intera società civile</charseq>
        </extent>
        <head>
          <charseq START="2042" END="2048">società</charseq>
        </head>
      </entity_mention>
    </entity>
    <entity ID="adige20041008_id414180-E12" TYPE="PER" SUBTYPE="Group" CLASS="SPC">
      <entity_mention ID="adige20041008_id414180-E12-1" TYPE="NOM" PRIMARY="true" METONYMY_MENTION="FALSE">
        <extent>
          <charseq START="2766" END="2812">i rappresentanti di tutte le forze in Consiglio</charseq>
        </extent>
        <head>
          <charseq START="2768" END="2781">rappresentanti</charseq>
        </head>
      </entity_mention>
    </entity>
    <entity ID="adige20041008_id414180-E13" TYPE="PER" SUBTYPE="Individual" CLASS="SPC">
      <entity_mention ID="adige20041008_id414180-E13-1" TYPE="NAM" PRIMARY="true" METONYMY_MENTION="FALSE">
        <extent>
          <charseq START="2822" END="2836">Nicola Ferrante</charseq>
        </extent>
        <head>
          <charseq START="2822" END="2836">Nicola Ferrante</charseq>
        </head>
      </entity_mention>
      <entity_mention ID="adige20041008_id414180-E13-2" TYPE="NOM" PRIMARY="false" METONYMY_MENTION="FALSE">
        <extent>
          <charseq START="2839" END="2859">numero uno della Cisl</charseq>
        </extent>
        <head>
          <charseq START="2839" END="2848">numero uno</charseq>
        </head>
      </entity_mention>
      <entity_mention ID="adige20041008_id414180-E13-3" TYPE="NAM" PRIMARY="false" METONYMY_MENTION="FALSE">
        <extent>
          <charseq START="2822" END="2859">Nicola Ferrante, numero uno della Cisl</charseq>
        </extent>
        <head>
          <charseq START="2822" END="2859">Nicola Ferrante, numero uno della Cisl</charseq>
        </head>
      </entity_mention>
      <entity_attributes>
        <name NAME="Nicola Ferrante">
          <charseq START="2822" END="2836">Nicola Ferrante</charseq>
        </name>
        <name NAME="Nicola Ferrante, numero uno della Cisl">
          <charseq START="2822" END="2859">Nicola Ferrante, numero uno della Cisl</charseq>
        </name>
      </entity_attributes>
    </entity>
    <entity ID="adige20041008_id414180-E14" TYPE="PER" SUBTYPE="Individual" CLASS="SPC">
      <entity_mention ID="adige20041008_id414180-E14-1" TYPE="NAM" PRIMARY="true" METONYMY_MENTION="FALSE">
        <extent>
          <charseq START="3249" END="3253">P.Mi.</charseq>
        </extent>
        <head>
          <charseq START="3249" END="3253">P.Mi.</charseq>
        </head>
      </entity_mention>
      <entity_attributes>
        <name NAME="P.Mi.">
          <charseq START="3249" END="3253">P.Mi.</charseq>
        </name>
      </entity_attributes>
    </entity>
    <entity ID="adige20041008_id414180-E15" TYPE="ORG" SUBTYPE="Non-Governmental" CLASS="SPC">
      <entity_mention ID="adige20041008_id414180-E15-1" TYPE="NOM" PRIMARY="true" METONYMY_MENTION="FALSE">
        <extent>
          <charseq START="346" END="356">i sindacati</charseq>
        </extent>
        <head>
          <charseq START="348" END="356">sindacati</charseq>
        </head>
      </entity_mention>
      <entity_mention ID="adige20041008_id414180-E15-2" TYPE="NOM" PRIMARY="false" METONYMY_MENTION="FALSE">
        <extent>
          <charseq START="652" END="662">i sindacati</charseq>
        </extent>
        <head>
          <charseq START="654" END="662">sindacati</charseq>
        </head>
      </entity_mention>
      <entity_mention ID="adige20041008_id414180-E15-3" TYPE="NAM" PRIMARY="false" METONYMY_MENTION="FALSE">
        <extent>
          <charseq START="737" END="752">Cgil, Cisl e Uil</charseq>
        </extent>
        <head>
          <charseq START="737" END="752">Cgil, Cisl e Uil</charseq>
        </head>
      </entity_mention>
      <entity_mention ID="adige20041008_id414180-E15-4" TYPE="NOM" PRIMARY="false" METONYMY_MENTION="FALSE">
        <extent>
          <charseq START="2012" END="2024">dei sindacati</charseq>
        </extent>
        <head>
          <charseq START="2016" END="2024">sindacati</charseq>
        </head>
      </entity_mention>
      <entity_mention ID="adige20041008_id414180-E15-5" TYPE="NOM" PRIMARY="false" METONYMY_MENTION="FALSE">
        <extent>
          <charseq START="2688" END="2698">i sindacati</charseq>
        </extent>
        <head>
          <charseq START="2690" END="2698">sindacati</charseq>
        </head>
      </entity_mention>
      <entity_mention ID="adige20041008_id414180-E15-6" TYPE="NOM" PRIMARY="false" METONYMY_MENTION="FALSE">
        <extent>
          <charseq START="139" END="149">i sindacati</charseq>
        </extent>
        <head>
          <charseq START="141" END="149">sindacati</charseq>
        </head>
      </entity_mention>
      <entity_mention ID="adige20041008_id414180-E15-7" TYPE="PRO" PRIMARY="false" METONYMY_MENTION="FALSE">
        <extent>
          <charseq START="2488" END="2489">ci</charseq>
        </extent>
        <head>
          <charseq START="2488" END="2489">ci</charseq>
        </head>
      </entity_mention>
      <entity_attributes>
        <name NAME="Cgil, Cisl e Uil">
          <charseq START="737" END="752">Cgil, Cisl e Uil</charseq>
        </name>
      </entity_attributes>
    </entity>
    <entity ID="adige20041008_id414180-E16" TYPE="ORG" SUBTYPE="Government" CLASS="SPC">
      <entity_mention ID="adige20041008_id414180-E16-1" TYPE="NAM" PRIMARY="true" METONYMY_MENTION="FALSE">
        <extent>
          <charseq START="476" END="490">alla sua giunta</charseq>
        </extent>
        <head>
          <charseq START="485" END="490">giunta</charseq>
        </head>
      </entity_mention>
      <entity_mention ID="adige20041008_id414180-E16-2" TYPE="NAM" PRIMARY="false" METONYMY_MENTION="FALSE">
        <extent>
          <charseq START="1897" END="1908">della giunta</charseq>
        </extent>
        <head>
          <charseq START="1903" END="1908">giunta</charseq>
        </head>
      </entity_mention>
      <entity_mention ID="adige20041008_id414180-E16-3" TYPE="NAM" PRIMARY="false" METONYMY_MENTION="FALSE">
        <extent>
          <charseq START="20" END="28">La giunta</charseq>
        </extent>
        <head>
          <charseq START="23" END="28">giunta</charseq>
        </head>
      </entity_mention>
      <entity_attributes>
        <name NAME="giunta">
          <charseq START="485" END="490">giunta</charseq>
        </name>
        <name NAME="giunta">
          <charseq START="1903" END="1908">giunta</charseq>
        </name>
        <name NAME="giunta">
          <charseq START="23" END="28">giunta</charseq>
        </name>
      </entity_attributes>
    </entity>
    <entity ID="adige20041008_id414180-E18" TYPE="ORG" SUBTYPE="Non-Governmental" CLASS="SPC">
      <entity_mention ID="adige20041008_id414180-E18-1" TYPE="NAM" PRIMARY="true" METONYMY_MENTION="FALSE">
        <extent>
          <charseq START="737" END="740">Cgil</charseq>
        </extent>
        <head>
          <charseq START="737" END="740">Cgil</charseq>
        </head>
      </entity_mention>
      <entity_mention ID="adige20041008_id414180-E18-2" TYPE="NAM" PRIMARY="false" METONYMY_MENTION="FALSE">
        <extent>
          <charseq START="882" END="891">della Cgil</charseq>
        </extent>
        <head>
          <charseq START="888" END="891">Cgil</charseq>
        </head>
      </entity_mention>
      <entity_mention ID="adige20041008_id414180-E18-3" TYPE="PRO" PRIMARY="false" METONYMY_MENTION="FALSE">
        <extent>
          <charseq START="1324" END="1329">nostre</charseq>
        </extent>
        <head>
          <charseq START="1324" END="1329">nostre</charseq>
        </head>
      </entity_mention>
      <entity_attributes>
        <name NAME="Cgil">
          <charseq START="737" END="740">Cgil</charseq>
        </name>
        <name NAME="Cgil">
          <charseq START="888" END="891">Cgil</charseq>
        </name>
      </entity_attributes>
    </entity>
    <entity ID="adige20041008_id414180-E19" TYPE="ORG" SUBTYPE="Non-Governmental" CLASS="SPC">
      <entity_mention ID="adige20041008_id414180-E19-1" TYPE="NAM" PRIMARY="true" METONYMY_MENTION="FALSE">
        <extent>
          <charseq START="743" END="746">Cisl</charseq>
        </extent>
        <head>
          <charseq START="743" END="746">Cisl</charseq>
        </head>
      </entity_mention>
      <entity_mention ID="adige20041008_id414180-E19-2" TYPE="NAM" PRIMARY="false" METONYMY_MENTION="FALSE">
        <extent>
          <charseq START="2850" END="2859">della Cisl</charseq>
        </extent>
        <head>
          <charseq START="2856" END="2859">Cisl</charseq>
        </head>
      </entity_mention>
      <entity_attributes>
        <name NAME="Cisl">
          <charseq START="743" END="746">Cisl</charseq>
        </name>
        <name NAME="Cisl">
          <charseq START="2856" END="2859">Cisl</charseq>
        </name>
      </entity_attributes>
    </entity>
    <entity ID="adige20041008_id414180-E20" TYPE="ORG" SUBTYPE="Non-Governmental" CLASS="SPC">
      <entity_mention ID="adige20041008_id414180-E20-1" TYPE="NAM" PRIMARY="true" METONYMY_MENTION="FALSE">
        <extent>
          <charseq START="750" END="752">Uil</charseq>
        </extent>
        <head>
          <charseq START="750" END="752">Uil</charseq>
        </head>
      </entity_mention>
      <entity_mention ID="adige20041008_id414180-E20-2" TYPE="NAM" PRIMARY="false" METONYMY_MENTION="FALSE">
        <extent>
          <charseq START="1412" END="1420">della Uil</charseq>
        </extent>
        <head>
          <charseq START="1418" END="1420">Uil</charseq>
        </head>
      </entity_mention>
      <entity_mention ID="adige20041008_id414180-E20-3" TYPE="NAM" PRIMARY="false" METONYMY_MENTION="FALSE">
        <extent>
          <charseq START="2129" END="2137">della Uil</charseq>
        </extent>
        <head>
          <charseq START="2135" END="2137">Uil</charseq>
        </head>
      </entity_mention>
      <entity_attributes>
        <name NAME="Uil">
          <charseq START="750" END="752">Uil</charseq>
        </name>
        <name NAME="Uil">
          <charseq START="1418" END="1420">Uil</charseq>
        </name>
        <name NAME="Uil">
          <charseq START="2135" END="2137">Uil</charseq>
        </name>
      </entity_attributes>
    </entity>
    <entity ID="adige20041008_id414180-E22" TYPE="PER" SUBTYPE="Group" CLASS="SPC">
      <entity_mention ID="adige20041008_id414180-E22-1" TYPE="NOM" PRIMARY="true" METONYMY_MENTION="FALSE">
        <extent>
          <charseq START="2786" END="2812">tutte le forze in Consiglio</charseq>
        </extent>
        <head>
          <charseq START="2795" END="2799">forze</charseq>
        </head>
      </entity_mention>
    </entity>
    <entity ID="adige20041008_id414180-E23" TYPE="ORG" SUBTYPE="Government" CLASS="SPC">
      <entity_mention ID="adige20041008_id414180-E23-1" TYPE="NAM" PRIMARY="true" METONYMY_MENTION="FALSE">
        <extent>
          <charseq START="2804" END="2812">Consiglio</charseq>
        </extent>
        <head>
          <charseq START="2804" END="2812">Consiglio</charseq>
        </head>
      </entity_mention>
      <entity_attributes>
        <name NAME="Consiglio">
          <charseq START="2804" END="2812">Consiglio</charseq>
        </name>
      </entity_attributes>
    </entity>
    <entity ID="adige20041008_id414180-E24" TYPE="ORG" SUBTYPE="Non-Governmental" CLASS="SPC">
      <entity_mention ID="adige20041008_id414180-E24-1" TYPE="NOM" PRIMARY="true" METONYMY_MENTION="FALSE">
        <extent>
          <charseq START="40" END="55">le parti sociali</charseq>
        </extent>
        <head>
          <charseq START="43" END="47">parti</charseq>
        </head>
      </entity_mention>
    </entity>
    <entity ID="adige20041008_id414180-E25" TYPE="PER" SUBTYPE="Group" CLASS="SPC">
      <entity_mention ID="adige20041008_id414180-E25-2" TYPE="NOM" PRIMARY="true" METONYMY_MENTION="FALSE">
        <extent>
          <charseq START="387" END="400">dei lavoratori</charseq>
        </extent>
        <head>
          <charseq START="391" END="400">lavoratori</charseq>
        </head>
      </entity_mention>
    </entity>
    <entity ID="adige20041008_id414180-E29" TYPE="GPE" SUBTYPE="State-or-Province" CLASS="SPC">
      <entity_mention ID="adige20041008_id414180-E29-2" TYPE="NAM" PRIMARY="true" ROLE="GPE" METONYMY_MENTION="FALSE">
        <extent>
          <charseq START="2087" END="2098">del Trentino</charseq>
        </extent>
        <head>
          <charseq START="2091" END="2098">Trentino</charseq>
        </head>
      </entity_mention>
      <entity_mention ID="adige20041008_id414180-E29-4" TYPE="NAM" PRIMARY="false" ROLE="GPE" METONYMY_MENTION="FALSE">
        <extent>
          <charseq START="2267" END="2274">trentina</charseq>
        </extent>
        <head>
          <charseq START="2267" END="2274">trentina</charseq>
        </head>
      </entity_mention>
      <entity_mention ID="adige20041008_id414180-E29-6" TYPE="NAM" PRIMARY="false" ROLE="GPE" METONYMY_MENTION="FALSE">
        <extent>
          <charseq START="3078" END="3088">il Trentino</charseq>
        </extent>
        <head>
          <charseq START="3081" END="3088">Trentino</charseq>
        </head>
      </entity_mention>
      <entity_mention ID="adige20041008_id414180-E29-8" TYPE="NAM" PRIMARY="false" ROLE="GPE" METONYMY_MENTION="FALSE">
        <extent>
          <charseq START="70" END="81">del Trentino</charseq>
        </extent>
        <head>
          <charseq START="74" END="81">Trentino</charseq>
        </head>
      </entity_mention>
      <entity_mention ID="adige20041008_id414180-E29-9" TYPE="NAM" PRIMARY="false" ROLE="ORG" METONYMY_MENTION="FALSE">
        <extent>
          <charseq START="1745" END="1756">la Provincia</charseq>
        </extent>
        <head>
          <charseq START="1748" END="1756">Provincia</charseq>
        </head>
      </entity_mention>
      <entity_mention ID="adige20041008_id414180-E29-10" TYPE="NAM" PRIMARY="false" ROLE="ORG" METONYMY_MENTION="FALSE">
        <extent>
          <charseq START="0" END="8">Provincia</charseq>
        </extent>
        <head>
          <charseq START="0" END="8">Provincia</charseq>
        </head>
      </entity_mention>
      <entity_attributes>
        <name NAME="Trentino">
          <charseq START="2091" END="2098">Trentino</charseq>
        </name>
        <name NAME="Trentino">
          <charseq START="3081" END="3088">Trentino</charseq>
        </name>
        <name NAME="Trentino">
          <charseq START="74" END="81">Trentino</charseq>
        </name>
        <name NAME="Provincia">
          <charseq START="1748" END="1756">Provincia</charseq>
        </name>
        <name NAME="Provincia">
          <charseq START="0" END="8">Provincia</charseq>
        </name>
      </entity_attributes>
    </entity>
  </document>
</source_file>
