<?xml version="1.0" encoding="UTF-8"?>
<!DOCTYPE source_file PUBLIC "SYSTEM" "apf.v5.2.0.dtd">

<source_file URI="adige20041008_id414211.txt" SOURCE="unknown" TYPE="text" VERSION="5.0" AUTHOR="Evalita" ENCODING="UTF-8">
  <document DOCID="adige20041008_id414211">
    <entity ID="adige20041008_id414211-E1" TYPE="PER" SUBTYPE="Indefinite" CLASS="USP">
      <entity_mention ID="adige20041008_id414211-E1-1" TYPE="PRO" PRIMARY="true" METONYMY_MENTION="FALSE">
        <extent>
          <charseq START="10" END="11">Si</charseq>
        </extent>
        <head>
          <charseq START="10" END="11">Si</charseq>
        </head>
      </entity_mention>
    </entity>
    <entity ID="adige20041008_id414211-E2" TYPE="PER" SUBTYPE="Indefinite" CLASS="USP">
      <entity_mention ID="adige20041008_id414211-E2-1" TYPE="PRO" PRIMARY="true" METONYMY_MENTION="FALSE">
        <extent>
          <charseq START="124" END="125">si</charseq>
        </extent>
        <head>
          <charseq START="124" END="125">si</charseq>
        </head>
      </entity_mention>
    </entity>
    <entity ID="adige20041008_id414211-E3" TYPE="PER" SUBTYPE="Individual" CLASS="SPC">
      <entity_mention ID="adige20041008_id414211-E3-1" TYPE="NAM" PRIMARY="true" METONYMY_MENTION="FALSE">
        <extent>
          <charseq START="211" END="226">ROBERTA BOCCARDI</charseq>
        </extent>
        <head>
          <charseq START="211" END="226">ROBERTA BOCCARDI</charseq>
        </head>
      </entity_mention>
      <entity_attributes>
        <name NAME="ROBERTA BOCCARDI">
          <charseq START="211" END="226">ROBERTA BOCCARDI</charseq>
        </name>
      </entity_attributes>
    </entity>
    <entity ID="adige20041008_id414211-E4" TYPE="PER" SUBTYPE="Group" CLASS="USP">
      <entity_mention ID="adige20041008_id414211-E4-1" TYPE="NOM" PRIMARY="true" METONYMY_MENTION="FALSE">
        <extent>
          <charseq START="486" END="534">specialisti convenzionati con l'Azienda sanitaria</charseq>
        </extent>
        <head>
          <charseq START="486" END="496">specialisti</charseq>
        </head>
      </entity_mention>
    </entity>
    <entity ID="adige20041008_id414211-E5" TYPE="PER" SUBTYPE="Indefinite" CLASS="USP">
      <entity_mention ID="adige20041008_id414211-E5-1" TYPE="PRO" PRIMARY="true" METONYMY_MENTION="FALSE">
        <extent>
          <charseq START="586" END="587">si</charseq>
        </extent>
        <head>
          <charseq START="586" END="587">si</charseq>
        </head>
      </entity_mention>
    </entity>
    <entity ID="adige20041008_id414211-E6" TYPE="PER" SUBTYPE="Group" CLASS="USP">
      <entity_mention ID="adige20041008_id414211-E6-1" TYPE="NOM" PRIMARY="true" METONYMY_MENTION="FALSE">
        <extent>
          <charseq START="783" END="840">pazienti inviati dai pronto soccorso di tutti gli ospedali</charseq>
        </extent>
        <head>
          <charseq START="783" END="790">pazienti</charseq>
        </head>
      </entity_mention>
    </entity>
    <entity ID="adige20041008_id414211-E8" TYPE="PER" SUBTYPE="Individual" CLASS="SPC">
      <entity_mention ID="adige20041008_id414211-E8-1" TYPE="NAM" PRIMARY="true" METONYMY_MENTION="FALSE">
        <extent>
          <charseq START="1406" END="1421">Fabrizio Fontana</charseq>
        </extent>
        <head>
          <charseq START="1406" END="1421">Fabrizio Fontana</charseq>
        </head>
      </entity_mention>
      <entity_mention ID="adige20041008_id414211-E8-2" TYPE="NOM" PRIMARY="false" METONYMY_MENTION="FALSE">
        <extent>
          <charseq START="1424" END="1463">responsabile della cura e riabilitazione</charseq>
        </extent>
        <head>
          <charseq START="1424" END="1463">responsabile della cura e riabilitazione</charseq>
        </head>
      </entity_mention>
      <entity_mention ID="adige20041008_id414211-E8-3" TYPE="NAM" PRIMARY="false" METONYMY_MENTION="FALSE">
        <extent>
          <charseq START="1406" END="1463">Fabrizio Fontana, responsabile della cura e riabilitazione</charseq>
        </extent>
        <head>
          <charseq START="1406" END="1463">Fabrizio Fontana, responsabile della cura e riabilitazione</charseq>
        </head>
      </entity_mention>
      <entity_mention ID="adige20041008_id414211-E8-4" TYPE="NAM" PRIMARY="false" METONYMY_MENTION="FALSE">
        <extent>
          <charseq START="2635" END="2641">Fontana</charseq>
        </extent>
        <head>
          <charseq START="2635" END="2641">Fontana</charseq>
        </head>
      </entity_mention>
      <entity_attributes>
        <name NAME="Fabrizio Fontana">
          <charseq START="1406" END="1421">Fabrizio Fontana</charseq>
        </name>
        <name NAME="Fabrizio Fontana, responsabile della cura e riabilitazione">
          <charseq START="1406" END="1463">Fabrizio Fontana, responsabile della cura e riabilitazione</charseq>
        </name>
        <name NAME="Fontana">
          <charseq START="2635" END="2641">Fontana</charseq>
        </name>
      </entity_attributes>
    </entity>
    <entity ID="adige20041008_id414211-E9" TYPE="PER" SUBTYPE="Group" CLASS="GEN">
      <entity_mention ID="adige20041008_id414211-E9-1" TYPE="NOM" PRIMARY="true" METONYMY_MENTION="FALSE">
        <extent>
          <charseq START="1677" END="1698">le categorie a rischio</charseq>
        </extent>
        <head>
          <charseq START="1680" END="1688">categorie</charseq>
        </head>
      </entity_mention>
      <entity_mention ID="adige20041008_id414211-E9-2" TYPE="NOM" PRIMARY="false" METONYMY_MENTION="FALSE">
        <extent>
          <charseq START="3631" END="3647">PERSONE A RISCHIO</charseq>
        </extent>
        <head>
          <charseq START="3631" END="3637">PERSONE</charseq>
        </head>
      </entity_mention>
    </entity>
    <entity ID="adige20041008_id414211-E10" TYPE="PER" SUBTYPE="Group" CLASS="GEN">
      <entity_mention ID="adige20041008_id414211-E10-1" TYPE="NOM" PRIMARY="true" METONYMY_MENTION="FALSE">
        <extent>
          <charseq START="1701" END="1743">la popolazione sotto i 14 anni e sopra i 70</charseq>
        </extent>
        <head>
          <charseq START="1704" END="1714">popolazione</charseq>
        </head>
      </entity_mention>
    </entity>
    <entity ID="adige20041008_id414211-E11" TYPE="PER" SUBTYPE="Group" CLASS="GEN">
      <entity_mention ID="adige20041008_id414211-E11-1" TYPE="NOM" PRIMARY="true" METONYMY_MENTION="FALSE">
        <extent>
          <charseq START="1677" END="1743">le categorie a rischio, la popolazione sotto i 14 anni e sopra i 70</charseq>
        </extent>
        <head>
          <charseq START="1677" END="1743">le categorie a rischio, la popolazione sotto i 14 anni e sopra i 70</charseq>
        </head>
      </entity_mention>
    </entity>
    <entity ID="adige20041008_id414211-E12" TYPE="PER" SUBTYPE="Group" CLASS="GEN">
      <entity_mention ID="adige20041008_id414211-E12-1" TYPE="NOM" PRIMARY="true" METONYMY_MENTION="FALSE">
        <extent>
          <charseq START="2063" END="2072">ai bambini</charseq>
        </extent>
        <head>
          <charseq START="2066" END="2072">bambini</charseq>
        </head>
      </entity_mention>
      <entity_mention ID="adige20041008_id414211-E12-2" TYPE="NOM" PRIMARY="false" METONYMY_MENTION="FALSE">
        <extent>
          <charseq START="2152" END="2162">dei bambini</charseq>
        </extent>
        <head>
          <charseq START="2156" END="2162">bambini</charseq>
        </head>
      </entity_mention>
    </entity>
    <entity ID="adige20041008_id414211-E13" TYPE="PER" SUBTYPE="Group" CLASS="GEN">
      <entity_mention ID="adige20041008_id414211-E13-1" TYPE="NOM" PRIMARY="true" METONYMY_MENTION="FALSE">
        <extent>
          <charseq START="2076" END="2086">adolescenti</charseq>
        </extent>
        <head>
          <charseq START="2076" END="2086">adolescenti</charseq>
        </head>
      </entity_mention>
      <entity_mention ID="adige20041008_id414211-E13-2" TYPE="NOM" PRIMARY="false" METONYMY_MENTION="FALSE">
        <extent>
          <charseq START="3449" END="3465">degli adolescenti</charseq>
        </extent>
        <head>
          <charseq START="3455" END="3465">adolescenti</charseq>
        </head>
      </entity_mention>
    </entity>
    <entity ID="adige20041008_id414211-E14" TYPE="PER" SUBTYPE="Group" CLASS="GEN">
      <entity_mention ID="adige20041008_id414211-E14-1" TYPE="NOM" PRIMARY="true" METONYMY_MENTION="FALSE">
        <extent>
          <charseq START="2063" END="2101">ai bambini e adolescenti da 0 a 14 anni</charseq>
        </extent>
        <head>
          <charseq START="2063" END="2101">ai bambini e adolescenti da 0 a 14 anni</charseq>
        </head>
      </entity_mention>
    </entity>
    <entity ID="adige20041008_id414211-E16" TYPE="PER" SUBTYPE="Group" CLASS="SPC">
      <entity_mention ID="adige20041008_id414211-E16-1" TYPE="NOM" PRIMARY="true" METONYMY_MENTION="FALSE">
        <extent>
          <charseq START="2283" END="2315">ai bambini per i quali è indicata</charseq>
        </extent>
        <head>
          <charseq START="2286" END="2292">bambini</charseq>
        </head>
      </entity_mention>
      <entity_mention ID="adige20041008_id414211-E16-2" TYPE="PRO" PRIMARY="false" METONYMY_MENTION="FALSE">
        <extent>
          <charseq START="2298" END="2304">i quali</charseq>
        </extent>
        <head>
          <charseq START="2300" END="2304">quali</charseq>
        </head>
      </entity_mention>
      <entity_mention ID="adige20041008_id414211-E16-3" TYPE="PRO" PRIMARY="false" METONYMY_MENTION="FALSE">
        <extent>
          <charseq START="2318" END="2329">circa il 40%</charseq>
        </extent>
        <head>
          <charseq START="2329" END="2329">%</charseq>
        </head>
      </entity_mention>
    </entity>
    <entity ID="adige20041008_id414211-E17" TYPE="PER" SUBTYPE="Group" CLASS="GEN">
      <entity_mention ID="adige20041008_id414211-E17-1" TYPE="NOM" PRIMARY="true" METONYMY_MENTION="FALSE">
        <extent>
          <charseq START="2598" END="2622">tutti i bambini di 7 anni</charseq>
        </extent>
        <head>
          <charseq START="2606" END="2612">bambini</charseq>
        </head>
      </entity_mention>
    </entity>
    <entity ID="adige20041008_id414211-E18" TYPE="PER" SUBTYPE="Indefinite" CLASS="USP">
      <entity_mention ID="adige20041008_id414211-E18-1" TYPE="PRO" PRIMARY="true" METONYMY_MENTION="FALSE">
        <extent>
          <charseq START="2781" END="2782">si</charseq>
        </extent>
        <head>
          <charseq START="2781" END="2782">si</charseq>
        </head>
      </entity_mention>
    </entity>
    <entity ID="adige20041008_id414211-E19" TYPE="PER" SUBTYPE="Group" CLASS="SPC">
      <entity_mention ID="adige20041008_id414211-E19-1" TYPE="NOM" PRIMARY="true" METONYMY_MENTION="FALSE">
        <extent>
          <charseq START="3236" END="3289">Agli utenti fra i 14 e i 69 anni già in lista d'attesa</charseq>
        </extent>
        <head>
          <charseq START="3241" END="3246">utenti</charseq>
        </head>
      </entity_mention>
    </entity>
    <entity ID="adige20041008_id414211-E20" TYPE="PER" SUBTYPE="Group" CLASS="GEN">
      <entity_mention ID="adige20041008_id414211-E20-1" TYPE="NOM" PRIMARY="true" METONYMY_MENTION="FALSE">
        <extent>
          <charseq START="3406" END="3418">degli anziani</charseq>
        </extent>
        <head>
          <charseq START="3412" END="3418">anziani</charseq>
        </head>
      </entity_mention>
    </entity>
    <entity ID="adige20041008_id414211-E22" TYPE="PER" SUBTYPE="Group" CLASS="GEN">
      <entity_mention ID="adige20041008_id414211-E22-1" TYPE="NOM" PRIMARY="true" METONYMY_MENTION="FALSE">
        <extent>
          <charseq START="3620" END="3627">DISABILI</charseq>
        </extent>
        <head>
          <charseq START="3620" END="3627">DISABILI</charseq>
        </head>
      </entity_mention>
    </entity>
    <entity ID="adige20041008_id414211-E24" TYPE="PER" SUBTYPE="Group" CLASS="SPC">
      <entity_mention ID="adige20041008_id414211-E24-1" TYPE="NOM" PRIMARY="true" METONYMY_MENTION="FALSE">
        <extent>
          <charseq START="3826" END="3849">gli specialisti di Borgo</charseq>
        </extent>
        <head>
          <charseq START="3830" END="3840">specialisti</charseq>
        </head>
      </entity_mention>
    </entity>
    <entity ID="adige20041008_id414211-E25" TYPE="PER" SUBTYPE="Group" CLASS="GEN">
      <entity_mention ID="adige20041008_id414211-E25-1" TYPE="NOM" PRIMARY="true" METONYMY_MENTION="FALSE">
        <extent>
          <charseq START="3972" END="4010">i soggetti ad elevato rischio infettivo</charseq>
        </extent>
        <head>
          <charseq START="3974" END="3981">soggetti</charseq>
        </head>
      </entity_mention>
    </entity>
    <entity ID="adige20041008_id414211-E26" TYPE="PER" SUBTYPE="Group" CLASS="GEN">
      <entity_mention ID="adige20041008_id414211-E26-1" TYPE="NOM" PRIMARY="true" METONYMY_MENTION="FALSE">
        <extent>
          <charseq START="4015" END="4046">le persone in stato di indigenza</charseq>
        </extent>
        <head>
          <charseq START="4018" END="4024">persone</charseq>
        </head>
      </entity_mention>
    </entity>
    <entity ID="adige20041008_id414211-E27" TYPE="PER" SUBTYPE="Group" CLASS="GEN">
      <entity_mention ID="adige20041008_id414211-E27-1" TYPE="NOM" PRIMARY="true" METONYMY_MENTION="FALSE">
        <extent>
          <charseq START="3972" END="4046">i soggetti ad elevato rischio infettivo, e le persone in stato di indigenza</charseq>
        </extent>
        <head>
          <charseq START="3972" END="4046">i soggetti ad elevato rischio infettivo, e le persone in stato di indigenza</charseq>
        </head>
      </entity_mention>
    </entity>
    <entity ID="adige20041008_id414211-E28" TYPE="PER" SUBTYPE="Group" CLASS="GEN">
      <entity_mention ID="adige20041008_id414211-E28-1" TYPE="NOM" PRIMARY="true" METONYMY_MENTION="FALSE">
        <extent>
          <charseq START="3620" END="3647">DISABILI E PERSONE A RISCHIO</charseq>
        </extent>
        <head>
          <charseq START="3620" END="3647">DISABILI E PERSONE A RISCHIO</charseq>
        </head>
      </entity_mention>
    </entity>
    <entity ID="adige20041008_id414211-E29" TYPE="PER" SUBTYPE="Group" CLASS="GEN">
      <entity_mention ID="adige20041008_id414211-E29-1" TYPE="NOM" PRIMARY="true" METONYMY_MENTION="FALSE">
        <extent>
          <charseq START="4066" END="4177">le persone con patologie gravi che accedono alle cure nei poliambulatori o presso le unità operative ospedaliere</charseq>
        </extent>
        <head>
          <charseq START="4069" END="4075">persone</charseq>
        </head>
      </entity_mention>
      <entity_mention ID="adige20041008_id414211-E29-2" TYPE="PRO" PRIMARY="false" METONYMY_MENTION="FALSE">
        <extent>
          <charseq START="4097" END="4099">che</charseq>
        </extent>
        <head>
          <charseq START="4097" END="4099">che</charseq>
        </head>
      </entity_mention>
    </entity>
    <entity ID="adige20041008_id414211-E30" TYPE="PER" SUBTYPE="Group" CLASS="GEN">
      <entity_mention ID="adige20041008_id414211-E30-1" TYPE="NOM" PRIMARY="true" METONYMY_MENTION="FALSE">
        <extent>
          <charseq START="4217" END="4238">le donne in gravidanza</charseq>
        </extent>
        <head>
          <charseq START="4220" END="4224">donne</charseq>
        </head>
      </entity_mention>
    </entity>
    <entity ID="adige20041008_id414211-E31" TYPE="PER" SUBTYPE="Indefinite" CLASS="USP">
      <entity_mention ID="adige20041008_id414211-E31-1" TYPE="PRO" PRIMARY="true" METONYMY_MENTION="FALSE">
        <extent>
          <charseq START="4561" END="4562">si</charseq>
        </extent>
        <head>
          <charseq START="4561" END="4562">si</charseq>
        </head>
      </entity_mention>
    </entity>
    <entity ID="adige20041008_id414211-E32" TYPE="ORG" SUBTYPE="Government" CLASS="SPC">
      <entity_mention ID="adige20041008_id414211-E32-1" TYPE="NAM" PRIMARY="true" METONYMY_MENTION="FALSE">
        <extent>
          <charseq START="516" END="534">l'Azienda sanitaria</charseq>
        </extent>
        <head>
          <charseq START="518" END="534">Azienda sanitaria</charseq>
        </head>
      </entity_mention>
      <entity_mention ID="adige20041008_id414211-E32-2" TYPE="NAM" PRIMARY="false" METONYMY_MENTION="FALSE">
        <extent>
          <charseq START="1291" END="1311">all'Azienda sanitaria</charseq>
        </extent>
        <head>
          <charseq START="1295" END="1311">Azienda sanitaria</charseq>
        </head>
      </entity_mention>
      <entity_attributes>
        <name NAME="Azienda sanitaria">
          <charseq START="518" END="534">Azienda sanitaria</charseq>
        </name>
        <name NAME="Azienda sanitaria">
          <charseq START="1295" END="1311">Azienda sanitaria</charseq>
        </name>
      </entity_attributes>
    </entity>
    <entity ID="adige20041008_id414211-E33" TYPE="ORG" SUBTYPE="Medical-Science" CLASS="SPC">
      <entity_mention ID="adige20041008_id414211-E33-1" TYPE="NAM" PRIMARY="true" METONYMY_MENTION="FALSE">
        <extent>
          <charseq START="800" END="840">dai pronto soccorso di tutti gli ospedali</charseq>
        </extent>
        <head>
          <charseq START="804" END="818">pronto soccorso</charseq>
        </head>
      </entity_mention>
      <entity_attributes>
        <name NAME="pronto soccorso">
          <charseq START="804" END="818">pronto soccorso</charseq>
        </name>
      </entity_attributes>
    </entity>
    <entity ID="adige20041008_id414211-E34" TYPE="ORG" SUBTYPE="Medical-Science" CLASS="SPC">
      <entity_mention ID="adige20041008_id414211-E34-1" TYPE="NOM" PRIMARY="true" METONYMY_MENTION="FALSE">
        <extent>
          <charseq START="823" END="840">tutti gli ospedali</charseq>
        </extent>
        <head>
          <charseq START="833" END="840">ospedali</charseq>
        </head>
      </entity_mention>
    </entity>
    <entity ID="adige20041008_id414211-E35" TYPE="ORG" SUBTYPE="Government" CLASS="SPC">
      <entity_mention ID="adige20041008_id414211-E35-1" TYPE="NAM" PRIMARY="true" METONYMY_MENTION="FALSE">
        <extent>
          <charseq START="1161" END="1169">la giunta</charseq>
        </extent>
        <head>
          <charseq START="1164" END="1169">giunta</charseq>
        </head>
      </entity_mention>
      <entity_attributes>
        <name NAME="giunta">
          <charseq START="1164" END="1169">giunta</charseq>
        </name>
      </entity_attributes>
    </entity>
    <entity ID="adige20041008_id414211-E37" TYPE="PER" SUBTYPE="Indefinite" CLASS="USP">
      <entity_mention ID="adige20041008_id414211-E37-1" TYPE="PRO" PRIMARY="true" METONYMY_MENTION="FALSE">
        <extent>
          <charseq START="3217" END="3218">Si</charseq>
        </extent>
        <head>
          <charseq START="3217" END="3218">Si</charseq>
        </head>
      </entity_mention>
    </entity>
    <entity ID="adige20041008_id414211-E38" TYPE="GPE" SUBTYPE="County-or-District" CLASS="SPC">
      <entity_mention ID="adige20041008_id414211-E38-1" TYPE="NAM" PRIMARY="true" ROLE="ORG" METONYMY_MENTION="FALSE">
        <extent>
          <charseq START="3603" END="3617">dei Comprensori</charseq>
        </extent>
        <head>
          <charseq START="3607" END="3617">Comprensori</charseq>
        </head>
      </entity_mention>
      <entity_attributes>
        <name NAME="Comprensori">
          <charseq START="3607" END="3617">Comprensori</charseq>
        </name>
      </entity_attributes>
    </entity>
    <entity ID="adige20041008_id414211-E39" TYPE="PER" SUBTYPE="Individual" CLASS="GEN">
      <entity_mention ID="adige20041008_id414211-E39-1" TYPE="NOM" PRIMARY="true" METONYMY_MENTION="FALSE">
        <extent>
          <charseq START="4527" END="4536">del medico</charseq>
        </extent>
        <head>
          <charseq START="4531" END="4536">medico</charseq>
        </head>
      </entity_mention>
    </entity>
    <entity ID="adige20041008_id414211-E40" TYPE="PER" SUBTYPE="Individual" CLASS="GEN">
      <entity_mention ID="adige20041008_id414211-E40-1" TYPE="NOM" PRIMARY="true" METONYMY_MENTION="FALSE">
        <extent>
          <charseq START="4540" END="4556">dello specialista</charseq>
        </extent>
        <head>
          <charseq START="4546" END="4556">specialista</charseq>
        </head>
      </entity_mention>
    </entity>
    <entity ID="adige20041008_id414211-E41" TYPE="PER" SUBTYPE="Group" CLASS="GEN">
      <entity_mention ID="adige20041008_id414211-E41-1" TYPE="NOM" PRIMARY="true" METONYMY_MENTION="FALSE">
        <extent>
          <charseq START="4527" END="4556">del medico o dello specialista</charseq>
        </extent>
        <head>
          <charseq START="4527" END="4556">del medico o dello specialista</charseq>
        </head>
      </entity_mention>
    </entity>
    <entity ID="adige20041008_id414211-E43" TYPE="GPE" SUBTYPE="State-or-Province" CLASS="SPC">
      <entity_mention ID="adige20041008_id414211-E43-2" TYPE="NAM" PRIMARY="true" ROLE="GPE" METONYMY_MENTION="FALSE">
        <extent>
          <charseq START="746" END="763">tutta la provincia</charseq>
        </extent>
        <head>
          <charseq START="755" END="763">provincia</charseq>
        </head>
      </entity_mention>
      <entity_mention ID="adige20041008_id414211-E43-4" TYPE="NAM" PRIMARY="false" ROLE="LOC" METONYMY_MENTION="FALSE">
        <extent>
          <charseq START="1260" END="1278">provincia di Trento</charseq>
        </extent>
        <head>
          <charseq START="1260" END="1278">provincia di Trento</charseq>
        </head>
      </entity_mention>
      <entity_mention ID="adige20041008_id414211-E43-6" TYPE="NAM" PRIMARY="false" ROLE="GPE" METONYMY_MENTION="FALSE">
        <extent>
          <charseq START="1536" END="1546">provinciale</charseq>
        </extent>
        <head>
          <charseq START="1536" END="1546">provinciale</charseq>
        </head>
      </entity_mention>
      <entity_mention ID="adige20041008_id414211-E43-8" TYPE="NAM" PRIMARY="false" ROLE="GPE" METONYMY_MENTION="FALSE">
        <extent>
          <charseq START="2013" END="2023">provinciale</charseq>
        </extent>
        <head>
          <charseq START="2013" END="2023">provinciale</charseq>
        </head>
      </entity_mention>
      <entity_mention ID="adige20041008_id414211-E43-10" TYPE="NAM" PRIMARY="false" ROLE="LOC" METONYMY_MENTION="FALSE">
        <extent>
          <charseq START="89" END="106">tutta la provincia</charseq>
        </extent>
        <head>
          <charseq START="98" END="106">provincia</charseq>
        </head>
      </entity_mention>
      <entity_mention ID="adige20041008_id414211-E43-11" TYPE="NOM" PRIMARY="false" ROLE="PER" METONYMY_MENTION="FALSE">
        <extent>
          <charseq START="1039" END="1058">tutta la popolazione</charseq>
        </extent>
        <head>
          <charseq START="1048" END="1058">popolazione</charseq>
        </head>
      </entity_mention>
      <entity_mention ID="adige20041008_id414211-E43-12" TYPE="NOM" PRIMARY="false" ROLE="PER" METONYMY_MENTION="FALSE">
        <extent>
          <charseq START="4438" END="4457">tutta la popolazione</charseq>
        </extent>
        <head>
          <charseq START="4447" END="4457">popolazione</charseq>
        </head>
      </entity_mention>
      <entity_mention ID="adige20041008_id414211-E43-13" TYPE="NOM" PRIMARY="false" ROLE="LOC" METONYMY_MENTION="FALSE">
        <extent>
          <charseq START="1516" END="1546">tutto il territorio provinciale</charseq>
        </extent>
        <head>
          <charseq START="1525" END="1534">territorio</charseq>
        </head>
      </entity_mention>
      <entity_attributes>
        <name NAME="provincia">
          <charseq START="755" END="763">provincia</charseq>
        </name>
        <name NAME="provincia di Trento">
          <charseq START="1260" END="1278">provincia di Trento</charseq>
        </name>
        <name NAME="provincia">
          <charseq START="98" END="106">provincia</charseq>
        </name>
      </entity_attributes>
    </entity>
    <entity ID="adige20041008_id414211-E44" TYPE="GPE" SUBTYPE="Population-Center" CLASS="SPC">
      <entity_mention ID="adige20041008_id414211-E44-4" TYPE="NAM" PRIMARY="true" ROLE="GPE" METONYMY_MENTION="FALSE">
        <extent>
          <charseq START="3583" END="3588">Trento</charseq>
        </extent>
        <head>
          <charseq START="3583" END="3588">Trento</charseq>
        </head>
      </entity_mention>
      <entity_attributes>
        <name NAME="Trento">
          <charseq START="3583" END="3588">Trento</charseq>
        </name>
      </entity_attributes>
    </entity>
    <entity ID="adige20041008_id414211-E45" TYPE="GPE" SUBTYPE="County-or-District" CLASS="SPC">
      <entity_mention ID="adige20041008_id414211-E45-2" TYPE="NOM" PRIMARY="true" ROLE="ORG" METONYMY_MENTION="FALSE">
        <extent>
          <charseq START="3569" END="3599">dei Comuni di Trento e Rovereto</charseq>
        </extent>
        <head>
          <charseq START="3573" END="3578">Comuni</charseq>
        </head>
      </entity_mention>
    </entity>
    <entity ID="adige20041008_id414211-E46" TYPE="GPE" SUBTYPE="Population-Center" CLASS="SPC">
      <entity_mention ID="adige20041008_id414211-E46-2" TYPE="NAM" PRIMARY="true" ROLE="GPE" METONYMY_MENTION="FALSE">
        <extent>
          <charseq START="3592" END="3599">Rovereto</charseq>
        </extent>
        <head>
          <charseq START="3592" END="3599">Rovereto</charseq>
        </head>
      </entity_mention>
      <entity_attributes>
        <name NAME="Rovereto">
          <charseq START="3592" END="3599">Rovereto</charseq>
        </name>
      </entity_attributes>
    </entity>
    <entity ID="adige20041008_id414211-E47" TYPE="GPE" SUBTYPE="Population-Center" CLASS="SPC">
      <entity_mention ID="adige20041008_id414211-E47-2" TYPE="NAM" PRIMARY="true" ROLE="GPE" METONYMY_MENTION="FALSE">
        <extent>
          <charseq START="3583" END="3599">Trento e Rovereto</charseq>
        </extent>
        <head>
          <charseq START="3583" END="3599">Trento e Rovereto</charseq>
        </head>
      </entity_mention>
      <entity_attributes>
        <name NAME="Trento e Rovereto">
          <charseq START="3583" END="3599">Trento e Rovereto</charseq>
        </name>
      </entity_attributes>
    </entity>
   <entity ID="adige20041008_id414211-E49" TYPE="GPE" SUBTYPE="Population-Center" CLASS="SPC">
      <entity_mention ID="adige20041008_id414211-E49-2" TYPE="NAM" PRIMARY="true" ROLE="GPE" METONYMY_MENTION="FALSE">
        <extent>
          <charseq START="3809" END="3823">Borgo Valsugana</charseq>
        </extent>
        <head>
          <charseq START="3809" END="3823">Borgo Valsugana</charseq>
        </head>
      </entity_mention>
      <entity_mention ID="adige20041008_id414211-E49-4" TYPE="NAM" PRIMARY="false" ROLE="GPE" METONYMY_MENTION="FALSE">
        <extent>
          <charseq START="3845" END="3849">Borgo</charseq>
        </extent>
        <head>
          <charseq START="3845" END="3849">Borgo</charseq>
        </head>
      </entity_mention>
      <entity_attributes>
        <name NAME="Borgo Valsugana">
          <charseq START="3809" END="3823">Borgo Valsugana</charseq>
        </name>
        <name NAME="Borgo">
          <charseq START="3845" END="3849">Borgo</charseq>
        </name>
      </entity_attributes>
    </entity>
    <entity ID="adige20041008_id414211-E50" TYPE="ORG" SUBTYPE="Government" CLASS="SPC">
      <entity_mention ID="adige20041008_id414211-E50-1" TYPE="NOM" PRIMARY="true" METONYMY_MENTION="FALSE">
        <extent>
          <charseq START="976" END="992">tutti i distretti</charseq>
        </extent>
        <head>
          <charseq START="984" END="992">distretti</charseq>
        </head>
      </entity_mention>
      <entity_mention ID="adige20041008_id414211-E50-2" TYPE="NOM" PRIMARY="false" METONYMY_MENTION="FALSE">
        <extent>
          <charseq START="1972" END="2023">tutti i distretto dal servizio sanitario provinciale</charseq>
        </extent>
        <head>
          <charseq START="1980" END="1988">distretto</charseq>
        </head>
      </entity_mention>
    </entity>
    <entity ID="adige20041008_id414211-E51" TYPE="LOC" SUBTYPE="Address" CLASS="SPC">
      <entity_mention ID="adige20041008_id414211-E51-1" TYPE="NAM" PRIMARY="true" METONYMY_MENTION="FALSE">
        <extent>
          <charseq START="1861" END="1874">piazza Venezia</charseq>
        </extent>
        <head>
          <charseq START="1861" END="1874">piazza Venezia</charseq>
        </head>
      </entity_mention>
      <entity_attributes>
        <name NAME="piazza Venezia">
          <charseq START="1861" END="1874">piazza Venezia</charseq>
        </name>
      </entity_attributes>
    </entity>
    <entity ID="adige20041008_id414211-E52" TYPE="ORG" SUBTYPE="Government" CLASS="SPC">
      <entity_mention ID="adige20041008_id414211-E52-1" TYPE="NAM" PRIMARY="true" METONYMY_MENTION="FALSE">
        <extent>
          <charseq START="1990" END="2023">dal servizio sanitario provinciale</charseq>
        </extent>
        <head>
          <charseq START="1994" END="2011">servizio sanitario</charseq>
        </head>
      </entity_mention>
      <entity_attributes>
        <name NAME="servizio sanitario">
          <charseq START="1994" END="2011">servizio sanitario</charseq>
        </name>
      </entity_attributes>
    </entity>
  </document>
</source_file>
