<?xml version="1.0" encoding="UTF-8"?>
<!DOCTYPE source_file PUBLIC "SYSTEM" "apf.v5.2.0.dtd">

<source_file URI="adige20041008_id414210.txt" SOURCE="unknown" TYPE="text" VERSION="5.0" AUTHOR="Evalita" ENCODING="UTF-8">
  <document DOCID="adige20041008_id414210">
    <entity ID="adige20041008_id414210-E1" TYPE="PER" SUBTYPE="Group" CLASS="GEN">
      <entity_mention ID="adige20041008_id414210-E1-2" TYPE="NOM" PRIMARY="true" METONYMY_MENTION="FALSE">
        <extent>
          <charseq START="165" END="174">al neonato</charseq>
        </extent>
        <head>
          <charseq START="168" END="174">neonato</charseq>
        </head>
      </entity_mention>
    </entity>
    <entity ID="adige20041008_id414210-E2" TYPE="PER" SUBTYPE="Group" CLASS="GEN">
      <entity_mention ID="adige20041008_id414210-E2-2" TYPE="NOM" PRIMARY="true" METONYMY_MENTION="FALSE">
        <extent>
          <charseq START="188" END="192">mamme</charseq>
        </extent>
        <head>
          <charseq START="188" END="192">mamme</charseq>
        </head>
      </entity_mention>
      <entity_mention ID="adige20041008_id414210-E2-6" TYPE="NOM" PRIMARY="false" METONYMY_MENTION="FALSE">
        <extent>
          <charseq START="516" END="526">delle madri</charseq>
        </extent>
        <head>
          <charseq START="522" END="526">madri</charseq>
        </head>
      </entity_mention>
      <entity_mention ID="adige20041008_id414210-E2-8" TYPE="NOM" PRIMARY="false" METONYMY_MENTION="FALSE">
        <extent>
          <charseq START="1197" END="1204">la mamma</charseq>
        </extent>
        <head>
          <charseq START="1200" END="1204">mamma</charseq>
        </head>
      </entity_mention>
      <entity_mention ID="adige20041008_id414210-E2-9" TYPE="NOM" PRIMARY="false" METONYMY_MENTION="FALSE">
        <extent>
          <charseq START="416" END="424">una mamma</charseq>
        </extent>
        <head>
          <charseq START="420" END="424">mamma</charseq>
        </head>
      </entity_mention>
    </entity>
    <entity ID="adige20041008_id414210-E3" TYPE="PER" SUBTYPE="Group" CLASS="GEN">
      <entity_mention ID="adige20041008_id414210-E3-2" TYPE="NOM" PRIMARY="true" METONYMY_MENTION="FALSE">
        <extent>
          <charseq START="196" END="199">papà</charseq>
        </extent>
        <head>
          <charseq START="196" END="199">papà</charseq>
        </head>
      </entity_mention>
    </entity>
    <entity ID="adige20041008_id414210-E4" TYPE="PER" SUBTYPE="Group" CLASS="GEN">
      <entity_mention ID="adige20041008_id414210-E4-2" TYPE="NOM" PRIMARY="true" METONYMY_MENTION="FALSE">
        <extent>
          <charseq START="188" END="199">mamme e papà</charseq>
        </extent>
        <head>
          <charseq START="188" END="199">mamme e papà</charseq>
        </head>
      </entity_mention>
    </entity>
    <entity ID="adige20041008_id414210-E5" TYPE="PER" SUBTYPE="Group" CLASS="SPC">
      <entity_mention ID="adige20041008_id414210-E5-2" TYPE="NOM" PRIMARY="true" METONYMY_MENTION="FALSE">
        <extent>
          <charseq START="317" END="345">quasi tutte le mamme trentine</charseq>
        </extent>
        <head>
          <charseq START="332" END="336">mamme</charseq>
        </head>
      </entity_mention>
    </entity>
    <entity ID="adige20041008_id414210-E6" TYPE="PER" SUBTYPE="Individual" CLASS="SPC">
      <entity_mention ID="adige20041008_id414210-E6-2" TYPE="NAM" PRIMARY="true" METONYMY_MENTION="FALSE">
        <extent>
          <charseq START="396" END="408">Dino Pedrotti</charseq>
        </extent>
        <head>
          <charseq START="396" END="408">Dino Pedrotti</charseq>
        </head>
      </entity_mention>
      <entity_mention ID="adige20041008_id414210-E6-4" TYPE="NOM" PRIMARY="false" METONYMY_MENTION="FALSE">
        <extent>
          <charseq START="381" END="394">il neonatologo</charseq>
        </extent>
        <head>
          <charseq START="384" END="394">neonatologo</charseq>
        </head>
      </entity_mention>
      <entity_mention ID="adige20041008_id414210-E6-6" TYPE="NOM" PRIMARY="false" METONYMY_MENTION="FALSE">
        <extent>
          <charseq START="381" END="408">il neonatologo Dino Pedrotti</charseq>
        </extent>
        <head>
          <charseq START="381" END="408">il neonatologo Dino Pedrotti</charseq>
        </head>
      </entity_mention>
      <entity_attributes>
        <name NAME="Dino Pedrotti">
          <charseq START="396" END="408">Dino Pedrotti</charseq>
        </name>
      </entity_attributes>
    </entity>
    <entity ID="adige20041008_id414210-E10" TYPE="PER" SUBTYPE="Group" CLASS="SPC">
      <entity_mention ID="adige20041008_id414210-E10-2" TYPE="NOM" PRIMARY="true" METONYMY_MENTION="FALSE">
        <extent>
          <charseq START="997" END="1044">delle mamme che allattano esclusivamente al seno</charseq>
        </extent>
        <head>
          <charseq START="1003" END="1007">mamme</charseq>
        </head>
      </entity_mention>
      <entity_mention ID="adige20041008_id414210-E10-4" TYPE="PRO" PRIMARY="false" METONYMY_MENTION="FALSE">
        <extent>
          <charseq START="1009" END="1011">che</charseq>
        </extent>
        <head>
          <charseq START="1009" END="1011">che</charseq>
        </head>
      </entity_mention>
    </entity>
    <entity ID="adige20041008_id414210-E11" TYPE="PER" SUBTYPE="Group" CLASS="SPC">
      <entity_mention ID="adige20041008_id414210-E11-2" TYPE="PRO" PRIMARY="true" METONYMY_MENTION="FALSE">
        <extent>
          <charseq START="1289" END="1320">il 42% delle donne in gravidanza</charseq>
        </extent>
        <head>
          <charseq START="1294" END="1294">%</charseq>
        </head>
      </entity_mention>
    </entity>
    <entity ID="adige20041008_id414210-E12" TYPE="PER" SUBTYPE="Group" CLASS="SPC">
      <entity_mention ID="adige20041008_id414210-E12-2" TYPE="NOM" PRIMARY="true" METONYMY_MENTION="FALSE">
        <extent>
          <charseq START="1296" END="1320">delle donne in gravidanza</charseq>
        </extent>
        <head>
          <charseq START="1302" END="1306">donne</charseq>
        </head>
      </entity_mention>
    </entity>
    <entity ID="adige20041008_id414210-E13" TYPE="PER" SUBTYPE="Group" CLASS="SPC">
      <entity_mention ID="adige20041008_id414210-E13-2" TYPE="NOM" PRIMARY="true" METONYMY_MENTION="FALSE">
        <extent>
          <charseq START="1542" END="1636">delle ostetriche operatrici che dovrebbero essere di più e muoversi maggiormente sul territorio</charseq>
        </extent>
        <head>
          <charseq START="1559" END="1568">operatrici</charseq>
        </head>
      </entity_mention>
      <entity_mention ID="adige20041008_id414210-E13-4" TYPE="PRO" PRIMARY="false" METONYMY_MENTION="FALSE">
        <extent>
          <charseq START="1570" END="1572">che</charseq>
        </extent>
        <head>
          <charseq START="1570" END="1572">che</charseq>
        </head>
      </entity_mention>
    </entity>
    <entity ID="adige20041008_id414210-E14" TYPE="PER" SUBTYPE="Group" CLASS="SPC">
      <entity_mention ID="adige20041008_id414210-E14-2" TYPE="NOM" PRIMARY="true" METONYMY_MENTION="FALSE">
        <extent>
          <charseq START="561" END="579">tutti gli operatori</charseq>
        </extent>
        <head>
          <charseq START="571" END="579">operatori</charseq>
        </head>
      </entity_mention>
    </entity>
    <entity ID="adige20041008_id414210-E15" TYPE="PER" SUBTYPE="Group" CLASS="GEN">
      <entity_mention ID="adige20041008_id414210-E15-2" TYPE="NOM" PRIMARY="true" METONYMY_MENTION="FALSE">
        <extent>
          <charseq START="1712" END="1746">le mamme che hanno appena partorito</charseq>
        </extent>
        <head>
          <charseq START="1715" END="1719">mamme</charseq>
        </head>
      </entity_mention>
      <entity_mention ID="adige20041008_id414210-E15-4" TYPE="PRO" PRIMARY="false" METONYMY_MENTION="FALSE">
        <extent>
          <charseq START="1721" END="1723">che</charseq>
        </extent>
        <head>
          <charseq START="1721" END="1723">che</charseq>
        </head>
      </entity_mention>
    </entity>
    <entity ID="adige20041008_id414210-E16" TYPE="PER" SUBTYPE="Group" CLASS="GEN">
      <entity_mention ID="adige20041008_id414210-E16-2" TYPE="NOM" PRIMARY="true" METONYMY_MENTION="FALSE">
        <extent>
          <charseq START="1840" END="1852">del personale</charseq>
        </extent>
        <head>
          <charseq START="1844" END="1852">personale</charseq>
        </head>
      </entity_mention>
    </entity>
    <entity ID="adige20041008_id414210-E17" TYPE="PER" SUBTYPE="Group" CLASS="GEN">
      <entity_mention ID="adige20041008_id414210-E17-2" TYPE="NOM" PRIMARY="true" METONYMY_MENTION="FALSE">
        <extent>
          <charseq START="1979" END="1983">donne</charseq>
        </extent>
        <head>
          <charseq START="1979" END="1983">donne</charseq>
        </head>
      </entity_mention>
    </entity>
    <entity ID="adige20041008_id414210-E18" TYPE="PER" SUBTYPE="Group" CLASS="GEN">
      <entity_mention ID="adige20041008_id414210-E18-2" TYPE="NOM" PRIMARY="true" METONYMY_MENTION="FALSE">
        <extent>
          <charseq START="1987" END="2008">operatori territoriali</charseq>
        </extent>
        <head>
          <charseq START="1987" END="1995">operatori</charseq>
        </head>
      </entity_mention>
    </entity>
    <entity ID="adige20041008_id414210-E19" TYPE="PER" SUBTYPE="Group" CLASS="GEN">
      <entity_mention ID="adige20041008_id414210-E19-2" TYPE="NOM" PRIMARY="true" METONYMY_MENTION="FALSE">
        <extent>
          <charseq START="1979" END="2008">donne e operatori territoriali</charseq>
        </extent>
        <head>
          <charseq START="1979" END="2008">donne e operatori territoriali</charseq>
        </head>
      </entity_mention>
    </entity>
    <entity ID="adige20041008_id414210-E20" TYPE="PER" SUBTYPE="Individual" CLASS="SPC">
      <entity_mention ID="adige20041008_id414210-E20-2" TYPE="NAM" PRIMARY="true" METONYMY_MENTION="FALSE">
        <extent>
          <charseq START="2305" END="2318">Giorgio Viganò</charseq>
        </extent>
        <head>
          <charseq START="2305" END="2318">Giorgio Viganò</charseq>
        </head>
      </entity_mention>
      <entity_attributes>
        <name NAME="Giorgio Viganò">
          <charseq START="2305" END="2318">Giorgio Viganò</charseq>
        </name>
      </entity_attributes>
    </entity>
    <entity ID="adige20041008_id414210-E21" TYPE="PER" SUBTYPE="Individual" CLASS="SPC">
      <entity_mention ID="adige20041008_id414210-E21-2" TYPE="NAM" PRIMARY="true" METONYMY_MENTION="FALSE">
        <extent>
          <charseq START="2321" END="2333">Marta Dalmaso</charseq>
        </extent>
        <head>
          <charseq START="2321" END="2333">Marta Dalmaso</charseq>
        </head>
      </entity_mention>
      <entity_attributes>
        <name NAME="Marta Dalmaso">
          <charseq START="2321" END="2333">Marta Dalmaso</charseq>
        </name>
      </entity_attributes>
    </entity>
    <entity ID="adige20041008_id414210-E22" TYPE="PER" SUBTYPE="Individual" CLASS="SPC">
      <entity_mention ID="adige20041008_id414210-E22-2" TYPE="NAM" PRIMARY="true" METONYMY_MENTION="FALSE">
        <extent>
          <charseq START="2337" END="2350">Remo Andreolli</charseq>
        </extent>
        <head>
          <charseq START="2337" END="2350">Remo Andreolli</charseq>
        </head>
      </entity_mention>
      <entity_mention ID="adige20041008_id414210-E22-4" TYPE="NAM" PRIMARY="false" METONYMY_MENTION="FALSE">
        <extent>
          <charseq START="2402" END="2410">Andreolli</charseq>
        </extent>
        <head>
          <charseq START="2402" END="2410">Andreolli</charseq>
        </head>
      </entity_mention>
      <entity_mention ID="adige20041008_id414210-E22-6" TYPE="NOM" PRIMARY="false" METONYMY_MENTION="FALSE">
        <extent>
          <charseq START="2366" END="2400">l'assessore provinciale alla Sanità</charseq>
        </extent>
        <head>
          <charseq START="2368" END="2376">assessore</charseq>
        </head>
      </entity_mention>
      <entity_mention ID="adige20041008_id414210-E22-8" TYPE="NOM" PRIMARY="false" METONYMY_MENTION="FALSE">
        <extent>
          <charseq START="2366" END="2410">l'assessore provinciale alla Sanità Andreolli</charseq>
        </extent>
        <head>
          <charseq START="2366" END="2410">l'assessore provinciale alla Sanità Andreolli</charseq>
        </head>
      </entity_mention>
      <entity_mention ID="adige20041008_id414210-E22-10" TYPE="NOM" PRIMARY="false" METONYMY_MENTION="FALSE">
        <extent>
          <charseq START="37" END="59">l'assessore alla Salute</charseq>
        </extent>
        <head>
          <charseq START="39" END="47">assessore</charseq>
        </head>
      </entity_mention>
      <entity_attributes>
        <name NAME="Remo Andreolli">
          <charseq START="2337" END="2350">Remo Andreolli</charseq>
        </name>
        <name NAME="Andreolli">
          <charseq START="2402" END="2410">Andreolli</charseq>
        </name>
      </entity_attributes>
    </entity>
    <entity ID="adige20041008_id414210-E23" TYPE="PER" SUBTYPE="Group" CLASS="SPC">
      <entity_mention ID="adige20041008_id414210-E23-2" TYPE="NAM" PRIMARY="true" METONYMY_MENTION="FALSE">
        <extent>
          <charseq START="2305" END="2350">Giorgio Viganò, Marta Dalmaso e Remo Andreolli</charseq>
        </extent>
        <head>
          <charseq START="2305" END="2350">Giorgio Viganò, Marta Dalmaso e Remo Andreolli</charseq>
        </head>
      </entity_mention>
      <entity_attributes>
        <name NAME="Giorgio Viganò, Marta Dalmaso e Remo Andreolli">
          <charseq START="2305" END="2350">Giorgio Viganò, Marta Dalmaso e Remo Andreolli</charseq>
        </name>
      </entity_attributes>
    </entity>
    <entity ID="adige20041008_id414210-E24" TYPE="PER" SUBTYPE="Individual" CLASS="SPC">
      <entity_mention ID="adige20041008_id414210-E24-2" TYPE="NAM" PRIMARY="true" METONYMY_MENTION="FALSE">
        <extent>
          <charseq START="2502" END="2507">S.Cav.</charseq>
        </extent>
        <head>
          <charseq START="2502" END="2507">S.Cav.</charseq>
        </head>
      </entity_mention>
      <entity_attributes>
        <name NAME="S.Cav.">
          <charseq START="2502" END="2507">S.Cav.</charseq>
        </name>
      </entity_attributes>
    </entity>
    <entity ID="adige20041008_id414210-E25" TYPE="ORG" SUBTYPE="Non-Governmental" CLASS="SPC">
      <entity_mention ID="adige20041008_id414210-E25-1" TYPE="NAM" PRIMARY="true" METONYMY_MENTION="FALSE">
        <extent>
          <charseq START="782" END="820">dagli Amici della Neonatalogia Trentina</charseq>
        </extent>
        <head>
          <charseq START="788" END="820">Amici della Neonatalogia Trentina</charseq>
        </head>
      </entity_mention>
      <entity_attributes>
        <name NAME="Amici della Neonatalogia Trentina">
          <charseq START="788" END="820">Amici della Neonatalogia Trentina</charseq>
        </name>
      </entity_attributes>
    </entity>
    <entity ID="adige20041008_id414210-E26" TYPE="ORG" SUBTYPE="Medical-Science" CLASS="SPC">
      <entity_mention ID="adige20041008_id414210-E26-1" TYPE="NAM" PRIMARY="true" METONYMY_MENTION="FALSE">
        <extent>
          <charseq START="2196" END="2216">della Banca del Latte</charseq>
        </extent>
        <head>
          <charseq START="2202" END="2216">Banca del Latte</charseq>
        </head>
      </entity_mention>
      <entity_attributes>
        <name NAME="Banca del Latte">
          <charseq START="2202" END="2216">Banca del Latte</charseq>
        </name>
      </entity_attributes>
    </entity>
    <entity ID="adige20041008_id414210-E27" TYPE="ORG" SUBTYPE="Medical-Science" CLASS="USP">
      <entity_mention ID="adige20041008_id414210-E27-1" TYPE="NOM" PRIMARY="true" METONYMY_MENTION="FALSE">
        <extent>
          <charseq START="2455" END="2499">un gruppo di lavoro sull'allattamento al seno</charseq>
        </extent>
        <head>
          <charseq START="2458" END="2463">gruppo</charseq>
        </head>
      </entity_mention>
      <entity_mention ID="adige20041008_id414210-E27-2" TYPE="NOM" PRIMARY="false" METONYMY_MENTION="FALSE">
        <extent>
          <charseq START="100" END="115">gruppo di lavoro</charseq>
        </extent>
        <head>
          <charseq START="100" END="105">gruppo</charseq>
        </head>
      </entity_mention>
    </entity>
    <entity ID="adige20041008_id414210-E28" TYPE="GPE" SUBTYPE="State-or-Province" CLASS="SPC">
      <entity_mention ID="adige20041008_id414210-E28-1" TYPE="NAM" PRIMARY="true" ROLE="GPE" METONYMY_MENTION="FALSE">
        <extent>
          <charseq START="338" END="345">trentine</charseq>
        </extent>
        <head>
          <charseq START="338" END="345">trentine</charseq>
        </head>
      </entity_mention>
      <entity_mention ID="adige20041008_id414210-E28-2" TYPE="NAM" PRIMARY="false" ROLE="GPE" METONYMY_MENTION="FALSE">
        <extent>
          <charseq START="894" END="915">della nostra provincia</charseq>
        </extent>
        <head>
          <charseq START="907" END="915">provincia</charseq>
        </head>
      </entity_mention>
      <entity_mention ID="adige20041008_id414210-E28-3" TYPE="PRO" PRIMARY="false" ROLE="GPE" METONYMY_MENTION="FALSE">
        <extent>
          <charseq START="900" END="905">nostra</charseq>
        </extent>
        <head>
          <charseq START="900" END="905">nostra</charseq>
        </head>
      </entity_mention>
      <entity_mention ID="adige20041008_id414210-E28-4" TYPE="NOM" PRIMARY="false" ROLE="LOC" METONYMY_MENTION="FALSE">
        <extent>
          <charseq START="1623" END="1636">sul territorio</charseq>
        </extent>
        <head>
          <charseq START="1627" END="1636">territorio</charseq>
        </head>
      </entity_mention>
      <entity_mention ID="adige20041008_id414210-E28-5" TYPE="NAM" PRIMARY="false" ROLE="GPE" METONYMY_MENTION="FALSE">
        <extent>
          <charseq START="2378" END="2388">provinciale</charseq>
        </extent>
        <head>
          <charseq START="2378" END="2388">provinciale</charseq>
        </head>
      </entity_mention>
      <entity_attributes>
        <name NAME="provincia">
          <charseq START="907" END="915">provincia</charseq>
        </name>
      </entity_attributes>
    </entity>
    <entity ID="adige20041008_id414210-E29" TYPE="ORG" SUBTYPE="Medical-Science" CLASS="SPC">
      <entity_mention ID="adige20041008_id414210-E29-1" TYPE="NAM" PRIMARY="true" METONYMY_MENTION="FALSE">
        <extent>
          <charseq START="1067" END="1097">della Neonatalogia del S.Chiara</charseq>
        </extent>
        <head>
          <charseq START="1073" END="1084">Neonatalogia</charseq>
        </head>
      </entity_mention>
      <entity_attributes>
        <name NAME="Neonatalogia">
          <charseq START="1073" END="1084">Neonatalogia</charseq>
        </name>
      </entity_attributes>
    </entity>
    <entity ID="adige20041008_id414210-E30" TYPE="ORG" SUBTYPE="Medical-Science" CLASS="SPC">
      <entity_mention ID="adige20041008_id414210-E30-1" TYPE="NAM" PRIMARY="true" METONYMY_MENTION="FALSE">
        <extent>
          <charseq START="1086" END="1097">del S.Chiara</charseq>
        </extent>
        <head>
          <charseq START="1090" END="1097">S.Chiara</charseq>
        </head>
      </entity_mention>
      <entity_attributes>
        <name NAME="S.Chiara">
          <charseq START="1090" END="1097">S.Chiara</charseq>
        </name>
      </entity_attributes>
    </entity>
    <entity ID="adige20041008_id414210-E31" TYPE="LOC" SUBTYPE="Land-Region-Natural" CLASS="SPC">
      <entity_mention ID="adige20041008_id414210-E31-1" TYPE="NOM" PRIMARY="true" METONYMY_MENTION="FALSE">
        <extent>
          <charseq START="1651" END="1661">nelle valli</charseq>
        </extent>
        <head>
          <charseq START="1657" END="1661">valli</charseq>
        </head>
      </entity_mention>
    </entity>
  </document>
</source_file>
