<?xml version="1.0" encoding="UTF-8"?>
<!DOCTYPE source_file PUBLIC "SYSTEM" "apf.v5.2.0.dtd">

<source_file URI="adige20041008_id414183.txt" SOURCE="unknown" TYPE="text" VERSION="5.0" AUTHOR="Evalita" ENCODING="UTF-8">
  <document DOCID="adige20041008_id414183">
    <entity ID="adige20041008_id414183-E1" TYPE="PER" SUBTYPE="Individual" CLASS="SPC">
      <entity_mention ID="adige20041008_id414183-E1-1" TYPE="NAM" PRIMARY="true" METONYMY_MENTION="FALSE">
        <extent>
          <charseq START="253" END="264">MATTIA PELLI</charseq>
        </extent>
        <head>
          <charseq START="253" END="264">MATTIA PELLI</charseq>
        </head>
      </entity_mention>
      <entity_attributes>
        <name NAME="MATTIA PELLI">
          <charseq START="253" END="264">MATTIA PELLI</charseq>
        </name>
      </entity_attributes>
    </entity>
    <entity ID="adige20041008_id414183-E2" TYPE="PER" SUBTYPE="Group" CLASS="GEN">
      <entity_mention ID="adige20041008_id414183-E2-1" TYPE="NOM" PRIMARY="true" METONYMY_MENTION="FALSE">
        <extent>
          <charseq START="476" END="486">le famiglie</charseq>
        </extent>
        <head>
          <charseq START="479" END="486">famiglie</charseq>
        </head>
      </entity_mention>
      <entity_mention ID="adige20041008_id414183-E2-2" TYPE="PRO" PRIMARY="false" METONYMY_MENTION="FALSE">
        <extent>
          <charseq START="505" END="508">loro</charseq>
        </extent>
        <head>
          <charseq START="505" END="508">loro</charseq>
        </head>
      </entity_mention>
      <entity_mention ID="adige20041008_id414183-E2-3" TYPE="NOM" PRIMARY="false" METONYMY_MENTION="FALSE">
        <extent>
          <charseq START="1519" END="1530">una famiglia</charseq>
        </extent>
        <head>
          <charseq START="1523" END="1530">famiglia</charseq>
        </head>
      </entity_mention>
    </entity>
    <entity ID="adige20041008_id414183-E4" TYPE="PER" SUBTYPE="Group" CLASS="SPC">
      <entity_mention ID="adige20041008_id414183-E4-1" TYPE="NOM" PRIMARY="true" METONYMY_MENTION="FALSE">
        <extent>
          <charseq START="907" END="913">tecnici</charseq>
        </extent>
        <head>
          <charseq START="907" END="913">tecnici</charseq>
        </head>
      </entity_mention>
    </entity>
    <entity ID="adige20041008_id414183-E6" TYPE="PER" SUBTYPE="Individual" CLASS="SPC">
      <entity_mention ID="adige20041008_id414183-E6-1" TYPE="NAM" PRIMARY="true" METONYMY_MENTION="FALSE">
        <extent>
          <charseq START="1313" END="1328">Gianfranco Cerea</charseq>
        </extent>
        <head>
          <charseq START="1313" END="1328">Gianfranco Cerea</charseq>
        </head>
      </entity_mention>
      <entity_mention ID="adige20041008_id414183-E6-2" TYPE="NOM" PRIMARY="false" METONYMY_MENTION="FALSE">
        <extent>
          <charseq START="1300" END="1311">l'economista</charseq>
        </extent>
        <head>
          <charseq START="1302" END="1311">economista</charseq>
        </head>
      </entity_mention>
      <entity_mention ID="adige20041008_id414183-E6-3" TYPE="NOM" PRIMARY="false" METONYMY_MENTION="FALSE">
        <extent>
          <charseq START="1272" END="1297">il suo « padre » simbolico</charseq>
        </extent>
        <head>
          <charseq START="1281" END="1285">padre</charseq>
        </head>
      </entity_mention>
      <entity_mention ID="adige20041008_id414183-E6-4" TYPE="NOM" PRIMARY="false" METONYMY_MENTION="FALSE">
        <extent>
          <charseq START="1272" END="1328">il suo « padre » simbolico, l'economista Gianfranco Cerea</charseq>
        </extent>
        <head>
          <charseq START="1272" END="1328">il suo « padre » simbolico, l'economista Gianfranco Cerea</charseq>
        </head>
      </entity_mention>
      <entity_mention ID="adige20041008_id414183-E6-5" TYPE="NAM" PRIMARY="false" METONYMY_MENTION="FALSE">
        <extent>
          <charseq START="194" END="198">Cerea</charseq>
        </extent>
        <head>
          <charseq START="194" END="198">Cerea</charseq>
        </head>
      </entity_mention>
      <entity_mention ID="adige20041008_id414183-E6-6" TYPE="NAM" PRIMARY="false" METONYMY_MENTION="FALSE">
        <extent>
          <charseq START="1877" END="1881">Cerea</charseq>
        </extent>
        <head>
          <charseq START="1877" END="1881">Cerea</charseq>
        </head>
      </entity_mention>
      <entity_mention ID="adige20041008_id414183-E6-7" TYPE="NAM" PRIMARY="false" METONYMY_MENTION="FALSE">
        <extent>
          <charseq START="2421" END="2425">Cerea</charseq>
        </extent>
        <head>
          <charseq START="2421" END="2425">Cerea</charseq>
        </head>
      </entity_mention>
      <entity_attributes>
        <name NAME="Gianfranco Cerea">
          <charseq START="1313" END="1328">Gianfranco Cerea</charseq>
        </name>
        <name NAME="Cerea">
          <charseq START="194" END="198">Cerea</charseq>
        </name>
        <name NAME="Cerea">
          <charseq START="1877" END="1881">Cerea</charseq>
        </name>
        <name NAME="Cerea">
          <charseq START="2421" END="2425">Cerea</charseq>
        </name>
      </entity_attributes>
    </entity>
    <entity ID="adige20041008_id414183-E7" TYPE="PER" SUBTYPE="Individual" CLASS="SPC">
      <entity_mention ID="adige20041008_id414183-E7-1" TYPE="NAM" PRIMARY="true" METONYMY_MENTION="FALSE">
        <extent>
          <charseq START="1572" END="1611">Gilberto Barbieri, della società Clesius</charseq>
        </extent>
        <head>
          <charseq START="1572" END="1588">Gilberto Barbieri</charseq>
        </head>
      </entity_mention>
      <entity_attributes>
        <name NAME="Gilberto Barbieri">
          <charseq START="1572" END="1588">Gilberto Barbieri</charseq>
        </name>
      </entity_attributes>
    </entity>
    <entity ID="adige20041008_id414183-E8" TYPE="PER" SUBTYPE="Group" CLASS="GEN">
      <entity_mention ID="adige20041008_id414183-E8-1" TYPE="NOM" PRIMARY="true" METONYMY_MENTION="FALSE">
        <extent>
          <charseq START="1899" END="1910">dei relatori</charseq>
        </extent>
        <head>
          <charseq START="1903" END="1910">relatori</charseq>
        </head>
      </entity_mention>
    </entity>
    <entity ID="adige20041008_id414183-E9" TYPE="PER" SUBTYPE="Group" CLASS="USP">
      <entity_mention ID="adige20041008_id414183-E9-1" TYPE="PRO" PRIMARY="true" METONYMY_MENTION="FALSE">
        <extent>
          <charseq START="1981" END="1983">voi</charseq>
        </extent>
        <head>
          <charseq START="1981" END="1983">voi</charseq>
        </head>
      </entity_mention>
      <entity_mention ID="adige20041008_id414183-E9-2" TYPE="PRO" PRIMARY="false" METONYMY_MENTION="FALSE">
        <extent>
          <charseq START="2194" END="2196">voi</charseq>
        </extent>
        <head>
          <charseq START="2194" END="2196">voi</charseq>
        </head>
      </entity_mention>
    </entity>
    <entity ID="adige20041008_id414183-E10" TYPE="PER" SUBTYPE="Individual" CLASS="USP">
      <entity_mention ID="adige20041008_id414183-E10-1" TYPE="NOM" PRIMARY="true" METONYMY_MENTION="FALSE">
        <extent>
          <charseq START="2241" END="2250">la persona</charseq>
        </extent>
        <head>
          <charseq START="2244" END="2250">persona</charseq>
        </head>
      </entity_mention>
    </entity>
    <entity ID="adige20041008_id414183-E11" TYPE="PER" SUBTYPE="Individual" CLASS="SPC">
      <entity_mention ID="adige20041008_id414183-E11-1" TYPE="NAM" PRIMARY="true" METONYMY_MENTION="FALSE">
        <extent>
          <charseq START="2556" END="2569">Ermanno Monari</charseq>
        </extent>
        <head>
          <charseq START="2556" END="2569">Ermanno Monari</charseq>
        </head>
      </entity_mention>
      <entity_mention ID="adige20041008_id414183-E11-2" TYPE="NOM" PRIMARY="false" METONYMY_MENTION="FALSE">
        <extent>
          <charseq START="2572" END="2585">segretario Uil</charseq>
        </extent>
        <head>
          <charseq START="2572" END="2581">segretario</charseq>
        </head>
      </entity_mention>
      <entity_mention ID="adige20041008_id414183-E11-3" TYPE="NAM" PRIMARY="false" METONYMY_MENTION="FALSE">
        <extent>
          <charseq START="2556" END="2585">Ermanno Monari, segretario Uil</charseq>
        </extent>
        <head>
          <charseq START="2556" END="2585">Ermanno Monari, segretario Uil</charseq>
        </head>
      </entity_mention>
      <entity_attributes>
        <name NAME="Ermanno Monari">
          <charseq START="2556" END="2569">Ermanno Monari</charseq>
        </name>
        <name NAME="Ermanno Monari, segretario Uil">
          <charseq START="2556" END="2585">Ermanno Monari, segretario Uil</charseq>
        </name>
      </entity_attributes>
    </entity>
    <entity ID="adige20041008_id414183-E12" TYPE="PER" SUBTYPE="Individual" CLASS="SPC">
      <entity_mention ID="adige20041008_id414183-E12-1" TYPE="NAM" PRIMARY="true" METONYMY_MENTION="FALSE">
        <extent>
          <charseq START="2634" END="2646">Ruggero Purin</charseq>
        </extent>
        <head>
          <charseq START="2634" END="2646">Ruggero Purin</charseq>
        </head>
      </entity_mention>
      <entity_mention ID="adige20041008_id414183-E12-2" TYPE="NOM" PRIMARY="false" METONYMY_MENTION="FALSE">
        <extent>
          <charseq START="2608" END="2632">del numero uno della Cgil</charseq>
        </extent>
        <head>
          <charseq START="2612" END="2621">numero uno</charseq>
        </head>
      </entity_mention>
      <entity_mention ID="adige20041008_id414183-E12-3" TYPE="NOM" PRIMARY="false" METONYMY_MENTION="FALSE">
        <extent>
          <charseq START="2608" END="2646">del numero uno della Cgil Ruggero Purin</charseq>
        </extent>
        <head>
          <charseq START="2608" END="2646">del numero uno della Cgil Ruggero Purin</charseq>
        </head>
      </entity_mention>
      <entity_mention ID="adige20041008_id414183-E12-4" TYPE="PRO" PRIMARY="false" METONYMY_MENTION="FALSE">
        <extent>
          <charseq START="2730" END="2732">sua</charseq>
        </extent>
        <head>
          <charseq START="2730" END="2732">sua</charseq>
        </head>
      </entity_mention>
      <entity_mention ID="adige20041008_id414183-E12-5" TYPE="NAM" PRIMARY="false" METONYMY_MENTION="FALSE">
        <extent>
          <charseq START="2995" END="2999">Purin</charseq>
        </extent>
        <head>
          <charseq START="2995" END="2999">Purin</charseq>
        </head>
      </entity_mention>
      <entity_mention ID="adige20041008_id414183-E12-6" TYPE="NAM" PRIMARY="false" METONYMY_MENTION="FALSE">
        <extent>
          <charseq START="13" END="17">Purin</charseq>
        </extent>
        <head>
          <charseq START="13" END="17">Purin</charseq>
        </head>
      </entity_mention>
      <entity_attributes>
        <name NAME="Ruggero Purin">
          <charseq START="2634" END="2646">Ruggero Purin</charseq>
        </name>
        <name NAME="Purin">
          <charseq START="2995" END="2999">Purin</charseq>
        </name>
        <name NAME="Purin">
          <charseq START="13" END="17">Purin</charseq>
        </name>
      </entity_attributes>
    </entity>
    <entity ID="adige20041008_id414183-E13" TYPE="PER" SUBTYPE="Group" CLASS="SPC">
      <entity_mention ID="adige20041008_id414183-E13-1" TYPE="NOM" PRIMARY="true" METONYMY_MENTION="FALSE">
        <extent>
          <charseq START="2710" END="2721">dei colleghi</charseq>
        </extent>
        <head>
          <charseq START="2714" END="2721">colleghi</charseq>
        </head>
      </entity_mention>
    </entity>
    <entity ID="adige20041008_id414183-E14" TYPE="PER" SUBTYPE="Individual" CLASS="SPC">
      <entity_mention ID="adige20041008_id414183-E14-1" TYPE="NAM" PRIMARY="true" METONYMY_MENTION="FALSE">
        <extent>
          <charseq START="3217" END="3233">Ferruccio Morandi</charseq>
        </extent>
        <head>
          <charseq START="3217" END="3233">Ferruccio Morandi</charseq>
        </head>
      </entity_mention>
      <entity_mention ID="adige20041008_id414183-E14-2" TYPE="NOM" PRIMARY="false" METONYMY_MENTION="FALSE">
        <extent>
          <charseq START="3236" END="3257">responsabile Caaf Cgil</charseq>
        </extent>
        <head>
          <charseq START="3236" END="3247">responsabile</charseq>
        </head>
      </entity_mention>
      <entity_mention ID="adige20041008_id414183-E14-3" TYPE="NAM" PRIMARY="false" METONYMY_MENTION="FALSE">
        <extent>
          <charseq START="3217" END="3257">Ferruccio Morandi, responsabile Caaf Cgil</charseq>
        </extent>
        <head>
          <charseq START="3217" END="3257">Ferruccio Morandi, responsabile Caaf Cgil</charseq>
        </head>
      </entity_mention>
      <entity_attributes>
        <name NAME="Ferruccio Morandi">
          <charseq START="3217" END="3233">Ferruccio Morandi</charseq>
        </name>
        <name NAME="Ferruccio Morandi, responsabile Caaf Cgil">
          <charseq START="3217" END="3257">Ferruccio Morandi, responsabile Caaf Cgil</charseq>
        </name>
      </entity_attributes>
    </entity>
    <entity ID="adige20041008_id414183-E15" TYPE="PER" SUBTYPE="Indefinite" CLASS="USP">
      <entity_mention ID="adige20041008_id414183-E15-1" TYPE="PRO" PRIMARY="true" METONYMY_MENTION="FALSE">
        <extent>
          <charseq START="3375" END="3376">si</charseq>
        </extent>
        <head>
          <charseq START="3375" END="3376">si</charseq>
        </head>
      </entity_mention>
    </entity>
    <entity ID="adige20041008_id414183-E16" TYPE="ORG" SUBTYPE="Non-Governmental" CLASS="SPC">
      <entity_mention ID="adige20041008_id414183-E16-1" TYPE="NAM" PRIMARY="true" METONYMY_MENTION="FALSE">
        <extent>
          <charseq START="274" END="277">Cisl</charseq>
        </extent>
        <head>
          <charseq START="274" END="277">Cisl</charseq>
        </head>
      </entity_mention>
      <entity_mention ID="adige20041008_id414183-E16-2" TYPE="NAM" PRIMARY="false" METONYMY_MENTION="FALSE">
        <extent>
          <charseq START="1013" END="1016">Cisl</charseq>
        </extent>
        <head>
          <charseq START="1013" END="1016">Cisl</charseq>
        </head>
      </entity_mention>
      <entity_mention ID="adige20041008_id414183-E16-3" TYPE="NAM" PRIMARY="false" METONYMY_MENTION="FALSE">
        <extent>
          <charseq START="2392" END="2395">Cisl</charseq>
        </extent>
        <head>
          <charseq START="2392" END="2395">Cisl</charseq>
        </head>
      </entity_mention>
      <entity_mention ID="adige20041008_id414183-E16-4" TYPE="NAM" PRIMARY="false" METONYMY_MENTION="FALSE">
        <extent>
          <charseq START="209" END="212">Cisl</charseq>
        </extent>
        <head>
          <charseq START="209" END="212">Cisl</charseq>
        </head>
      </entity_mention>
      <entity_attributes>
        <name NAME="Cisl">
          <charseq START="274" END="277">Cisl</charseq>
        </name>
        <name NAME="Cisl">
          <charseq START="1013" END="1016">Cisl</charseq>
        </name>
        <name NAME="Cisl">
          <charseq START="2392" END="2395">Cisl</charseq>
        </name>
        <name NAME="Cisl">
          <charseq START="209" END="212">Cisl</charseq>
        </name>
      </entity_attributes>
    </entity>
    <entity ID="adige20041008_id414183-E17" TYPE="ORG" SUBTYPE="Non-Governmental" CLASS="SPC">
      <entity_mention ID="adige20041008_id414183-E17-1" TYPE="NAM" PRIMARY="true" METONYMY_MENTION="FALSE">
        <extent>
          <charseq START="281" END="283">Uil</charseq>
        </extent>
        <head>
          <charseq START="281" END="283">Uil</charseq>
        </head>
      </entity_mention>
      <entity_mention ID="adige20041008_id414183-E17-2" TYPE="NAM" PRIMARY="false" METONYMY_MENTION="FALSE">
        <extent>
          <charseq START="1020" END="1022">Uil</charseq>
        </extent>
        <head>
          <charseq START="1020" END="1022">Uil</charseq>
        </head>
      </entity_mention>
      <entity_mention ID="adige20041008_id414183-E17-3" TYPE="NAM" PRIMARY="false" METONYMY_MENTION="FALSE">
        <extent>
          <charseq START="2399" END="2401">Uil</charseq>
        </extent>
        <head>
          <charseq START="2399" END="2401">Uil</charseq>
        </head>
      </entity_mention>
      <entity_mention ID="adige20041008_id414183-E17-4" TYPE="NAM" PRIMARY="false" METONYMY_MENTION="FALSE">
        <extent>
          <charseq START="2583" END="2585">Uil</charseq>
        </extent>
        <head>
          <charseq START="2583" END="2585">Uil</charseq>
        </head>
      </entity_mention>
      <entity_mention ID="adige20041008_id414183-E17-5" TYPE="NAM" PRIMARY="false" METONYMY_MENTION="FALSE">
        <extent>
          <charseq START="216" END="218">Uil</charseq>
        </extent>
        <head>
          <charseq START="216" END="218">Uil</charseq>
        </head>
      </entity_mention>
      <entity_attributes>
        <name NAME="Uil">
          <charseq START="281" END="283">Uil</charseq>
        </name>
        <name NAME="Uil">
          <charseq START="1020" END="1022">Uil</charseq>
        </name>
        <name NAME="Uil">
          <charseq START="2399" END="2401">Uil</charseq>
        </name>
        <name NAME="Uil">
          <charseq START="2583" END="2585">Uil</charseq>
        </name>
        <name NAME="Uil">
          <charseq START="216" END="218">Uil</charseq>
        </name>
      </entity_attributes>
    </entity>
    <entity ID="adige20041008_id414183-E18" TYPE="ORG" SUBTYPE="Non-Governmental" CLASS="SPC">
      <entity_mention ID="adige20041008_id414183-E18-1" TYPE="NAM" PRIMARY="true" METONYMY_MENTION="FALSE">
        <extent>
          <charseq START="274" END="283">Cisl e Uil</charseq>
        </extent>
        <head>
          <charseq START="274" END="283">Cisl e Uil</charseq>
        </head>
      </entity_mention>
      <entity_mention ID="adige20041008_id414183-E18-2" TYPE="NAM" PRIMARY="false" METONYMY_MENTION="FALSE">
        <extent>
          <charseq START="2392" END="2401">Cisl e Uil</charseq>
        </extent>
        <head>
          <charseq START="2392" END="2401">Cisl e Uil</charseq>
        </head>
      </entity_mention>
      <entity_mention ID="adige20041008_id414183-E18-3" TYPE="NAM" PRIMARY="false" METONYMY_MENTION="FALSE">
        <extent>
          <charseq START="209" END="218">Cisl e Uil</charseq>
        </extent>
        <head>
          <charseq START="209" END="218">Cisl e Uil</charseq>
        </head>
      </entity_mention>
      <entity_attributes>
        <name NAME="Cisl e Uil">
          <charseq START="274" END="283">Cisl e Uil</charseq>
        </name>
        <name NAME="Cisl e Uil">
          <charseq START="2392" END="2401">Cisl e Uil</charseq>
        </name>
        <name NAME="Cisl e Uil">
          <charseq START="209" END="218">Cisl e Uil</charseq>
        </name>
      </entity_attributes>
    </entity>
    <entity ID="adige20041008_id414183-E19" TYPE="ORG" SUBTYPE="Non-Governmental" CLASS="SPC">
      <entity_mention ID="adige20041008_id414183-E19-1" TYPE="NAM" PRIMARY="true" METONYMY_MENTION="FALSE">
        <extent>
          <charseq START="296" END="302">la Cgil</charseq>
        </extent>
        <head>
          <charseq START="299" END="302">Cgil</charseq>
        </head>
      </entity_mention>
      <entity_mention ID="adige20041008_id414183-E19-2" TYPE="NAM" PRIMARY="false" METONYMY_MENTION="FALSE">
        <extent>
          <charseq START="1007" END="1010">Cgil</charseq>
        </extent>
        <head>
          <charseq START="1007" END="1010">Cgil</charseq>
        </head>
      </entity_mention>
      <entity_mention ID="adige20041008_id414183-E19-3" TYPE="NAM" PRIMARY="false" METONYMY_MENTION="FALSE">
        <extent>
          <charseq START="2623" END="2632">della Cgil</charseq>
        </extent>
        <head>
          <charseq START="2629" END="2632">Cgil</charseq>
        </head>
      </entity_mention>
      <entity_mention ID="adige20041008_id414183-E19-4" TYPE="NAM" PRIMARY="false" METONYMY_MENTION="FALSE">
        <extent>
          <charseq START="3121" END="3130">della Cgil</charseq>
        </extent>
        <head>
          <charseq START="3127" END="3130">Cgil</charseq>
        </head>
      </entity_mention>
      <entity_mention ID="adige20041008_id414183-E19-5" TYPE="NAM" PRIMARY="false" METONYMY_MENTION="FALSE">
        <extent>
          <charseq START="239" END="248">della Cgil</charseq>
        </extent>
        <head>
          <charseq START="245" END="248">Cgil</charseq>
        </head>
      </entity_mention>
      <entity_attributes>
        <name NAME="Cgil">
          <charseq START="299" END="302">Cgil</charseq>
        </name>
        <name NAME="Cgil">
          <charseq START="1007" END="1010">Cgil</charseq>
        </name>
        <name NAME="Cgil">
          <charseq START="2629" END="2632">Cgil</charseq>
        </name>
        <name NAME="Cgil">
          <charseq START="3127" END="3130">Cgil</charseq>
        </name>
        <name NAME="Cgil">
          <charseq START="245" END="248">Cgil</charseq>
        </name>
      </entity_attributes>
    </entity>
    <entity ID="adige20041008_id414183-E21" TYPE="ORG" SUBTYPE="Non-Governmental" CLASS="SPC">
      <entity_mention ID="adige20041008_id414183-E21-1" TYPE="NOM" PRIMARY="true" METONYMY_MENTION="FALSE">
        <extent>
          <charseq START="584" END="604">le tre confederazioni</charseq>
        </extent>
        <head>
          <charseq START="591" END="604">confederazioni</charseq>
        </head>
      </entity_mention>
      <entity_mention ID="adige20041008_id414183-E21-2" TYPE="PRO" PRIMARY="false" METONYMY_MENTION="FALSE">
        <extent>
          <charseq START="625" END="628">loro</charseq>
        </extent>
        <head>
          <charseq START="625" END="628">loro</charseq>
        </head>
      </entity_mention>
      <entity_mention ID="adige20041008_id414183-E21-3" TYPE="NAM" PRIMARY="false" METONYMY_MENTION="FALSE">
        <extent>
          <charseq START="1007" END="1022">Cgil, Cisl e Uil</charseq>
        </extent>
        <head>
          <charseq START="1007" END="1022">Cgil, Cisl e Uil</charseq>
        </head>
      </entity_mention>
      <entity_mention ID="adige20041008_id414183-E21-4" TYPE="NOM" PRIMARY="false" METONYMY_MENTION="FALSE">
        <extent>
          <charseq START="383" END="391">sindacati</charseq>
        </extent>
        <head>
          <charseq START="383" END="391">sindacati</charseq>
        </head>
      </entity_mention>
      <entity_attributes>
        <name NAME="Cgil, Cisl e Uil">
          <charseq START="1007" END="1022">Cgil, Cisl e Uil</charseq>
        </name>
      </entity_attributes>
    </entity>
    <entity ID="adige20041008_id414183-E22" TYPE="PER" SUBTYPE="Group" CLASS="SPC">
      <entity_mention ID="adige20041008_id414183-E22-1" TYPE="NOM" PRIMARY="true" METONYMY_MENTION="FALSE">
        <extent>
          <charseq START="917" END="928">sindacalisti</charseq>
        </extent>
        <head>
          <charseq START="917" END="928">sindacalisti</charseq>
        </head>
      </entity_mention>
    </entity>
    <entity ID="adige20041008_id414183-E23" TYPE="PER" SUBTYPE="Group" CLASS="SPC">
      <entity_mention ID="adige20041008_id414183-E23-1" TYPE="NOM" PRIMARY="true" METONYMY_MENTION="FALSE">
        <extent>
          <charseq START="907" END="928">tecnici e sindacalisti</charseq>
        </extent>
        <head>
          <charseq START="907" END="928">tecnici e sindacalisti</charseq>
        </head>
      </entity_mention>
    </entity>
    <entity ID="adige20041008_id414183-E25" TYPE="ORG" SUBTYPE="Government" CLASS="GEN">
      <entity_mention ID="adige20041008_id414183-E25-1" TYPE="NOM" PRIMARY="true" METONYMY_MENTION="FALSE">
        <extent>
          <charseq START="2886" END="2905">dell'amministrazione</charseq>
        </extent>
        <head>
          <charseq START="2891" END="2905">amministrazione</charseq>
        </head>
      </entity_mention>
    </entity>
    <entity ID="adige20041008_id414183-E26" TYPE="ORG" SUBTYPE="Non-Governmental" CLASS="SPC">
      <entity_mention ID="adige20041008_id414183-E26-1" TYPE="NAM" PRIMARY="true" METONYMY_MENTION="FALSE">
        <extent>
          <charseq START="3249" END="3257">Caaf Cgil</charseq>
        </extent>
        <head>
          <charseq START="3249" END="3257">Caaf Cgil</charseq>
        </head>
      </entity_mention>
      <entity_attributes>
        <name NAME="Caaf Cgil">
          <charseq START="3249" END="3257">Caaf Cgil</charseq>
        </name>
      </entity_attributes>
    </entity>
    <entity ID="adige20041008_id414183-E27" TYPE="ORG" SUBTYPE="Commercial" CLASS="SPC">
      <entity_mention ID="adige20041008_id414183-E27-1" TYPE="NAM" PRIMARY="true" METONYMY_MENTION="FALSE">
        <extent>
          <charseq START="1605" END="1611">Clesius</charseq>
        </extent>
        <head>
          <charseq START="1605" END="1611">Clesius</charseq>
        </head>
      </entity_mention>
      <entity_mention ID="adige20041008_id414183-E27-2" TYPE="NOM" PRIMARY="false" METONYMY_MENTION="FALSE">
        <extent>
          <charseq START="1591" END="1603">della società</charseq>
        </extent>
        <head>
          <charseq START="1597" END="1603">società</charseq>
        </head>
      </entity_mention>
      <entity_mention ID="adige20041008_id414183-E27-3" TYPE="NOM" PRIMARY="false" METONYMY_MENTION="FALSE">
        <extent>
          <charseq START="1591" END="1611">della società Clesius</charseq>
        </extent>
        <head>
          <charseq START="1591" END="1611">della società Clesius</charseq>
        </head>
      </entity_mention>
      <entity_attributes>
        <name NAME="Clesius">
          <charseq START="1605" END="1611">Clesius</charseq>
        </name>
      </entity_attributes>
    </entity>
    <entity ID="adige20041008_id414183-E28" TYPE="GPE" SUBTYPE="State-or-Province" CLASS="SPC">
      <entity_mention ID="adige20041008_id414183-E28-2" TYPE="NAM" PRIMARY="true" ROLE="ORG" METONYMY_MENTION="FALSE">
        <extent>
          <charseq START="395" END="403">Provincia</charseq>
        </extent>
        <head>
          <charseq START="395" END="403">Provincia</charseq>
        </head>
      </entity_mention>
      <entity_mention ID="adige20041008_id414183-E28-4" TYPE="NAM" PRIMARY="false" ROLE="GPE" METONYMY_MENTION="FALSE">
        <extent>
          <charseq START="666" END="678">trentinissimo</charseq>
        </extent>
        <head>
          <charseq START="666" END="678">trentinissimo</charseq>
        </head>
      </entity_mention>
      <entity_mention ID="adige20041008_id414183-E28-6" TYPE="PRO" PRIMARY="false" ROLE="ORG" METONYMY_MENTION="FALSE">
        <extent>
          <charseq START="810" END="812">noi</charseq>
        </extent>
        <head>
          <charseq START="810" END="812">noi</charseq>
        </head>
      </entity_mention>
      <entity_mention ID="adige20041008_id414183-E28-8" TYPE="NAM" PRIMARY="false" ROLE="GPE" METONYMY_MENTION="FALSE">
        <extent>
          <charseq START="1214" END="1235">della nostra provincia</charseq>
        </extent>
        <head>
          <charseq START="1227" END="1235">provincia</charseq>
        </head>
      </entity_mention>
      <entity_mention ID="adige20041008_id414183-E28-10" TYPE="PRO" PRIMARY="false" ROLE="ORG" METONYMY_MENTION="FALSE">
        <extent>
          <charseq START="1220" END="1225">nostra</charseq>
        </extent>
        <head>
          <charseq START="1220" END="1225">nostra</charseq>
        </head>
      </entity_mention>
      <entity_mention ID="adige20041008_id414183-E28-12" TYPE="NAM" PRIMARY="false" ROLE="ORG" METONYMY_MENTION="FALSE">
        <extent>
          <charseq START="3298" END="3310">la Provincia</charseq>
        </extent>
        <head>
          <charseq START="3302" END="3310">Provincia</charseq>
        </head>
      </entity_mention>
      <entity_attributes>
        <name NAME="Provincia">
          <charseq START="395" END="403">Provincia</charseq>
        </name>
        <name NAME="provincia">
          <charseq START="1227" END="1235">provincia</charseq>
        </name>
        <name NAME="Provincia">
          <charseq START="3302" END="3310">Provincia</charseq>
        </name>
      </entity_attributes>
    </entity>
    <entity ID="adige20041008_id414183-E31" TYPE="GPE" SUBTYPE="Nation" CLASS="SPC">
      <entity_mention ID="adige20041008_id414183-E31-2" TYPE="NOM" PRIMARY="true" ROLE="ORG" METONYMY_MENTION="FALSE">
        <extent>
          <charseq START="3144" END="3151">lo Stato</charseq>
        </extent>
        <head>
          <charseq START="3147" END="3151">Stato</charseq>
        </head>
      </entity_mention>
    </entity>
  </document>
</source_file>
