<?xml version="1.0" encoding="UTF-8"?>
<!DOCTYPE source_file PUBLIC "SYSTEM" "apf.v5.1.1.dtd">

<source_file URI="adige20040908_id405903.sgm" SOURCE="unknown" TYPE="text" VERSION="5.0" AUTHOR="romano" ENCODING="UTF-8">
  <document DOCID="adige20040908_id405903">
    <timex2 ID="adige20040908_id405903-T7" VAL="XXXX-WI">
      <timex2_mention ID="adige20040908_id405903-T7-1">
        <extent>
          <charseq START="1133" END="1141">invernale</charseq>
        </extent>
      </timex2_mention>
    </timex2>
    <timex2 ID="adige20040908_id405903-T8" VAL="XXXX-WI">
      <timex2_mention ID="adige20040908_id405903-T8-1">
        <extent>
          <charseq START="1241" END="1249">invernale</charseq>
        </extent>
      </timex2_mention>
    </timex2>
    <timex2 ID="adige20040908_id405903-T1" VAL="P23Y" ANCHOR_VAL="2004" ANCHOR_DIR="ENDING">
      <timex2_mention ID="adige20040908_id405903-T1-1">
        <extent>
          <charseq START="63" END="69">23 anni</charseq>
        </extent>
      </timex2_mention>
    </timex2>
    <timex2 ID="adige20040908_id405903-T2" VAL="2004-09-07T05:00" MOD="APPROX">
      <timex2_mention ID="adige20040908_id405903-T2-1">
        <extent>
          <charseq START="825" END="850">verso le 5 di ieri mattina</charseq>
        </extent>
      </timex2_mention>
    </timex2>
    <timex2 ID="adige20040908_id405903-T3" VAL="2004-09-12">
      <timex2_mention ID="adige20040908_id405903-T3-1">
        <extent>
          <charseq START="1089" END="1099">domenica 12</charseq>
        </extent>
      </timex2_mention>
    </timex2>
    <timex2 ID="adige20040908_id405903-T5" VAL="2004">
      <timex2_mention ID="adige20040908_id405903-T5-1">
        <extent>
          <charseq START="1251" END="1254">2004</charseq>
        </extent>
      </timex2_mention>
    </timex2>
    <timex2 ID="adige20040908_id405903-T4" VAL="2004-09-13">
      <timex2_mention ID="adige20040908_id405903-T4-1">
        <extent>
          <charseq START="1192" END="1200">lunedì 13</charseq>
        </extent>
      </timex2_mention>
    </timex2>
    <timex2 ID="adige20040908_id405903-T6" VAL="2005">
      <timex2_mention ID="adige20040908_id405903-T6-1">
        <extent>
          <charseq START="1256" END="1259">2005</charseq>
        </extent>
      </timex2_mention>
    </timex2>
  </document>
</source_file>
