<?xml version="1.0" encoding="UTF-8"?>
<!DOCTYPE source_file PUBLIC "SYSTEM" "apf.v5.1.1.dtd">

<source_file URI="adige20040908_id405884.sgm" SOURCE="unknown" TYPE="text" VERSION="5.0" AUTHOR="romano" ENCODING="UTF-8">
  <document DOCID="adige20040908_id405884">
    <timex2 ID="adige20040908_id405884-T1" VAL="P3Y">
      <timex2_mention ID="adige20040908_id405884-T1-1">
        <extent>
          <charseq START="2528" END="2535">tre anni</charseq>
        </extent>
      </timex2_mention>
    </timex2>
  </document>
</source_file>
