<?xml version="1.0" encoding="UTF-8"?>
<!DOCTYPE source_file PUBLIC "SYSTEM" "apf.v5.1.1.dtd">

<source_file URI="adige20040908_id405910.sgm" SOURCE="unknown" TYPE="text" VERSION="5.0" AUTHOR="romano" ENCODING="UTF-8">
  <document DOCID="adige20040908_id405910">
    <timex2 ID="adige20040908_id405910-T17" VAL="XXXX-XX-XX" SET="YES">
      <timex2_mention ID="adige20040908_id405910-T17-1">
        <extent>
          <charseq START="481" END="491">giornaliera</charseq>
        </extent>
      </timex2_mention>
    </timex2>
    <timex2 ID="adige20040908_id405910-T1" VAL="2004-09" MOD="START">
      <timex2_mention ID="adige20040908_id405910-T1-1">
        <extent>
          <charseq START="25" END="35">inizio mese</charseq>
        </extent>
      </timex2_mention>
    </timex2>
    <timex2 ID="adige20040908_id405910-T9" VAL="2004-08-02">
      <timex2_mention ID="adige20040908_id405910-T9-1">
        <extent>
          <charseq START="1248" END="1265">il giorno 2 agosto</charseq>
        </extent>
      </timex2_mention>
    </timex2>
    <timex2 ID="adige20040908_id405910-T2" VAL="2004-08">
      <timex2_mention ID="adige20040908_id405910-T2-1">
        <extent>
          <charseq START="62" END="67">agosto</charseq>
        </extent>
      </timex2_mention>
    </timex2>
    <timex2 ID="adige20040908_id405910-T10" VAL="2004-07">
      <timex2_mention ID="adige20040908_id405910-T10-1">
        <extent>
          <charseq START="1333" END="1338">luglio</charseq>
        </extent>
      </timex2_mention>
    </timex2>
    <timex2 ID="adige20040908_id405910-T3" VAL="2004-08">
      <timex2_mention ID="adige20040908_id405910-T3-1">
        <extent>
          <charseq START="190" END="212">nel mese di agosto 2004</charseq>
        </extent>
      </timex2_mention>
    </timex2>
    <timex2 ID="adige20040908_id405910-T11" VAL="2004-08">
      <timex2_mention ID="adige20040908_id405910-T11-1">
        <extent>
          <charseq START="1742" END="1754">tutto il mese</charseq>
        </extent>
      </timex2_mention>
    </timex2>
    <timex2 ID="adige20040908_id405910-T4" VAL="PXM" ANCHOR_VAL="2004-09" ANCHOR_DIR="BEFORE" COMMENT="l'ancora e' agosto perche' qui e' esplicito">
      <timex2_mention ID="adige20040908_id405910-T4-1">
        <extent>
          <charseq START="414" END="432">nei mesi precedenti</charseq>
        </extent>
      </timex2_mention>
    </timex2>
    <timex2 ID="adige20040908_id405910-T12" VAL="2004-08-03">
      <timex2_mention ID="adige20040908_id405910-T12-1">
        <extent>
          <charseq START="1785" END="1795">il 3 agosto</charseq>
        </extent>
      </timex2_mention>
    </timex2>
    <timex2 ID="adige20040908_id405910-T5" VAL="P3D" MOD="START" ANCHOR_VAL="2004-08" ANCHOR_DIR="WITHIN">
      <timex2_mention ID="adige20040908_id405910-T5-1">
        <extent>
          <charseq START="581" END="598">i primi tre giorni</charseq>
        </extent>
      </timex2_mention>
    </timex2>
    <timex2 ID="adige20040908_id405910-T13" VAL="2004-09">
      <timex2_mention ID="adige20040908_id405910-T13-1">
        <extent>
          <charseq START="1856" END="1875">il mese di settembre</charseq>
        </extent>
      </timex2_mention>
    </timex2>
    <timex2 ID="adige20040908_id405910-T6" VAL="P27D" ANCHOR_VAL="2004-08-04" ANCHOR_DIR="STARTING">
      <timex2_mention ID="adige20040908_id405910-T6-1">
        <extent>
          <charseq START="612" END="628">il resto del mese</charseq>
        </extent>
      </timex2_mention>
    </timex2>
    <timex2 ID="adige20040908_id405910-T14" VAL="2004-08">
      <timex2_mention ID="adige20040908_id405910-T14-1">
        <extent>
          <charseq START="1977" END="1992">dell'ultimo mese</charseq>
        </extent>
      </timex2_mention>
    </timex2>
    <timex2 ID="adige20040908_id405910-T7" VAL="2004-07">
      <timex2_mention ID="adige20040908_id405910-T7-1">
        <extent>
          <charseq START="1019" END="1024">luglio</charseq>
        </extent>
      </timex2_mention>
    </timex2>
    <timex2 ID="adige20040908_id405910-T15" VAL="2004-09">
      <timex2_mention ID="adige20040908_id405910-T15-1">
        <extent>
          <charseq START="2025" END="2040">il mese entrante</charseq>
        </extent>
      </timex2_mention>
    </timex2>
    <timex2 ID="adige20040908_id405910-T8" VAL="2004-07">
      <timex2_mention ID="adige20040908_id405910-T8-1">
        <extent>
          <charseq START="1160" END="1170">Questo mese</charseq>
        </extent>
      </timex2_mention>
    </timex2>
  </document>
</source_file>
