<?xml version="1.0" encoding="UTF-8"?>
<!DOCTYPE source_file PUBLIC "SYSTEM" "apf.v5.1.1.dtd">

<source_file URI="adige20040908_id405915.sgm" SOURCE="unknown" TYPE="text" VERSION="5.0" AUTHOR="romano" ENCODING="UTF-8">
  <document DOCID="adige20040908_id405915">
    <timex2 ID="adige20040908_id405915-T3" VAL="2004-09-24">
      <timex2_mention ID="adige20040908_id405915-T3-1">
        <extent>
          <charseq START="461" END="476">del 24 settembre</charseq>
        </extent>
      </timex2_mention>
    </timex2>
    <timex2 ID="adige20040908_id405915-T4" VAL="PT1H" SET="YES">
      <timex2_mention ID="adige20040908_id405915-T4-1">
        <extent>
          <charseq START="310" END="314">orari</charseq>
        </extent>
      </timex2_mention>
    </timex2>
    <timex2 ID="adige20040908_id405915-T1" VAL="2004-10-30" COMMENT="nessun attributo: non si capisce se bisogna dare valore all'espressione 'oltre il 30-10' o 'non oltre il 30-10'; abbiamo scelto 'il 30-10'">
      <timex2_mention ID="adige20040908_id405915-T1-1">
        <extent>
          <charseq START="408" END="420">il 30 ottobre</charseq>
        </extent>
      </timex2_mention>
    </timex2>
  </document>
</source_file>
