<?xml version="1.0" encoding="UTF-8"?>
<!DOCTYPE source_file PUBLIC "SYSTEM" "apf.v5.1.1.dtd">

<source_file URI="adige20040908_id405896.sgm" SOURCE="unknown" TYPE="text" VERSION="5.0" AUTHOR="romano" ENCODING="UTF-8">
  <document DOCID="adige20040908_id405896">
    <timex2 ID="adige20040908_id405896-T21" VAL="P2W" ANCHOR_VAL="2000-11-09" ANCHOR_DIR="STARTING">
      <timex2_mention ID="adige20040908_id405896-T21-1">
        <extent>
          <charseq START="34" END="46">due settimane</charseq>
        </extent>
      </timex2_mention>
    </timex2>
    <timex2 ID="adige20040908_id405896-T22" VAL="PAST_REF" ANCHOR_VAL="2000-11-09" ANCHOR_DIR="BEFORE">
      <timex2_mention ID="adige20040908_id405896-T22-1">
        <extent>
          <charseq START="1819" END="1823">tempo</charseq>
        </extent>
      </timex2_mention>
    </timex2>
    <timex2 ID="adige20040908_id405896-T23" VAL="PAST_REF" ANCHOR_VAL="2000-11-09" ANCHOR_DIR="BEFORE">
      <timex2_mention ID="adige20040908_id405896-T23-1">
        <extent>
          <charseq START="3545" END="3549">tempo</charseq>
        </extent>
      </timex2_mention>
    </timex2>
    <timex2 ID="adige20040908_id405896-T20" VAL="TNI" SET="YES">
      <timex2_mention ID="adige20040908_id405896-T20-1">
        <extent>
          <charseq START="1289" END="1299">della notte</charseq>
        </extent>
      </timex2_mention>
    </timex2>
    <timex2 ID="adige20040908_id405896-T8" VAL="P2W" ANCHOR_VAL="2000-11-09" ANCHOR_DIR="STARTING">
      <timex2_mention ID="adige20040908_id405896-T8-1">
        <extent>
          <charseq START="1028" END="1040">due settimane</charseq>
        </extent>
      </timex2_mention>
    </timex2>
    <timex2 ID="adige20040908_id405896-T1" VAL="PRESENT_REF" ANCHOR_VAL="2004-09-08" ANCHOR_DIR="AS_OF">
      <timex2_mention ID="adige20040908_id405896-T1-1">
        <extent>
          <charseq START="173" END="178">adesso</charseq>
        </extent>
      </timex2_mention>
    </timex2>
    <timex2 ID="adige20040908_id405896-T9" VAL="2000-11-09">
      <timex2_mention ID="adige20040908_id405896-T9-1">
        <extent>
          <charseq START="1105" END="1110">allora</charseq>
        </extent>
      </timex2_mention>
    </timex2>
    <timex2 ID="adige20040908_id405896-T18" VAL="1997">
      <timex2_mention ID="adige20040908_id405896-T18-1">
        <extent>
          <charseq START="3042" END="3045">1997</charseq>
        </extent>
      </timex2_mention>
    </timex2>
    <timex2 ID="adige20040908_id405896-T2" VAL="P60Y" ANCHOR_VAL="2004" ANCHOR_DIR="ENDING">
      <timex2_mention ID="adige20040908_id405896-T2-1">
        <extent>
          <charseq START="301" END="312">sessant'anni</charseq>
        </extent>
      </timex2_mention>
    </timex2>
    <timex2 ID="adige20040908_id405896-T10" VAL="TNI">
      <timex2_mention ID="adige20040908_id405896-T10-1">
        <extent>
          <charseq START="1320" END="1327">notturni</charseq>
        </extent>
      </timex2_mention>
    </timex2>
    <timex2 ID="adige20040908_id405896-T19" VAL="1996">
      <timex2_mention ID="adige20040908_id405896-T19-1">
        <extent>
          <charseq START="3048" END="3055">Nel 1996</charseq>
        </extent>
      </timex2_mention>
    </timex2>
    <timex2 ID="adige20040908_id405896-T3" VAL="2000-11-09">
      <timex2_mention ID="adige20040908_id405896-T3-1">
        <extent>
          <charseq START="348" END="365">il 9 novembre 2000</charseq>
        </extent>
      </timex2_mention>
    </timex2>
    <timex2 ID="adige20040908_id405896-T11" VAL="PRESENT_REF" ANCHOR_VAL="2004-09-08" ANCHOR_DIR="AS_OF">
      <timex2_mention ID="adige20040908_id405896-T11-1">
        <extent>
          <charseq START="1393" END="1399">tuttora</charseq>
        </extent>
      </timex2_mention>
    </timex2>
    <timex2 ID="adige20040908_id405896-T12" VAL="PXY">
      <timex2_mention ID="adige20040908_id405896-T12-1">
        <extent>
          <charseq START="1600" END="1603">anni</charseq>
        </extent>
      </timex2_mention>
    </timex2>
    <timex2 ID="adige20040908_id405896-T4" VAL="2000-11-09TAF">
      <timex2_mention ID="adige20040908_id405896-T4-1">
        <extent>
          <charseq START="368" END="382">Quel pomeriggio</charseq>
        </extent>
      </timex2_mention>
    </timex2>
    <timex2 ID="adige20040908_id405896-T13" VAL="PRESENT_REF" ANCHOR_VAL="2004-09-08" ANCHOR_DIR="AS_OF">
      <timex2_mention ID="adige20040908_id405896-T13-1">
        <extent>
          <charseq START="1628" END="1633">Adesso</charseq>
        </extent>
      </timex2_mention>
    </timex2>
    <timex2 ID="adige20040908_id405896-T6" VAL="PXY" ANCHOR_VAL="2004" ANCHOR_DIR="BEFORE">
      <timex2_mention ID="adige20040908_id405896-T6-1">
        <extent>
          <charseq START="472" END="481">molti anni</charseq>
        </extent>
      </timex2_mention>
    </timex2>
    <timex2 ID="adige20040908_id405896-T14" VAL="PXD" ANCHOR_VAL="2004-09-08" ANCHOR_DIR="BEFORE">
      <timex2_mention ID="adige20040908_id405896-T14-1">
        <extent>
          <charseq START="2004" END="2020">Nei giorni scorsi</charseq>
        </extent>
      </timex2_mention>
    </timex2>
    <timex2 ID="adige20040908_id405896-T7" VAL="1979">
      <timex2_mention ID="adige20040908_id405896-T7-1">
        <extent>
          <charseq START="534" END="541">nel 1979</charseq>
        </extent>
      </timex2_mention>
    </timex2>
    <timex2 ID="adige20040908_id405896-T15" VAL="1979">
      <timex2_mention ID="adige20040908_id405896-T15-1">
        <extent>
          <charseq START="2718" END="2725">nel 1979</charseq>
        </extent>
      </timex2_mention>
    </timex2>
    <timex2 ID="adige20040908_id405896-T16" VAL="2000">
      <timex2_mention ID="adige20040908_id405896-T16-1">
        <extent>
          <charseq START="2828" END="2841">vent'anni dopo</charseq>
        </extent>
      </timex2_mention>
    </timex2>
    <timex2 ID="adige20040908_id405896-T17" VAL="1980">
      <timex2_mention ID="adige20040908_id405896-T17-1">
        <extent>
          <charseq START="3031" END="3038">nel 1980</charseq>
        </extent>
      </timex2_mention>
    </timex2>
  </document>
</source_file>
