<?xml version="1.0" encoding="UTF-8"?>
<!DOCTYPE source_file PUBLIC "SYSTEM" "apf.v5.1.1.dtd">

<source_file URI="adige20040908_id405898.sgm" SOURCE="unknown" TYPE="text" VERSION="5.0" AUTHOR="romano" ENCODING="UTF-8">
  <document DOCID="adige20040908_id405898">
    <timex2 ID="adige20040908_id405898-T4" VAL="PRESENT_REF" ANCHOR_VAL="2004-09-08" ANCHOR_DIR="AS_OF">
      <timex2_mention ID="adige20040908_id405898-T4-1">
        <extent>
          <charseq START="1837" END="1839">ora</charseq>
        </extent>
      </timex2_mention>
    </timex2>
    <timex2 ID="adige20040908_id405898-T5" VAL="PRESENT_REF" ANCHOR_VAL="2004-09-08" ANCHOR_DIR="AS_OF">
      <timex2_mention ID="adige20040908_id405898-T5-1">
        <extent>
          <charseq START="3031" END="3033">ora</charseq>
        </extent>
      </timex2_mention>
    </timex2>
    <timex2 ID="adige20040908_id405898-T6" VAL="2004-11">
      <timex2_mention ID="adige20040908_id405898-T6-1">
        <extent>
          <charseq START="3656" END="3663">novembre</charseq>
        </extent>
      </timex2_mention>
    </timex2>
    <timex2 ID="adige20040908_id405898-T7" VAL="2004-11">
      <timex2_mention ID="adige20040908_id405898-T7-1">
        <extent>
          <charseq START="3689" END="3696">dicembre</charseq>
        </extent>
      </timex2_mention>
    </timex2>
    <timex2 ID="adige20040908_id405898-T8" VAL="FUTURE_REF" ANCHOR_VAL="2004-09" ANCHOR_DIR="AFTER">
      <timex2_mention ID="adige20040908_id405898-T8-1">
        <extent>
          <charseq START="3719" END="3730">qualche mese</charseq>
        </extent>
      </timex2_mention>
    </timex2>
    <timex2 ID="adige20040908_id405898-T9" VAL="2005-SP">
      <timex2_mention ID="adige20040908_id405898-T9-1">
        <extent>
          <charseq START="3770" END="3778">primavera</charseq>
        </extent>
      </timex2_mention>
    </timex2>
    <timex2 ID="adige20040908_id405898-T1" VAL="2004-SP">
      <timex2_mention ID="adige20040908_id405898-T1-1">
        <extent>
          <charseq START="1116" END="1137">dalla scorsa primavera</charseq>
        </extent>
      </timex2_mention>
    </timex2>
    <timex2 ID="adige20040908_id405898-T2" VAL="2004-SU">
      <timex2_mention ID="adige20040908_id405898-T2-1">
        <extent>
          <charseq START="1623" END="1637">dei mesi estivi</charseq>
        </extent>
      </timex2_mention>
    </timex2>
    <timex2 ID="adige20040908_id405898-T3" VAL="PRESENT_REF" ANCHOR_VAL="2004-09-08" ANCHOR_DIR="AS_OF">
      <timex2_mention ID="adige20040908_id405898-T3-1">
        <extent>
          <charseq START="1755" END="1761">per ora</charseq>
        </extent>
      </timex2_mention>
    </timex2>
  </document>
</source_file>
