<?xml version="1.0" encoding="UTF-8"?>
<!DOCTYPE source_file PUBLIC "SYSTEM" "apf.v5.1.1.dtd">

<source_file URI="adige20040908_id405897.sgm" SOURCE="unknown" TYPE="text" VERSION="5.0" AUTHOR="romano" ENCODING="UTF-8">
  <document DOCID="adige20040908_id405897">
    <timex2 ID="adige20040908_id405897-T18" VAL="XXXX-XX" SET="YES">
      <timex2_mention ID="adige20040908_id405897-T18-1">
        <extent>
          <charseq START="1067" END="1073">mensile</charseq>
        </extent>
      </timex2_mention>
    </timex2>
    <timex2 ID="adige20040908_id405897-T16" VAL="PRESENT_REF" ANCHOR_VAL="2004-09-08" ANCHOR_DIR="AS_OF">
      <timex2_mention ID="adige20040908_id405897-T16-1">
        <extent>
          <charseq START="449" END="454">adesso</charseq>
        </extent>
      </timex2_mention>
    </timex2>
    <timex2 ID="adige20040908_id405897-T17" VAL="XXXX-XX" SET="YES">
      <timex2_mention ID="adige20040908_id405897-T17-1">
        <extent>
          <charseq START="2528" END="2534">mensili</charseq>
        </extent>
      </timex2_mention>
    </timex2>
    <timex2 ID="adige20040908_id405897-T3" VAL="1996">
      <timex2_mention ID="adige20040908_id405897-T3-1">
        <extent>
          <charseq START="728" END="733">Allora</charseq>
        </extent>
      </timex2_mention>
    </timex2>
    <timex2 ID="adige20040908_id405897-T4" VAL="P30Y" ANCHOR_VAL="1996" ANCHOR_DIR="ENDING">
      <timex2_mention ID="adige20040908_id405897-T4-1">
        <extent>
          <charseq START="741" END="750">trent'anni</charseq>
        </extent>
      </timex2_mention>
    </timex2>
    <timex2 ID="adige20040908_id405897-T5" VAL="P15Y">
      <timex2_mention ID="adige20040908_id405897-T5-1">
        <extent>
          <charseq START="1102" END="1114">quindici anni</charseq>
        </extent>
      </timex2_mention>
    </timex2>
    <timex2 ID="adige20040908_id405897-T13" VAL="1999">
      <timex2_mention ID="adige20040908_id405897-T13-1">
        <extent>
          <charseq START="2760" END="2765">al '99</charseq>
        </extent>
      </timex2_mention>
    </timex2>
    <timex2 ID="adige20040908_id405897-T6" VAL="P15Y">
      <timex2_mention ID="adige20040908_id405897-T6-1">
        <extent>
          <charseq START="1349" END="1363">i quindici anni</charseq>
        </extent>
      </timex2_mention>
    </timex2>
    <timex2 ID="adige20040908_id405897-T14" VAL="2000">
      <timex2_mention ID="adige20040908_id405897-T14-1">
        <extent>
          <charseq START="2848" END="2855">nel 2000</charseq>
        </extent>
      </timex2_mention>
    </timex2>
    <timex2 ID="adige20040908_id405897-T7" VAL="1996-07">
      <timex2_mention ID="adige20040908_id405897-T7-1">
        <extent>
          <charseq START="1552" END="1566">nel luglio 1996</charseq>
        </extent>
      </timex2_mention>
    </timex2>
    <timex2 ID="adige20040908_id405897-T15" VAL="2001" MOD="END">
      <timex2_mention ID="adige20040908_id405897-T15-1">
        <extent>
          <charseq START="3026" END="3034">fine 2001</charseq>
        </extent>
      </timex2_mention>
    </timex2>
    <timex2 ID="adige20040908_id405897-T8" VAL="1996-08">
      <timex2_mention ID="adige20040908_id405897-T8-1">
        <extent>
          <charseq START="1573" END="1590">il mese successivo</charseq>
        </extent>
      </timex2_mention>
    </timex2>
    <timex2 ID="adige20040908_id405897-T1" VAL="2002">
      <timex2_mention ID="adige20040908_id405897-T1-1">
        <extent>
          <charseq START="518" END="525">nel 2002</charseq>
        </extent>
      </timex2_mention>
    </timex2>
    <timex2 ID="adige20040908_id405897-T9" VAL="1996-12">
      <timex2_mention ID="adige20040908_id405897-T9-1">
        <extent>
          <charseq START="1772" END="1786">al dicembre '96</charseq>
        </extent>
      </timex2_mention>
    </timex2>
    <timex2 ID="adige20040908_id405897-T2" VAL="1996" MOD="START">
      <timex2_mention ID="adige20040908_id405897-T2-1">
        <extent>
          <charseq START="708" END="725">all'inizio del '96</charseq>
        </extent>
      </timex2_mention>
    </timex2>
    <timex2 ID="adige20040908_id405897-T10" VAL="1996">
      <timex2_mention ID="adige20040908_id405897-T10-1">
        <extent>
          <charseq START="2115" END="2126">quel momento</charseq>
        </extent>
      </timex2_mention>
    </timex2>
    <timex2 ID="adige20040908_id405897-T11" VAL="1997">
      <timex2_mention ID="adige20040908_id405897-T11-1">
        <extent>
          <charseq START="2638" END="2654">L'anno successivo</charseq>
        </extent>
      </timex2_mention>
    </timex2>
    <timex2 ID="adige20040908_id405897-T12" VAL="PXM">
      <timex2_mention ID="adige20040908_id405897-T12-1">
        <extent>
          <charseq START="2744" END="2753">pochi mesi</charseq>
        </extent>
      </timex2_mention>
    </timex2>
  </document>
</source_file>
