<?xml version="1.0" encoding="UTF-8"?>
<!DOCTYPE source_file PUBLIC "SYSTEM" "apf.v5.1.1.dtd">

<source_file URI="adige20040908_id405901.sgm" SOURCE="unknown" TYPE="text" VERSION="5.0" AUTHOR="romano" ENCODING="UTF-8">
  <document DOCID="adige20040908_id405901">
    <timex2 ID="adige20040908_id405901-T7" VAL="2004-09-08T13:00">
      <timex2_mention ID="adige20040908_id405901-T7-1">
        <extent>
          <charseq START="846" END="852">alle 13</charseq>
        </extent>
      </timex2_mention>
    </timex2>
    <timex2 ID="adige20040908_id405901-T8" VAL="P46Y" ANCHOR_VAL="2004" ANCHOR_DIR="ENDING">
      <timex2_mention ID="adige20040908_id405901-T8-1">
        <extent>
          <charseq START="1246" END="1252">46 anni</charseq>
        </extent>
      </timex2_mention>
    </timex2>
    <timex2 ID="adige20040908_id405901-T9" VAL="P30D" ANCHOR_VAL="2004-09-08" ANCHOR_DIR="STARTING">
      <timex2_mention ID="adige20040908_id405901-T9-1">
        <extent>
          <charseq START="1376" END="1388">trenta giorni</charseq>
        </extent>
      </timex2_mention>
    </timex2>
    <timex2 ID="adige20040908_id405901-T1" VAL="PTXH" ANCHOR_VAL="2004-09-07" ANCHOR_DIR="WITHIN">
      <timex2_mention ID="adige20040908_id405901-T1-1">
        <extent>
          <charseq START="124" END="132">poche ore</charseq>
        </extent>
      </timex2_mention>
    </timex2>
    <timex2 ID="adige20040908_id405901-T2" VAL="2004-09-07">
      <timex2_mention ID="adige20040908_id405901-T2-1">
        <extent>
          <charseq START="134" END="137">ieri</charseq>
        </extent>
      </timex2_mention>
    </timex2>
    <timex2 ID="adige20040908_id405901-T3" VAL="2004-09-07">
      <timex2_mention ID="adige20040908_id405901-T3-1">
        <extent>
          <charseq START="228" END="231">ieri</charseq>
        </extent>
      </timex2_mention>
    </timex2>
    <timex2 ID="adige20040908_id405901-T4" VAL="2004-09-07T11:30" MOD="APPROX">
      <timex2_mention ID="adige20040908_id405901-T4-1">
        <extent>
          <charseq START="233" END="246">verso le 11.30</charseq>
        </extent>
      </timex2_mention>
    </timex2>
    <timex2 ID="adige20040908_id405901-T5" VAL="P42Y" ANCHOR_VAL="2004" ANCHOR_DIR="ENDING">
      <timex2_mention ID="adige20040908_id405901-T5-1">
        <extent>
          <charseq START="531" END="537">42 anni</charseq>
        </extent>
      </timex2_mention>
    </timex2>
    <timex2 ID="adige20040908_id405901-T6" VAL="P30Y" ANCHOR_VAL="2004" ANCHOR_DIR="ENDING">
      <timex2_mention ID="adige20040908_id405901-T6-1">
        <extent>
          <charseq START="719" END="725">30 anni</charseq>
        </extent>
      </timex2_mention>
    </timex2>
  </document>
</source_file>
