<?xml version="1.0" encoding="UTF-8"?>
<!DOCTYPE source_file PUBLIC "SYSTEM" "apf.v5.1.1.dtd">

<source_file URI="adige20040908_id405911.sgm" SOURCE="unknown" TYPE="text" VERSION="5.0" AUTHOR="romano" ENCODING="UTF-8">
  <document DOCID="adige20040908_id405911">
    <timex2 ID="adige20040908_id405911-T5" VAL="PRESENT_REF" ANCHOR_VAL="2004-09-08" ANCHOR_DIR="AS_OF">
      <timex2_mention ID="adige20040908_id405911-T5-1">
        <extent>
          <charseq START="2184" END="2190">attuale</charseq>
        </extent>
      </timex2_mention>
    </timex2>
    <timex2 ID="adige20040908_id405911-T1" VAL="PRESENT_REF" ANCHOR_VAL="2004-09-08" ANCHOR_DIR="AS_OF">
      <timex2_mention ID="adige20040908_id405911-T1-1">
        <extent>
          <charseq START="1675" END="1677">ora</charseq>
        </extent>
      </timex2_mention>
    </timex2>
    <timex2 ID="adige20040908_id405911-T6" VAL="PRESENT_REF" ANCHOR_VAL="2004-09-08" ANCHOR_DIR="AS_OF">
      <timex2_mention ID="adige20040908_id405911-T6-1">
        <extent>
          <charseq START="3694" END="3700">attuali</charseq>
        </extent>
      </timex2_mention>
    </timex2>
    <timex2 ID="adige20040908_id405911-T2" VAL="FUTURE_REF" ANCHOR_VAL="2004-09-08" ANCHOR_DIR="AFTER">
      <timex2_mention ID="adige20040908_id405911-T2-1">
        <extent>
          <charseq START="1917" END="1922">futuro</charseq>
        </extent>
      </timex2_mention>
    </timex2>
    <timex2 ID="adige20040908_id405911-T3" VAL="TNI" COMMENT="Come dire 'durante la notte'.">
      <timex2_mention ID="adige20040908_id405911-T3-1">
        <extent>
          <charseq START="2681" END="2698">nelle ore notturne</charseq>
        </extent>
      </timex2_mention>
    </timex2>
    <timex2 ID="adige20040908_id405911-T4" VAL="PRESENT_REF" ANCHOR_VAL="2004-09-08" ANCHOR_DIR="AS_OF">
      <timex2_mention ID="adige20040908_id405911-T4-1">
        <extent>
          <charseq START="3919" END="3921">ora</charseq>
        </extent>
      </timex2_mention>
    </timex2>
    <timex2 ID="adige20040908_id405911-T7">
      <timex2_mention ID="adige20040908_id405911-T7-1">
        <extent>
          <charseq START="267" END="271">tempo</charseq>
        </extent>
      </timex2_mention>
    </timex2>
  </document>
</source_file>
