<?xml version="1.0" encoding="UTF-8"?>
<!DOCTYPE source_file PUBLIC "SYSTEM" "apf.v5.1.1.dtd">

<source_file URI="adige20040908_id405882.sgm" SOURCE="unknown" TYPE="text" VERSION="5.0" AUTHOR="romano" ENCODING="UTF-8">
  <document DOCID="adige20040908_id405882">
    <timex2 ID="adige20040908_id405882-T1" VAL="P3Y">
      <timex2_mention ID="adige20040908_id405882-T1-1">
        <extent>
          <charseq START="226" END="233">tre anni</charseq>
        </extent>
      </timex2_mention>
    </timex2>
    <timex2 ID="adige20040908_id405882-T2" VAL="PRESENT_REF" ANCHOR_VAL="2004-09-08" ANCHOR_DIR="AS_OF">
      <timex2_mention ID="adige20040908_id405882-T2-1">
        <extent>
          <charseq START="512" END="518">attuali</charseq>
        </extent>
      </timex2_mention>
    </timex2>
  </document>
</source_file>
