<?xml version="1.0" encoding="UTF-8"?>
<!DOCTYPE source_file PUBLIC "SYSTEM" "apf.v5.1.1.dtd">

<source_file URI="adige20040908_id405918.sgm" SOURCE="unknown" TYPE="text" VERSION="5.0" AUTHOR="romano" ENCODING="UTF-8">
  <document DOCID="adige20040908_id405918">
    <timex2 ID="adige20040908_id405918-T7" VAL="XXXX">
      <timex2_mention ID="adige20040908_id405918-T7-1">
        <extent>
          <charseq START="4119" END="4125">annuale</charseq>
        </extent>
      </timex2_mention>
    </timex2>
    <timex2 ID="adige20040908_id405918-T8" VAL="XXXX">
      <timex2_mention ID="adige20040908_id405918-T8-1">
        <extent>
          <charseq START="4254" END="4270">l'anno successivo</charseq>
        </extent>
      </timex2_mention>
    </timex2>
    <timex2 ID="adige20040908_id405918-T9" VAL="1994">
      <timex2_mention ID="adige20040908_id405918-T9-1">
        <extent>
          <charseq START="5327" END="5336">10 anni fa</charseq>
        </extent>
      </timex2_mention>
    </timex2>
    <timex2 ID="adige20040908_id405918-T1" VAL="PRESENT_REF" ANCHOR_VAL="2004-09-08" ANCHOR_DIR="AS_OF">
      <timex2_mention ID="adige20040908_id405918-T1-1">
        <extent>
          <charseq START="755" END="758">oggi</charseq>
        </extent>
      </timex2_mention>
    </timex2>
    <timex2 ID="adige20040908_id405918-T2" VAL="1968">
      <timex2_mention ID="adige20040908_id405918-T2-1">
        <extent>
          <charseq START="984" END="991">dal 1968</charseq>
        </extent>
      </timex2_mention>
    </timex2>
    <timex2 ID="adige20040908_id405918-T3" VAL="1997">
      <timex2_mention ID="adige20040908_id405918-T3-1">
        <extent>
          <charseq START="993" END="999">al 1997</charseq>
        </extent>
      </timex2_mention>
    </timex2>
    <timex2 ID="adige20040908_id405918-T4" VAL="1993">
      <timex2_mention ID="adige20040908_id405918-T4-1">
        <extent>
          <charseq START="1117" END="1124">dal 1993</charseq>
        </extent>
      </timex2_mention>
    </timex2>
    <timex2 ID="adige20040908_id405918-T10">
      <timex2_mention ID="adige20040908_id405918-T10-1">
        <extent>
          <charseq START="3368" END="3377">meno tempo</charseq>
        </extent>
      </timex2_mention>
    </timex2>
    <timex2 ID="adige20040908_id405918-T5" VAL="1996">
      <timex2_mention ID="adige20040908_id405918-T5-1">
        <extent>
          <charseq START="1126" END="1132">al 1996</charseq>
        </extent>
      </timex2_mention>
    </timex2>
    <timex2 ID="adige20040908_id405918-T6" VAL="P1Y">
      <timex2_mention ID="adige20040908_id405918-T6-1">
        <extent>
          <charseq START="1135" END="1141">un anno</charseq>
        </extent>
      </timex2_mention>
    </timex2>
  </document>
</source_file>
