<?xml version="1.0" encoding="UTF-8"?>
<!DOCTYPE source_file PUBLIC "SYSTEM" "apf.v5.1.1.dtd">

<source_file URI="adige20040908_id405889.sgm" SOURCE="unknown" TYPE="text" VERSION="5.0" AUTHOR="romano" ENCODING="UTF-8">
  <document DOCID="adige20040908_id405889">
    <timex2 ID="adige20040908_id405889-T1" VAL="2004-09-07">
      <timex2_mention ID="adige20040908_id405889-T1-1">
        <extent>
          <charseq START="643" END="646">Ieri</charseq>
        </extent>
      </timex2_mention>
    </timex2>
    <timex2 ID="adige20040908_id405889-T2" VAL="PRESENT_REF" ANCHOR_VAL="2004-09-08" ANCHOR_DIR="AS_OF">
      <timex2_mention ID="adige20040908_id405889-T2-1">
        <extent>
          <charseq START="1278" END="1283">adesso</charseq>
        </extent>
      </timex2_mention>
    </timex2>
    <timex2 ID="adige20040908_id405889-T3" VAL="PXY" ANCHOR_VAL="2004-09-08" ANCHOR_DIR="BEFORE">
      <timex2_mention ID="adige20040908_id405889-T3-1">
        <extent>
          <charseq START="1371" END="1374">anni</charseq>
        </extent>
      </timex2_mention>
    </timex2>
  </document>
</source_file>
