<?xml version="1.0" encoding="UTF-8"?>
<!DOCTYPE source_file PUBLIC "SYSTEM" "apf.v5.1.1.dtd">

<source_file URI="adige20040908_id405906.sgm" SOURCE="unknown" TYPE="text" VERSION="5.0" AUTHOR="romano" ENCODING="UTF-8">
  <document DOCID="adige20040908_id405906">
    <timex2 ID="adige20040908_id405906-T9" VAL="2005">
      <timex2_mention ID="adige20040908_id405906-T9-1">
        <extent>
          <charseq START="1495" END="1502">nel 2005</charseq>
        </extent>
      </timex2_mention>
    </timex2>
    <timex2 ID="adige20040908_id405906-T1" VAL="2004-09-13">
      <timex2_mention ID="adige20040908_id405906-T1-1">
        <extent>
          <charseq START="127" END="132">lunedì</charseq>
        </extent>
      </timex2_mention>
    </timex2>
    <timex2 ID="adige20040908_id405906-T10" VAL="2006">
      <timex2_mention ID="adige20040908_id405906-T10-1">
        <extent>
          <charseq START="1506" END="1509">2006</charseq>
        </extent>
      </timex2_mention>
    </timex2>
    <timex2 ID="adige20040908_id405906-T2" VAL="2005">
      <timex2_mention ID="adige20040908_id405906-T2-1">
        <extent>
          <charseq START="160" END="167">dal 2005</charseq>
        </extent>
      </timex2_mention>
    </timex2>
    <timex2 ID="adige20040908_id405906-T11" VAL="2005-06" MOD="START">
      <timex2_mention ID="adige20040908_id405906-T11-1">
        <extent>
          <charseq START="1602" END="1620">dai primi di giugno</charseq>
        </extent>
      </timex2_mention>
    </timex2>
    <timex2 ID="adige20040908_id405906-T3" VAL="2005-SP">
      <timex2_mention ID="adige20040908_id405906-T3-1">
        <extent>
          <charseq START="368" END="388">la prossima primavera</charseq>
        </extent>
      </timex2_mention>
    </timex2>
    <timex2 ID="adige20040908_id405906-T12" VAL="2005-09" MOD="MID">
      <timex2_mention ID="adige20040908_id405906-T12-1">
        <extent>
          <charseq START="1624" END="1637">metà settembre</charseq>
        </extent>
      </timex2_mention>
    </timex2>
    <timex2 ID="adige20040908_id405906-T4" VAL="2004-09-07">
      <timex2_mention ID="adige20040908_id405906-T4-1">
        <extent>
          <charseq START="408" END="411">ieri</charseq>
        </extent>
      </timex2_mention>
    </timex2>
    <timex2 ID="adige20040908_id405906-T13" VAL="2005-SP">
      <timex2_mention ID="adige20040908_id405906-T13-1">
        <extent>
          <charseq START="2242" END="2262">la prossima primavera</charseq>
        </extent>
      </timex2_mention>
    </timex2>
    <timex2 ID="adige20040908_id405906-T5" VAL="2004-10" MOD="END">
      <timex2_mention ID="adige20040908_id405906-T5-1">
        <extent>
          <charseq START="641" END="652">fine ottobre</charseq>
        </extent>
      </timex2_mention>
    </timex2>
    <timex2 ID="adige20040908_id405906-T14" VAL="PRESENT_REF" ANCHOR_VAL="2004-09-08" ANCHOR_DIR="AS_OF">
      <timex2_mention ID="adige20040908_id405906-T14-1">
        <extent>
          <charseq START="2507" END="2517">attualmente</charseq>
        </extent>
      </timex2_mention>
    </timex2>
    <timex2 ID="adige20040908_id405906-T6" VAL="2004-09-13">
      <timex2_mention ID="adige20040908_id405906-T6-1">
        <extent>
          <charseq START="760" END="774">lunedì prossimo</charseq>
        </extent>
      </timex2_mention>
    </timex2>
    <timex2 ID="adige20040908_id405906-T7" VAL="2001">
      <timex2_mention ID="adige20040908_id405906-T7-1">
        <extent>
          <charseq START="1104" END="1111">nel 2001</charseq>
        </extent>
      </timex2_mention>
    </timex2>
    <timex2 ID="adige20040908_id405906-T8" VAL="2002">
      <timex2_mention ID="adige20040908_id405906-T8-1">
        <extent>
          <charseq START="1115" END="1118">2002</charseq>
        </extent>
      </timex2_mention>
    </timex2>
  </document>
</source_file>
