<?xml version="1.0" encoding="UTF-8"?>
<!DOCTYPE source_file PUBLIC "SYSTEM" "apf.v5.1.1.dtd">

<source_file URI="adige20040908_id405907.sgm" SOURCE="unknown" TYPE="text" VERSION="5.0" AUTHOR="romano" ENCODING="UTF-8">
  <document DOCID="adige20040908_id405907">
    <timex2 ID="adige20040908_id405907-T4" VAL="2004-09-06">
      <timex2_mention ID="adige20040908_id405907-T4-1">
        <extent>
          <charseq START="14" END="21">Giornata</charseq>
        </extent>
      </timex2_mention>
    </timex2>
    <timex2 ID="adige20040908_id405907-T1" VAL="2004-09-06">
      <timex2_mention ID="adige20040908_id405907-T1-1">
        <extent>
          <charseq START="85" END="97">Lunedì scorso</charseq>
        </extent>
      </timex2_mention>
    </timex2>
    <timex2 ID="adige20040908_id405907-T2">
      <timex2_mention ID="adige20040908_id405907-T2-1">
        <extent>
          <charseq START="344" END="370">la mattinata di fine estate</charseq>
        </extent>
      </timex2_mention>
    </timex2>
  </document>
</source_file>
