<?xml version="1.0" encoding="UTF-8"?>
<!DOCTYPE source_file PUBLIC "SYSTEM" "apf.v5.1.1.dtd">

<source_file URI="adige20040908_id405916.sgm" SOURCE="unknown" TYPE="text" VERSION="5.0" AUTHOR="romano" ENCODING="UTF-8">
  <document DOCID="adige20040908_id405916">
    <timex2 ID="adige20040908_id405916-T1" VAL="2004-09-07">
      <timex2_mention ID="adige20040908_id405916-T1-1">
        <extent>
          <charseq START="535" END="538">ieri</charseq>
        </extent>
      </timex2_mention>
    </timex2>
    <timex2 ID="adige20040908_id405916-T2" VAL="XXXX" SET="YES" NON_SPECIFIC="YES">
      <timex2_mention ID="adige20040908_id405916-T2-1">
        <extent>
          <charseq START="804" END="811">all'anno</charseq>
        </extent>
      </timex2_mention>
    </timex2>
    <timex2 ID="adige20040908_id405916-T3" VAL="PXW" ANCHOR_VAL="2004-09-08" ANCHOR_DIR="BEFORE">
      <timex2_mention ID="adige20040908_id405916-T3-1">
        <extent>
          <charseq START="1059" END="1080">nelle ultime settimane</charseq>
        </extent>
      </timex2_mention>
    </timex2>
    <timex2 ID="adige20040908_id405916-T4" VAL="XXXX-XX" SET="YES" NON_SPECIFIC="YES">
      <timex2_mention ID="adige20040908_id405916-T4-1">
        <extent>
          <charseq START="958" END="964">al mese</charseq>
        </extent>
      </timex2_mention>
    </timex2>
  </document>
</source_file>
