<?xml version="1.0" encoding="UTF-8"?>
<!DOCTYPE source_file PUBLIC "SYSTEM" "apf.v5.1.1.dtd">

<source_file URI="adige20040908_id405888.sgm" SOURCE="unknown" TYPE="text" VERSION="5.0" AUTHOR="romano" ENCODING="UTF-8">
  <document DOCID="adige20040908_id405888">
    <timex2 ID="adige20040908_id405888-T3" VAL="PAST_REF" ANCHOR_VAL="2004" ANCHOR_DIR="BEFORE">
      <timex2_mention ID="adige20040908_id405888-T3-1">
        <extent>
          <charseq START="2206" END="2220">qualche anno fa</charseq>
        </extent>
      </timex2_mention>
    </timex2>
    <timex2 ID="adige20040908_id405888-T1" VAL="PRESENT_REF" ANCHOR_VAL="2004-09-08" ANCHOR_DIR="AS_OF">
      <timex2_mention ID="adige20040908_id405888-T1-1">
        <extent>
          <charseq START="241" END="250">del giorno</charseq>
        </extent>
      </timex2_mention>
    </timex2>
    <timex2 ID="adige20040908_id405888-T2" VAL="PAST_REF" ANCHOR_VAL="2004-09-08" ANCHOR_DIR="BEFORE">
      <timex2_mention ID="adige20040908_id405888-T2-1">
        <extent>
          <charseq START="412" END="427">alcuni giorni fa</charseq>
        </extent>
      </timex2_mention>
    </timex2>
  </document>
</source_file>
