<?xml version="1.0" encoding="UTF-8"?>
<!DOCTYPE source_file PUBLIC "SYSTEM" "apf.v5.1.1.dtd">

<source_file URI="adige20040908_id405881.sgm" SOURCE="unknown" TYPE="text" VERSION="5.0" AUTHOR="romano" ENCODING="UTF-8">
  <document DOCID="adige20040908_id405881">
    <timex2 ID="adige20040908_id405881-T6" VAL="PRESENT_REF" ANCHOR_VAL="2004-09-08" ANCHOR_DIR="AS_OF">
      <timex2_mention ID="adige20040908_id405881-T6-1">
        <extent>
          <charseq START="2077" END="2080">oggi</charseq>
        </extent>
      </timex2_mention>
    </timex2>
    <timex2 ID="adige20040908_id405881-T3" VAL="2004-09-16">
      <timex2_mention ID="adige20040908_id405881-T3-1">
        <extent>
          <charseq START="1935" END="1950">dal 16 settembre</charseq>
        </extent>
      </timex2_mention>
    </timex2>
    <timex2 ID="adige20040908_id405881-T1" VAL="2004-09-07">
      <timex2_mention ID="adige20040908_id405881-T1-1">
        <extent>
          <charseq START="1027" END="1030">ieri</charseq>
        </extent>
      </timex2_mention>
    </timex2>
    <timex2 ID="adige20040908_id405881-T4" VAL="2004-10-08">
      <timex2_mention ID="adige20040908_id405881-T4-1">
        <extent>
          <charseq START="1952" END="1964">all'8 ottobre</charseq>
        </extent>
      </timex2_mention>
    </timex2>
    <timex2 ID="adige20040908_id405881-T2" VAL="2004-09-16">
      <timex2_mention ID="adige20040908_id405881-T2-1">
        <extent>
          <charseq START="1854" END="1868">IL 16 SETTEMBRE</charseq>
        </extent>
      </timex2_mention>
    </timex2>
    <timex2 ID="adige20040908_id405881-T5" VAL="PRESENT_REF" ANCHOR_VAL="2004-09-08" ANCHOR_DIR="AS_OF">
      <timex2_mention ID="adige20040908_id405881-T5-1">
        <extent>
          <charseq START="2933" END="2935">ora</charseq>
        </extent>
      </timex2_mention>
    </timex2>
  </document>
</source_file>
