<?xml version="1.0" encoding="UTF-8"?>
<!DOCTYPE source_file PUBLIC "SYSTEM" "apf.v5.1.1.dtd">

<source_file URI="adige20040908_id405890.sgm" SOURCE="unknown" TYPE="text" VERSION="5.0" AUTHOR="romano" ENCODING="UTF-8">
  <document DOCID="adige20040908_id405890">
    <timex2 ID="adige20040908_id405890-T3" COMMENT="Non e' l'anno del calendario gregoriano quindi si lascia non specificato.">
      <timex2_mention ID="adige20040908_id405890-T3-1">
        <extent>
          <charseq START="1165" END="1188">il nuovo anno scolastico</charseq>
        </extent>
      </timex2_mention>
    </timex2>
    <timex2 ID="adige20040908_id405890-T1" VAL="PRESENT_REF" ANCHOR_VAL="2004-09-08" ANCHOR_DIR="AS_OF">
      <timex2_mention ID="adige20040908_id405890-T1-1">
        <extent>
          <charseq START="258" END="260">ora</charseq>
        </extent>
      </timex2_mention>
    </timex2>
    <timex2 ID="adige20040908_id405890-T2" VAL="PRESENT_REF" ANCHOR_VAL="2004-09-08" ANCHOR_DIR="AS_OF">
      <timex2_mention ID="adige20040908_id405890-T2-1">
        <extent>
          <charseq START="1250" END="1252">ora</charseq>
        </extent>
      </timex2_mention>
    </timex2>
  </document>
</source_file>
