<?xml version="1.0" encoding="UTF-8"?>
<!DOCTYPE source_file PUBLIC "SYSTEM" "apf.v5.1.1.dtd">

<source_file URI="adige20040908_id405885.sgm" SOURCE="unknown" TYPE="text" VERSION="5.0" AUTHOR="romano" ENCODING="UTF-8">
  <document DOCID="adige20040908_id405885">
    <timex2 ID="adige20040908_id405885-T3" VAL="PRESENT_REF" ANCHOR_VAL="2004-09-08" ANCHOR_DIR="AS_OF">
      <timex2_mention ID="adige20040908_id405885-T3-1">
        <extent>
          <charseq START="87" END="89">Ora</charseq>
        </extent>
      </timex2_mention>
    </timex2>
    <timex2 ID="adige20040908_id405885-T4" VAL="PRESENT_REF" ANCHOR_VAL="2004-09-08" ANCHOR_DIR="AS_OF">
      <timex2_mention ID="adige20040908_id405885-T4-1">
        <extent>
          <charseq START="131" END="133">Ora</charseq>
        </extent>
      </timex2_mention>
    </timex2>
    <timex2 ID="adige20040908_id405885-T1" VAL="2004-09-07">
      <timex2_mention ID="adige20040908_id405885-T1-1">
        <extent>
          <charseq START="349" END="352">ieri</charseq>
        </extent>
      </timex2_mention>
    </timex2>
    <timex2 ID="adige20040908_id405885-T2" VAL="PXD" ANCHOR_VAL="2004-09-08" ANCHOR_DIR="AFTER">
      <timex2_mention ID="adige20040908_id405885-T2-1">
        <extent>
          <charseq START="954" END="972">nei prossimi giorni</charseq>
        </extent>
      </timex2_mention>
    </timex2>
  </document>
</source_file>
