<?xml version="1.0" encoding="UTF-8"?>
<!DOCTYPE source_file PUBLIC "SYSTEM" "apf.v5.1.1.dtd">

<source_file URI="adige20040908_id405900.sgm" SOURCE="unknown" TYPE="text" VERSION="5.0" AUTHOR="romano" ENCODING="UTF-8">
  <document DOCID="adige20040908_id405900">
    <timex2 ID="adige20040908_id405900-T1" VAL="PRESENT_REF" ANCHOR_VAL="2004-09-08" ANCHOR_DIR="AS_OF">
      <timex2_mention ID="adige20040908_id405900-T1-1">
        <extent>
          <charseq START="32" END="34">Ora</charseq>
        </extent>
      </timex2_mention>
    </timex2>
    <timex2 ID="adige20040908_id405900-T2" VAL="P10Y" ANCHOR_VAL="2004" ANCHOR_DIR="ENDING">
      <timex2_mention ID="adige20040908_id405900-T2-1">
        <extent>
          <charseq START="167" END="176">dieci anni</charseq>
        </extent>
      </timex2_mention>
    </timex2>
    <timex2 ID="adige20040908_id405900-T3" VAL="PRESENT_REF" ANCHOR_VAL="2004-09-08" ANCHOR_DIR="AS_OF">
      <timex2_mention ID="adige20040908_id405900-T3-1">
        <extent>
          <charseq START="866" END="868">ora</charseq>
        </extent>
      </timex2_mention>
    </timex2>
    <timex2 ID="adige20040908_id405900-T4" VAL="P10Y" MOD="APPROX" ANCHOR_VAL="2004" ANCHOR_DIR="ENDING">
      <timex2_mention ID="adige20040908_id405900-T4-1">
        <extent>
          <charseq START="893" END="908">circa dieci anni</charseq>
        </extent>
      </timex2_mention>
    </timex2>
  </document>
</source_file>
