<?xml version="1.0" encoding="UTF-8"?>
<!DOCTYPE source_file PUBLIC "SYSTEM" "apf.v5.1.1.dtd">

<source_file URI="adige20040908_id405705.sgm" SOURCE="unknown" TYPE="text" VERSION="5.0" AUTHOR="romano" ENCODING="UTF-8">
  <document DOCID="adige20040908_id405705">
    <timex2 ID="adige20040908_id405705-T8" VAL="P3Y" ANCHOR_VAL="2005" ANCHOR_DIR="STARTING">
      <timex2_mention ID="adige20040908_id405705-T8-1">
        <extent>
          <charseq START="3299" END="3307">triennale</charseq>
        </extent>
      </timex2_mention>
    </timex2>
    <timex2 ID="adige20040908_id405705-T9" VAL="2005-02">
      <timex2_mention ID="adige20040908_id405705-T9-1">
        <extent>
          <charseq START="3342" END="3349">febbraio</charseq>
        </extent>
      </timex2_mention>
    </timex2>
    <timex2 ID="adige20040908_id405705-T1" VAL="2005-02">
      <timex2_mention ID="adige20040908_id405705-T1-1">
        <extent>
          <charseq START="115" END="122">febbraio</charseq>
        </extent>
      </timex2_mention>
    </timex2>
    <timex2 ID="adige20040908_id405705-T10" VAL="2004-09-24">
      <timex2_mention ID="adige20040908_id405705-T10-1">
        <extent>
          <charseq START="4047" END="4056">venerdì 24</charseq>
        </extent>
      </timex2_mention>
    </timex2>
    <timex2 ID="adige20040908_id405705-T11" VAL="199" MOD="MID">
      <timex2_mention ID="adige20040908_id405705-T11-1">
        <extent>
          <charseq START="4145" END="4157">metà anni '90</charseq>
        </extent>
      </timex2_mention>
    </timex2>
    <timex2 ID="adige20040908_id405705-T3" VAL="P3Y" ANCHOR_VAL="2005" ANCHOR_DIR="STARTING">
      <timex2_mention ID="adige20040908_id405705-T3-1">
        <extent>
          <charseq START="2888" END="2896">triennale</charseq>
        </extent>
      </timex2_mention>
    </timex2>
    <timex2 ID="adige20040908_id405705-T4" VAL="2005">
      <timex2_mention ID="adige20040908_id405705-T4-1">
        <extent>
          <charseq START="2898" END="2901">2005</charseq>
        </extent>
      </timex2_mention>
    </timex2>
    <timex2 ID="adige20040908_id405705-T5" VAL="2007">
      <timex2_mention ID="adige20040908_id405705-T5-1">
        <extent>
          <charseq START="2903" END="2906">2007</charseq>
        </extent>
      </timex2_mention>
    </timex2>
    <timex2 ID="adige20040908_id405705-T13" VAL="PAST_REF" ANCHOR_VAL="2004-09-08" ANCHOR_DIR="BEFORE">
      <timex2_mention ID="adige20040908_id405705-T13-1">
        <extent>
          <charseq START="1274" END="1283">al passato</charseq>
        </extent>
      </timex2_mention>
    </timex2>
    <timex2 ID="adige20040908_id405705-T6" VAL="2004-11">
      <timex2_mention ID="adige20040908_id405705-T6-1">
        <extent>
          <charseq START="3177" END="3184">novembre</charseq>
        </extent>
      </timex2_mention>
    </timex2>
    <timex2 ID="adige20040908_id405705-T14" VAL="XXXX" SET="YES">
      <timex2_mention ID="adige20040908_id405705-T14-1">
        <extent>
          <charseq START="2970" END="2978">ogni anno</charseq>
        </extent>
      </timex2_mention>
    </timex2>
    <timex2 ID="adige20040908_id405705-T7" VAL="2005-01">
      <timex2_mention ID="adige20040908_id405705-T7-1">
        <extent>
          <charseq START="3246" END="3261">gennaio prossimo</charseq>
        </extent>
      </timex2_mention>
    </timex2>
  </document>
</source_file>
