<?xml version="1.0" encoding="UTF-8"?>
<!DOCTYPE source_file PUBLIC "SYSTEM" "apf.v5.1.1.dtd">

<source_file URI="adige20040908_id405708.sgm" SOURCE="unknown" TYPE="text" VERSION="5.0" AUTHOR="romano" ENCODING="UTF-8">
  <document DOCID="adige20040908_id405708">
    <timex2 ID="adige20040908_id405708-T3" VAL="XXXX-XX-XX">
      <timex2_mention ID="adige20040908_id405708-T3-1">
        <extent>
          <charseq START="952" END="966">un giorno prima</charseq>
        </extent>
      </timex2_mention>
    </timex2>
    <timex2 ID="adige20040908_id405708-T1" VAL="2003">
      <timex2_mention ID="adige20040908_id405708-T1-1">
        <extent>
          <charseq START="110" END="117">nel 2003</charseq>
        </extent>
      </timex2_mention>
    </timex2>
    <timex2 ID="adige20040908_id405708-T2" VAL="2004">
      <timex2_mention ID="adige20040908_id405708-T2-1">
        <extent>
          <charseq START="171" END="180">quest'anno</charseq>
        </extent>
      </timex2_mention>
    </timex2>
  </document>
</source_file>
