<?xml version="1.0" encoding="UTF-8"?>
<!DOCTYPE source_file PUBLIC "SYSTEM" "apf.v5.1.1.dtd">

<source_file URI="adige20040908_id405706.sgm" SOURCE="unknown" TYPE="text" VERSION="5.0" AUTHOR="romano" ENCODING="UTF-8">
  <document DOCID="adige20040908_id405706">
    <timex2 ID="adige20040908_id405706-T1" VAL="2005-01">
      <timex2_mention ID="adige20040908_id405706-T1-1">
        <extent>
          <charseq START="827" END="833">gennaio</charseq>
        </extent>
      </timex2_mention>
    </timex2>
    <timex2 ID="adige20040908_id405706-T3" VAL="P3Y">
      <timex2_mention ID="adige20040908_id405706-T3-1">
        <extent>
          <charseq START="440" END="448">triennale</charseq>
        </extent>
      </timex2_mention>
    </timex2>
    <timex2 ID="adige20040908_id405706-T2" VAL="2005-02">
      <timex2_mention ID="adige20040908_id405706-T2-1">
        <extent>
          <charseq START="871" END="878">febbraio</charseq>
        </extent>
      </timex2_mention>
    </timex2>
  </document>
</source_file>
