<?xml version="1.0" encoding="UTF-8"?>
<!DOCTYPE source_file PUBLIC "SYSTEM" "apf.v5.1.1.dtd">

<source_file URI="adige20040908_id405707.sgm" SOURCE="unknown" TYPE="text" VERSION="5.0" AUTHOR="romano" ENCODING="UTF-8">
  <document DOCID="adige20040908_id405707">
    <timex2 ID="adige20040908_id405707-T7" VAL="XXXX" SET="YES">
      <timex2_mention ID="adige20040908_id405707-T7-1">
        <extent>
          <charseq START="1361" END="1365">annui</charseq>
        </extent>
      </timex2_mention>
    </timex2>
    <timex2 ID="adige20040908_id405707-T6" VAL="2002">
      <timex2_mention ID="adige20040908_id405707-T6-1">
        <extent>
          <charseq START="340" END="347">del 2002</charseq>
        </extent>
      </timex2_mention>
    </timex2>
    <timex2 ID="adige20040908_id405707-T1" VAL="2003">
      <timex2_mention ID="adige20040908_id405707-T1-1">
        <extent>
          <charseq START="75" END="82">nel 2003</charseq>
        </extent>
      </timex2_mention>
    </timex2>
    <timex2 ID="adige20040908_id405707-T2" VAL="2003" MOD="END">
      <timex2_mention ID="adige20040908_id405707-T2-1">
        <extent>
          <charseq START="189" END="197">fine 2003</charseq>
        </extent>
      </timex2_mention>
    </timex2>
    <timex2 ID="adige20040908_id405707-T3" VAL="2002">
      <timex2_mention ID="adige20040908_id405707-T3-1">
        <extent>
          <charseq START="219" END="226">sul 2002</charseq>
        </extent>
      </timex2_mention>
    </timex2>
    <timex2 ID="adige20040908_id405707-T4" VAL="P2Y" SET="YES">
      <timex2_mention ID="adige20040908_id405707-T4-1">
        <extent>
          <charseq START="410" END="417">biennali</charseq>
        </extent>
      </timex2_mention>
    </timex2>
    <timex2 ID="adige20040908_id405707-T5" VAL="XXXX-WXX" SET="YES">
      <timex2_mention ID="adige20040908_id405707-T5-1">
        <extent>
          <charseq START="1383" END="1393">settimanale</charseq>
        </extent>
      </timex2_mention>
    </timex2>
  </document>
</source_file>
