<?xml version="1.0" encoding="UTF-8"?>
<!DOCTYPE source_file PUBLIC "SYSTEM" "apf.v5.1.1.dtd">

<source_file URI="adige20040908_id405711.sgm" SOURCE="unknown" TYPE="text" VERSION="5.0" AUTHOR="romano" ENCODING="UTF-8">
  <document DOCID="adige20040908_id405711">
    <timex2 ID="adige20040908_id405711-T10" VAL="2004-09-07">
      <timex2_mention ID="adige20040908_id405711-T10-1">
        <extent>
          <charseq START="52" END="55">ieri</charseq>
        </extent>
      </timex2_mention>
    </timex2>
    <timex2 ID="adige20040908_id405711-T3" VAL="PAST_REF" ANCHOR_VAL="2004-09-08" ANCHOR_DIR="BEFORE">
      <timex2_mention ID="adige20040908_id405711-T3-1">
        <extent>
          <charseq START="861" END="867">passato</charseq>
        </extent>
      </timex2_mention>
    </timex2>
    <timex2 ID="adige20040908_id405711-T4" VAL="2004-09-07">
      <timex2_mention ID="adige20040908_id405711-T4-1">
        <extent>
          <charseq START="981" END="984">ieri</charseq>
        </extent>
      </timex2_mention>
    </timex2>
    <timex2 ID="adige20040908_id405711-T5" VAL="PRESENT_REF" ANCHOR_VAL="2004-09-08" ANCHOR_DIR="AS_OF">
      <timex2_mention ID="adige20040908_id405711-T5-1">
        <extent>
          <charseq START="2089" END="2094">adesso</charseq>
        </extent>
      </timex2_mention>
    </timex2>
    <timex2 ID="adige20040908_id405711-T6" VAL="P3Y">
      <timex2_mention ID="adige20040908_id405711-T6-1">
        <extent>
          <charseq START="2324" END="2332">triennale</charseq>
        </extent>
      </timex2_mention>
    </timex2>
    <timex2 ID="adige20040908_id405711-T7" VAL="2004-09">
      <timex2_mention ID="adige20040908_id405711-T7-1">
        <extent>
          <charseq START="2821" END="2831">questo mese</charseq>
        </extent>
      </timex2_mention>
    </timex2>
    <timex2 ID="adige20040908_id405711-T8" VAL="2004-10">
      <timex2_mention ID="adige20040908_id405711-T8-1">
        <extent>
          <charseq START="3000" END="3006">ottobre</charseq>
        </extent>
      </timex2_mention>
    </timex2>
    <timex2 ID="adige20040908_id405711-T9" VAL="2004-11">
      <timex2_mention ID="adige20040908_id405711-T9-1">
        <extent>
          <charseq START="3162" END="3169">novembre</charseq>
        </extent>
      </timex2_mention>
    </timex2>
    <timex2 ID="adige20040908_id405711-T1" VAL="PAST_REF" ANCHOR_VAL="2004-09-08" ANCHOR_DIR="BEFORE">
      <timex2_mention ID="adige20040908_id405711-T1-1">
        <extent>
          <charseq START="585" END="595">a suo tempo</charseq>
        </extent>
      </timex2_mention>
    </timex2>
    <timex2 ID="adige20040908_id405711-T2" VAL="PRESENT_REF" ANCHOR_VAL="2004-09-08" ANCHOR_DIR="AS_OF">
      <timex2_mention ID="adige20040908_id405711-T2-1">
        <extent>
          <charseq START="635" END="640">adesso</charseq>
        </extent>
      </timex2_mention>
    </timex2>
  </document>
</source_file>
