<?xml version="1.0" encoding="UTF-8"?>
<!DOCTYPE source_file PUBLIC "SYSTEM" "apf.v5.2.0.dtd">

<source_file URI="adige20040907_id405384.txt" SOURCE="unknown" TYPE="text" VERSION="5.0" AUTHOR="Evalita" ENCODING="UTF-8">
  <document DOCID="adige20040907_id405384">
    <entity ID="adige20040907_id405384-E1" TYPE="PER" SUBTYPE="Indefinite" CLASS="USP">
      <entity_mention ID="adige20040907_id405384-E1-1" TYPE="PRO" PRIMARY="true" METONYMY_MENTION="FALSE">
        <extent>
          <charseq START="198" END="199">si</charseq>
        </extent>
        <head>
          <charseq START="198" END="199">si</charseq>
        </head>
      </entity_mention>
    </entity>
    <entity ID="adige20040907_id405384-E2" TYPE="PER" SUBTYPE="Group" CLASS="SPC">
      <entity_mention ID="adige20040907_id405384-E2-1" TYPE="NOM" PRIMARY="true" METONYMY_MENTION="FALSE">
        <extent>
          <charseq START="455" END="486">dei ministri degli esteri dei 25</charseq>
        </extent>
        <head>
          <charseq START="459" END="466">ministri</charseq>
        </head>
      </entity_mention>
    </entity>
    <entity ID="adige20040907_id405384-E3" TYPE="PER" SUBTYPE="Group" CLASS="SPC">
      <entity_mention ID="adige20040907_id405384-E3-1" TYPE="PRO" PRIMARY="true" METONYMY_MENTION="FALSE">
        <extent>
          <charseq START="718" END="763">coloro che formulano critiche contro Bruxelles</charseq>
        </extent>
        <head>
          <charseq START="718" END="723">coloro</charseq>
        </head>
      </entity_mention>
      <entity_mention ID="adige20040907_id405384-E3-2" TYPE="PRO" PRIMARY="false" METONYMY_MENTION="FALSE">
        <extent>
          <charseq START="725" END="727">che</charseq>
        </extent>
        <head>
          <charseq START="725" END="727">che</charseq>
        </head>
      </entity_mention>
    </entity>
    <entity ID="adige20040907_id405384-E4" TYPE="PER" SUBTYPE="Group" CLASS="SPC">
      <entity_mention ID="adige20040907_id405384-E4-1" TYPE="NOM" PRIMARY="true" METONYMY_MENTION="FALSE">
        <extent>
          <charseq START="965" END="978">dai terroristi</charseq>
        </extent>
        <head>
          <charseq START="969" END="978">terroristi</charseq>
        </head>
      </entity_mention>
    </entity>
    <entity ID="adige20040907_id405384-E5" TYPE="PER" SUBTYPE="Group" CLASS="GEN">
      <entity_mention ID="adige20040907_id405384-E5-1" TYPE="NOM" PRIMARY="true" METONYMY_MENTION="FALSE">
        <extent>
          <charseq START="1161" END="1167">ostaggi</charseq>
        </extent>
        <head>
          <charseq START="1161" END="1167">ostaggi</charseq>
        </head>
      </entity_mention>
    </entity>
    <entity ID="adige20040907_id405384-E6" TYPE="PER" SUBTYPE="Group" CLASS="SPC">
      <entity_mention ID="adige20040907_id405384-E6-1" TYPE="NOM" PRIMARY="true" METONYMY_MENTION="FALSE">
        <extent>
          <charseq START="1217" END="1231">ai responsabili</charseq>
        </extent>
        <head>
          <charseq START="1220" END="1231">responsabili</charseq>
        </head>
      </entity_mention>
    </entity>
    <entity ID="adige20040907_id405384-E7" TYPE="PER" SUBTYPE="Group" CLASS="SPC">
      <entity_mention ID="adige20040907_id405384-E7-1" TYPE="NOM" PRIMARY="true" METONYMY_MENTION="FALSE">
        <extent>
          <charseq START="1262" END="1278">tutti gli ostaggi</charseq>
        </extent>
        <head>
          <charseq START="1272" END="1278">ostaggi</charseq>
        </head>
      </entity_mention>
    </entity>
    <entity ID="adige20040907_id405384-E8" TYPE="PER" SUBTYPE="Indefinite" CLASS="USP">
      <entity_mention ID="adige20040907_id405384-E8-1" TYPE="PRO" PRIMARY="true" METONYMY_MENTION="FALSE">
        <extent>
          <charseq START="1508" END="1509">si</charseq>
        </extent>
        <head>
          <charseq START="1508" END="1509">si</charseq>
        </head>
      </entity_mention>
    </entity>
    <entity ID="adige20040907_id405384-E9" TYPE="PER" SUBTYPE="Group" CLASS="SPC">
      <entity_mention ID="adige20040907_id405384-E9-1" TYPE="NOM" PRIMARY="true" METONYMY_MENTION="FALSE">
        <extent>
          <charseq START="1557" END="1581">i bambini uccisi a Beslan</charseq>
        </extent>
        <head>
          <charseq START="1559" END="1565">bambini</charseq>
        </head>
      </entity_mention>
    </entity>
    <entity ID="adige20040907_id405384-E10" TYPE="PER" SUBTYPE="Group" CLASS="GEN">
      <entity_mention ID="adige20040907_id405384-E10-1" TYPE="NOM" PRIMARY="true" METONYMY_MENTION="FALSE">
        <extent>
          <charseq START="1318" END="1324">bambini</charseq>
        </extent>
        <head>
          <charseq START="1318" END="1324">bambini</charseq>
        </head>
      </entity_mention>
    </entity>
    <entity ID="adige20040907_id405384-E11" TYPE="PER" SUBTYPE="Group" CLASS="GEN">
      <entity_mention ID="adige20040907_id405384-E11-1" TYPE="NOM" PRIMARY="true" METONYMY_MENTION="FALSE">
        <extent>
          <charseq START="1327" END="1334">genitori</charseq>
        </extent>
        <head>
          <charseq START="1327" END="1334">genitori</charseq>
        </head>
      </entity_mention>
    </entity>
    <entity ID="adige20040907_id405384-E12" TYPE="PER" SUBTYPE="Group" CLASS="GEN">
      <entity_mention ID="adige20040907_id405384-E12-1" TYPE="NOM" PRIMARY="true" METONYMY_MENTION="FALSE">
        <extent>
          <charseq START="1338" END="1347">insegnanti</charseq>
        </extent>
        <head>
          <charseq START="1338" END="1347">insegnanti</charseq>
        </head>
      </entity_mention>
    </entity>
    <entity ID="adige20040907_id405384-E13" TYPE="PER" SUBTYPE="Group" CLASS="GEN">
      <entity_mention ID="adige20040907_id405384-E13-1" TYPE="NOM" PRIMARY="true" METONYMY_MENTION="FALSE">
        <extent>
          <charseq START="1318" END="1347">bambini, genitori e insegnanti</charseq>
        </extent>
        <head>
          <charseq START="1318" END="1347">bambini, genitori e insegnanti</charseq>
        </head>
      </entity_mention>
    </entity>
    <entity ID="adige20040907_id405384-E15" TYPE="ORG" SUBTYPE="Government" CLASS="SPC">
      <entity_mention ID="adige20040907_id405384-E15-1" TYPE="NAM" PRIMARY="true" METONYMY_MENTION="FALSE">
        <extent>
          <charseq START="609" END="619">Commissione</charseq>
        </extent>
        <head>
          <charseq START="609" END="619">Commissione</charseq>
        </head>
      </entity_mention>
      <entity_attributes>
        <name NAME="Commissione">
          <charseq START="609" END="619">Commissione</charseq>
        </name>
      </entity_attributes>
    </entity>
    <entity ID="adige20040907_id405384-E16" TYPE="ORG" SUBTYPE="Government" CLASS="SPC">
      <entity_mention ID="adige20040907_id405384-E16-1" TYPE="NAM" PRIMARY="true" METONYMY_MENTION="FALSE">
        <extent>
          <charseq START="360" END="396">dalla presidenza olandese dell'Unione</charseq>
        </extent>
        <head>
          <charseq START="366" END="375">presidenza</charseq>
        </head>
      </entity_mention>
      <entity_mention ID="adige20040907_id405384-E16-2" TYPE="NAM" PRIMARY="false" METONYMY_MENTION="FALSE">
        <extent>
          <charseq START="587" END="605">Presidenza olandese</charseq>
        </extent>
        <head>
          <charseq START="587" END="596">Presidenza</charseq>
        </head>
      </entity_mention>
      <entity_mention ID="adige20040907_id405384-E16-3" TYPE="NAM" PRIMARY="false" METONYMY_MENTION="FALSE">
        <extent>
          <charseq START="1031" END="1054">della presidenza europea</charseq>
        </extent>
        <head>
          <charseq START="1037" END="1046">presidenza</charseq>
        </head>
      </entity_mention>
      <entity_attributes>
        <name NAME="presidenza">
          <charseq START="366" END="375">presidenza</charseq>
        </name>
        <name NAME="Presidenza">
          <charseq START="587" END="596">Presidenza</charseq>
        </name>
        <name NAME="presidenza">
          <charseq START="1037" END="1046">presidenza</charseq>
        </name>
      </entity_attributes>
    </entity>
    <entity ID="adige20040907_id405384-E17" TYPE="ORG" SUBTYPE="Government" CLASS="SPC">
      <entity_mention ID="adige20040907_id405384-E17-1" TYPE="NAM" PRIMARY="true" METONYMY_MENTION="FALSE">
        <extent>
          <charseq START="587" END="619">Presidenza olandese e Commissione</charseq>
        </extent>
        <head>
          <charseq START="587" END="619">Presidenza olandese e Commissione</charseq>
        </head>
      </entity_mention>
      <entity_attributes>
        <name NAME="Presidenza olandese e Commissione">
          <charseq START="587" END="619">Presidenza olandese e Commissione</charseq>
        </name>
      </entity_attributes>
    </entity>
    <entity ID="adige20040907_id405384-E18" TYPE="GPE" SUBTYPE="Population-Center" CLASS="SPC">
      <entity_mention ID="adige20040907_id405384-E18-1" TYPE="NAM" PRIMARY="true" ROLE="LOC" METONYMY_MENTION="FALSE">
        <extent>
          <charseq START="32" END="40">BRUXELLES</charseq>
        </extent>
        <head>
          <charseq START="32" END="40">BRUXELLES</charseq>
        </head>
      </entity_mention>
      <entity_mention ID="adige20040907_id405384-E18-2" TYPE="NAM" PRIMARY="false" ROLE="LOC" METONYMY_MENTION="FALSE">
        <extent>
          <charseq START="213" END="221">Bruxelles</charseq>
        </extent>
        <head>
          <charseq START="213" END="221">Bruxelles</charseq>
        </head>
      </entity_mention>
      <entity_mention ID="adige20040907_id405384-E18-3" TYPE="NOM" PRIMARY="false" ROLE="GPE" METONYMY_MENTION="FALSE">
        <extent>
          <charseq START="415" END="431">la capitale belga</charseq>
        </extent>
        <head>
          <charseq START="418" END="425">capitale</charseq>
        </head>
      </entity_mention>
      <entity_mention ID="adige20040907_id405384-E18-4" TYPE="NAM" PRIMARY="false" ROLE="LOC" METONYMY_MENTION="FALSE">
        <extent>
          <charseq START="1617" END="1625">Bruxelles</charseq>
        </extent>
        <head>
          <charseq START="1617" END="1625">Bruxelles</charseq>
        </head>
      </entity_mention>
      <entity_attributes>
        <name NAME="BRUXELLES">
          <charseq START="32" END="40">BRUXELLES</charseq>
        </name>
        <name NAME="Bruxelles">
          <charseq START="213" END="221">Bruxelles</charseq>
        </name>
        <name NAME="Bruxelles">
          <charseq START="1617" END="1625">Bruxelles</charseq>
        </name>
      </entity_attributes>
    </entity>
    <entity ID="adige20040907_id405384-E19" TYPE="GPE" SUBTYPE="GPE-Cluster" CLASS="SPC">
      <entity_mention ID="adige20040907_id405384-E19-1" TYPE="NAM" PRIMARY="true" ROLE="ORG" METONYMY_MENTION="FALSE">
        <extent>
          <charseq START="44" END="59">L'Unione europea</charseq>
        </extent>
        <head>
          <charseq START="46" END="59">Unione europea</charseq>
        </head>
      </entity_mention>
      <entity_mention ID="adige20040907_id405384-E19-2" TYPE="NAM" PRIMARY="false" ROLE="ORG" METONYMY_MENTION="FALSE">
        <extent>
          <charseq START="192" END="195">L'Ue</charseq>
        </extent>
        <head>
          <charseq START="194" END="195">Ue</charseq>
        </head>
      </entity_mention>
      <entity_mention ID="adige20040907_id405384-E19-3" TYPE="NAM" PRIMARY="false" ROLE="ORG" METONYMY_MENTION="FALSE">
        <extent>
          <charseq START="386" END="396">dell'Unione</charseq>
        </extent>
        <head>
          <charseq START="391" END="396">Unione</charseq>
        </head>
      </entity_mention>
      <entity_mention ID="adige20040907_id405384-E19-4" TYPE="NAM" PRIMARY="false" ROLE="ORG" METONYMY_MENTION="TRUE">
        <extent>
          <charseq START="755" END="763">Bruxelles</charseq>
        </extent>
        <head>
          <charseq START="755" END="763">Bruxelles</charseq>
        </head>
      </entity_mention>
      <entity_mention ID="adige20040907_id405384-E19-5" TYPE="NAM" PRIMARY="false" ROLE="ORG" METONYMY_MENTION="FALSE">
        <extent>
          <charseq START="870" END="873">l'Ue</charseq>
        </extent>
        <head>
          <charseq START="872" END="873">Ue</charseq>
        </head>
      </entity_mention>
      <entity_mention ID="adige20040907_id405384-E19-6" TYPE="NAM" PRIMARY="false" ROLE="GPE" METONYMY_MENTION="FALSE">
        <extent>
          <charseq START="1048" END="1054">europea</charseq>
        </extent>
        <head>
          <charseq START="1048" END="1054">europea</charseq>
        </head>
      </entity_mention>
      <entity_mention ID="adige20040907_id405384-E19-7" TYPE="NAM" PRIMARY="false" ROLE="ORG" METONYMY_MENTION="FALSE">
        <extent>
          <charseq START="1103" END="1118">l'Unione Europea</charseq>
        </extent>
        <head>
          <charseq START="1105" END="1118">Unione Europea</charseq>
        </head>
      </entity_mention>
      <entity_mention ID="adige20040907_id405384-E19-8" TYPE="NAM" PRIMARY="false" ROLE="ORG" METONYMY_MENTION="FALSE">
        <extent>
          <charseq START="17" END="18">Ue</charseq>
        </extent>
        <head>
          <charseq START="17" END="18">Ue</charseq>
        </head>
      </entity_mention>
      <entity_attributes>
        <name NAME="Unione europea">
          <charseq START="46" END="59">Unione europea</charseq>
        </name>
        <name NAME="Ue">
          <charseq START="194" END="195">Ue</charseq>
        </name>
        <name NAME="Unione">
          <charseq START="391" END="396">Unione</charseq>
        </name>
        <name NAME="Bruxelles">
          <charseq START="755" END="763">Bruxelles</charseq>
        </name>
        <name NAME="Ue">
          <charseq START="872" END="873">Ue</charseq>
        </name>
        <name NAME="Unione Europea">
          <charseq START="1105" END="1118">Unione Europea</charseq>
        </name>
        <name NAME="Ue">
          <charseq START="17" END="18">Ue</charseq>
        </name>
      </entity_attributes>
    </entity>
    <entity ID="adige20040907_id405384-E20" TYPE="GPE" SUBTYPE="Nation" CLASS="SPC">
      <entity_mention ID="adige20040907_id405384-E20-1" TYPE="NAM" PRIMARY="true" ROLE="GPE" METONYMY_MENTION="FALSE">
        <extent>
          <charseq START="119" END="123">russo</charseq>
        </extent>
        <head>
          <charseq START="119" END="123">russo</charseq>
        </head>
      </entity_mention>
      <entity_mention ID="adige20040907_id405384-E20-2" TYPE="NOM" PRIMARY="false" ROLE="ORG" METONYMY_MENTION="FALSE">
        <extent>
          <charseq START="275" END="396">il governo di Mosca, che ha definito « blasfema » la richiesta di informazioni fatta dalla presidenza olandese dell'Unione</charseq>
        </extent>
        <head>
          <charseq START="278" END="284">governo</charseq>
        </head>
      </entity_mention>
      <entity_mention ID="adige20040907_id405384-E20-3" TYPE="PRO" PRIMARY="false" ROLE="ORG" METONYMY_MENTION="FALSE">
        <extent>
          <charseq START="296" END="298">che</charseq>
        </extent>
        <head>
          <charseq START="296" END="298">che</charseq>
        </head>
      </entity_mention>
      <entity_mention ID="adige20040907_id405384-E20-4" TYPE="NAM" PRIMARY="false" ROLE="GPE" METONYMY_MENTION="FALSE">
        <extent>
          <charseq START="580" END="584">russa</charseq>
        </extent>
        <head>
          <charseq START="580" END="584">russa</charseq>
        </head>
      </entity_mention>
      <entity_mention ID="adige20040907_id405384-E20-5" TYPE="NAM" PRIMARY="false" ROLE="GPE" METONYMY_MENTION="FALSE">
        <extent>
          <charseq START="1443" END="1447">russo</charseq>
        </extent>
        <head>
          <charseq START="1443" END="1447">russo</charseq>
        </head>
      </entity_mention>
      <entity_mention ID="adige20040907_id405384-E20-6" TYPE="NAM" PRIMARY="false" ROLE="ORG" METONYMY_MENTION="TRUE">
        <extent>
          <charseq START="22" END="26">Mosca</charseq>
        </extent>
        <head>
          <charseq START="22" END="26">Mosca</charseq>
        </head>
      </entity_mention>
      <entity_mention ID="adige20040907_id405384-E20-7" TYPE="NAM" PRIMARY="false" ROLE="GPE" METONYMY_MENTION="TRUE">
        <extent>
          <charseq START="289" END="293">Mosca</charseq>
        </extent>
        <head>
          <charseq START="289" END="293">Mosca</charseq>
        </head>
      </entity_mention>
      <entity_mention ID="adige20040907_id405384-E20-8" TYPE="NOM" PRIMARY="false" ROLE="ORG" METONYMY_MENTION="FALSE">
        <extent>
          <charseq START="70" END="80">al mittente</charseq>
        </extent>
        <head>
          <charseq START="73" END="80">mittente</charseq>
        </head>
      </entity_mention>
      <entity_attributes>
        <name NAME="Mosca">
          <charseq START="22" END="26">Mosca</charseq>
        </name>
        <name NAME="Mosca">
          <charseq START="289" END="293">Mosca</charseq>
        </name>
      </entity_attributes>
    </entity>
    <entity ID="adige20040907_id405384-E21" TYPE="GPE" SUBTYPE="Population-Center" CLASS="SPC">
      <entity_mention ID="adige20040907_id405384-E21-1" TYPE="NAM" PRIMARY="true" ROLE="LOC" METONYMY_MENTION="FALSE">
        <extent>
          <charseq START="127" END="144">Beslan, in Ossezia</charseq>
        </extent>
        <head>
          <charseq START="127" END="132">Beslan</charseq>
        </head>
      </entity_mention>
      <entity_mention ID="adige20040907_id405384-E21-2" TYPE="NAM" PRIMARY="false" ROLE="GPE" METONYMY_MENTION="FALSE">
        <extent>
          <charseq START="1576" END="1581">Beslan</charseq>
        </extent>
        <head>
          <charseq START="1576" END="1581">Beslan</charseq>
        </head>
      </entity_mention>
      <entity_attributes>
        <name NAME="Beslan">
          <charseq START="127" END="132">Beslan</charseq>
        </name>
        <name NAME="Beslan">
          <charseq START="1576" END="1581">Beslan</charseq>
        </name>
      </entity_attributes>
    </entity>
    <entity ID="adige20040907_id405384-E22" TYPE="GPE" SUBTYPE="State-or-Province" CLASS="SPC">
      <entity_mention ID="adige20040907_id405384-E22-1" TYPE="NAM" PRIMARY="true" ROLE="LOC" METONYMY_MENTION="FALSE">
        <extent>
          <charseq START="138" END="144">Ossezia</charseq>
        </extent>
        <head>
          <charseq START="138" END="144">Ossezia</charseq>
        </head>
      </entity_mention>
      <entity_mention ID="adige20040907_id405384-E22-2" TYPE="NAM" PRIMARY="false" ROLE="LOC" METONYMY_MENTION="FALSE">
        <extent>
          <charseq START="554" END="584">nella repubblica autonoma russa</charseq>
        </extent>
        <head>
          <charseq START="560" END="569">repubblica</charseq>
        </head>
      </entity_mention>
      <entity_attributes>
        <name NAME="Ossezia">
          <charseq START="138" END="144">Ossezia</charseq>
        </name>
        <name NAME="repubblica">
          <charseq START="560" END="569">repubblica</charseq>
        </name>
      </entity_attributes>
    </entity>
    <entity ID="adige20040907_id405384-E24" TYPE="GPE" SUBTYPE="Nation" CLASS="SPC">
      <entity_mention ID="adige20040907_id405384-E24-1" TYPE="NAM" PRIMARY="true" ROLE="GPE" METONYMY_MENTION="FALSE">
        <extent>
          <charseq START="377" END="384">olandese</charseq>
        </extent>
        <head>
          <charseq START="377" END="384">olandese</charseq>
        </head>
      </entity_mention>
      <entity_mention ID="adige20040907_id405384-E24-2" TYPE="NAM" PRIMARY="false" ROLE="GPE" METONYMY_MENTION="FALSE">
        <extent>
          <charseq START="598" END="605">olandese</charseq>
        </extent>
        <head>
          <charseq START="598" END="605">olandese</charseq>
        </head>
      </entity_mention>
    </entity>
    <entity ID="adige20040907_id405384-E25" TYPE="GPE" SUBTYPE="Nation" CLASS="SPC">
      <entity_mention ID="adige20040907_id405384-E25-1" TYPE="NAM" PRIMARY="true" ROLE="GPE" METONYMY_MENTION="FALSE">
        <extent>
          <charseq START="427" END="431">belga</charseq>
        </extent>
        <head>
          <charseq START="427" END="431">belga</charseq>
        </head>
      </entity_mention>
    </entity>
    <entity ID="adige20040907_id405384-E26" TYPE="GPE" SUBTYPE="Population-Center" CLASS="SPC">
      <entity_mention ID="adige20040907_id405384-E26-1" TYPE="NOM" PRIMARY="true" ROLE="LOC" METONYMY_MENTION="FALSE">
        <extent>
          <charseq START="1473" END="1483">le capitali</charseq>
        </extent>
        <head>
          <charseq START="1476" END="1483">capitali</charseq>
        </head>
      </entity_mention>
    </entity>
    <entity ID="adige20040907_id405384-E27" TYPE="GPE" SUBTYPE="Population-Center" CLASS="SPC">
      <entity_mention ID="adige20040907_id405384-E27-1" TYPE="NOM" PRIMARY="true" ROLE="LOC" METONYMY_MENTION="FALSE">
        <extent>
          <charseq START="1487" END="1506">grandi città europee</charseq>
        </extent>
        <head>
          <charseq START="1494" END="1498">città</charseq>
        </head>
      </entity_mention>
    </entity>
    <entity ID="adige20040907_id405384-E28" TYPE="GPE" SUBTYPE="Population-Center" CLASS="SPC">
      <entity_mention ID="adige20040907_id405384-E28-1" TYPE="NOM" PRIMARY="true" ROLE="LOC" METONYMY_MENTION="FALSE">
        <extent>
          <charseq START="1467" END="1506">tutte le capitali e grandi città europee</charseq>
        </extent>
        <head>
          <charseq START="1467" END="1506">tutte le capitali e grandi città europee</charseq>
        </head>
      </entity_mention>
    </entity>
    <entity ID="adige20040907_id405384-E29" TYPE="GPE" SUBTYPE="Continent" CLASS="SPC">
      <entity_mention ID="adige20040907_id405384-E29-1" TYPE="NAM" PRIMARY="true" ROLE="GPE" METONYMY_MENTION="FALSE">
        <extent>
          <charseq START="1500" END="1506">europee</charseq>
        </extent>
        <head>
          <charseq START="1500" END="1506">europee</charseq>
        </head>
      </entity_mention>
    </entity>
    <entity ID="adige20040907_id405384-E30" TYPE="GPE" SUBTYPE="Population-Center" CLASS="SPC">
      <entity_mention ID="adige20040907_id405384-E30-1" TYPE="NAM" PRIMARY="true" ROLE="LOC" METONYMY_MENTION="FALSE">
        <extent>
          <charseq START="1587" END="1592">Londra</charseq>
        </extent>
        <head>
          <charseq START="1587" END="1592">Londra</charseq>
        </head>
      </entity_mention>
      <entity_attributes>
        <name NAME="Londra">
          <charseq START="1587" END="1592">Londra</charseq>
        </name>
      </entity_attributes>
    </entity>
    <entity ID="adige20040907_id405384-E31" TYPE="GPE" SUBTYPE="Population-Center" CLASS="SPC">
      <entity_mention ID="adige20040907_id405384-E31-1" TYPE="NAM" PRIMARY="true" ROLE="LOC" METONYMY_MENTION="FALSE">
        <extent>
          <charseq START="1596" END="1602">Berlino</charseq>
        </extent>
        <head>
          <charseq START="1596" END="1602">Berlino</charseq>
        </head>
      </entity_mention>
      <entity_attributes>
        <name NAME="Berlino">
          <charseq START="1596" END="1602">Berlino</charseq>
        </name>
      </entity_attributes>
    </entity>
    <entity ID="adige20040907_id405384-E32" TYPE="GPE" SUBTYPE="Population-Center" CLASS="SPC">
      <entity_mention ID="adige20040907_id405384-E32-1" TYPE="NAM" PRIMARY="true" ROLE="LOC" METONYMY_MENTION="FALSE">
        <extent>
          <charseq START="1608" END="1613">Madrid</charseq>
        </extent>
        <head>
          <charseq START="1608" END="1613">Madrid</charseq>
        </head>
      </entity_mention>
      <entity_attributes>
        <name NAME="Madrid">
          <charseq START="1608" END="1613">Madrid</charseq>
        </name>
      </entity_attributes>
    </entity>
    <entity ID="adige20040907_id405384-E34" TYPE="GPE" SUBTYPE="GPE-Cluster" CLASS="SPC">
      <entity_mention ID="adige20040907_id405384-E34-1" TYPE="NAM" PRIMARY="true" ROLE="ORG" METONYMY_MENTION="FALSE">
        <extent>
          <charseq START="17" END="26">Ue e Mosca</charseq>
        </extent>
        <head>
          <charseq START="17" END="26">Ue e Mosca</charseq>
        </head>
      </entity_mention>
      <entity_attributes>
        <name NAME="Ue e Mosca">
          <charseq START="17" END="26">Ue e Mosca</charseq>
        </name>
      </entity_attributes>
    </entity>
  </document>
</source_file>
