<?xml version="1.0" encoding="UTF-8"?>
<!DOCTYPE source_file PUBLIC "SYSTEM" "apf.v5.1.1.dtd">

<source_file URI="adige20040907_id405408.sgm" SOURCE="unknown" TYPE="text" VERSION="5.0" AUTHOR="romano" ENCODING="UTF-8">
  <document DOCID="adige20040907_id405408">
    <timex2 ID="adige20040907_id405408-T42" VAL="18">
      <timex2_mention ID="adige20040907_id405408-T42-1">
        <extent>
          <charseq START="3909" END="3922">nell'Ottocento</charseq>
        </extent>
      </timex2_mention>
    </timex2>
    <timex2 ID="adige20040907_id405408-T1" VAL="2004-09-07T09:00">
      <timex2_mention ID="adige20040907_id405408-T1-1">
        <extent>
          <charseq START="46" END="50">ore 9</charseq>
        </extent>
      </timex2_mention>
    </timex2>
    <timex2 ID="adige20040907_id405408-T18" VAL="T02:00">
      <timex2_mention ID="adige20040907_id405408-T18-1">
        <extent>
          <charseq START="2741" END="2750">alle 02.00</charseq>
        </extent>
      </timex2_mention>
    </timex2>
    <timex2 ID="adige20040907_id405408-T2" VAL="2004-09-07">
      <timex2_mention ID="adige20040907_id405408-T2-1">
        <extent>
          <charseq START="140" END="143">oggi</charseq>
        </extent>
      </timex2_mention>
    </timex2>
    <timex2 ID="adige20040907_id405408-T19" VAL="T19:00">
      <timex2_mention ID="adige20040907_id405408-T19-1">
        <extent>
          <charseq START="2802" END="2807">ore 19</charseq>
        </extent>
      </timex2_mention>
    </timex2>
    <timex2 ID="adige20040907_id405408-T3" VAL="2004-09-10">
      <timex2_mention ID="adige20040907_id405408-T3-1">
        <extent>
          <charseq START="559" END="568">venerdì 10</charseq>
        </extent>
      </timex2_mention>
    </timex2>
    <timex2 ID="adige20040907_id405408-T20" VAL="T24:00">
      <timex2_mention ID="adige20040907_id405408-T20-1">
        <extent>
          <charseq START="2809" END="2810">24</charseq>
        </extent>
      </timex2_mention>
    </timex2>
    <timex2 ID="adige20040907_id405408-T4" VAL="2004-09-07T09:30">
      <timex2_mention ID="adige20040907_id405408-T4-1">
        <extent>
          <charseq START="882" END="889">ore 9.30</charseq>
        </extent>
      </timex2_mention>
    </timex2>
    <timex2 ID="adige20040907_id405408-T21" VAL="2004-09-11">
      <timex2_mention ID="adige20040907_id405408-T21-1">
        <extent>
          <charseq START="2817" END="2832">all'11 settembre</charseq>
        </extent>
      </timex2_mention>
    </timex2>
    <timex2 ID="adige20040907_id405408-T5" VAL="2004-09-09">
      <timex2_mention ID="adige20040907_id405408-T5-1">
        <extent>
          <charseq START="993" END="1001">giovedì 9</charseq>
        </extent>
      </timex2_mention>
    </timex2>
    <timex2 ID="adige20040907_id405408-T38" VAL="2004-09-08T07:30">
      <timex2_mention ID="adige20040907_id405408-T38-1">
        <extent>
          <charseq START="4867" END="4874">ore 7.30</charseq>
        </extent>
      </timex2_mention>
    </timex2>
    <timex2 ID="adige20040907_id405408-T22" VAL="2004-09-07TEV">
      <timex2_mention ID="adige20040907_id405408-T22-1">
        <extent>
          <charseq START="2927" END="2937">Questa sera</charseq>
        </extent>
      </timex2_mention>
    </timex2>
    <timex2 ID="adige20040907_id405408-T6" VAL="2004-09-07T11:00">
      <timex2_mention ID="adige20040907_id405408-T6-1">
        <extent>
          <charseq START="1967" END="1972">ore 11</charseq>
        </extent>
      </timex2_mention>
    </timex2>
    <timex2 ID="adige20040907_id405408-T39" VAL="2004-09-08T12:00">
      <timex2_mention ID="adige20040907_id405408-T39-1">
        <extent>
          <charseq START="4876" END="4877">12</charseq>
        </extent>
      </timex2_mention>
    </timex2>
    <timex2 ID="adige20040907_id405408-T7" VAL="2004-09">
      <timex2_mention ID="adige20040907_id405408-T7-1">
        <extent>
          <charseq START="2185" END="2204">il mese di settembre</charseq>
        </extent>
      </timex2_mention>
    </timex2>
    <timex2 ID="adige20040907_id405408-T23" VAL="198">
      <timex2_mention ID="adige20040907_id405408-T23-1">
        <extent>
          <charseq START="2983" END="2996">degli anni '80</charseq>
        </extent>
      </timex2_mention>
    </timex2>
    <timex2 ID="adige20040907_id405408-T24" VAL="2004-09-07TEV">
      <timex2_mention ID="adige20040907_id405408-T24-1">
        <extent>
          <charseq START="3010" END="3019">Una serata</charseq>
        </extent>
      </timex2_mention>
    </timex2>
    <timex2 ID="adige20040907_id405408-T25" VAL="2004-09-07T21:00">
      <timex2_mention ID="adige20040907_id405408-T25-1">
        <extent>
          <charseq START="3171" END="3176">ore 21</charseq>
        </extent>
      </timex2_mention>
    </timex2>
    <timex2 ID="adige20040907_id405408-T26" VAL="2004-09-07T21:00">
      <timex2_mention ID="adige20040907_id405408-T26-1">
        <extent>
          <charseq START="3266" END="3271">ore 21</charseq>
        </extent>
      </timex2_mention>
    </timex2>
    <timex2 ID="adige20040907_id405408-T27" VAL="2004-09-07T21:00">
      <timex2_mention ID="adige20040907_id405408-T27-1">
        <extent>
          <charseq START="3365" END="3370">ore 21</charseq>
        </extent>
      </timex2_mention>
    </timex2>
    <timex2 ID="adige20040907_id405408-T8" VAL="2004-09-07T11:00">
      <timex2_mention ID="adige20040907_id405408-T8-1">
        <extent>
          <charseq START="2273" END="2303">alle ore 11 del mattino di oggi</charseq>
        </extent>
      </timex2_mention>
    </timex2>
    <timex2 ID="adige20040907_id405408-T11" VAL="2004-09-08T19:00">
      <timex2_mention ID="adige20040907_id405408-T11-1">
        <extent>
          <charseq START="2307" END="2327">alle ore 19 di domani</charseq>
        </extent>
      </timex2_mention>
    </timex2>
    <timex2 ID="adige20040907_id405408-T28" VAL="2004-10-30">
      <timex2_mention ID="adige20040907_id405408-T28-1">
        <extent>
          <charseq START="3618" END="3635">al 30 ottobre 2004</charseq>
        </extent>
      </timex2_mention>
    </timex2>
    <timex2 ID="adige20040907_id405408-T13" VAL="2004-09-07T19:00">
      <timex2_mention ID="adige20040907_id405408-T13-1">
        <extent>
          <charseq START="2469" END="2474">ore 19</charseq>
        </extent>
      </timex2_mention>
    </timex2>
    <timex2 ID="adige20040907_id405408-T29" VAL="2004-09-07T21:00">
      <timex2_mention ID="adige20040907_id405408-T29-1">
        <extent>
          <charseq START="3714" END="3719">ore 21</charseq>
        </extent>
      </timex2_mention>
    </timex2>
    <timex2 ID="adige20040907_id405408-T14" VAL="2004-09-07TEV">
      <timex2_mention ID="adige20040907_id405408-T14-1">
        <extent>
          <charseq START="2483" END="2493">questa sera</charseq>
        </extent>
      </timex2_mention>
    </timex2>
    <timex2 ID="adige20040907_id405408-T30" VAL="2004-06-25">
      <timex2_mention ID="adige20040907_id405408-T30-1">
        <extent>
          <charseq START="4096" END="4114">il 25 giugno scorso</charseq>
        </extent>
      </timex2_mention>
    </timex2>
    <timex2 ID="adige20040907_id405408-T15" VAL="XXXX-WXX-2">
      <timex2_mention ID="adige20040907_id405408-T15-1">
        <extent>
          <charseq START="2705" END="2715">dal martedì</charseq>
        </extent>
      </timex2_mention>
    </timex2>
    <timex2 ID="adige20040907_id405408-T31" VAL="2004-09-07T21:00">
      <timex2_mention ID="adige20040907_id405408-T31-1">
        <extent>
          <charseq START="4240" END="4245">ore 21</charseq>
        </extent>
      </timex2_mention>
    </timex2>
    <timex2 ID="adige20040907_id405408-T16" VAL="XXXX-WXX-7">
      <timex2_mention ID="adige20040907_id405408-T16-1">
        <extent>
          <charseq START="2717" END="2729">alla domenica</charseq>
        </extent>
      </timex2_mention>
    </timex2>
    <timex2 ID="adige20040907_id405408-T32" VAL="2004-09-07T20:00">
      <timex2_mention ID="adige20040907_id405408-T32-1">
        <extent>
          <charseq START="4331" END="4336">ore 21</charseq>
        </extent>
      </timex2_mention>
    </timex2>
    <timex2 ID="adige20040907_id405408-T17" VAL="T18:00">
      <timex2_mention ID="adige20040907_id405408-T17-1">
        <extent>
          <charseq START="2732" END="2739">dalle 18</charseq>
        </extent>
      </timex2_mention>
    </timex2>
    <timex2 ID="adige20040907_id405408-T33" VAL="2004-09-07T21:00">
      <timex2_mention ID="adige20040907_id405408-T33-1">
        <extent>
          <charseq START="4416" END="4421">ore 21</charseq>
        </extent>
      </timex2_mention>
    </timex2>
    <timex2 ID="adige20040907_id405408-T34" VAL="2004-09-07T21:00">
      <timex2_mention ID="adige20040907_id405408-T34-1">
        <extent>
          <charseq START="4492" END="4497">ore 21</charseq>
        </extent>
      </timex2_mention>
    </timex2>
    <timex2 ID="adige20040907_id405408-T35" VAL="2004-09-07T21:30">
      <timex2_mention ID="adige20040907_id405408-T35-1">
        <extent>
          <charseq START="4590" END="4598">ore 21.30</charseq>
        </extent>
      </timex2_mention>
    </timex2>
    <timex2 ID="adige20040907_id405408-T36" VAL="2004-09-07T22:00">
      <timex2_mention ID="adige20040907_id405408-T36-1">
        <extent>
          <charseq START="4756" END="4761">ore 22</charseq>
        </extent>
      </timex2_mention>
    </timex2>
    <timex2 ID="adige20040907_id405408-T37" VAL="2004-09-08">
      <timex2_mention ID="adige20040907_id405408-T37-1">
        <extent>
          <charseq START="4835" END="4840">DOMANI</charseq>
        </extent>
      </timex2_mention>
    </timex2>
  </document>
</source_file>
