<?xml version="1.0" encoding="UTF-8"?>
<!DOCTYPE source_file PUBLIC "SYSTEM" "apf.v5.1.1.dtd">

<source_file URI="adige20040907_id405418.sgm" SOURCE="unknown" TYPE="text" VERSION="5.0" AUTHOR="romano" ENCODING="UTF-8">
  <document DOCID="adige20040907_id405418">
    <timex2 ID="adige20040907_id405418-T2" VAL="XXXX-WXX-5" SET="YES">
      <timex2_mention ID="adige20040907_id405418-T2-1">
        <extent>
          <charseq START="485" END="499">tutti i venerdì</charseq>
        </extent>
      </timex2_mention>
    </timex2>
    <timex2 ID="adige20040907_id405418-T3" VAL="T14:15">
      <timex2_mention ID="adige20040907_id405418-T3-1">
        <extent>
          <charseq START="501" END="511">dalle 14.15</charseq>
        </extent>
      </timex2_mention>
    </timex2>
    <timex2 ID="adige20040907_id405418-T4" VAL="T14:30">
      <timex2_mention ID="adige20040907_id405418-T4-1">
        <extent>
          <charseq START="513" END="522">alle 14.30</charseq>
        </extent>
      </timex2_mention>
    </timex2>
    <timex2 ID="adige20040907_id405418-T5" VAL="2004-10-01">
      <timex2_mention ID="adige20040907_id405418-T5-1">
        <extent>
          <charseq START="534" END="553">dal primo di ottobre</charseq>
        </extent>
      </timex2_mention>
    </timex2>
    <timex2 ID="adige20040907_id405418-T6" VAL="2004-12" MOD="END">
      <timex2_mention ID="adige20040907_id405418-T6-1">
        <extent>
          <charseq START="560" END="580">alla fine di dicembre</charseq>
        </extent>
      </timex2_mention>
    </timex2>
    <timex2 ID="adige20040907_id405418-T1" VAL="PT15M" MOD="APPROX">
      <timex2_mention ID="adige20040907_id405418-T1-1">
        <extent>
          <charseq START="441" END="461">quindici minuti circa</charseq>
        </extent>
      </timex2_mention>
    </timex2>
  </document>
</source_file>
