<?xml version="1.0" encoding="UTF-8"?>
<!DOCTYPE source_file PUBLIC "SYSTEM" "apf.v5.1.1.dtd">

<source_file URI="adige20040907_id405410.sgm" SOURCE="unknown" TYPE="text" VERSION="5.0" AUTHOR="romano" ENCODING="UTF-8">
  <document DOCID="adige20040907_id405410">
    <timex2 ID="adige20040907_id405410-T1" VAL="2004-09-07">
      <timex2_mention ID="adige20040907_id405410-T1-1">
        <extent>
          <charseq START="42" END="45">oggi</charseq>
        </extent>
      </timex2_mention>
    </timex2>
    <timex2 ID="adige20040907_id405410-T2" VAL="2004-09-07">
      <timex2_mention ID="adige20040907_id405410-T2-1">
        <extent>
          <charseq START="80" END="83">oggi</charseq>
        </extent>
      </timex2_mention>
    </timex2>
    <timex2 ID="adige20040907_id405410-T3" VAL="2004-09-07T18:00">
      <timex2_mention ID="adige20040907_id405410-T3-1">
        <extent>
          <charseq START="85" END="95">alle ore 18</charseq>
        </extent>
      </timex2_mention>
    </timex2>
    <timex2 ID="adige20040907_id405410-T4" VAL="2003">
      <timex2_mention ID="adige20040907_id405410-T4-1">
        <extent>
          <charseq START="292" END="301">Un anno fa</charseq>
        </extent>
      </timex2_mention>
    </timex2>
  </document>
</source_file>
