<?xml version="1.0" encoding="UTF-8"?>
<!DOCTYPE source_file PUBLIC "SYSTEM" "apf.v5.1.1.dtd">

<source_file URI="adige20040907_id405417.sgm" SOURCE="unknown" TYPE="text" VERSION="5.0" AUTHOR="romano" ENCODING="UTF-8">
  <document DOCID="adige20040907_id405417">
    <timex2 ID="adige20040907_id405417-T1" VAL="P20Y" ANCHOR_VAL="2004" ANCHOR_DIR="ENDING">
      <timex2_mention ID="adige20040907_id405417-T1-1">
        <extent>
          <charseq START="161" END="182">degli ultimi vent'anni</charseq>
        </extent>
      </timex2_mention>
    </timex2>
    <timex2 ID="adige20040907_id405417-T2" VAL="2005-01-16">
      <timex2_mention ID="adige20040907_id405417-T2-1">
        <extent>
          <charseq START="360" END="381">il 16 gennaio prossimo</charseq>
        </extent>
      </timex2_mention>
    </timex2>
    <timex2 ID="adige20040907_id405417-T3" VAL="2005-01-15">
      <timex2_mention ID="adige20040907_id405417-T3-1">
        <extent>
          <charseq START="561" END="574">del 15 gennaio</charseq>
        </extent>
      </timex2_mention>
    </timex2>
    <timex2 ID="adige20040907_id405417-T4" VAL="2004">
      <timex2_mention ID="adige20040907_id405417-T4-1">
        <extent>
          <charseq START="648" END="654">un 2004</charseq>
        </extent>
      </timex2_mention>
    </timex2>
    <timex2 ID="adige20040907_id405417-T5" VAL="2004-10-01">
      <timex2_mention ID="adige20040907_id405417-T5-1">
        <extent>
          <charseq START="845" END="869">il primo ottobre prossimo</charseq>
        </extent>
      </timex2_mention>
    </timex2>
    <timex2 ID="adige20040907_id405417-T6" VAL="2003">
      <timex2_mention ID="adige20040907_id405417-T6-1">
        <extent>
          <charseq START="1572" END="1579">nel 2003</charseq>
        </extent>
      </timex2_mention>
    </timex2>
    <timex2 ID="adige20040907_id405417-T7" VAL="1980">
      <timex2_mention ID="adige20040907_id405417-T7-1">
        <extent>
          <charseq START="1804" END="1811">dal 1980</charseq>
        </extent>
      </timex2_mention>
    </timex2>
    <timex2 ID="adige20040907_id405417-T8" VAL="198" MOD="END">
      <timex2_mention ID="adige20040907_id405417-T8-1">
        <extent>
          <charseq START="1949" END="1976">alla fine degli anni ottanta</charseq>
        </extent>
      </timex2_mention>
    </timex2>
    <timex2 ID="adige20040907_id405417-T9" VAL="PXM" ANCHOR_VAL="2004-09" ANCHOR_DIR="BEFORE">
      <timex2_mention ID="adige20040907_id405417-T9-1">
        <extent>
          <charseq START="2333" END="2349">degli ultimi mesi</charseq>
        </extent>
      </timex2_mention>
    </timex2>
    <timex2 ID="adige20040907_id405417-T10" VAL="2004-W39">
      <timex2_mention ID="adige20040907_id405417-T10-1">
        <extent>
          <charseq START="2838" END="2850">due settimane</charseq>
        </extent>
      </timex2_mention>
    </timex2>
  </document>
</source_file>
