<?xml version="1.0" encoding="UTF-8"?>
<!DOCTYPE source_file PUBLIC "SYSTEM" "apf.v5.1.1.dtd">

<source_file URI="adige20040907_id405411.sgm" SOURCE="unknown" TYPE="text" VERSION="5.0" AUTHOR="romano" ENCODING="UTF-8">
  <document DOCID="adige20040907_id405411">
    <timex2 ID="adige20040907_id405411-T4" VAL="XXXX-WXX-7" SET="YES">
      <timex2_mention ID="adige20040907_id405411-T4-1">
        <extent>
          <charseq START="656" END="663">Domenica</charseq>
        </extent>
      </timex2_mention>
    </timex2>
    <timex2 ID="adige20040907_id405411-T5">
      <timex2_mention ID="adige20040907_id405411-T5-1">
        <extent>
          <charseq START="625" END="638">Giorni feriali</charseq>
        </extent>
      </timex2_mention>
    </timex2>
    <timex2 ID="adige20040907_id405411-T1" VAL="2004-09-07TEV">
      <timex2_mention ID="adige20040907_id405411-T1-1">
        <extent>
          <charseq START="115" END="121">stasera</charseq>
        </extent>
      </timex2_mention>
    </timex2>
    <timex2 ID="adige20040907_id405411-T2" VAL="T09:00">
      <timex2_mention ID="adige20040907_id405411-T2-1">
        <extent>
          <charseq START="641" END="645">ore 9</charseq>
        </extent>
      </timex2_mention>
    </timex2>
    <timex2 ID="adige20040907_id405411-T3" VAL="T12:30">
      <timex2_mention ID="adige20040907_id405411-T3-1">
        <extent>
          <charseq START="649" END="653">12.30</charseq>
        </extent>
      </timex2_mention>
    </timex2>
  </document>
</source_file>
