<?xml version="1.0" encoding="UTF-8"?>
<!DOCTYPE source_file PUBLIC "SYSTEM" "apf.v5.1.1.dtd">

<source_file URI="adige20040907_id405424.sgm" SOURCE="unknown" TYPE="text" VERSION="5.0" AUTHOR="romano" ENCODING="UTF-8">
  <document DOCID="adige20040907_id405424">
    <timex2 ID="adige20040907_id405424-T4" VAL="PAST_REF" ANCHOR_VAL="2004-09-07" ANCHOR_DIR="BEFORE">
      <timex2_mention ID="adige20040907_id405424-T4-1">
        <extent>
          <charseq START="2221" END="2230">un passato</charseq>
        </extent>
      </timex2_mention>
    </timex2>
    <timex2 ID="adige20040907_id405424-T1" VAL="14">
      <timex2_mention ID="adige20040907_id405424-T1-1">
        <extent>
          <charseq START="373" END="385">nel XV secolo</charseq>
        </extent>
      </timex2_mention>
    </timex2>
    <timex2 ID="adige20040907_id405424-T2" VAL="P1D" ANCHOR_VAL="2004-09-06" ANCHOR_DIR="WITHIN">
      <timex2_mention ID="adige20040907_id405424-T2-1">
        <extent>
          <charseq START="1047" END="1057">la giornata</charseq>
        </extent>
      </timex2_mention>
    </timex2>
    <timex2 ID="adige20040907_id405424-T3" VAL="P1D" ANCHOR_VAL="2004-09-06" ANCHOR_DIR="WITHIN">
      <timex2_mention ID="adige20040907_id405424-T3-1">
        <extent>
          <charseq START="1762" END="1775">della giornata</charseq>
        </extent>
      </timex2_mention>
    </timex2>
  </document>
</source_file>
