<?xml version="1.0" encoding="UTF-8"?>
<!DOCTYPE source_file PUBLIC "SYSTEM" "apf.v5.1.1.dtd">

<source_file URI="adige20040907_id405425.sgm" SOURCE="unknown" TYPE="text" VERSION="5.0" AUTHOR="romano" ENCODING="UTF-8">
  <document DOCID="adige20040907_id405425">
    <timex2 ID="adige20040907_id405425-T6" VAL="1950">
      <timex2_mention ID="adige20040907_id405425-T6-1">
        <extent>
          <charseq START="4688" END="4695">del 1950</charseq>
        </extent>
      </timex2_mention>
    </timex2>
    <timex2 ID="adige20040907_id405425-T1" VAL="2004-09-06">
      <timex2_mention ID="adige20040907_id405425-T1-1">
        <extent>
          <charseq START="511" END="514">ieri</charseq>
        </extent>
      </timex2_mention>
    </timex2>
    <timex2 ID="adige20040907_id405425-T7">
      <timex2_mention ID="adige20040907_id405425-T7-1">
        <extent>
          <charseq START="1225" END="1232">il tempo</charseq>
        </extent>
      </timex2_mention>
    </timex2>
    <timex2 ID="adige20040907_id405425-T2" VAL="P5Y" ANCHOR_VAL="XXXX" ANCHOR_DIR="ENDING" COMMENT="E' un personaggio di finzione, non puo' avere una data precisa">
      <timex2_mention ID="adige20040907_id405425-T2-1">
        <extent>
          <charseq START="953" END="963">cinque anni</charseq>
        </extent>
      </timex2_mention>
    </timex2>
    <timex2 ID="adige20040907_id405425-T8" VAL="PAST_REF" ANCHOR_VAL="XXXX-XX-XX" ANCHOR_DIR="BEFORE" COMMENT="Non si puo' specificare una data, si sta parlando di un film.">
      <timex2_mention ID="adige20040907_id405425-T8-1">
        <extent>
          <charseq START="2109" END="2127">del proprio passato</charseq>
        </extent>
      </timex2_mention>
    </timex2>
    <timex2 ID="adige20040907_id405425-T3" VAL="XXXX-WI">
      <timex2_mention ID="adige20040907_id405425-T3-1">
        <extent>
          <charseq START="1016" END="1032">un inverno gelido</charseq>
        </extent>
      </timex2_mention>
    </timex2>
    <timex2 ID="adige20040907_id405425-T5" VAL="PRESENT_REF" ANCHOR_VAL="2004-09-07" ANCHOR_DIR="AS_OF">
      <timex2_mention ID="adige20040907_id405425-T5-1">
        <extent>
          <charseq START="3107" END="3112">finora</charseq>
        </extent>
      </timex2_mention>
    </timex2>
    <timex2 ID="adige20040907_id405425-T4" VAL="PXY">
      <timex2_mention ID="adige20040907_id405425-T4-1">
        <extent>
          <charseq START="1996" END="1999">anni</charseq>
        </extent>
      </timex2_mention>
    </timex2>
  </document>
</source_file>
