<?xml version="1.0" encoding="UTF-8"?>
<!DOCTYPE source_file PUBLIC "SYSTEM" "apf.v5.1.1.dtd">

<source_file URI="adige20041008_id413996.sgm" SOURCE="unknown" TYPE="text" VERSION="5.0" AUTHOR="romano" ENCODING="UTF-8">
  <document DOCID="adige20041008_id413996">
    <timex2 ID="adige20041008_id413996-T1" VAL="2004-10-08">
      <timex2_mention ID="adige20041008_id413996-T1-1">
        <extent>
          <charseq START="2" END="5">Oggi</charseq>
        </extent>
      </timex2_mention>
    </timex2>
    <timex2 ID="adige20041008_id413996-T2" VAL="2004-10-08TEV">
      <timex2_mention ID="adige20041008_id413996-T2-1">
        <extent>
          <charseq START="110" END="120">questa sera</charseq>
        </extent>
      </timex2_mention>
    </timex2>
    <timex2 ID="adige20041008_id413996-T3" VAL="2004-10-08T21:30">
      <timex2_mention ID="adige20041008_id413996-T3-1">
        <extent>
          <charseq START="123" END="136">alle ore 21.30</charseq>
        </extent>
      </timex2_mention>
    </timex2>
    <timex2 ID="adige20041008_id413996-T4" VAL="2004-10-08T23:00">
      <timex2_mention ID="adige20041008_id413996-T4-1">
        <extent>
          <charseq START="140" END="146">alle 23</charseq>
        </extent>
      </timex2_mention>
    </timex2>
    <timex2 ID="adige20041008_id413996-T5" VAL="2004-10-08">
      <timex2_mention ID="adige20041008_id413996-T5-1">
        <extent>
          <charseq START="273" END="276">Oggi</charseq>
        </extent>
      </timex2_mention>
    </timex2>
  </document>
</source_file>
