<?xml version="1.0" encoding="UTF-8"?>
<!DOCTYPE source_file PUBLIC "SYSTEM" "apf.v5.1.1.dtd">

<source_file URI="adige20041008_id414004.sgm" SOURCE="unknown" TYPE="text" VERSION="5.0" AUTHOR="romano" ENCODING="UTF-8">
  <document DOCID="adige20041008_id414004">
    <timex2 ID="adige20041008_id414004-T8" VAL="P1W">
      <timex2_mention ID="adige20041008_id414004-T8-1">
        <extent>
          <charseq START="3241" END="3255">nella settimana</charseq>
        </extent>
      </timex2_mention>
    </timex2>
    <timex2 ID="adige20041008_id414004-T4" VAL="2003">
      <timex2_mention ID="adige20041008_id414004-T4-1">
        <extent>
          <charseq START="3072" END="3084">L'anno scorso</charseq>
        </extent>
      </timex2_mention>
    </timex2>
    <timex2 ID="adige20041008_id414004-T5" VAL="P50Y" ANCHOR_VAL="2004" ANCHOR_DIR="ENDING">
      <timex2_mention ID="adige20041008_id414004-T5-1">
        <extent>
          <charseq START="3645" END="3657">cinquant'anni</charseq>
        </extent>
      </timex2_mention>
    </timex2>
    <timex2 ID="adige20041008_id414004-T7" VAL="PAST_REF" ANCHOR_VAL="2004-10-08" ANCHOR_DIR="BEFORE">
      <timex2_mention ID="adige20041008_id414004-T7-1">
        <extent>
          <charseq START="1862" END="1868">passata</charseq>
        </extent>
      </timex2_mention>
    </timex2>
    <timex2 ID="adige20041008_id414004-T1" VAL="P50Y" MOD="MORE_THAN" ANCHOR_VAL="2004" ANCHOR_DIR="ENDING">
      <timex2_mention ID="adige20041008_id414004-T1-1">
        <extent>
          <charseq START="905" END="923">ultracinquantennale</charseq>
        </extent>
      </timex2_mention>
    </timex2>
    <timex2 ID="adige20041008_id414004-T2" VAL="2004-10-07">
      <timex2_mention ID="adige20041008_id414004-T2-1">
        <extent>
          <charseq START="1248" END="1251">ieri</charseq>
        </extent>
      </timex2_mention>
    </timex2>
    <timex2 ID="adige20041008_id414004-T3" VAL="2004-06-14">
      <timex2_mention ID="adige20041008_id414004-T3-1">
        <extent>
          <charseq START="1835" END="1853">lo scorso 14 giugno</charseq>
        </extent>
      </timex2_mention>
    </timex2>
  </document>
</source_file>
