<?xml version="1.0" encoding="UTF-8"?>
<!DOCTYPE source_file PUBLIC "SYSTEM" "apf.v5.1.1.dtd">

<source_file URI="adige20041008_id414005.sgm" SOURCE="unknown" TYPE="text" VERSION="5.0" AUTHOR="romano" ENCODING="UTF-8">
  <document DOCID="adige20041008_id414005">
    <timex2 ID="adige20041008_id414005-T1" VAL="2004-10-07">
      <timex2_mention ID="adige20041008_id414005-T1-1">
        <extent>
          <charseq START="411" END="414">ieri</charseq>
        </extent>
      </timex2_mention>
    </timex2>
    <timex2 ID="adige20041008_id414005-T3" VAL="PXD" ANCHOR_VAL="2004-10-08" ANCHOR_DIR="STARTING">
      <timex2_mention ID="adige20041008_id414005-T3-1">
        <extent>
          <charseq START="1052" END="1063">pochi giorni</charseq>
        </extent>
      </timex2_mention>
    </timex2>
    <timex2 ID="adige20041008_id414005-T2" VAL="XXXX" SET="YES">
      <timex2_mention ID="adige20041008_id414005-T2-1">
        <extent>
          <charseq START="896" END="902">annuale</charseq>
        </extent>
      </timex2_mention>
    </timex2>
    <timex2 ID="adige20041008_id414005-T4" VAL="2004-10-07">
      <timex2_mention ID="adige20041008_id414005-T4-1">
        <extent>
          <charseq START="1463" END="1466">ieri</charseq>
        </extent>
      </timex2_mention>
    </timex2>
    <timex2 ID="adige20041008_id414005-T5" VAL="PAST_REF" ANCHOR_VAL="2004" ANCHOR_DIR="BEFORE">
      <timex2_mention ID="adige20041008_id414005-T5-1">
        <extent>
          <charseq START="1823" END="1826">anni</charseq>
        </extent>
      </timex2_mention>
    </timex2>
  </document>
</source_file>
