<?xml version="1.0" encoding="UTF-8"?>
<!DOCTYPE source_file PUBLIC "SYSTEM" "apf.v5.1.1.dtd">

<source_file URI="adige20041008_id413998.sgm" SOURCE="unknown" TYPE="text" VERSION="5.0" AUTHOR="romano" ENCODING="UTF-8">
  <document DOCID="adige20041008_id413998">
    <timex2 ID="adige20041008_id413998-T2" VAL="2004-10-08TEV">
      <timex2_mention ID="adige20041008_id413998-T2-1">
        <extent>
          <charseq START="160" END="170">questa sera</charseq>
        </extent>
      </timex2_mention>
    </timex2>
    <timex2 ID="adige20041008_id413998-T1" VAL="2004-10-08">
      <timex2_mention ID="adige20041008_id413998-T1-1">
        <extent>
          <charseq START="2" END="5">Oggi</charseq>
        </extent>
      </timex2_mention>
    </timex2>
  </document>
</source_file>
