<?xml version="1.0" encoding="UTF-8"?>
<!DOCTYPE source_file PUBLIC "SYSTEM" "apf.v5.1.1.dtd">

<source_file URI="adige20041008_id413997.sgm" SOURCE="unknown" TYPE="text" VERSION="5.0" AUTHOR="romano" ENCODING="UTF-8">
  <document DOCID="adige20041008_id413997">
    <timex2 ID="adige20041008_id413997-T2" VAL="2004-10-09">
      <timex2_mention ID="adige20041008_id413997-T2-1">
        <extent>
          <charseq START="17" END="22">domani</charseq>
        </extent>
      </timex2_mention>
    </timex2>
    <timex2 ID="adige20041008_id413997-T4" VAL="2004-10-09">
      <timex2_mention ID="adige20041008_id413997-T4-1">
        <extent>
          <charseq START="108" END="113">domani</charseq>
        </extent>
      </timex2_mention>
    </timex2>
    <timex2 ID="adige20041008_id413997-T3" VAL="2004-10-08">
      <timex2_mention ID="adige20041008_id413997-T3-1">
        <extent>
          <charseq START="101" END="104">oggi</charseq>
        </extent>
      </timex2_mention>
    </timex2>
    <timex2 ID="adige20041008_id413997-T1" VAL="2004-10-08">
      <timex2_mention ID="adige20041008_id413997-T1-1">
        <extent>
          <charseq START="10" END="13">oggi</charseq>
        </extent>
      </timex2_mention>
    </timex2>
  </document>
</source_file>
