<?xml version="1.0" encoding="UTF-8"?>
<!DOCTYPE source_file PUBLIC "SYSTEM" "apf.v5.1.1.dtd">

<source_file URI="adige20041008_id414001.sgm" SOURCE="unknown" TYPE="text" VERSION="5.0" AUTHOR="romano" ENCODING="UTF-8">
  <document DOCID="adige20041008_id414001">
    <timex2 ID="adige20041008_id414001-T1" VAL="2004-10-08">
      <timex2_mention ID="adige20041008_id414001-T1-1">
        <extent>
          <charseq START="171" END="174">oggi</charseq>
        </extent>
      </timex2_mention>
    </timex2>
    <timex2 ID="adige20041008_id414001-T2" VAL="P6M" ANCHOR_VAL="2004-10" ANCHOR_DIR="ENDING">
      <timex2_mention ID="adige20041008_id414001-T2-1">
        <extent>
          <charseq START="196" END="203">sei mesi</charseq>
        </extent>
      </timex2_mention>
    </timex2>
    <timex2 ID="adige20041008_id414001-T3" VAL="196">
      <timex2_mention ID="adige20041008_id414001-T3-1">
        <extent>
          <charseq START="506" END="524">degli anni Sessanta</charseq>
        </extent>
      </timex2_mention>
    </timex2>
    <timex2 ID="adige20041008_id414001-T4" VAL="2004-10-08">
      <timex2_mention ID="adige20041008_id414001-T4-1">
        <extent>
          <charseq START="4" END="7">Oggi</charseq>
        </extent>
      </timex2_mention>
    </timex2>
  </document>
</source_file>
