<?xml version="1.0" encoding="UTF-8"?>
<!DOCTYPE source_file PUBLIC "SYSTEM" "apf.v5.1.1.dtd">

<source_file URI="adige20041008_id414007.sgm" SOURCE="unknown" TYPE="text" VERSION="5.0" AUTHOR="romano" ENCODING="UTF-8">
  <document DOCID="adige20041008_id414007">
    <timex2 ID="adige20041008_id414007-T5" VAL="PAST_REF" ANCHOR_VAL="2004-10-08" ANCHOR_DIR="BEFORE">
      <timex2_mention ID="adige20041008_id414007-T5-1">
        <extent>
          <charseq START="423" END="424">ex</charseq>
        </extent>
      </timex2_mention>
    </timex2>
    <timex2 ID="adige20041008_id414007-T6" VAL="2004-10-01">
      <timex2_mention ID="adige20041008_id414007-T6-1">
        <extent>
          <charseq START="827" END="840">venerdì scorso</charseq>
        </extent>
      </timex2_mention>
    </timex2>
    <timex2 ID="adige20041008_id414007-T3" VAL="2004-10-08">
      <timex2_mention ID="adige20041008_id414007-T3-1">
        <extent>
          <charseq START="169" END="172">oggi</charseq>
        </extent>
      </timex2_mention>
    </timex2>
    <timex2 ID="adige20041008_id414007-T4" VAL="2004-W41">
      <timex2_mention ID="adige20041008_id414007-T4-1">
        <extent>
          <charseq START="334" END="349">questa settimana</charseq>
        </extent>
      </timex2_mention>
    </timex2>
    <timex2 ID="adige20041008_id414007-T1" VAL="2004-10-08">
      <timex2_mention ID="adige20041008_id414007-T1-1">
        <extent>
          <charseq START="2" END="5">Oggi</charseq>
        </extent>
      </timex2_mention>
    </timex2>
    <timex2 ID="adige20041008_id414007-T2" VAL="2004-10-08T21:00">
      <timex2_mention ID="adige20041008_id414007-T2-1">
        <extent>
          <charseq START="174" END="180">alle 21</charseq>
        </extent>
      </timex2_mention>
    </timex2>
  </document>
</source_file>
