<?xml version="1.0" encoding="UTF-8"?>
<!DOCTYPE source_file PUBLIC "SYSTEM" "apf.v5.1.1.dtd">

<source_file URI="adige20041008_id414003.sgm" SOURCE="unknown" TYPE="text" VERSION="5.0" AUTHOR="romano" ENCODING="UTF-8">
  <document DOCID="adige20041008_id414003">
    <timex2 ID="adige20041008_id414003-T1" VAL="XXXX-WXX-WE">
      <timex2_mention ID="adige20041008_id414003-T1-1">
        <extent>
          <charseq START="62" END="82">questo fine settimana</charseq>
        </extent>
      </timex2_mention>
    </timex2>
    <timex2 ID="adige20041008_id414003-T3" VAL="XXXX-W46">
      <timex2_mention ID="adige20041008_id414003-T3-1">
        <extent>
          <charseq START="232" END="261">la prima settimana di novembre</charseq>
        </extent>
      </timex2_mention>
    </timex2>
    <timex2 ID="adige20041008_id414003-T2" VAL="2004-10">
      <timex2_mention ID="adige20041008_id414003-T2-1">
        <extent>
          <charseq START="159" END="182">tutto il mese di ottobre</charseq>
        </extent>
      </timex2_mention>
    </timex2>
    <timex2 ID="adige20041008_id414003-T4" VAL="XXXX-10">
      <timex2_mention ID="adige20041008_id414003-T4-1">
        <extent>
          <charseq START="398" END="408">questo mese</charseq>
        </extent>
      </timex2_mention>
    </timex2>
    <timex2 ID="adige20041008_id414003-T5" VAL="2004-11-05">
      <timex2_mention ID="adige20041008_id414003-T5-1">
        <extent>
          <charseq START="680" END="680">5</charseq>
        </extent>
      </timex2_mention>
    </timex2>
    <timex2 ID="adige20041008_id414003-T6" VAL="2004-11-06">
      <timex2_mention ID="adige20041008_id414003-T6-1">
        <extent>
          <charseq START="682" END="682">6</charseq>
        </extent>
      </timex2_mention>
    </timex2>
    <timex2 ID="adige20041008_id414003-T7" VAL="2004-11-07">
      <timex2_mention ID="adige20041008_id414003-T7-1">
        <extent>
          <charseq START="684" END="694">7 novembre.</charseq>
        </extent>
      </timex2_mention>
    </timex2>
    <timex2 ID="adige20041008_id414003-T8" VAL="2004-W45">
      <timex2_mention ID="adige20041008_id414003-T8-1">
        <extent>
          <charseq START="668" END="678">il week-end</charseq>
        </extent>
      </timex2_mention>
    </timex2>
  </document>
</source_file>
