<?xml version="1.0" encoding="UTF-8"?>
<!DOCTYPE source_file PUBLIC "SYSTEM" "apf.v5.1.1.dtd">

<source_file URI="adige20040907_id405589.sgm" SOURCE="unknown" TYPE="text" VERSION="5.0" AUTHOR="romano" ENCODING="UTF-8">
  <document DOCID="adige20040907_id405589">
    <timex2 ID="adige20040907_id405589-T4" VAL="PAST_REF" ANCHOR_VAL="2004-09-07" ANCHOR_DIR="BEFORE">
      <timex2_mention ID="adige20040907_id405589-T4-1">
        <extent>
          <charseq START="882" END="883">ex</charseq>
        </extent>
      </timex2_mention>
    </timex2>
    <timex2 ID="adige20040907_id405589-T2" VAL="PAST_REF" ANCHOR_VAL="2004-09-07" ANCHOR_DIR="BEFORE">
      <timex2_mention ID="adige20040907_id405589-T2-1">
        <extent>
          <charseq START="1819" END="1830">Tempi andati</charseq>
        </extent>
      </timex2_mention>
    </timex2>
    <timex2 ID="adige20040907_id405589-T3" VAL="P15Y">
      <timex2_mention ID="adige20040907_id405589-T3-1">
        <extent>
          <charseq START="362" END="371">tre lustri</charseq>
        </extent>
      </timex2_mention>
    </timex2>
    <timex2 ID="adige20040907_id405589-T1" COMMENT="NO calendario gregoriano.">
      <timex2_mention ID="adige20040907_id405589-T1-1">
        <extent>
          <charseq START="841" END="853">l'anno scorso</charseq>
        </extent>
      </timex2_mention>
    </timex2>
  </document>
</source_file>
