<?xml version="1.0" encoding="UTF-8"?>
<!DOCTYPE source_file PUBLIC "SYSTEM" "apf.v5.1.1.dtd">

<source_file URI="adige20040907_id405592.sgm" SOURCE="unknown" TYPE="text" VERSION="5.0" AUTHOR="romano" ENCODING="UTF-8">
  <document DOCID="adige20040907_id405592">
    <timex2 ID="adige20040907_id405592-T16">
      <timex2_mention ID="adige20040907_id405592-T16-1">
        <extent>
          <charseq START="960" END="966">i tempi</charseq>
        </extent>
      </timex2_mention>
    </timex2>
    <timex2 ID="adige20040907_id405592-T12" VAL="2004-09-05">
      <timex2_mention ID="adige20040907_id405592-T12-1">
        <extent>
          <charseq START="1967" END="1974">domenica</charseq>
        </extent>
      </timex2_mention>
    </timex2>
    <timex2 ID="adige20040907_id405592-T5" VAL="2004-09-12">
      <timex2_mention ID="adige20040907_id405592-T5-1">
        <extent>
          <charseq START="1098" END="1114">domenica prossima</charseq>
        </extent>
      </timex2_mention>
    </timex2>
    <timex2 ID="adige20040907_id405592-T6" VAL="2004-09-06">
      <timex2_mention ID="adige20040907_id405592-T6-1">
        <extent>
          <charseq START="1225" END="1228">ieri</charseq>
        </extent>
      </timex2_mention>
    </timex2>
    <timex2 ID="adige20040907_id405592-T13" COMMENT="NO calendario gregoriano.">
      <timex2_mention ID="adige20040907_id405592-T13-1">
        <extent>
          <charseq START="2173" END="2189">Nel secondo tempo</charseq>
        </extent>
      </timex2_mention>
    </timex2>
    <timex2 ID="adige20040907_id405592-T7" VAL="PRESENT_REF" ANCHOR_VAL="2004-09-07" ANCHOR_DIR="AS_OF">
      <timex2_mention ID="adige20040907_id405592-T7-1">
        <extent>
          <charseq START="2394" END="2396">Ora</charseq>
        </extent>
      </timex2_mention>
    </timex2>
    <timex2 ID="adige20040907_id405592-T8" VAL="2004-W38">
      <timex2_mention ID="adige20040907_id405592-T8-1">
        <extent>
          <charseq START="2669" END="2689">la prossima settimana</charseq>
        </extent>
      </timex2_mention>
    </timex2>
    <timex2 ID="adige20040907_id405592-T1" VAL="2004-09-05">
      <timex2_mention ID="adige20040907_id405592-T1-1">
        <extent>
          <charseq START="215" END="222">domenica</charseq>
        </extent>
      </timex2_mention>
    </timex2>
    <timex2 ID="adige20040907_id405592-T2" VAL="2004-W36">
      <timex2_mention ID="adige20040907_id405592-T2-1">
        <extent>
          <charseq START="682" END="699">la settimana prima</charseq>
        </extent>
      </timex2_mention>
    </timex2>
    <timex2 ID="adige20040907_id405592-T3" VAL="PRESENT_REF" ANCHOR_VAL="2004-09-07" ANCHOR_DIR="AS_OF">
      <timex2_mention ID="adige20040907_id405592-T3-1">
        <extent>
          <charseq START="851" END="860">al momento</charseq>
        </extent>
      </timex2_mention>
    </timex2>
    <timex2 ID="adige20040907_id405592-T4" VAL="PRESENT_REF" ANCHOR_VAL="2004-09-07" ANCHOR_DIR="AS_OF">
      <timex2_mention ID="adige20040907_id405592-T4-1">
        <extent>
          <charseq START="1002" END="1008">per ora</charseq>
        </extent>
      </timex2_mention>
    </timex2>
    <timex2 ID="adige20040907_id405592-T9" COMMENT="NO calendario gregoriano.">
      <timex2_mention ID="adige20040907_id405592-T9-1">
        <extent>
          <charseq START="201" END="210">stagionale</charseq>
        </extent>
      </timex2_mention>
    </timex2>
    <timex2 ID="adige20040907_id405592-T14" VAL="2004-W37">
      <timex2_mention ID="adige20040907_id405592-T14-1">
        <extent>
          <charseq START="2414" END="2431">tutta la settimana</charseq>
        </extent>
      </timex2_mention>
    </timex2>
    <timex2 ID="adige20040907_id405592-T15" VAL="FUTURE_REF" ANCHOR_VAL="2004-09-07" ANCHOR_DIR="AFTER">
      <timex2_mention ID="adige20040907_id405592-T15-1">
        <extent>
          <charseq START="2478" END="2485">prossima</charseq>
        </extent>
      </timex2_mention>
    </timex2>
    <timex2 ID="adige20040907_id405592-T11" COMMENT="NO calendario gregoriano.">
      <timex2_mention ID="adige20040907_id405592-T11-1">
        <extent>
          <charseq START="1714" END="1728">del primo tempo</charseq>
        </extent>
      </timex2_mention>
    </timex2>
  </document>
</source_file>
