<?xml version="1.0" encoding="UTF-8"?>
<!DOCTYPE source_file PUBLIC "SYSTEM" "apf.v5.1.1.dtd">

<source_file URI="adige20040907_id405590.sgm" SOURCE="unknown" TYPE="text" VERSION="5.0" AUTHOR="romano" ENCODING="UTF-8">
  <document DOCID="adige20040907_id405590">
    <timex2 ID="adige20040907_id405590-T3" VAL="XXXX-XX-XX" SET="YES">
      <timex2_mention ID="adige20040907_id405590-T3-1">
        <extent>
          <charseq START="1358" END="1371">tutti i giorni</charseq>
        </extent>
      </timex2_mention>
    </timex2>
    <timex2 ID="adige20040907_id405590-T2" COMMENT="NO calendario gregoriano.">
      <timex2_mention ID="adige20040907_id405590-T2-1">
        <extent>
          <charseq START="275" END="279">al 9'</charseq>
        </extent>
      </timex2_mention>
    </timex2>
  </document>
</source_file>
