<?xml version="1.0" encoding="UTF-8"?>
<!DOCTYPE source_file PUBLIC "SYSTEM" "apf.v5.1.1.dtd">

<source_file URI="adige20040907_id405599.sgm" SOURCE="unknown" TYPE="text" VERSION="5.0" AUTHOR="romano" ENCODING="UTF-8">
  <document DOCID="adige20040907_id405599">
    <timex2 ID="adige20040907_id405599-T5" VAL="2004-W36-WE">
      <timex2_mention ID="adige20040907_id405599-T5-1">
        <extent>
          <charseq START="533" END="549">lo scorso weekend</charseq>
        </extent>
      </timex2_mention>
    </timex2>
    <timex2 ID="adige20040907_id405599-T6" VAL="2004-09-07T18:00">
      <timex2_mention ID="adige20040907_id405599-T6-1">
        <extent>
          <charseq START="913" END="918">ore 18</charseq>
        </extent>
      </timex2_mention>
    </timex2>
    <timex2 ID="adige20040907_id405599-T7" VAL="2004-09-07">
      <timex2_mention ID="adige20040907_id405599-T7-1">
        <extent>
          <charseq START="922" END="925">oggi</charseq>
        </extent>
      </timex2_mention>
    </timex2>
    <timex2 ID="adige20040907_id405599-T8" VAL="2004-09-06">
      <timex2_mention ID="adige20040907_id405599-T8-1">
        <extent>
          <charseq START="1159" END="1162">ieri</charseq>
        </extent>
      </timex2_mention>
    </timex2>
    <timex2 ID="adige20040907_id405599-T14" COMMENT="NO calendario gregoriano.">
      <timex2_mention ID="adige20040907_id405599-T14-1">
        <extent>
          <charseq START="1319" END="1333">questa stagione</charseq>
        </extent>
      </timex2_mention>
    </timex2>
    <timex2 ID="adige20040907_id405599-T9" VAL="2004-09-08">
      <timex2_mention ID="adige20040907_id405599-T9-1">
        <extent>
          <charseq START="1336" END="1341">Domani</charseq>
        </extent>
      </timex2_mention>
    </timex2>
    <timex2 ID="adige20040907_id405599-T1" VAL="2004-09-07TAF">
      <timex2_mention ID="adige20040907_id405599-T1-1">
        <extent>
          <charseq START="75" END="89">oggi pomeriggio</charseq>
        </extent>
      </timex2_mention>
    </timex2>
    <timex2 ID="adige20040907_id405599-T10" VAL="2004-09-08T21:00">
      <timex2_mention ID="adige20040907_id405599-T10-1">
        <extent>
          <charseq START="1396" END="1402">alle 21</charseq>
        </extent>
      </timex2_mention>
    </timex2>
    <timex2 ID="adige20040907_id405599-T2" VAL="XXXX-SU" SET="YES">
      <timex2_mention ID="adige20040907_id405599-T2-1">
        <extent>
          <charseq START="201" END="206">estate</charseq>
        </extent>
      </timex2_mention>
    </timex2>
    <timex2 ID="adige20040907_id405599-T11" VAL="2004-09-08T22:00">
      <timex2_mention ID="adige20040907_id405599-T11-1">
        <extent>
          <charseq START="1481" END="1492">delle ore 22</charseq>
        </extent>
      </timex2_mention>
    </timex2>
    <timex2 ID="adige20040907_id405599-T3" VAL="2004-09-08">
      <timex2_mention ID="adige20040907_id405599-T3-1">
        <extent>
          <charseq START="367" END="372">domani</charseq>
        </extent>
      </timex2_mention>
    </timex2>
    <timex2 ID="adige20040907_id405599-T12" VAL="2004-09-05">
      <timex2_mention ID="adige20040907_id405599-T12-1">
        <extent>
          <charseq START="1689" END="1696">domenica</charseq>
        </extent>
      </timex2_mention>
    </timex2>
    <timex2 ID="adige20040907_id405599-T16" VAL="XXXX-SU">
      <timex2_mention ID="adige20040907_id405599-T16-1">
        <extent>
          <charseq START="9" END="14">estate</charseq>
        </extent>
      </timex2_mention>
    </timex2>
    <timex2 ID="adige20040907_id405599-T4" VAL="XXXX-SU" SET="YES">
      <timex2_mention ID="adige20040907_id405599-T4-1">
        <extent>
          <charseq START="505" END="510">estiva</charseq>
        </extent>
      </timex2_mention>
    </timex2>
  </document>
</source_file>
