<?xml version="1.0" encoding="UTF-8"?>
<!DOCTYPE source_file PUBLIC "SYSTEM" "apf.v5.1.1.dtd">

<source_file URI="adige20040907_id405598.sgm" SOURCE="unknown" TYPE="text" VERSION="5.0" AUTHOR="romano" ENCODING="UTF-8">
  <document DOCID="adige20040907_id405598">
    <timex2 ID="adige20040907_id405598-T8" COMMENT="NO calendario gregoriano.">
      <timex2_mention ID="adige20040907_id405598-T8-1">
        <extent>
          <charseq START="1102" END="1123">nella passata stagione</charseq>
        </extent>
      </timex2_mention>
    </timex2>
    <timex2 ID="adige20040907_id405598-T2" VAL="PT10M" MOD="MORE_THAN">
      <timex2_mention ID="adige20040907_id405598-T2-1">
        <extent>
          <charseq START="713" END="736">poco più di dieci minuti</charseq>
        </extent>
      </timex2_mention>
    </timex2>
    <timex2 ID="adige20040907_id405598-T3" COMMENT="NO calendario gregoriano.">
      <timex2_mention ID="adige20040907_id405598-T3-1">
        <extent>
          <charseq START="1052" END="1065">della giornata</charseq>
        </extent>
      </timex2_mention>
    </timex2>
    <timex2 ID="adige20040907_id405598-T7" COMMENT="NO calendario gregoriano.">
      <timex2_mention ID="adige20040907_id405598-T7-1">
        <extent>
          <charseq START="14" END="30">La prima giornata</charseq>
        </extent>
      </timex2_mention>
    </timex2>
    <timex2 ID="adige20040907_id405598-T4" VAL="2004-09-05">
      <timex2_mention ID="adige20040907_id405598-T4-1">
        <extent>
          <charseq START="1883" END="1890">domenica</charseq>
        </extent>
      </timex2_mention>
    </timex2>
    <timex2 ID="adige20040907_id405598-T5" VAL="2004-09-05">
      <timex2_mention ID="adige20040907_id405598-T5-1">
        <extent>
          <charseq START="1985" END="1992">domenica</charseq>
        </extent>
      </timex2_mention>
    </timex2>
    <timex2 ID="adige20040907_id405598-T6" COMMENT="NO calendario gregoriano.">
      <timex2_mention ID="adige20040907_id405598-T6-1">
        <extent>
          <charseq START="2494" END="2514">questa prima giornata</charseq>
        </extent>
      </timex2_mention>
    </timex2>
    <timex2 ID="adige20040907_id405598-T1" COMMENT="NO calendario gregoriano.">
      <timex2_mention ID="adige20040907_id405598-T1-1">
        <extent>
          <charseq START="242" END="255">Prima giornata</charseq>
        </extent>
      </timex2_mention>
    </timex2>
  </document>
</source_file>
