<?xml version="1.0" encoding="UTF-8"?>
<!DOCTYPE source_file PUBLIC "SYSTEM" "apf.v5.1.1.dtd">

<source_file URI="adige20040907_id405596.sgm" SOURCE="unknown" TYPE="text" VERSION="5.0" AUTHOR="romano" ENCODING="UTF-8">
  <document DOCID="adige20040907_id405596">
    <timex2 ID="adige20040907_id405596-T3" VAL="PT100S">
      <timex2_mention ID="adige20040907_id405596-T3-1">
        <extent>
          <charseq START="777" END="787">100 secondi</charseq>
        </extent>
      </timex2_mention>
    </timex2>
    <timex2 ID="adige20040907_id405596-T4" VAL="XXXX-SP">
      <timex2_mention ID="adige20040907_id405596-T4-1">
        <extent>
          <charseq START="544" END="552">primavera</charseq>
        </extent>
      </timex2_mention>
    </timex2>
    <timex2 ID="adige20040907_id405596-T1" VAL="2004-08">
      <timex2_mention ID="adige20040907_id405596-T1-1">
        <extent>
          <charseq START="384" END="389">agosto</charseq>
        </extent>
      </timex2_mention>
    </timex2>
    <timex2 ID="adige20040907_id405596-T2" VAL="P6M" ANCHOR_VAL="2004-09" ANCHOR_DIR="ENDING">
      <timex2_mention ID="adige20040907_id405596-T2-1">
        <extent>
          <charseq START="739" END="746">sei mesi</charseq>
        </extent>
      </timex2_mention>
    </timex2>
  </document>
</source_file>
