<?xml version="1.0" encoding="UTF-8"?>
<!DOCTYPE source_file PUBLIC "SYSTEM" "apf.v5.1.1.dtd">

<source_file URI="adige20040907_id405591.sgm" SOURCE="unknown" TYPE="text" VERSION="5.0" AUTHOR="romano" ENCODING="UTF-8">
  <document DOCID="adige20040907_id405591">
    <timex2 ID="adige20040907_id405591-T4" VAL="2004-07">
      <timex2_mention ID="adige20040907_id405591-T4-1">
        <extent>
          <charseq START="1684" END="1689">luglio</charseq>
        </extent>
      </timex2_mention>
    </timex2>
    <timex2 ID="adige20040907_id405591-T6" COMMENT="NO calendario gregoriano.">
      <timex2_mention ID="adige20040907_id405591-T6-1">
        <extent>
          <charseq START="426" END="440">questa stagione</charseq>
        </extent>
      </timex2_mention>
    </timex2>
    <timex2 ID="adige20040907_id405591-T5" VAL="2004-09" MOD="START">
      <timex2_mention ID="adige20040907_id405591-T5-1">
        <extent>
          <charseq START="1697" END="1719">all'inizio di settembre</charseq>
        </extent>
      </timex2_mention>
    </timex2>
    <timex2 ID="adige20040907_id405591-T1" VAL="1979">
      <timex2_mention ID="adige20040907_id405591-T1-1">
        <extent>
          <charseq START="163" END="170">del 1979</charseq>
        </extent>
      </timex2_mention>
    </timex2>
    <timex2 ID="adige20040907_id405591-T2" VAL="PT0.5H">
      <timex2_mention ID="adige20040907_id405591-T2-1">
        <extent>
          <charseq START="823" END="835">della mezzora</charseq>
        </extent>
      </timex2_mention>
    </timex2>
    <timex2 ID="adige20040907_id405591-T3" VAL="XXXX-WXX-7" SET="YES">
      <timex2_mention ID="adige20040907_id405591-T3-1">
        <extent>
          <charseq START="1561" END="1573">ogni domenica</charseq>
        </extent>
      </timex2_mention>
    </timex2>
  </document>
</source_file>
