<?xml version="1.0" encoding="UTF-8"?>
<!DOCTYPE source_file PUBLIC "SYSTEM" "apf.v5.1.1.dtd">

<source_file URI="adige20040907_id405585.sgm" SOURCE="unknown" TYPE="text" VERSION="5.0" AUTHOR="romano" ENCODING="UTF-8">
  <document DOCID="adige20040907_id405585">
    <timex2 ID="adige20040907_id405585-T9" VAL="P1Y" MOD="APPROX" ANCHOR_VAL="2004" ANCHOR_DIR="ENDING">
      <timex2_mention ID="adige20040907_id405585-T9-1">
        <extent>
          <charseq START="2158" END="2170">quasi un anno</charseq>
        </extent>
      </timex2_mention>
    </timex2>
    <timex2 ID="adige20040907_id405585-T2" VAL="P40Y" ANCHOR_VAL="2004" ANCHOR_DIR="ENDING">
      <timex2_mention ID="adige20040907_id405585-T2-1">
        <extent>
          <charseq START="294" END="299">il 40°</charseq>
        </extent>
      </timex2_mention>
    </timex2>
    <timex2 ID="adige20040907_id405585-T11" VAL="P40Y" ANCHOR_VAL="2004" ANCHOR_DIR="ENDING">
      <timex2_mention ID="adige20040907_id405585-T11-1">
        <extent>
          <charseq START="1733" END="1747">quarant'anni fa</charseq>
        </extent>
      </timex2_mention>
    </timex2>
    <timex2 ID="adige20040907_id405585-T3" VAL="2004-09-08">
      <timex2_mention ID="adige20040907_id405585-T3-1">
        <extent>
          <charseq START="412" END="417">Domani</charseq>
        </extent>
      </timex2_mention>
    </timex2>
    <timex2 ID="adige20040907_id405585-T4" VAL="2004-09-08">
      <timex2_mention ID="adige20040907_id405585-T4-1">
        <extent>
          <charseq START="440" END="445">Domani</charseq>
        </extent>
      </timex2_mention>
    </timex2>
    <timex2 ID="adige20040907_id405585-T5" VAL="2004-09-06">
      <timex2_mention ID="adige20040907_id405585-T5-1">
        <extent>
          <charseq START="531" END="534">ieri</charseq>
        </extent>
      </timex2_mention>
    </timex2>
    <timex2 ID="adige20040907_id405585-T10" VAL="P40Y" ANCHOR_VAL="2004" ANCHOR_DIR="ENDING">
      <timex2_mention ID="adige20040907_id405585-T10-1">
        <extent>
          <charseq START="42" END="47">al 40°</charseq>
        </extent>
      </timex2_mention>
    </timex2>
    <timex2 ID="adige20040907_id405585-T6" VAL="PXY">
      <timex2_mention ID="adige20040907_id405585-T6-1">
        <extent>
          <charseq START="1565" END="1572">gli anni</charseq>
        </extent>
      </timex2_mention>
    </timex2>
    <timex2 ID="adige20040907_id405585-T7" VAL="1945-05-18">
      <timex2_mention ID="adige20040907_id405585-T7-1">
        <extent>
          <charseq START="1627" END="1647">il 18 maggio del 1945</charseq>
        </extent>
      </timex2_mention>
    </timex2>
    <timex2 ID="adige20040907_id405585-T8" VAL="2004-09-07">
      <timex2_mention ID="adige20040907_id405585-T8-1">
        <extent>
          <charseq START="1941" END="1944">Oggi</charseq>
        </extent>
      </timex2_mention>
    </timex2>
  </document>
</source_file>
