<?xml version="1.0" encoding="UTF-8"?>
<!DOCTYPE source_file PUBLIC "SYSTEM" "apf.v5.1.1.dtd">

<source_file URI="adige20040907_id405601.sgm" SOURCE="unknown" TYPE="text" VERSION="5.0" AUTHOR="romano" ENCODING="UTF-8">
  <document DOCID="adige20040907_id405601">
    <timex2 ID="adige20040907_id405601-T3" VAL="P21Y" ANCHOR_VAL="2004" ANCHOR_DIR="ENDING">
      <timex2_mention ID="adige20040907_id405601-T3-1">
        <extent>
          <charseq START="555" END="567">un ventunenne</charseq>
        </extent>
      </timex2_mention>
    </timex2>
    <timex2 ID="adige20040907_id405601-T4" VAL="P16Y" ANCHOR_VAL="2004" ANCHOR_DIR="ENDING">
      <timex2_mention ID="adige20040907_id405601-T4-1">
        <extent>
          <charseq START="688" END="696">sedicenne</charseq>
        </extent>
      </timex2_mention>
    </timex2>
    <timex2 ID="adige20040907_id405601-T11" COMMENT="NO calendario gregoriano.">
      <timex2_mention ID="adige20040907_id405601-T11-1">
        <extent>
          <charseq START="373" END="390">la stagione scorsa</charseq>
        </extent>
      </timex2_mention>
    </timex2>
    <timex2 ID="adige20040907_id405601-T13">
      <timex2_mention ID="adige20040907_id405601-T13-1">
        <extent>
          <charseq START="855" END="868">questo momento</charseq>
        </extent>
      </timex2_mention>
    </timex2>
    <timex2 ID="adige20040907_id405601-T12" COMMENT="NO calendario gregoriano.">
      <timex2_mention ID="adige20040907_id405601-T12-1">
        <extent>
          <charseq START="967" END="985">alla prima giornata</charseq>
        </extent>
      </timex2_mention>
    </timex2>
    <timex2 ID="adige20040907_id405601-T5" VAL="PRESENT_REF" ANCHOR_VAL="2004-09-07" ANCHOR_DIR="AS_OF">
      <timex2_mention ID="adige20040907_id405601-T5-1">
        <extent>
          <charseq START="699" END="701">Ora</charseq>
        </extent>
      </timex2_mention>
    </timex2>
    <timex2 ID="adige20040907_id405601-T6" VAL="PT90M" ANCHOR_VAL="2004-09-05" ANCHOR_DIR="WITHIN">
      <timex2_mention ID="adige20040907_id405601-T6-1">
        <extent>
          <charseq START="709" END="724">i novanta minuti</charseq>
        </extent>
      </timex2_mention>
    </timex2>
    <timex2 ID="adige20040907_id405601-T7" COMMENT="NO calendario gregoriano.">
      <timex2_mention ID="adige20040907_id405601-T7-1">
        <extent>
          <charseq START="933" END="945">l'anno scorso</charseq>
        </extent>
      </timex2_mention>
    </timex2>
    <timex2 ID="adige20040907_id405601-T15" VAL="TEV">
      <timex2_mention ID="adige20040907_id405601-T15-1">
        <extent>
          <charseq START="2655" END="2664">una serata</charseq>
        </extent>
      </timex2_mention>
    </timex2>
    <timex2 ID="adige20040907_id405601-T8" COMMENT="NO calendario gregoriano.">
      <timex2_mention ID="adige20040907_id405601-T8-1">
        <extent>
          <charseq START="954" END="959">allora</charseq>
        </extent>
      </timex2_mention>
    </timex2>
    <timex2 ID="adige20040907_id405601-T9" COMMENT="NO calendario gregoriano.">
      <timex2_mention ID="adige20040907_id405601-T9-1">
        <extent>
          <charseq START="2153" END="2162">Quest'anno</charseq>
        </extent>
      </timex2_mention>
    </timex2>
    <timex2 ID="adige20040907_id405601-T1" VAL="2004-10-05">
      <timex2_mention ID="adige20040907_id405601-T1-1">
        <extent>
          <charseq START="328" END="339">l'altro ieri</charseq>
        </extent>
      </timex2_mention>
    </timex2>
    <timex2 ID="adige20040907_id405601-T10" VAL="XXXX-WXX-6TEV" SET="YES">
      <timex2_mention ID="adige20040907_id405601-T10-1">
        <extent>
          <charseq START="2728" END="2741">il sabato sera</charseq>
        </extent>
      </timex2_mention>
    </timex2>
    <timex2 ID="adige20040907_id405601-T2" COMMENT="NO calendario gregoriano.">
      <timex2_mention ID="adige20040907_id405601-T2-1">
        <extent>
          <charseq START="437" END="459">nel triennio precedente</charseq>
        </extent>
      </timex2_mention>
    </timex2>
  </document>
</source_file>
