<?xml version="1.0" encoding="UTF-8"?>
<!DOCTYPE source_file PUBLIC "SYSTEM" "apf.v5.1.1.dtd">

<source_file URI="adige20040907_id405581.sgm" SOURCE="unknown" TYPE="text" VERSION="5.0" AUTHOR="romano" ENCODING="UTF-8">
  <document DOCID="adige20040907_id405581">
    <timex2 ID="adige20040907_id405581-T17" VAL="PT21M4S">
      <timex2_mention ID="adige20040907_id405581-T17-1">
        <extent>
          <charseq START="911" END="921">21,4 minuti</charseq>
        </extent>
      </timex2_mention>
    </timex2>
    <timex2 ID="adige20040907_id405581-T18" VAL="PT28M">
      <timex2_mention ID="adige20040907_id405581-T18-1">
        <extent>
          <charseq START="1494" END="1496">28'</charseq>
        </extent>
      </timex2_mention>
    </timex2>
    <timex2 ID="adige20040907_id405581-T19">
      <timex2_mention ID="adige20040907_id405581-T19-1">
        <extent>
          <charseq START="2762" END="2766">tempo</charseq>
        </extent>
      </timex2_mention>
    </timex2>
    <timex2 ID="adige20040907_id405581-T16" COMMENT="NO calendario gregoriano.">
      <timex2_mention ID="adige20040907_id405581-T16-1">
        <extent>
          <charseq START="2856" END="2874">le passate stagioni</charseq>
        </extent>
      </timex2_mention>
    </timex2>
    <timex2 ID="adige20040907_id405581-T1" VAL="2004-09-06">
      <timex2_mention ID="adige20040907_id405581-T1-1">
        <extent>
          <charseq START="31" END="34">ieri</charseq>
        </extent>
      </timex2_mention>
    </timex2>
    <timex2 ID="adige20040907_id405581-T2" VAL="2004-09-06TMO">
      <timex2_mention ID="adige20040907_id405581-T2-1">
        <extent>
          <charseq START="275" END="286">ieri mattina</charseq>
        </extent>
      </timex2_mention>
    </timex2>
    <timex2 ID="adige20040907_id405581-T10" VAL="1982">
      <timex2_mention ID="adige20040907_id405581-T10-1">
        <extent>
          <charseq START="1409" END="1411">'82</charseq>
        </extent>
      </timex2_mention>
    </timex2>
    <timex2 ID="adige20040907_id405581-T3" VAL="2004-10-16">
      <timex2_mention ID="adige20040907_id405581-T3-1">
        <extent>
          <charseq START="331" END="344">dal 16 ottobre</charseq>
        </extent>
      </timex2_mention>
    </timex2>
    <timex2 ID="adige20040907_id405581-T11" COMMENT="NO calendario gregoriano.">
      <timex2_mention ID="adige20040907_id405581-T11-1">
        <extent>
          <charseq START="1461" END="1473">l'anno scorso</charseq>
        </extent>
      </timex2_mention>
    </timex2>
    <timex2 ID="adige20040907_id405581-T4" VAL="2004">
      <timex2_mention ID="adige20040907_id405581-T4-1">
        <extent>
          <charseq START="709" END="718">quest'anno</charseq>
        </extent>
      </timex2_mention>
    </timex2>
    <timex2 ID="adige20040907_id405581-T12" VAL="PRESENT_REF" ANCHOR_VAL="2004-09-07" ANCHOR_DIR="AS_OF">
      <timex2_mention ID="adige20040907_id405581-T12-1">
        <extent>
          <charseq START="2123" END="2135">questi giorni</charseq>
        </extent>
      </timex2_mention>
    </timex2>
    <timex2 ID="adige20040907_id405581-T5" VAL="P31Y" ANCHOR_VAL="2004" ANCHOR_DIR="ENDING">
      <timex2_mention ID="adige20040907_id405581-T5-1">
        <extent>
          <charseq START="740" END="746">31 anni</charseq>
        </extent>
      </timex2_mention>
    </timex2>
    <timex2 ID="adige20040907_id405581-T13" COMMENT="NO calendario gregoriano.">
      <timex2_mention ID="adige20040907_id405581-T13-1">
        <extent>
          <charseq START="2240" END="2253">lo scorso anno</charseq>
        </extent>
      </timex2_mention>
    </timex2>
    <timex2 ID="adige20040907_id405581-T6" COMMENT="NO calendario gregoriano.">
      <timex2_mention ID="adige20040907_id405581-T6-1">
        <extent>
          <charseq START="819" END="824">8 anni</charseq>
        </extent>
      </timex2_mention>
    </timex2>
    <timex2 ID="adige20040907_id405581-T14" VAL="FUTURE_REF" ANCHOR_VAL="2004-09-07" ANCHOR_DIR="AFTER">
      <timex2_mention ID="adige20040907_id405581-T14-1">
        <extent>
          <charseq START="2441" END="2452">pochi giorni</charseq>
        </extent>
      </timex2_mention>
    </timex2>
    <timex2 ID="adige20040907_id405581-T7" COMMENT="NO calendario gregoriano.">
      <timex2_mention ID="adige20040907_id405581-T7-1">
        <extent>
          <charseq START="839" END="850">gli ultimi 3</charseq>
        </extent>
      </timex2_mention>
    </timex2>
    <timex2 ID="adige20040907_id405581-T15" VAL="2004-12" MOD="END">
      <timex2_mention ID="adige20040907_id405581-T15-1">
        <extent>
          <charseq START="2775" END="2787">fine dicembre</charseq>
        </extent>
      </timex2_mention>
    </timex2>
    <timex2 ID="adige20040907_id405581-T8" COMMENT="NO calendario gregoriano.">
      <timex2_mention ID="adige20040907_id405581-T8-1">
        <extent>
          <charseq START="896" END="909">lo scorso anno</charseq>
        </extent>
      </timex2_mention>
    </timex2>
    <timex2 ID="adige20040907_id405581-T9" VAL="P1Y" ANCHOR_VAL="2004" ANCHOR_DIR="STARTING">
      <timex2_mention ID="adige20040907_id405581-T9-1">
        <extent>
          <charseq START="1342" END="1348">un anno</charseq>
        </extent>
      </timex2_mention>
    </timex2>
  </document>
</source_file>
