<?xml version="1.0" encoding="UTF-8"?>
<!DOCTYPE source_file PUBLIC "SYSTEM" "apf.v5.1.1.dtd">

<source_file URI="adige20040907_id405586.sgm" SOURCE="unknown" TYPE="text" VERSION="5.0" AUTHOR="romano" ENCODING="UTF-8">
  <document DOCID="adige20040907_id405586">
    <timex2 ID="adige20040907_id405586-T1" VAL="2005">
      <timex2_mention ID="adige20040907_id405586-T1-1">
        <extent>
          <charseq START="85" END="92">nel 2005</charseq>
        </extent>
      </timex2_mention>
    </timex2>
    <timex2 ID="adige20040907_id405586-T2" VAL="2004-09-05TMO">
      <timex2_mention ID="adige20040907_id405586-T2-1">
        <extent>
          <charseq START="317" END="332">domenica mattina</charseq>
        </extent>
      </timex2_mention>
    </timex2>
    <timex2 ID="adige20040907_id405586-T3" VAL="2004-09-05">
      <timex2_mention ID="adige20040907_id405586-T3-1">
        <extent>
          <charseq START="370" END="378">il giorno</charseq>
        </extent>
      </timex2_mention>
    </timex2>
    <timex2 ID="adige20040907_id405586-T4" VAL="PRESENT_REF" ANCHOR_VAL="2004-09-07" ANCHOR_DIR="AS_OF">
      <timex2_mention ID="adige20040907_id405586-T4-1">
        <extent>
          <charseq START="404" END="416">questi giorni</charseq>
        </extent>
      </timex2_mention>
    </timex2>
    <timex2 ID="adige20040907_id405586-T5" VAL="2007">
      <timex2_mention ID="adige20040907_id405586-T5-1">
        <extent>
          <charseq START="479" END="482">2007</charseq>
        </extent>
      </timex2_mention>
    </timex2>
    <timex2 ID="adige20040907_id405586-T18" VAL="PAST_REF" ANCHOR_VAL="2004-09-07" ANCHOR_DIR="BEFORE">
      <timex2_mention ID="adige20040907_id405586-T18-1">
        <extent>
          <charseq START="1444" END="1453">di recente</charseq>
        </extent>
      </timex2_mention>
    </timex2>
    <timex2 ID="adige20040907_id405586-T6" VAL="2004-10-05">
      <timex2_mention ID="adige20040907_id405586-T6-1">
        <extent>
          <charseq START="1068" END="1072">dal 5</charseq>
        </extent>
      </timex2_mention>
    </timex2>
    <timex2 ID="adige20040907_id405586-T7" VAL="2004-10-12">
      <timex2_mention ID="adige20040907_id405586-T7-1">
        <extent>
          <charseq START="1074" END="1086">al 12 ottobre</charseq>
        </extent>
      </timex2_mention>
    </timex2>
    <timex2 ID="adige20040907_id405586-T16" VAL="2004-09-06">
      <timex2_mention ID="adige20040907_id405586-T16-1">
        <extent>
          <charseq START="3196" END="3199">Ieri</charseq>
        </extent>
      </timex2_mention>
    </timex2>
    <timex2 ID="adige20040907_id405586-T8" VAL="2002">
      <timex2_mention ID="adige20040907_id405586-T8-1">
        <extent>
          <charseq START="1434" END="1437">2002</charseq>
        </extent>
      </timex2_mention>
    </timex2>
    <timex2 ID="adige20040907_id405586-T9" VAL="1992">
      <timex2_mention ID="adige20040907_id405586-T9-1">
        <extent>
          <charseq START="1633" END="1639">nel '92</charseq>
        </extent>
      </timex2_mention>
    </timex2>
    <timex2 ID="adige20040907_id405586-T17" VAL="1999">
      <timex2_mention ID="adige20040907_id405586-T17-1">
        <extent>
          <charseq START="3273" END="3279">nel '99</charseq>
        </extent>
      </timex2_mention>
    </timex2>
    <timex2 ID="adige20040907_id405586-T10" VAL="2000">
      <timex2_mention ID="adige20040907_id405586-T10-1">
        <extent>
          <charseq START="1688" END="1695">nel 2000</charseq>
        </extent>
      </timex2_mention>
    </timex2>
    <timex2 ID="adige20040907_id405586-T11" VAL="P20Y">
      <timex2_mention ID="adige20040907_id405586-T11-1">
        <extent>
          <charseq START="1866" END="1872">20 anni</charseq>
        </extent>
      </timex2_mention>
    </timex2>
    <timex2 ID="adige20040907_id405586-T12" VAL="PAST_REF" ANCHOR_VAL="2004-09-07" ANCHOR_DIR="BEFORE">
      <timex2_mention ID="adige20040907_id405586-T12-1">
        <extent>
          <charseq START="2166" END="2172">passato</charseq>
        </extent>
      </timex2_mention>
    </timex2>
    <timex2 ID="adige20040907_id405586-T13" VAL="2003">
      <timex2_mention ID="adige20040907_id405586-T13-1">
        <extent>
          <charseq START="2188" END="2195">nel 2003</charseq>
        </extent>
      </timex2_mention>
    </timex2>
    <timex2 ID="adige20040907_id405586-T14" VAL="2003">
      <timex2_mention ID="adige20040907_id405586-T14-1">
        <extent>
          <charseq START="2371" END="2374">2003</charseq>
        </extent>
      </timex2_mention>
    </timex2>
    <timex2 ID="adige20040907_id405586-T15" VAL="1968">
      <timex2_mention ID="adige20040907_id405586-T15-1">
        <extent>
          <charseq START="3064" END="3069">al '68</charseq>
        </extent>
      </timex2_mention>
    </timex2>
  </document>
</source_file>
