<?xml version="1.0" encoding="UTF-8"?>
<!DOCTYPE source_file PUBLIC "SYSTEM" "apf.v5.1.1.dtd">

<source_file URI="adige20040907_id405597.sgm" SOURCE="unknown" TYPE="text" VERSION="5.0" AUTHOR="romano" ENCODING="UTF-8">
  <document DOCID="adige20040907_id405597">
    <timex2 ID="adige20040907_id405597-T4" COMMENT="NO calendario gregoriano.">
      <timex2_mention ID="adige20040907_id405597-T4-1">
        <extent>
          <charseq START="520" END="531">una giornata</charseq>
        </extent>
      </timex2_mention>
    </timex2>
    <timex2 ID="adige20040907_id405597-T1" COMMENT="NO calendario gregoriano.">
      <timex2_mention ID="adige20040907_id405597-T1-1">
        <extent>
          <charseq START="304" END="324">negli ultimi due anni</charseq>
        </extent>
      </timex2_mention>
    </timex2>
    <timex2 ID="adige20040907_id405597-T2" VAL="2003-09">
      <timex2_mention ID="adige20040907_id405597-T2-1">
        <extent>
          <charseq START="438" END="451">dodici mesi fa</charseq>
        </extent>
      </timex2_mention>
    </timex2>
    <timex2 ID="adige20040907_id405597-T3" COMMENT="NO calendario gregoriano.">
      <timex2_mention ID="adige20040907_id405597-T3-1">
        <extent>
          <charseq START="737" END="750">lo scorso anno</charseq>
        </extent>
      </timex2_mention>
    </timex2>
  </document>
</source_file>
