<?xml version="1.0" encoding="UTF-8"?>
<!DOCTYPE source_file PUBLIC "SYSTEM" "apf.v5.1.1.dtd">

<source_file URI="adige20040907_id405594.sgm" SOURCE="unknown" TYPE="text" VERSION="5.0" AUTHOR="romano" ENCODING="UTF-8">
  <document DOCID="adige20040907_id405594">
    <timex2 ID="adige20040907_id405594-T2" COMMENT="NO calendario gregoriano.">
      <timex2_mention ID="adige20040907_id405594-T2-1">
        <extent>
          <charseq START="311" END="327">dello scorso anno</charseq>
        </extent>
      </timex2_mention>
    </timex2>
    <timex2 ID="adige20040907_id405594-T1" VAL="PT11M">
      <timex2_mention ID="adige20040907_id405594-T1-1">
        <extent>
          <charseq START="52" END="60">11 minuti</charseq>
        </extent>
      </timex2_mention>
    </timex2>
  </document>
</source_file>
