<?xml version="1.0" encoding="UTF-8"?>
<!DOCTYPE source_file PUBLIC "SYSTEM" "apf.v5.1.1.dtd">

<source_file URI="adige20041008_id414178.sgm" SOURCE="unknown" TYPE="text" VERSION="5.0" AUTHOR="romano" ENCODING="UTF-8">
  <document DOCID="adige20041008_id414178">
    <timex2 ID="adige20041008_id414178-T8">
      <timex2_mention ID="adige20041008_id414178-T8-1">
        <extent>
          <charseq START="1647" END="1651">tempo</charseq>
        </extent>
      </timex2_mention>
    </timex2>
    <timex2 ID="adige20041008_id414178-T6" VAL="2004-10-07">
      <timex2_mention ID="adige20041008_id414178-T6-1">
        <extent>
          <charseq START="1797" END="1800">Ieri</charseq>
        </extent>
      </timex2_mention>
    </timex2>
    <timex2 ID="adige20041008_id414178-T7" VAL="FUTURE_REF" ANCHOR_VAL="2004-10-08" ANCHOR_DIR="AFTER">
      <timex2_mention ID="adige20041008_id414178-T7-1">
        <extent>
          <charseq START="3096" END="3101">futuro</charseq>
        </extent>
      </timex2_mention>
    </timex2>
    <timex2 ID="adige20041008_id414178-T9">
      <timex2_mention ID="adige20041008_id414178-T9-1">
        <extent>
          <charseq START="1626" END="1638">del mio tempo</charseq>
        </extent>
      </timex2_mention>
    </timex2>
    <timex2 ID="adige20041008_id414178-T1" VAL="PXD" ANCHOR_VAL="2004-10-08" ANCHOR_DIR="AFTER">
      <timex2_mention ID="adige20041008_id414178-T1-1">
        <extent>
          <charseq START="721" END="739">nei prossimi giorni</charseq>
        </extent>
      </timex2_mention>
    </timex2>
    <timex2 ID="adige20041008_id414178-T2" VAL="2004-10-12">
      <timex2_mention ID="adige20041008_id414178-T2-1">
        <extent>
          <charseq START="866" END="872">martedì</charseq>
        </extent>
      </timex2_mention>
    </timex2>
    <timex2 ID="adige20041008_id414178-T3" VAL="2004-10-27">
      <timex2_mention ID="adige20041008_id414178-T3-1">
        <extent>
          <charseq START="917" END="930">il 27 del mese</charseq>
        </extent>
      </timex2_mention>
    </timex2>
    <timex2 ID="adige20041008_id414178-T4" VAL="P62Y" ANCHOR_VAL="2004" ANCHOR_DIR="ENDING">
      <timex2_mention ID="adige20041008_id414178-T4-1">
        <extent>
          <charseq START="1333" END="1339">62 anni</charseq>
        </extent>
      </timex2_mention>
    </timex2>
    <timex2 ID="adige20041008_id414178-T5" VAL="PAST_REF" ANCHOR_VAL="2004-10-08" ANCHOR_DIR="BEFORE">
      <timex2_mention ID="adige20041008_id414178-T5-1">
        <extent>
          <charseq START="1408" END="1419">recentemente</charseq>
        </extent>
      </timex2_mention>
    </timex2>
  </document>
</source_file>
