<?xml version="1.0" encoding="UTF-8"?>
<!DOCTYPE source_file PUBLIC "SYSTEM" "apf.v5.1.1.dtd">

<source_file URI="adige20041008_id414181.sgm" SOURCE="unknown" TYPE="text" VERSION="5.0" AUTHOR="romano" ENCODING="UTF-8">
  <document DOCID="adige20041008_id414181">
    <timex2 ID="adige20041008_id414181-T1" VAL="2004-10-23">
      <timex2_mention ID="adige20041008_id414181-T1-1">
        <extent>
          <charseq START="490" END="499">23 ottobre</charseq>
        </extent>
      </timex2_mention>
    </timex2>
    <timex2 ID="adige20041008_id414181-T3">
      <timex2_mention ID="adige20041008_id414181-T3-1">
        <extent>
          <charseq START="460" END="480">un momento inaugurale</charseq>
        </extent>
      </timex2_mention>
    </timex2>
    <timex2 ID="adige20041008_id414181-T2" VAL="2004-10-23T11:30">
      <timex2_mention ID="adige20041008_id414181-T2-1">
        <extent>
          <charseq START="504" END="512">ore 11,30</charseq>
        </extent>
      </timex2_mention>
    </timex2>
    <timex2 ID="adige20041008_id414181-T5" VAL="PRESENT_REF" ANCHOR_VAL="2004-10-08" ANCHOR_DIR="AS_OF">
      <timex2_mention ID="adige20041008_id414181-T5-1">
        <extent>
          <charseq START="1727" END="1733">attuale</charseq>
        </extent>
      </timex2_mention>
    </timex2>
  </document>
</source_file>
