<?xml version="1.0" encoding="UTF-8"?>
<!DOCTYPE source_file PUBLIC "SYSTEM" "apf.v5.1.1.dtd">

<source_file URI="adige20041008_id414177.sgm" SOURCE="unknown" TYPE="text" VERSION="5.0" AUTHOR="romano" ENCODING="UTF-8">
  <document DOCID="adige20041008_id414177">
    <timex2 ID="adige20041008_id414177-T1" VAL="PRESENT_REF" ANCHOR_VAL="2004-10-08" ANCHOR_DIR="AS_OF">
      <timex2_mention ID="adige20041008_id414177-T1-1">
        <extent>
          <charseq START="1008" END="1011">oggi</charseq>
        </extent>
      </timex2_mention>
    </timex2>
    <timex2 ID="adige20041008_id414177-T2" VAL="XXXX-WXX-7" SET="YES">
      <timex2_mention ID="adige20041008_id414177-T2-1">
        <extent>
          <charseq START="1996" END="2005">domenicali</charseq>
        </extent>
      </timex2_mention>
    </timex2>
    <timex2 ID="adige20041008_id414177-T3" VAL="1997">
      <timex2_mention ID="adige20041008_id414177-T3-1">
        <extent>
          <charseq START="2458" END="2461">1997</charseq>
        </extent>
      </timex2_mention>
    </timex2>
  </document>
</source_file>
