<?xml version="1.0" encoding="UTF-8"?>
<!DOCTYPE source_file PUBLIC "SYSTEM" "apf.v5.1.1.dtd">

<source_file URI="adige20041008_id414208.sgm" SOURCE="unknown" TYPE="text" VERSION="5.0" AUTHOR="romano" ENCODING="UTF-8">
  <document DOCID="adige20041008_id414208">
    <timex2 ID="adige20041008_id414208-T1" VAL="PXD" ANCHOR_VAL="2004-10-08" ANCHOR_DIR="BEFORE">
      <timex2_mention ID="adige20041008_id414208-T1-1">
        <extent>
          <charseq START="553" END="569">nei giorni scorsi</charseq>
        </extent>
      </timex2_mention>
    </timex2>
  </document>
</source_file>
