<?xml version="1.0" encoding="UTF-8"?>
<!DOCTYPE source_file PUBLIC "SYSTEM" "apf.v5.1.1.dtd">

<source_file URI="adige20041008_id414188.sgm" SOURCE="unknown" TYPE="text" VERSION="5.0" AUTHOR="romano" ENCODING="UTF-8">
  <document DOCID="adige20041008_id414188">
    <timex2 ID="adige20041008_id414188-T1" VAL="2004-10-08">
      <timex2_mention ID="adige20041008_id414188-T1-1">
        <extent>
          <charseq START="75" END="78">oggi</charseq>
        </extent>
      </timex2_mention>
    </timex2>
    <timex2 ID="adige20041008_id414188-T2" VAL="2004-12" MOD="END">
      <timex2_mention ID="adige20041008_id414188-T2-1">
        <extent>
          <charseq START="85" END="105">alla fine di dicembre</charseq>
        </extent>
      </timex2_mention>
    </timex2>
    <timex2 ID="adige20041008_id414188-T3" VAL="2004-10-08">
      <timex2_mention ID="adige20041008_id414188-T3-1">
        <extent>
          <charseq START="298" END="301">oggi</charseq>
        </extent>
      </timex2_mention>
    </timex2>
    <timex2 ID="adige20041008_id414188-T4" VAL="P1W">
      <timex2_mention ID="adige20041008_id414188-T4-1">
        <extent>
          <charseq START="308" END="320">una settimana</charseq>
        </extent>
      </timex2_mention>
    </timex2>
    <timex2 ID="adige20041008_id414188-T5" VAL="2004-10-12">
      <timex2_mention ID="adige20041008_id414188-T5-1">
        <extent>
          <charseq START="384" END="397">dal 12 ottobre</charseq>
        </extent>
      </timex2_mention>
    </timex2>
    <timex2 ID="adige20041008_id414188-T6" VAL="2001">
      <timex2_mention ID="adige20041008_id414188-T6-1">
        <extent>
          <charseq START="648" END="655">nel 2001</charseq>
        </extent>
      </timex2_mention>
    </timex2>
    <timex2 ID="adige20041008_id414188-T7" VAL="2001">
      <timex2_mention ID="adige20041008_id414188-T7-1">
        <extent>
          <charseq START="658" END="693">anno internazionale del volontariato</charseq>
        </extent>
      </timex2_mention>
    </timex2>
  </document>
</source_file>
