<?xml version="1.0" encoding="UTF-8"?>
<!DOCTYPE source_file PUBLIC "SYSTEM" "apf.v5.1.1.dtd">

<source_file URI="adige20041008_id414193.sgm" SOURCE="unknown" TYPE="text" VERSION="5.0" AUTHOR="romano" ENCODING="UTF-8">
  <document DOCID="adige20041008_id414193">
    <timex2 ID="adige20041008_id414193-T1" VAL="PAST_REF" ANCHOR_VAL="2004-10-08" ANCHOR_DIR="BEFORE">
      <timex2_mention ID="adige20041008_id414193-T1-1">
        <extent>
          <charseq START="897" END="911">pochi giorni fa</charseq>
        </extent>
      </timex2_mention>
    </timex2>
    <timex2 ID="adige20041008_id414193-T2">
      <timex2_mention ID="adige20041008_id414193-T2-1">
        <extent>
          <charseq START="299" END="307">temporali</charseq>
        </extent>
      </timex2_mention>
    </timex2>
  </document>
</source_file>
