<?xml version="1.0" encoding="UTF-8"?>
<!DOCTYPE source_file PUBLIC "SYSTEM" "apf.v5.1.1.dtd">

<source_file URI="adige20041008_id414209.sgm" SOURCE="unknown" TYPE="text" VERSION="5.0" AUTHOR="romano" ENCODING="UTF-8">
  <document DOCID="adige20041008_id414209">
    <timex2 ID="adige20041008_id414209-T8" VAL="PRESENT_REF" ANCHOR_VAL="2004-10-08" ANCHOR_DIR="AS_OF">
      <timex2_mention ID="adige20041008_id414209-T8-1">
        <extent>
          <charseq START="3210" END="3213">oggi</charseq>
        </extent>
      </timex2_mention>
    </timex2>
    <timex2 ID="adige20041008_id414209-T1" VAL="2000">
      <timex2_mention ID="adige20041008_id414209-T1-1">
        <extent>
          <charseq START="499" END="506">del 2000</charseq>
        </extent>
      </timex2_mention>
    </timex2>
    <timex2 ID="adige20041008_id414209-T13" VAL="PAST_REF" ANCHOR_VAL="2004-10-08" ANCHOR_DIR="BEFORE">
      <timex2_mention ID="adige20041008_id414209-T13-1">
        <extent>
          <charseq START="2169" END="2170">ex</charseq>
        </extent>
      </timex2_mention>
    </timex2>
    <timex2 ID="adige20041008_id414209-T9" VAL="PRESENT_REF" ANCHOR_VAL="2004-10-08" ANCHOR_DIR="AS_OF">
      <timex2_mention ID="adige20041008_id414209-T9-1">
        <extent>
          <charseq START="775" END="778">oggi</charseq>
        </extent>
      </timex2_mention>
    </timex2>
    <timex2 ID="adige20041008_id414209-T10" VAL="PAST_REF" ANCHOR_VAL="2004-10-08" ANCHOR_DIR="BEFORE">
      <timex2_mention ID="adige20041008_id414209-T10-1">
        <extent>
          <charseq START="2754" END="2755">ex</charseq>
        </extent>
      </timex2_mention>
    </timex2>
    <timex2 ID="adige20041008_id414209-T11" VAL="PAST_REF" ANCHOR_VAL="2004-10-08" ANCHOR_DIR="BEFORE">
      <timex2_mention ID="adige20041008_id414209-T11-1">
        <extent>
          <charseq START="59" END="60">ex</charseq>
        </extent>
      </timex2_mention>
    </timex2>
    <timex2 ID="adige20041008_id414209-T12" VAL="PAST_REF" ANCHOR_VAL="2004-10-08" ANCHOR_DIR="BEFORE">
      <timex2_mention ID="adige20041008_id414209-T12-1">
        <extent>
          <charseq START="715" END="716">ex</charseq>
        </extent>
      </timex2_mention>
    </timex2>
    <timex2 ID="adige20041008_id414209-T2" VAL="PXD" ANCHOR_VAL="2004-10-08" ANCHOR_DIR="BEFORE">
      <timex2_mention ID="adige20041008_id414209-T2-1">
        <extent>
          <charseq START="890" END="906">nei giorni scorsi</charseq>
        </extent>
      </timex2_mention>
    </timex2>
    <timex2 ID="adige20041008_id414209-T3" VAL="1995">
      <timex2_mention ID="adige20041008_id414209-T3-1">
        <extent>
          <charseq START="1657" END="1663">nel '95</charseq>
        </extent>
      </timex2_mention>
    </timex2>
    <timex2 ID="adige20041008_id414209-T4" VAL="1995">
      <timex2_mention ID="adige20041008_id414209-T4-1">
        <extent>
          <charseq START="1797" END="1802">allora</charseq>
        </extent>
      </timex2_mention>
    </timex2>
    <timex2 ID="adige20041008_id414209-T5" VAL="1995">
      <timex2_mention ID="adige20041008_id414209-T5-1">
        <extent>
          <charseq START="1931" END="1936">allora</charseq>
        </extent>
      </timex2_mention>
    </timex2>
    <timex2 ID="adige20041008_id414209-T14">
      <timex2_mention ID="adige20041008_id414209-T14-1">
        <extent>
          <charseq START="1080" END="1086">a breve</charseq>
        </extent>
      </timex2_mention>
    </timex2>
    <timex2 ID="adige20041008_id414209-T6" VAL="PRESENT_REF" ANCHOR_VAL="2004-10-08" ANCHOR_DIR="AS_OF">
      <timex2_mention ID="adige20041008_id414209-T6-1">
        <extent>
          <charseq START="1943" END="1946">oggi</charseq>
        </extent>
      </timex2_mention>
    </timex2>
    <timex2 ID="adige20041008_id414209-T7" VAL="PRESENT_REF" ANCHOR_VAL="2004-10-08" ANCHOR_DIR="AS_OF">
      <timex2_mention ID="adige20041008_id414209-T7-1">
        <extent>
          <charseq START="2046" END="2058">questi giorni</charseq>
        </extent>
      </timex2_mention>
    </timex2>
  </document>
</source_file>
