<?xml version="1.0" encoding="UTF-8"?>
<!DOCTYPE source_file PUBLIC "SYSTEM" "apf.v5.1.1.dtd">

<source_file URI="adige20041008_id414179.sgm" SOURCE="unknown" TYPE="text" VERSION="5.0" AUTHOR="romano" ENCODING="UTF-8">
  <document DOCID="adige20041008_id414179">
    <timex2 ID="adige20041008_id414179-T8" VAL="2004-10-09">
      <timex2_mention ID="adige20041008_id414179-T8-1">
        <extent>
          <charseq START="76" END="83">giornata</charseq>
        </extent>
      </timex2_mention>
    </timex2>
    <timex2 ID="adige20041008_id414179-T1" VAL="2004-10-09">
      <timex2_mention ID="adige20041008_id414179-T1-1">
        <extent>
          <charseq START="69" END="74">Domani</charseq>
        </extent>
      </timex2_mention>
    </timex2>
    <timex2 ID="adige20041008_id414179-T2" VAL="2004-10-07TMO">
      <timex2_mention ID="adige20041008_id414179-T2-1">
        <extent>
          <charseq START="593" END="604">ieri mattina</charseq>
        </extent>
      </timex2_mention>
    </timex2>
    <timex2 ID="adige20041008_id414179-T3" VAL="2004-10-09">
      <timex2_mention ID="adige20041008_id414179-T3-1">
        <extent>
          <charseq START="838" END="843">domani</charseq>
        </extent>
      </timex2_mention>
    </timex2>
    <timex2 ID="adige20041008_id414179-T4" VAL="2004-10-09T09:00">
      <timex2_mention ID="adige20041008_id414179-T4-1">
        <extent>
          <charseq START="845" END="851">dalle 9</charseq>
        </extent>
      </timex2_mention>
    </timex2>
    <timex2 ID="adige20041008_id414179-T5" VAL="2004-10-09T18:00">
      <timex2_mention ID="adige20041008_id414179-T5-1">
        <extent>
          <charseq START="853" END="859">alle 18</charseq>
        </extent>
      </timex2_mention>
    </timex2>
    <timex2 ID="adige20041008_id414179-T6" VAL="PXY">
      <timex2_mention ID="adige20041008_id414179-T6-1">
        <extent>
          <charseq START="2080" END="2089">tanti anni</charseq>
        </extent>
      </timex2_mention>
    </timex2>
    <timex2 ID="adige20041008_id414179-T7" VAL="PRESENT_REF" ANCHOR_VAL="2004-10-08" ANCHOR_DIR="AS_OF">
      <timex2_mention ID="adige20041008_id414179-T7-1">
        <extent>
          <charseq START="2241" END="2244">oggi</charseq>
        </extent>
      </timex2_mention>
    </timex2>
  </document>
</source_file>
