<?xml version="1.0" encoding="UTF-8"?>
<!DOCTYPE source_file PUBLIC "SYSTEM" "apf.v5.1.1.dtd">

<source_file URI="adige20041008_id414195.sgm" SOURCE="unknown" TYPE="text" VERSION="5.0" AUTHOR="romano" ENCODING="UTF-8">
  <document DOCID="adige20041008_id414195">
    <timex2 ID="adige20041008_id414195-T2" VAL="2004-10-07T21:00" MOD="APPROX">
      <timex2_mention ID="adige20041008_id414195-T2-1">
        <extent>
          <charseq START="189" END="203">intorno alle 21</charseq>
        </extent>
      </timex2_mention>
    </timex2>
    <timex2 ID="adige20041008_id414195-T3">
      <timex2_mention ID="adige20041008_id414195-T3-1">
        <extent>
          <charseq START="845" END="862">all'ultimo momento</charseq>
        </extent>
      </timex2_mention>
    </timex2>
    <timex2 ID="adige20041008_id414195-T4">
      <timex2_mention ID="adige20041008_id414195-T4-1">
        <extent>
          <charseq START="1174" END="1191">all'ultimo momento</charseq>
        </extent>
      </timex2_mention>
    </timex2>
    <timex2 ID="adige20041008_id414195-T1" VAL="2004-10-07TEV">
      <timex2_mention ID="adige20041008_id414195-T1-1">
        <extent>
          <charseq START="179" END="187">ieri sera</charseq>
        </extent>
      </timex2_mention>
    </timex2>
  </document>
</source_file>
