<?xml version="1.0" encoding="UTF-8"?>
<!DOCTYPE source_file PUBLIC "SYSTEM" "apf.v5.1.1.dtd">

<source_file URI="adige20041008_id414207.sgm" SOURCE="unknown" TYPE="text" VERSION="5.0" AUTHOR="romano" ENCODING="UTF-8">
  <document DOCID="adige20041008_id414207">
    <timex2 ID="adige20041008_id414207-T1" VAL="PRESENT_REF" ANCHOR_VAL="2004-10-08" ANCHOR_DIR="AS_OF">
      <timex2_mention ID="adige20041008_id414207-T1-1">
        <extent>
          <charseq START="302" END="307">finora</charseq>
        </extent>
      </timex2_mention>
    </timex2>
    <timex2 ID="adige20041008_id414207-T2" VAL="2004-10-07TEV">
      <timex2_mention ID="adige20041008_id414207-T2-1">
        <extent>
          <charseq START="322" END="330">ieri sera</charseq>
        </extent>
      </timex2_mention>
    </timex2>
  </document>
</source_file>
