<?xml version="1.0" encoding="UTF-8"?>
<!DOCTYPE source_file PUBLIC "SYSTEM" "apf.v5.1.1.dtd">

<source_file URI="adige20041008_id414187.sgm" SOURCE="unknown" TYPE="text" VERSION="5.0" AUTHOR="romano" ENCODING="UTF-8">
  <document DOCID="adige20041008_id414187">
    <timex2 ID="adige20041008_id414187-T1" VAL="PXW">
      <timex2_mention ID="adige20041008_id414187-T1-1">
        <extent>
          <charseq START="162" END="177">alcune settimane</charseq>
        </extent>
      </timex2_mention>
    </timex2>
    <timex2 ID="adige20041008_id414187-T2" VAL="PXD" ANCHOR_VAL="2004-10-08" ANCHOR_DIR="BEFORE">
      <timex2_mention ID="adige20041008_id414187-T2-1">
        <extent>
          <charseq START="1149" END="1165">nei giorni scorsi</charseq>
        </extent>
      </timex2_mention>
    </timex2>
    <timex2 ID="adige20041008_id414187-T3" VAL="2004-10-11">
      <timex2_mention ID="adige20041008_id414187-T3-1">
        <extent>
          <charseq START="1514" END="1530">lunedì 11 ottobre</charseq>
        </extent>
      </timex2_mention>
    </timex2>
    <timex2 ID="adige20041008_id414187-T6">
      <timex2_mention ID="adige20041008_id414187-T6-1">
        <extent>
          <charseq START="119" END="144">un periodo piuttosto lungo</charseq>
        </extent>
      </timex2_mention>
    </timex2>
    <timex2 ID="adige20041008_id414187-T4" VAL="2004-10-11T16:00">
      <timex2_mention ID="adige20041008_id414187-T4-1">
        <extent>
          <charseq START="1532" END="1542">alle ore 16</charseq>
        </extent>
      </timex2_mention>
    </timex2>
    <timex2 ID="adige20041008_id414187-T5" COMMENT="NO calendario gregoriano.">
      <timex2_mention ID="adige20041008_id414187-T5-1">
        <extent>
          <charseq START="734" END="753">dell'anno scolastico</charseq>
        </extent>
      </timex2_mention>
    </timex2>
  </document>
</source_file>
