<?xml version="1.0" encoding="UTF-8"?>
<!DOCTYPE source_file PUBLIC "SYSTEM" "apf.v5.1.1.dtd">

<source_file URI="adige20041008_id414206.sgm" SOURCE="unknown" TYPE="text" VERSION="5.0" AUTHOR="romano" ENCODING="UTF-8">
  <document DOCID="adige20041008_id414206">
    <timex2 ID="adige20041008_id414206-T3" VAL="P12M" MOD="EQUAL_OR_LESS">
      <timex2_mention ID="adige20041008_id414206-T3-1">
        <extent>
          <charseq START="1038" END="1048">dodici mesi</charseq>
        </extent>
      </timex2_mention>
    </timex2>
    <timex2 ID="adige20041008_id414206-T4" VAL="P6M">
      <timex2_mention ID="adige20041008_id414206-T4-1">
        <extent>
          <charseq START="1978" END="1987">i sei mesi</charseq>
        </extent>
      </timex2_mention>
    </timex2>
    <timex2 ID="adige20041008_id414206-T5" VAL="XXXX" SET="YES">
      <timex2_mention ID="adige20041008_id414206-T5-1">
        <extent>
          <charseq START="1989" END="1996">all'anno</charseq>
        </extent>
      </timex2_mention>
    </timex2>
    <timex2 ID="adige20041008_id414206-T6" VAL="P33M" MOD="EQUAL_OR_LESS">
      <timex2_mention ID="adige20041008_id414206-T6-1">
        <extent>
          <charseq START="2021" END="2027">33 mesi</charseq>
        </extent>
      </timex2_mention>
    </timex2>
    <timex2 ID="adige20041008_id414206-T7" VAL="P5Y">
      <timex2_mention ID="adige20041008_id414206-T7-1">
        <extent>
          <charseq START="2154" END="2164">cinque anni</charseq>
        </extent>
      </timex2_mention>
    </timex2>
    <timex2 ID="adige20041008_id414206-T8" VAL="PRESENT_REF" ANCHOR_VAL="2004-10-08" ANCHOR_DIR="AS_OF">
      <timex2_mention ID="adige20041008_id414206-T8-1">
        <extent>
          <charseq START="2506" END="2508">ora</charseq>
        </extent>
      </timex2_mention>
    </timex2>
    <timex2 ID="adige20041008_id414206-T9" VAL="P30M">
      <timex2_mention ID="adige20041008_id414206-T9-1">
        <extent>
          <charseq START="3020" END="3037">al trentesimo mese</charseq>
        </extent>
      </timex2_mention>
    </timex2>
    <timex2 ID="adige20041008_id414206-T1" VAL="2004-10-07">
      <timex2_mention ID="adige20041008_id414206-T1-1">
        <extent>
          <charseq START="10" END="13">Ieri</charseq>
        </extent>
      </timex2_mention>
    </timex2>
    <timex2 ID="adige20041008_id414206-T10" VAL="P2.5Y">
      <timex2_mention ID="adige20041008_id414206-T10-1">
        <extent>
          <charseq START="3060" END="3075">due anni e mezzo</charseq>
        </extent>
      </timex2_mention>
    </timex2>
    <timex2 ID="adige20041008_id414206-T2" VAL="2004-10-07">
      <timex2_mention ID="adige20041008_id414206-T2-1">
        <extent>
          <charseq START="470" END="473">Ieri</charseq>
        </extent>
      </timex2_mention>
    </timex2>
    <timex2 ID="adige20041008_id414206-T11" VAL="PRESENT_REF" ANCHOR_VAL="2004-10-08" ANCHOR_DIR="AS_OF">
      <timex2_mention ID="adige20041008_id414206-T11-1">
        <extent>
          <charseq START="2761" END="2767">attuali</charseq>
        </extent>
      </timex2_mention>
    </timex2>
  </document>
</source_file>
