<?xml version="1.0" encoding="UTF-8"?>
<!DOCTYPE source_file PUBLIC "SYSTEM" "apf.v5.1.1.dtd">

<source_file URI="adige20041008_id414186.sgm" SOURCE="unknown" TYPE="text" VERSION="5.0" AUTHOR="romano" ENCODING="UTF-8">
  <document DOCID="adige20041008_id414186">
    <timex2 ID="adige20041008_id414186-T9" VAL="2004-10-07T24">
      <timex2_mention ID="adige20041008_id414186-T9-1">
        <extent>
          <charseq START="940" END="949">mezzanotte</charseq>
        </extent>
      </timex2_mention>
    </timex2>
    <timex2 ID="adige20041008_id414186-T1" VAL="PT7M">
      <timex2_mention ID="adige20041008_id414186-T1-1">
        <extent>
          <charseq START="83" END="94">Sette minuti</charseq>
        </extent>
      </timex2_mention>
    </timex2>
    <timex2 ID="adige20041008_id414186-T10" VAL="2004-10-07TNI">
      <timex2_mention ID="adige20041008_id414186-T10-1">
        <extent>
          <charseq START="1282" END="1292">della notte</charseq>
        </extent>
      </timex2_mention>
    </timex2>
    <timex2 ID="adige20041008_id414186-T2" VAL="PT3M">
      <timex2_mention ID="adige20041008_id414186-T2-1">
        <extent>
          <charseq START="111" END="113">tre</charseq>
        </extent>
      </timex2_mention>
    </timex2>
    <timex2 ID="adige20041008_id414186-T11" VAL="PT5M">
      <timex2_mention ID="adige20041008_id414186-T11-1">
        <extent>
          <charseq START="1749" END="1763">i cinque minuti</charseq>
        </extent>
      </timex2_mention>
    </timex2>
    <timex2 ID="adige20041008_id414186-T3" VAL="2004-10-07TNI">
      <timex2_mention ID="adige20041008_id414186-T3-1">
        <extent>
          <charseq START="163" END="173">nella notte</charseq>
        </extent>
      </timex2_mention>
    </timex2>
    <timex2 ID="adige20041008_id414186-T12" VAL="PT3M">
      <timex2_mention ID="adige20041008_id414186-T12-1">
        <extent>
          <charseq START="1872" END="1887">altri tre minuti</charseq>
        </extent>
      </timex2_mention>
    </timex2>
    <timex2 ID="adige20041008_id414186-T4" VAL="2004-10-07">
      <timex2_mention ID="adige20041008_id414186-T4-1">
        <extent>
          <charseq START="643" END="646">ieri</charseq>
        </extent>
      </timex2_mention>
    </timex2>
    <timex2 ID="adige20041008_id414186-T13" VAL="PT7M">
      <timex2_mention ID="adige20041008_id414186-T13-1">
        <extent>
          <charseq START="1954" END="1965">sette minuti</charseq>
        </extent>
      </timex2_mention>
    </timex2>
    <timex2 ID="adige20041008_id414186-T5" VAL="2004-10-07">
      <timex2_mention ID="adige20041008_id414186-T5-1">
        <extent>
          <charseq START="696" END="713">Giornata durissima</charseq>
        </extent>
      </timex2_mention>
    </timex2>
    <timex2 ID="adige20041008_id414186-T17">
      <timex2_mention ID="adige20041008_id414186-T17-1">
        <extent>
          <charseq START="2121" END="2128">il tempo</charseq>
        </extent>
      </timex2_mention>
    </timex2>
    <timex2 ID="adige20041008_id414186-T14" VAL="PT3M">
      <timex2_mention ID="adige20041008_id414186-T14-1">
        <extent>
          <charseq START="1981" END="1990">tre minuti</charseq>
        </extent>
      </timex2_mention>
    </timex2>
    <timex2 ID="adige20041008_id414186-T6" VAL="P3D" ANCHOR_VAL="2004-10-08" ANCHOR_DIR="ENDING">
      <timex2_mention ID="adige20041008_id414186-T6-1">
        <extent>
          <charseq START="805" END="814">tre giorni</charseq>
        </extent>
      </timex2_mention>
    </timex2>
    <timex2 ID="adige20041008_id414186-T15" VAL="PT1M" MOD="APPROX">
      <timex2_mention ID="adige20041008_id414186-T15-1">
        <extent>
          <charseq START="2101" END="2111">un minutino</charseq>
        </extent>
      </timex2_mention>
    </timex2>
    <timex2 ID="adige20041008_id414186-T7" VAL="PT30H" MOD="MORE_THAN">
      <timex2_mention ID="adige20041008_id414186-T7-1">
        <extent>
          <charseq START="821" END="833">più di 30 ore</charseq>
        </extent>
      </timex2_mention>
    </timex2>
    <timex2 ID="adige20041008_id414186-T18" VAL="2004-10-07TAF">
      <timex2_mention ID="adige20041008_id414186-T18-1">
        <extent>
          <charseq START="2051" END="2064">nel pomeriggio</charseq>
        </extent>
      </timex2_mention>
    </timex2>
    <timex2 ID="adige20041008_id414186-T16" VAL="2004-10-07">
      <timex2_mention ID="adige20041008_id414186-T16-1">
        <extent>
          <charseq START="2614" END="2627">della giornata</charseq>
        </extent>
      </timex2_mention>
    </timex2>
    <timex2 ID="adige20041008_id414186-T8" VAL="2004-10-07">
      <timex2_mention ID="adige20041008_id414186-T8-1">
        <extent>
          <charseq START="933" END="936">Ieri</charseq>
        </extent>
      </timex2_mention>
    </timex2>
    <timex2 ID="adige20041008_id414186-T19" VAL="XXXX-SU">
      <timex2_mention ID="adige20041008_id414186-T19-1">
        <extent>
          <charseq START="562" END="567">estiva</charseq>
        </extent>
      </timex2_mention>
    </timex2>
  </document>
</source_file>
