<?xml version="1.0" encoding="UTF-8"?>
<!DOCTYPE source_file PUBLIC "SYSTEM" "apf.v5.1.1.dtd">

<source_file URI="adige20041008_id414197.sgm" SOURCE="unknown" TYPE="text" VERSION="5.0" AUTHOR="romano" ENCODING="UTF-8">
  <document DOCID="adige20041008_id414197">
    <timex2 ID="adige20041008_id414197-T2" VAL="P3D">
      <timex2_mention ID="adige20041008_id414197-T2-1">
        <extent>
          <charseq START="151" END="160">Tre giorni</charseq>
        </extent>
      </timex2_mention>
    </timex2>
    <timex2 ID="adige20041008_id414197-T3" VAL="P3D">
      <timex2_mention ID="adige20041008_id414197-T3-1">
        <extent>
          <charseq START="229" END="238">tre giorni</charseq>
        </extent>
      </timex2_mention>
    </timex2>
    <timex2 ID="adige20041008_id414197-T4" VAL="FUTURE_REF" ANCHOR_VAL="2004-10-08" ANCHOR_DIR="AFTER">
      <timex2_mention ID="adige20041008_id414197-T4-1">
        <extent>
          <charseq START="797" END="814">ai prossimi giorni</charseq>
        </extent>
      </timex2_mention>
    </timex2>
    <timex2 ID="adige20041008_id414197-T5" VAL="2004-10-08">
      <timex2_mention ID="adige20041008_id414197-T5-1">
        <extent>
          <charseq START="947" END="950">oggi</charseq>
        </extent>
      </timex2_mention>
    </timex2>
    <timex2 ID="adige20041008_id414197-T6" VAL="2004-10-10">
      <timex2_mention ID="adige20041008_id414197-T6-1">
        <extent>
          <charseq START="959" END="966">domenica</charseq>
        </extent>
      </timex2_mention>
    </timex2>
    <timex2 ID="adige20041008_id414197-T7" VAL="PAST_REF" ANCHOR_VAL="2004-10" ANCHOR_DIR="BEFORE">
      <timex2_mention ID="adige20041008_id414197-T7-1">
        <extent>
          <charseq START="1174" END="1188">qualche mese fa</charseq>
        </extent>
      </timex2_mention>
    </timex2>
    <timex2 ID="adige20041008_id414197-T1" VAL="P3D">
      <timex2_mention ID="adige20041008_id414197-T1-1">
        <extent>
          <charseq START="110" END="119">tre giorni</charseq>
        </extent>
      </timex2_mention>
    </timex2>
  </document>
</source_file>
