<?xml version="1.0" encoding="UTF-8"?>
<!DOCTYPE source_file PUBLIC "SYSTEM" "apf.v5.1.1.dtd">

<source_file URI="adige20041008_id414182.sgm" SOURCE="unknown" TYPE="text" VERSION="5.0" AUTHOR="romano" ENCODING="UTF-8">
  <document DOCID="adige20041008_id414182">
    <timex2 ID="adige20041008_id414182-T4" VAL="P3Y" SET="YES">
      <timex2_mention ID="adige20041008_id414182-T4-1">
        <extent>
          <charseq START="1322" END="1330">triennale</charseq>
        </extent>
      </timex2_mention>
    </timex2>
    <timex2 ID="adige20041008_id414182-T5" VAL="PRESENT_REF" ANCHOR_VAL="2004" ANCHOR_DIR="AS_OF">
      <timex2_mention ID="adige20041008_id414182-T5-1">
        <extent>
          <charseq START="1536" END="1546">questi anni</charseq>
        </extent>
      </timex2_mention>
    </timex2>
    <timex2 ID="adige20041008_id414182-T1" VAL="2004-10-08">
      <timex2_mention ID="adige20041008_id414182-T1-1">
        <extent>
          <charseq START="2" END="5">Oggi</charseq>
        </extent>
      </timex2_mention>
    </timex2>
    <timex2 ID="adige20041008_id414182-T2" VAL="2004-10-08">
      <timex2_mention ID="adige20041008_id414182-T2-1">
        <extent>
          <charseq START="341" END="344">Oggi</charseq>
        </extent>
      </timex2_mention>
    </timex2>
    <timex2 ID="adige20041008_id414182-T3" VAL="P1Y" SET="YES">
      <timex2_mention ID="adige20041008_id414182-T3-1">
        <extent>
          <charseq START="1312" END="1318">annuale</charseq>
        </extent>
      </timex2_mention>
    </timex2>
  </document>
</source_file>
