<?xml version="1.0" encoding="UTF-8"?>
<!DOCTYPE source_file PUBLIC "SYSTEM" "apf.v5.1.1.dtd">

<source_file URI="adige20041008_id414176.sgm" SOURCE="unknown" TYPE="text" VERSION="5.0" AUTHOR="romano" ENCODING="UTF-8">
  <document DOCID="adige20041008_id414176">
    <timex2 ID="adige20041008_id414176-T1" VAL="2004-SU">
      <timex2_mention ID="adige20041008_id414176-T1-1">
        <extent>
          <charseq START="719" END="733">l'estate scorsa</charseq>
        </extent>
      </timex2_mention>
    </timex2>
    <timex2 ID="adige20041008_id414176-T2" VAL="2004-W36-X">
      <timex2_mention ID="adige20041008_id414176-T2-1">
        <extent>
          <charseq START="973" END="1000">l'ultima settimana di agosto</charseq>
        </extent>
      </timex2_mention>
    </timex2>
    <timex2 ID="adige20041008_id414176-T3" VAL="PAST_REF" ANCHOR_VAL="2004-10-08" ANCHOR_DIR="BEFORE">
      <timex2_mention ID="adige20041008_id414176-T3-1">
        <extent>
          <charseq START="1259" END="1265">passato</charseq>
        </extent>
      </timex2_mention>
    </timex2>
    <timex2 ID="adige20041008_id414176-T4" VAL="2004-08">
      <timex2_mention ID="adige20041008_id414176-T4-1">
        <extent>
          <charseq START="1617" END="1634">dell'agosto scorso</charseq>
        </extent>
      </timex2_mention>
    </timex2>
  </document>
</source_file>
