<?xml version="1.0" encoding="UTF-8"?>
<!DOCTYPE source_file PUBLIC "SYSTEM" "apf.v5.1.1.dtd">

<source_file URI="adige20041008_id414196.sgm" SOURCE="unknown" TYPE="text" VERSION="5.0" AUTHOR="romano" ENCODING="UTF-8">
  <document DOCID="adige20041008_id414196">
    <timex2 ID="adige20041008_id414196-T1" VAL="PXW" ANCHOR_VAL="2004-W41" ANCHOR_DIR="AFTER">
      <timex2_mention ID="adige20041008_id414196-T1-1">
        <extent>
          <charseq START="320" END="343">Nelle prossime settimane</charseq>
        </extent>
      </timex2_mention>
    </timex2>
  </document>
</source_file>
