<?xml version="1.0" encoding="UTF-8"?>
<!DOCTYPE source_file PUBLIC "SYSTEM" "apf.v5.1.1.dtd">

<source_file URI="adige20041008_id414211.sgm" SOURCE="unknown" TYPE="text" VERSION="5.0" AUTHOR="romano" ENCODING="UTF-8">
  <document DOCID="adige20041008_id414211">
    <timex2 ID="adige20041008_id414211-T2" VAL="2004-12-08">
      <timex2_mention ID="adige20041008_id414211-T2-1">
        <extent>
          <charseq START="194" END="208">dall'8 dicembre</charseq>
        </extent>
      </timex2_mention>
    </timex2>
    <timex2 ID="adige20041008_id414211-T3" VAL="2004-12-08">
      <timex2_mention ID="adige20041008_id414211-T3-1">
        <extent>
          <charseq START="250" END="261">l'8 dicembre</charseq>
        </extent>
      </timex2_mention>
    </timex2>
    <timex2 ID="adige20041008_id414211-T12" VAL="PXM" ANCHOR_VAL="2004-10" ANCHOR_DIR="AFTER">
      <timex2_mention ID="adige20041008_id414211-T12-1">
        <extent>
          <charseq START="1800" END="1811">qualche mese</charseq>
        </extent>
      </timex2_mention>
    </timex2>
    <timex2 ID="adige20041008_id414211-T4" VAL="XXXX-XX-XX">
      <timex2_mention ID="adige20041008_id414211-T4-1">
        <extent>
          <charseq START="405" END="422">nei giorni festivi</charseq>
        </extent>
      </timex2_mention>
    </timex2>
    <timex2 ID="adige20041008_id414211-T13" VAL="2005-04">
      <timex2_mention ID="adige20041008_id414211-T13-1">
        <extent>
          <charseq START="1890" END="1900">aprile 2005</charseq>
        </extent>
      </timex2_mention>
    </timex2>
    <timex2 ID="adige20041008_id414211-T5" VAL="XXXX-WXX-6" SET="YES">
      <timex2_mention ID="adige20041008_id414211-T5-1">
        <extent>
          <charseq START="425" END="430">Sabato</charseq>
        </extent>
      </timex2_mention>
    </timex2>
    <timex2 ID="adige20041008_id414211-T14" VAL="P0Y" MOD="EQUAL_OR_MORE" ANCHOR_VAL="XXXX" ANCHOR_DIR="ENDING">
      <timex2_mention ID="adige20041008_id414211-T14-1">
        <extent>
          <charseq START="2093" END="2093">0</charseq>
        </extent>
      </timex2_mention>
    </timex2>
    <timex2 ID="adige20041008_id414211-T6" VAL="XXXX-WXX-7TMO">
      <timex2_mention ID="adige20041008_id414211-T6-1">
        <extent>
          <charseq START="434" END="449">domenica mattina</charseq>
        </extent>
      </timex2_mention>
    </timex2>
    <timex2 ID="adige20041008_id414211-T23" VAL="P69Y" ANCHOR_VAL="XXXX" ANCHOR_DIR="ENDING">
      <timex2_mention ID="adige20041008_id414211-T23-1">
        <extent>
          <charseq START="3261" END="3269">i 69 anni</charseq>
        </extent>
      </timex2_mention>
    </timex2>
    <timex2 ID="adige20041008_id414211-T15" VAL="P14Y" MOD="EQUAL_OR_LESS" ANCHOR_VAL="XXXX" ANCHOR_DIR="ENDING">
      <timex2_mention ID="adige20041008_id414211-T15-1">
        <extent>
          <charseq START="2097" END="2103">14 anni</charseq>
        </extent>
      </timex2_mention>
    </timex2>
    <timex2 ID="adige20041008_id414211-T7" VAL="XXXX-WXX-X" SET="YES">
      <timex2_mention ID="adige20041008_id414211-T7-1">
        <extent>
          <charseq START="470" END="485">infrasettimanali</charseq>
        </extent>
      </timex2_mention>
    </timex2>
    <timex2 ID="adige20041008_id414211-T16" VAL="P7Y" ANCHOR_VAL="XXXX" ANCHOR_DIR="ENDING">
      <timex2_mention ID="adige20041008_id414211-T16-1">
        <extent>
          <charseq START="2619" END="2624">7 anni</charseq>
        </extent>
      </timex2_mention>
    </timex2>
    <timex2 ID="adige20041008_id414211-T8" VAL="XXXX-XX-XX">
      <timex2_mention ID="adige20041008_id414211-T8-1">
        <extent>
          <charseq START="845" END="862">Nei giorni feriali</charseq>
        </extent>
      </timex2_mention>
    </timex2>
    <timex2 ID="adige20041008_id414211-T17" VAL="FUTURE_REF" ANCHOR_VAL="2004" ANCHOR_DIR="AFTER">
      <timex2_mention ID="adige20041008_id414211-T17-1">
        <extent>
          <charseq START="2761" END="2764">anni</charseq>
        </extent>
      </timex2_mention>
    </timex2>
    <timex2 ID="adige20041008_id414211-T9" VAL="2004-08">
      <timex2_mention ID="adige20041008_id414211-T9-1">
        <extent>
          <charseq START="1143" END="1160">nell'agosto scorso</charseq>
        </extent>
      </timex2_mention>
    </timex2>
    <timex2 ID="adige20041008_id414211-T1" VAL="XXXX-WXX-7" SET="YES">
      <timex2_mention ID="adige20041008_id414211-T1-1">
        <extent>
          <charseq START="140" END="150">la domenica</charseq>
        </extent>
      </timex2_mention>
    </timex2>
    <timex2 ID="adige20041008_id414211-T18" VAL="P0Y" MOD="EQUAL_OR_MORE" ANCHOR_VAL="XXXX" ANCHOR_DIR="ENDING">
      <timex2_mention ID="adige20041008_id414211-T18-1">
        <extent>
          <charseq START="2978" END="2978">0</charseq>
        </extent>
      </timex2_mention>
    </timex2>
    <timex2 ID="adige20041008_id414211-T10" VAL="P14Y" MOD="EQUAL_OR_LESS" ANCHOR_VAL="XXXX" ANCHOR_DIR="ENDING">
      <timex2_mention ID="adige20041008_id414211-T10-1">
        <extent>
          <charseq START="1724" END="1732">i 14 anni</charseq>
        </extent>
      </timex2_mention>
    </timex2>
    <timex2 ID="adige20041008_id414211-T19" VAL="P14Y" MOD="EQUAL_OR_LESS" ANCHOR_VAL="XXXX" ANCHOR_DIR="ENDING">
      <timex2_mention ID="adige20041008_id414211-T19-1">
        <extent>
          <charseq START="2981" END="2987">14 anni</charseq>
        </extent>
      </timex2_mention>
    </timex2>
    <timex2 ID="adige20041008_id414211-T11" VAL="P70Y" MOD="EQUAL_OR_MORE" ANCHOR_VAL="XXXX" ANCHOR_DIR="ENDING">
      <timex2_mention ID="adige20041008_id414211-T11-1">
        <extent>
          <charseq START="1742" END="1745">i 70</charseq>
        </extent>
      </timex2_mention>
    </timex2>
    <timex2 ID="adige20041008_id414211-T25" COMMENT="NO calendario gregoriano.">
      <timex2_mention ID="adige20041008_id414211-T25-1">
        <extent>
          <charseq START="2666" END="2692">il prossimo anno scolastico</charseq>
        </extent>
      </timex2_mention>
    </timex2>
    <timex2 ID="adige20041008_id414211-T20" VAL="P70Y" MOD="EQUAL_OR_MORE" ANCHOR_VAL="XXXX" ANCHOR_DIR="ENDING">
      <timex2_mention ID="adige20041008_id414211-T20-1">
        <extent>
          <charseq START="2992" END="3002">dai 70 anni</charseq>
        </extent>
      </timex2_mention>
    </timex2>
    <timex2 ID="adige20041008_id414211-T21" VAL="P14Y" ANCHOR_VAL="XXXX" ANCHOR_DIR="ENDING">
      <timex2_mention ID="adige20041008_id414211-T21-1">
        <extent>
          <charseq START="3254" END="3257">i 14</charseq>
        </extent>
      </timex2_mention>
    </timex2>
    <timex2 ID="adige20041008_id414211-T24" VAL="2004-WI">
      <timex2_mention ID="adige20041008_id414211-T24-1">
        <extent>
          <charseq START="283" END="316">della stagione turistica invernale</charseq>
        </extent>
      </timex2_mention>
    </timex2>
    <timex2 ID="adige20041008_id414211-T26" COMMENT="NO calendario gregoriano.">
      <timex2_mention ID="adige20041008_id414211-T26-1">
        <extent>
          <charseq START="2226" END="2245">dell'anno scolastico</charseq>
        </extent>
      </timex2_mention>
    </timex2>
  </document>
</source_file>
