<?xml version="1.0" encoding="UTF-8"?>
<!DOCTYPE source_file PUBLIC "SYSTEM" "apf.v5.1.1.dtd">

<source_file URI="adige20041008_id414180.sgm" SOURCE="unknown" TYPE="text" VERSION="5.0" AUTHOR="romano" ENCODING="UTF-8">
  <document DOCID="adige20041008_id414180">
    <timex2 ID="adige20041008_id414180-T2" VAL="2005">
      <timex2_mention ID="adige20041008_id414180-T2-1">
        <extent>
          <charseq START="570" END="573">2005</charseq>
        </extent>
      </timex2_mention>
    </timex2>
    <timex2 ID="adige20041008_id414180-T10">
      <timex2_mention ID="adige20041008_id414180-T10-1">
        <extent>
          <charseq START="1930" END="1947">il momento storico</charseq>
        </extent>
      </timex2_mention>
    </timex2>
    <timex2 ID="adige20041008_id414180-T7" VAL="PAST_REF" ANCHOR_VAL="2004-10-08" ANCHOR_DIR="BEFORE">
      <timex2_mention ID="adige20041008_id414180-T7-1">
        <extent>
          <charseq START="1430" END="1434">tempo</charseq>
        </extent>
      </timex2_mention>
    </timex2>
    <timex2 ID="adige20041008_id414180-T3" VAL="PXY" ANCHOR_VAL="2004" ANCHOR_DIR="BEFORE">
      <timex2_mention ID="adige20041008_id414180-T3-1">
        <extent>
          <charseq START="843" END="846">anni</charseq>
        </extent>
      </timex2_mention>
    </timex2>
    <timex2 ID="adige20041008_id414180-T11">
      <timex2_mention ID="adige20041008_id414180-T11-1">
        <extent>
          <charseq START="2232" END="2253">il momento poco felice</charseq>
        </extent>
      </timex2_mention>
    </timex2>
    <timex2 ID="adige20041008_id414180-T8" VAL="PAST_REF" ANCHOR_VAL="2004-10-08" ANCHOR_DIR="BEFORE">
      <timex2_mention ID="adige20041008_id414180-T8-1">
        <extent>
          <charseq START="1657" END="1661">tempo</charseq>
        </extent>
      </timex2_mention>
    </timex2>
    <timex2 ID="adige20041008_id414180-T4" VAL="PRESENT_REF" ANCHOR_VAL="2004-10-08" ANCHOR_DIR="AS_OF">
      <timex2_mention ID="adige20041008_id414180-T4-1">
        <extent>
          <charseq START="992" END="997">Finora</charseq>
        </extent>
      </timex2_mention>
    </timex2>
    <timex2 ID="adige20041008_id414180-T6" VAL="2004-10-08TMO">
      <timex2_mention ID="adige20041008_id414180-T6-1">
        <extent>
          <charseq START="2589" END="2602">questa mattina</charseq>
        </extent>
      </timex2_mention>
    </timex2>
    <timex2 ID="adige20041008_id414180-T5" VAL="PXY" ANCHOR_VAL="2004" ANCHOR_DIR="BEFORE">
      <timex2_mention ID="adige20041008_id414180-T5-1">
        <extent>
          <charseq START="2284" END="2287">anni</charseq>
        </extent>
      </timex2_mention>
    </timex2>
    <timex2 ID="adige20041008_id414180-T9">
      <timex2_mention ID="adige20041008_id414180-T9-1">
        <extent>
          <charseq START="498" END="507">un momento</charseq>
        </extent>
      </timex2_mention>
    </timex2>
    <timex2 ID="adige20041008_id414180-T1" VAL="2004">
      <timex2_mention ID="adige20041008_id414180-T1-1">
        <extent>
          <charseq START="319" END="322">2004</charseq>
        </extent>
      </timex2_mention>
    </timex2>
  </document>
</source_file>
