<?xml version="1.0" encoding="UTF-8"?>
<!DOCTYPE source_file PUBLIC "SYSTEM" "apf.v5.2.0.dtd">

<source_file URI="adige20041008_id413999.txt" SOURCE="unknown" TYPE="text" VERSION="5.0" AUTHOR="Evalita" ENCODING="UTF-8">
  <document DOCID="adige20041008_id413999">
    <entity ID="adige20041008_id413999-E1" TYPE="PER" SUBTYPE="Individual" CLASS="SPC">
      <entity_mention ID="adige20041008_id413999-E1-1" TYPE="NAM" PRIMARY="true" METONYMY_MENTION="FALSE">
        <extent>
          <charseq START="352" END="369">Andrea Marescalchi</charseq>
        </extent>
        <head>
          <charseq START="352" END="369">Andrea Marescalchi</charseq>
        </head>
      </entity_mention>
      <entity_mention ID="adige20041008_id413999-E1-2" TYPE="NOM" PRIMARY="false" METONYMY_MENTION="FALSE">
        <extent>
          <charseq START="339" END="350">dell'artista</charseq>
        </extent>
        <head>
          <charseq START="344" END="350">artista</charseq>
        </head>
      </entity_mention>
      <entity_mention ID="adige20041008_id413999-E1-3" TYPE="NOM" PRIMARY="false" METONYMY_MENTION="FALSE">
        <extent>
          <charseq START="339" END="369">dell'artista Andrea Marescalchi</charseq>
        </extent>
        <head>
          <charseq START="339" END="369">dell'artista Andrea Marescalchi</charseq>
        </head>
      </entity_mention>
      <entity_attributes>
        <name NAME="Andrea Marescalchi">
          <charseq START="352" END="369">Andrea Marescalchi</charseq>
        </name>
      </entity_attributes>
    </entity>
    <entity ID="adige20041008_id413999-E2" TYPE="PER" SUBTYPE="Individual" CLASS="SPC">
      <entity_mention ID="adige20041008_id413999-E2-1" TYPE="NAM" PRIMARY="true" METONYMY_MENTION="FALSE">
        <extent>
          <charseq START="568" END="577">Carol Rama</charseq>
        </extent>
        <head>
          <charseq START="568" END="577">Carol Rama</charseq>
        </head>
      </entity_mention>
      <entity_attributes>
        <name NAME="Carol Rama">
          <charseq START="568" END="577">Carol Rama</charseq>
        </name>
      </entity_attributes>
    </entity>
    <entity ID="adige20041008_id413999-E3" TYPE="PER" SUBTYPE="Individual" CLASS="SPC">
      <entity_mention ID="adige20041008_id413999-E3-1" TYPE="NAM" PRIMARY="true" METONYMY_MENTION="FALSE">
        <extent>
          <charseq START="1587" END="1600">Othmar Winkler</charseq>
        </extent>
        <head>
          <charseq START="1587" END="1600">Othmar Winkler</charseq>
        </head>
      </entity_mention>
      <entity_attributes>
        <name NAME="Othmar Winkler">
          <charseq START="1587" END="1600">Othmar Winkler</charseq>
        </name>
      </entity_attributes>
    </entity>
    <entity ID="adige20041008_id413999-E4" TYPE="PER" SUBTYPE="Individual" CLASS="SPC">
      <entity_mention ID="adige20041008_id413999-E4-1" TYPE="NAM" PRIMARY="true" METONYMY_MENTION="FALSE">
        <extent>
          <charseq START="1722" END="1735">Piera Legnaghi</charseq>
        </extent>
        <head>
          <charseq START="1722" END="1735">Piera Legnaghi</charseq>
        </head>
      </entity_mention>
      <entity_attributes>
        <name NAME="Piera Legnaghi">
          <charseq START="1722" END="1735">Piera Legnaghi</charseq>
        </name>
      </entity_attributes>
    </entity>
    <entity ID="adige20041008_id413999-E5" TYPE="ORG" SUBTYPE="Educational" CLASS="SPC">
      <entity_mention ID="adige20041008_id413999-E5-2" TYPE="NAM" PRIMARY="true" METONYMY_MENTION="FALSE">
        <extent>
          <charseq START="525" END="547">dalla Fondazione Maeght</charseq>
        </extent>
        <head>
          <charseq START="531" END="547">Fondazione Maeght</charseq>
        </head>
      </entity_mention>
      <entity_attributes>
        <name NAME="Fondazione Maeght">
          <charseq START="531" END="547">Fondazione Maeght</charseq>
        </name>
      </entity_attributes>
    </entity>
    <entity ID="adige20041008_id413999-E6" TYPE="ORG" SUBTYPE="Non-Governmental" CLASS="SPC">
      <entity_mention ID="adige20041008_id413999-E6-2" TYPE="NAM" PRIMARY="true" METONYMY_MENTION="FALSE">
        <extent>
          <charseq START="1523" END="1547">del Centro Documentazione</charseq>
        </extent>
        <head>
          <charseq START="1527" END="1547">Centro Documentazione</charseq>
        </head>
      </entity_mention>
      <entity_attributes>
        <name NAME="Centro Documentazione">
          <charseq START="1527" END="1547">Centro Documentazione</charseq>
        </name>
      </entity_attributes>
    </entity>
    <entity ID="adige20041008_id413999-E7" TYPE="GPE" SUBTYPE="Population-Center" CLASS="SPC">
      <entity_mention ID="adige20041008_id413999-E7-1" TYPE="NAM" PRIMARY="true" ROLE="LOC" METONYMY_MENTION="FALSE">
        <extent>
          <charseq START="246" END="251">Trento</charseq>
        </extent>
        <head>
          <charseq START="246" END="251">Trento</charseq>
        </head>
      </entity_mention>
      <entity_attributes>
        <name NAME="Trento">
          <charseq START="246" END="251">Trento</charseq>
        </name>
      </entity_attributes>
    </entity>
    <entity ID="adige20041008_id413999-E8" TYPE="GPE" SUBTYPE="Population-Center" CLASS="SPC">
      <entity_mention ID="adige20041008_id413999-E8-1" TYPE="NAM" PRIMARY="true" ROLE="GPE" METONYMY_MENTION="FALSE">
        <extent>
          <charseq START="772" END="779">Rovereto</charseq>
        </extent>
        <head>
          <charseq START="772" END="779">Rovereto</charseq>
        </head>
      </entity_mention>
      <entity_attributes>
        <name NAME="Rovereto">
          <charseq START="772" END="779">Rovereto</charseq>
        </name>
      </entity_attributes>
    </entity>
    <entity ID="adige20041008_id413999-E9" TYPE="GPE" SUBTYPE="Population-Center" CLASS="SPC">
      <entity_mention ID="adige20041008_id413999-E9-1" TYPE="NAM" PRIMARY="true" ROLE="LOC" METONYMY_MENTION="FALSE">
        <extent>
          <charseq START="1215" END="1228">Riva del Garda</charseq>
        </extent>
        <head>
          <charseq START="1215" END="1228">Riva del Garda</charseq>
        </head>
      </entity_mention>
      <entity_attributes>
        <name NAME="Riva del Garda">
          <charseq START="1215" END="1228">Riva del Garda</charseq>
        </name>
      </entity_attributes>
    </entity>
    <entity ID="adige20041008_id413999-E10" TYPE="GPE" SUBTYPE="Population-Center" CLASS="SPC">
      <entity_mention ID="adige20041008_id413999-E10-1" TYPE="NAM" PRIMARY="true" ROLE="LOC" METONYMY_MENTION="FALSE">
        <extent>
          <charseq START="1504" END="1510">Luserna</charseq>
        </extent>
        <head>
          <charseq START="1504" END="1510">Luserna</charseq>
        </head>
      </entity_mention>
      <entity_attributes>
        <name NAME="Luserna">
          <charseq START="1504" END="1510">Luserna</charseq>
        </name>
      </entity_attributes>
    </entity>
    <entity ID="adige20041008_id413999-E11" TYPE="GPE" SUBTYPE="Population-Center" CLASS="SPC">
      <entity_mention ID="adige20041008_id413999-E11-1" TYPE="NAM" PRIMARY="true" ROLE="LOC" METONYMY_MENTION="FALSE">
        <extent>
          <charseq START="1740" END="1744">Isera</charseq>
        </extent>
        <head>
          <charseq START="1740" END="1744">Isera</charseq>
        </head>
      </entity_mention>
      <entity_attributes>
        <name NAME="Isera">
          <charseq START="1740" END="1744">Isera</charseq>
        </name>
      </entity_attributes>
    </entity>
    <entity ID="adige20041008_id413999-E12" TYPE="LOC" SUBTYPE="Address" CLASS="SPC">
      <entity_mention ID="adige20041008_id413999-E12-1" TYPE="NAM" PRIMARY="true" METONYMY_MENTION="FALSE">
        <extent>
          <charseq START="294" END="307">via Gorizia 11</charseq>
        </extent>
        <head>
          <charseq START="294" END="307">via Gorizia 11</charseq>
        </head>
      </entity_mention>
      <entity_attributes>
        <name NAME="via Gorizia 11">
          <charseq START="294" END="307">via Gorizia 11</charseq>
        </name>
      </entity_attributes>
    </entity>
    <entity ID="adige20041008_id413999-E14" TYPE="ORG" SUBTYPE="Educational" CLASS="SPC">
      <entity_mention ID="adige20041008_id413999-E14-1" TYPE="NAM" PRIMARY="true" METONYMY_MENTION="FALSE">
        <extent>
          <charseq START="256" END="307">La Galleria d'arte « Il Cenacolo » di via Gorizia 11</charseq>
        </extent>
        <head>
          <charseq START="259" END="289">Galleria d'arte « Il Cenacolo »</charseq>
        </head>
      </entity_mention>
      <entity_attributes>
        <name NAME="Galleria d'arte « Il Cenacolo »">
          <charseq START="259" END="289">Galleria d'arte « Il Cenacolo »</charseq>
        </name>
      </entity_attributes>
    </entity>
  </document>
</source_file>
