<?xml version="1.0" encoding="UTF-8"?>
<!DOCTYPE source_file PUBLIC "SYSTEM" "apf.v5.2.0.dtd">

<source_file URI="adige20040908_id405705.txt" SOURCE="unknown" TYPE="text" VERSION="5.0" AUTHOR="Evalita" ENCODING="UTF-8">
  <document DOCID="adige20040908_id405705">
    <entity ID="adige20040908_id405705-E1" TYPE="PER" SUBTYPE="Individual" CLASS="SPC">
      <entity_mention ID="adige20040908_id405705-E1-1" TYPE="NAM" PRIMARY="true" METONYMY_MENTION="FALSE">
        <extent>
          <charseq START="206" END="217">ANGELO CONTE</charseq>
        </extent>
        <head>
          <charseq START="206" END="217">ANGELO CONTE</charseq>
        </head>
      </entity_mention>
      <entity_attributes>
        <name NAME="ANGELO CONTE">
          <charseq START="206" END="217">ANGELO CONTE</charseq>
        </name>
      </entity_attributes>
    </entity>
    <entity ID="adige20040908_id405705-E2" TYPE="PER" SUBTYPE="Individual" CLASS="SPC">
      <entity_mention ID="adige20040908_id405705-E2-1" TYPE="NAM" PRIMARY="true" METONYMY_MENTION="FALSE">
        <extent>
          <charseq START="638" END="650">Diego Schelfi</charseq>
        </extent>
        <head>
          <charseq START="638" END="650">Diego Schelfi</charseq>
        </head>
      </entity_mention>
      <entity_mention ID="adige20040908_id405705-E2-2" TYPE="NOM" PRIMARY="false" METONYMY_MENTION="FALSE">
        <extent>
          <charseq START="624" END="636">il presidente</charseq>
        </extent>
        <head>
          <charseq START="627" END="636">presidente</charseq>
        </head>
      </entity_mention>
      <entity_mention ID="adige20040908_id405705-E2-3" TYPE="NOM" PRIMARY="false" METONYMY_MENTION="FALSE">
        <extent>
          <charseq START="624" END="650">il presidente Diego Schelfi</charseq>
        </extent>
        <head>
          <charseq START="624" END="650">il presidente Diego Schelfi</charseq>
        </head>
      </entity_mention>
      <entity_mention ID="adige20040908_id405705-E2-4" TYPE="NAM" PRIMARY="false" METONYMY_MENTION="FALSE">
        <extent>
          <charseq START="150" END="156">Schelfi</charseq>
        </extent>
        <head>
          <charseq START="150" END="156">Schelfi</charseq>
        </head>
      </entity_mention>
      <entity_mention ID="adige20040908_id405705-E2-5" TYPE="NAM" PRIMARY="false" METONYMY_MENTION="FALSE">
        <extent>
          <charseq START="3535" END="3541">Schelfi</charseq>
        </extent>
        <head>
          <charseq START="3535" END="3541">Schelfi</charseq>
        </head>
      </entity_mention>
      <entity_mention ID="adige20040908_id405705-E2-6" TYPE="NAM" PRIMARY="false" METONYMY_MENTION="FALSE">
        <extent>
          <charseq START="4036" END="4042">Schelfi</charseq>
        </extent>
        <head>
          <charseq START="4036" END="4042">Schelfi</charseq>
        </head>
      </entity_mention>
      <entity_attributes>
        <name NAME="Diego Schelfi">
          <charseq START="638" END="650">Diego Schelfi</charseq>
        </name>
        <name NAME="Schelfi">
          <charseq START="150" END="156">Schelfi</charseq>
        </name>
        <name NAME="Schelfi">
          <charseq START="3535" END="3541">Schelfi</charseq>
        </name>
        <name NAME="Schelfi">
          <charseq START="4036" END="4042">Schelfi</charseq>
        </name>
      </entity_attributes>
    </entity>
    <entity ID="adige20040908_id405705-E3" TYPE="PER" SUBTYPE="Individual" CLASS="SPC">
      <entity_mention ID="adige20040908_id405705-E3-1" TYPE="NAM" PRIMARY="true" METONYMY_MENTION="FALSE">
        <extent>
          <charseq START="767" END="781">Carlo Dellasega</charseq>
        </extent>
        <head>
          <charseq START="767" END="781">Carlo Dellasega</charseq>
        </head>
      </entity_mention>
      <entity_mention ID="adige20040908_id405705-E3-2" TYPE="NOM" PRIMARY="false" METONYMY_MENTION="FALSE">
        <extent>
          <charseq START="754" END="765">il direttore</charseq>
        </extent>
        <head>
          <charseq START="757" END="765">direttore</charseq>
        </head>
      </entity_mention>
      <entity_mention ID="adige20040908_id405705-E3-3" TYPE="NOM" PRIMARY="false" METONYMY_MENTION="FALSE">
        <extent>
          <charseq START="754" END="822">il direttore Carlo Dellasega supportato dai dirigenti dei sei settori</charseq>
        </extent>
        <head>
          <charseq START="754" END="781">il direttore Carlo Dellasega</charseq>
        </head>
      </entity_mention>
      <entity_mention ID="adige20040908_id405705-E3-4" TYPE="NAM" PRIMARY="false" METONYMY_MENTION="FALSE">
        <extent>
          <charseq START="1104" END="1112">Dellasega</charseq>
        </extent>
        <head>
          <charseq START="1104" END="1112">Dellasega</charseq>
        </head>
      </entity_mention>
      <entity_mention ID="adige20040908_id405705-E3-5" TYPE="NAM" PRIMARY="false" METONYMY_MENTION="FALSE">
        <extent>
          <charseq START="2260" END="2317">Dellasega, a capo del gruppo di coordinamento del progetto</charseq>
        </extent>
        <head>
          <charseq START="2260" END="2268">Dellasega</charseq>
        </head>
      </entity_mention>
      <entity_mention ID="adige20040908_id405705-E3-6" TYPE="NAM" PRIMARY="false" METONYMY_MENTION="FALSE">
        <extent>
          <charseq START="2807" END="2815">Dellasega</charseq>
        </extent>
        <head>
          <charseq START="2807" END="2815">Dellasega</charseq>
        </head>
      </entity_mention>
      <entity_mention ID="adige20040908_id405705-E3-7" TYPE="NAM" PRIMARY="false" METONYMY_MENTION="FALSE">
        <extent>
          <charseq START="3109" END="3117">Dellasega</charseq>
        </extent>
        <head>
          <charseq START="3109" END="3117">Dellasega</charseq>
        </head>
      </entity_mention>
      <entity_attributes>
        <name NAME="Carlo Dellasega">
          <charseq START="767" END="781">Carlo Dellasega</charseq>
        </name>
        <name NAME="Dellasega">
          <charseq START="1104" END="1112">Dellasega</charseq>
        </name>
        <name NAME="Dellasega">
          <charseq START="2260" END="2268">Dellasega</charseq>
        </name>
        <name NAME="Dellasega">
          <charseq START="2807" END="2815">Dellasega</charseq>
        </name>
        <name NAME="Dellasega">
          <charseq START="3109" END="3117">Dellasega</charseq>
        </name>
      </entity_attributes>
    </entity>
    <entity ID="adige20040908_id405705-E4" TYPE="PER" SUBTYPE="Group" CLASS="SPC">
      <entity_mention ID="adige20040908_id405705-E4-1" TYPE="NOM" PRIMARY="true" METONYMY_MENTION="FALSE">
        <extent>
          <charseq START="794" END="822">dai dirigenti dei sei settori</charseq>
        </extent>
        <head>
          <charseq START="798" END="806">dirigenti</charseq>
        </head>
      </entity_mention>
      <entity_mention ID="adige20040908_id405705-E4-2" TYPE="NOM" PRIMARY="false" METONYMY_MENTION="FALSE">
        <extent>
          <charseq START="2826" END="2854">ai dirigenti di via Segantini</charseq>
        </extent>
        <head>
          <charseq START="2829" END="2837">dirigenti</charseq>
        </head>
      </entity_mention>
    </entity>
    <entity ID="adige20040908_id405705-E5" TYPE="PER" SUBTYPE="Group" CLASS="SPC">
      <entity_mention ID="adige20040908_id405705-E5-1" TYPE="NOM" PRIMARY="true" METONYMY_MENTION="FALSE">
        <extent>
          <charseq START="941" END="976">professori della Cattolica di Milano</charseq>
        </extent>
        <head>
          <charseq START="941" END="950">professori</charseq>
        </head>
      </entity_mention>
    </entity>
    <entity ID="adige20040908_id405705-E6" TYPE="PER" SUBTYPE="Group" CLASS="SPC">
      <entity_mention ID="adige20040908_id405705-E6-1" TYPE="NOM" PRIMARY="true" METONYMY_MENTION="FALSE">
        <extent>
          <charseq START="1368" END="1388">interlocutori esterni</charseq>
        </extent>
        <head>
          <charseq START="1368" END="1380">interlocutori</charseq>
        </head>
      </entity_mention>
    </entity>
    <entity ID="adige20040908_id405705-E7" TYPE="PER" SUBTYPE="Group" CLASS="SPC">
      <entity_mention ID="adige20040908_id405705-E7-1" TYPE="NOM" PRIMARY="true" METONYMY_MENTION="FALSE">
        <extent>
          <charseq START="1297" END="1323">i responsabili del progetto</charseq>
        </extent>
        <head>
          <charseq START="1299" END="1310">responsabili</charseq>
        </head>
      </entity_mention>
    </entity>
    <entity ID="adige20040908_id405705-E8" TYPE="PER" SUBTYPE="Group" CLASS="SPC">
      <entity_mention ID="adige20040908_id405705-E8-1" TYPE="NOM" PRIMARY="true" METONYMY_MENTION="FALSE">
        <extent>
          <charseq START="2063" END="2074">parlamentari</charseq>
        </extent>
        <head>
          <charseq START="2063" END="2074">parlamentari</charseq>
        </head>
      </entity_mention>
    </entity>
    <entity ID="adige20040908_id405705-E9" TYPE="PER" SUBTYPE="Group" CLASS="USP">
      <entity_mention ID="adige20040908_id405705-E9-1" TYPE="NOM" PRIMARY="true" METONYMY_MENTION="FALSE">
        <extent>
          <charseq START="2078" END="2113">rappresentanti del governo nazionale</charseq>
        </extent>
        <head>
          <charseq START="2078" END="2091">rappresentanti</charseq>
        </head>
      </entity_mention>
    </entity>
    <entity ID="adige20040908_id405705-E10" TYPE="PER" SUBTYPE="Individual" CLASS="SPC">
      <entity_mention ID="adige20040908_id405705-E10-1" TYPE="NAM" PRIMARY="true" METONYMY_MENTION="FALSE">
        <extent>
          <charseq START="2351" END="2364">Pietro Rutelli</charseq>
        </extent>
        <head>
          <charseq START="2351" END="2364">Pietro Rutelli</charseq>
        </head>
      </entity_mention>
      <entity_mention ID="adige20040908_id405705-E10-2" TYPE="NOM" PRIMARY="false" METONYMY_MENTION="FALSE">
        <extent>
          <charseq START="2340" END="2349">il docente</charseq>
        </extent>
        <head>
          <charseq START="2343" END="2349">docente</charseq>
        </head>
      </entity_mention>
      <entity_mention ID="adige20040908_id405705-E10-3" TYPE="NOM" PRIMARY="false" METONYMY_MENTION="FALSE">
        <extent>
          <charseq START="2340" END="2364">il docente Pietro Rutelli</charseq>
        </extent>
        <head>
          <charseq START="2340" END="2364">il docente Pietro Rutelli</charseq>
        </head>
      </entity_mention>
      <entity_attributes>
        <name NAME="Pietro Rutelli">
          <charseq START="2351" END="2364">Pietro Rutelli</charseq>
        </name>
      </entity_attributes>
    </entity>
    <entity ID="adige20040908_id405705-E11" TYPE="PER" SUBTYPE="Individual" CLASS="SPC">
      <entity_mention ID="adige20040908_id405705-E11-1" TYPE="NAM" PRIMARY="true" METONYMY_MENTION="FALSE">
        <extent>
          <charseq START="2369" END="2383">Egidio Formilan</charseq>
        </extent>
        <head>
          <charseq START="2369" END="2383">Egidio Formilan</charseq>
        </head>
      </entity_mention>
      <entity_attributes>
        <name NAME="Egidio Formilan">
          <charseq START="2369" END="2383">Egidio Formilan</charseq>
        </name>
      </entity_attributes>
    </entity>
    <entity ID="adige20040908_id405705-E12" TYPE="PER" SUBTYPE="Indefinite" CLASS="USP">
      <entity_mention ID="adige20040908_id405705-E12-1" TYPE="PRO" PRIMARY="true" METONYMY_MENTION="FALSE">
        <extent>
          <charseq START="2463" END="2464">Si</charseq>
        </extent>
        <head>
          <charseq START="2463" END="2464">Si</charseq>
        </head>
      </entity_mention>
    </entity>
    <entity ID="adige20040908_id405705-E13" TYPE="PER" SUBTYPE="Group" CLASS="USP">
      <entity_mention ID="adige20040908_id405705-E13-1" TYPE="NOM" PRIMARY="true" METONYMY_MENTION="FALSE">
        <extent>
          <charseq START="2527" END="2540">amministratori</charseq>
        </extent>
        <head>
          <charseq START="2527" END="2540">amministratori</charseq>
        </head>
      </entity_mention>
    </entity>
    <entity ID="adige20040908_id405705-E14" TYPE="PER" SUBTYPE="Group" CLASS="USP">
      <entity_mention ID="adige20040908_id405705-E14-1" TYPE="NOM" PRIMARY="true" METONYMY_MENTION="FALSE">
        <extent>
          <charseq START="2543" END="2549">sindaci</charseq>
        </extent>
        <head>
          <charseq START="2543" END="2549">sindaci</charseq>
        </head>
      </entity_mention>
    </entity>
    <entity ID="adige20040908_id405705-E15" TYPE="PER" SUBTYPE="Group" CLASS="USP">
      <entity_mention ID="adige20040908_id405705-E15-1" TYPE="NOM" PRIMARY="true" METONYMY_MENTION="FALSE">
        <extent>
          <charseq START="2552" END="2606">dipendenti delle cooperative e della stessa Federazione</charseq>
        </extent>
        <head>
          <charseq START="2552" END="2561">dipendenti</charseq>
        </head>
      </entity_mention>
    </entity>
    <entity ID="adige20040908_id405705-E16" TYPE="PER" SUBTYPE="Indefinite" CLASS="USP">
      <entity_mention ID="adige20040908_id405705-E16-1" TYPE="PRO" PRIMARY="true" METONYMY_MENTION="FALSE">
        <extent>
          <charseq START="3073" END="3074">si</charseq>
        </extent>
        <head>
          <charseq START="3073" END="3074">si</charseq>
        </head>
      </entity_mention>
    </entity>
    <entity ID="adige20040908_id405705-E17" TYPE="PER" SUBTYPE="Individual" CLASS="SPC">
      <entity_mention ID="adige20040908_id405705-E17-1" TYPE="NAM" PRIMARY="true" METONYMY_MENTION="FALSE">
        <extent>
          <charseq START="4091" END="4105">Stefano Zamagni</charseq>
        </extent>
        <head>
          <charseq START="4091" END="4105">Stefano Zamagni</charseq>
        </head>
      </entity_mention>
      <entity_mention ID="adige20040908_id405705-E17-2" TYPE="NOM" PRIMARY="false" METONYMY_MENTION="FALSE">
        <extent>
          <charseq START="4080" END="4089">il docente</charseq>
        </extent>
        <head>
          <charseq START="4083" END="4089">docente</charseq>
        </head>
      </entity_mention>
      <entity_mention ID="adige20040908_id405705-E17-3" TYPE="NOM" PRIMARY="false" METONYMY_MENTION="FALSE">
        <extent>
          <charseq START="4080" END="4155">il docente Stefano Zamagni, già consulente del governo Prodi a metà anni '90</charseq>
        </extent>
        <head>
          <charseq START="4080" END="4105">il docente Stefano Zamagni</charseq>
        </head>
      </entity_mention>
      <entity_mention ID="adige20040908_id405705-E17-4" TYPE="NOM" PRIMARY="false" METONYMY_MENTION="FALSE">
        <extent>
          <charseq START="4112" END="4155">consulente del governo Prodi a metà anni '90</charseq>
        </extent>
        <head>
          <charseq START="4112" END="4121">consulente</charseq>
        </head>
      </entity_mention>
      <entity_attributes>
        <name NAME="Stefano Zamagni">
          <charseq START="4091" END="4105">Stefano Zamagni</charseq>
        </name>
      </entity_attributes>
    </entity>
    <entity ID="adige20040908_id405705-E19" TYPE="PER" SUBTYPE="Group" CLASS="SPC">
      <entity_mention ID="adige20040908_id405705-E19-1" TYPE="NOM" PRIMARY="true" METONYMY_MENTION="FALSE">
        <extent>
          <charseq START="1437" END="1516">ai vertici dei consorzi di secondo grado e delle società partecipate o collegate</charseq>
        </extent>
        <head>
          <charseq START="1440" END="1446">vertici</charseq>
        </head>
      </entity_mention>
    </entity>
    <entity ID="adige20040908_id405705-E20" TYPE="PER" SUBTYPE="Group" CLASS="SPC">
      <entity_mention ID="adige20040908_id405705-E20-1" TYPE="NOM" PRIMARY="true" METONYMY_MENTION="FALSE">
        <extent>
          <charseq START="1662" END="1706">Ai responsabili dei reparti e servizi interni</charseq>
        </extent>
        <head>
          <charseq START="1665" END="1676">responsabili</charseq>
        </head>
      </entity_mention>
      <entity_mention ID="adige20040908_id405705-E20-2" TYPE="PRO" PRIMARY="false" METONYMY_MENTION="FALSE">
        <extent>
          <charseq START="1712" END="1715">loro</charseq>
        </extent>
        <head>
          <charseq START="1712" END="1715">loro</charseq>
        </head>
      </entity_mention>
    </entity>
    <entity ID="adige20040908_id405705-E21" TYPE="PER" SUBTYPE="Group" CLASS="SPC">
      <entity_mention ID="adige20040908_id405705-E21-1" TYPE="NOM" PRIMARY="true" METONYMY_MENTION="FALSE">
        <extent>
          <charseq START="1709" END="1720">ai loro vice</charseq>
        </extent>
        <head>
          <charseq START="1717" END="1720">vice</charseq>
        </head>
      </entity_mention>
    </entity>
    <entity ID="adige20040908_id405705-E22" TYPE="PER" SUBTYPE="Group" CLASS="SPC">
      <entity_mention ID="adige20040908_id405705-E22-1" TYPE="NOM" PRIMARY="true" METONYMY_MENTION="FALSE">
        <extent>
          <charseq START="1729" END="1755">ai principali collaboratori</charseq>
        </extent>
        <head>
          <charseq START="1743" END="1755">collaboratori</charseq>
        </head>
      </entity_mention>
    </entity>
    <entity ID="adige20040908_id405705-E23" TYPE="PER" SUBTYPE="Group" CLASS="SPC">
      <entity_mention ID="adige20040908_id405705-E23-1" TYPE="NOM" PRIMARY="true" METONYMY_MENTION="FALSE">
        <extent>
          <charseq START="2278" END="2317">del gruppo di coordinamento del progetto</charseq>
        </extent>
        <head>
          <charseq START="2282" END="2287">gruppo</charseq>
        </head>
      </entity_mention>
      <entity_mention ID="adige20040908_id405705-E23-2" TYPE="NOM" PRIMARY="false" METONYMY_MENTION="FALSE">
        <extent>
          <charseq START="2794" END="2815">il gruppo di Dellasega</charseq>
        </extent>
        <head>
          <charseq START="2797" END="2802">gruppo</charseq>
        </head>
      </entity_mention>
    </entity>
  <entity ID="adige20040908_id405705-E26" TYPE="PER" SUBTYPE="Group" CLASS="USP">
      <entity_mention ID="adige20040908_id405705-E26-2" TYPE="NOM" PRIMARY="true" METONYMY_MENTION="FALSE">
        <extent>
          <charseq START="2527" END="2606">amministratori, sindaci, dipendenti delle cooperative e della stessa Federazione</charseq>
        </extent>
        <head>
          <charseq START="2527" END="2606">amministratori, sindaci, dipendenti delle cooperative e della stessa Federazione</charseq>
        </head>
      </entity_mention>
      <entity_mention ID="adige20040908_id405705-E26-4" TYPE="PRO" PRIMARY="false" METONYMY_MENTION="FALSE">
        <extent>
          <charseq START="2613" END="2624">comprenderne</charseq>
        </extent>
        <head>
          <charseq START="2623" END="2624">ne</charseq>
        </head>
      </entity_mention>
    </entity>
    <entity ID="adige20040908_id405705-E27" TYPE="ORG" SUBTYPE="Commercial" CLASS="SPC">
      <entity_mention ID="adige20040908_id405705-E27-1" TYPE="NAM" PRIMARY="true" METONYMY_MENTION="FALSE">
        <extent>
          <charseq START="230" END="261">La Federazione delle cooperative</charseq>
        </extent>
        <head>
          <charseq START="233" END="261">Federazione delle cooperative</charseq>
        </head>
      </entity_mention>
      <entity_mention ID="adige20040908_id405705-E27-2" TYPE="NOM" PRIMARY="false" METONYMY_MENTION="FALSE">
        <extent>
          <charseq START="440" END="455">l'organizzazione</charseq>
        </extent>
        <head>
          <charseq START="442" END="455">organizzazione</charseq>
        </head>
      </entity_mention>
      <entity_mention ID="adige20040908_id405705-E27-3" TYPE="NAM" PRIMARY="false" METONYMY_MENTION="FALSE">
        <extent>
          <charseq START="735" END="751">della Federazione</charseq>
        </extent>
        <head>
          <charseq START="741" END="751">Federazione</charseq>
        </head>
      </entity_mention>
      <entity_mention ID="adige20040908_id405705-E27-4" TYPE="NAM" PRIMARY="false" METONYMY_MENTION="FALSE">
        <extent>
          <charseq START="1848" END="1863">alla Federazione</charseq>
        </extent>
        <head>
          <charseq START="1853" END="1863">Federazione</charseq>
        </head>
      </entity_mention>
      <entity_mention ID="adige20040908_id405705-E27-5" TYPE="PRO" PRIMARY="false" METONYMY_MENTION="FALSE">
        <extent>
          <charseq START="1871" END="1882">quest'ultima</charseq>
        </extent>
        <head>
          <charseq START="1877" END="1882">ultima</charseq>
        </head>
      </entity_mention>
      <entity_mention ID="adige20040908_id405705-E27-7" TYPE="NOM" PRIMARY="false" METONYMY_MENTION="FALSE">
        <extent>
          <charseq START="1951" END="1975">del movimento cooperativo</charseq>
        </extent>
        <head>
          <charseq START="1955" END="1963">movimento</charseq>
        </head>
      </entity_mention>
      <entity_mention ID="adige20040908_id405705-E27-8" TYPE="NOM" PRIMARY="false" METONYMY_MENTION="FALSE">
        <extent>
          <charseq START="2446" END="2460">la cooperazione</charseq>
        </extent>
        <head>
          <charseq START="2449" END="2460">cooperazione</charseq>
        </head>
      </entity_mention>
      <entity_mention ID="adige20040908_id405705-E27-9" TYPE="NAM" PRIMARY="false" METONYMY_MENTION="FALSE">
        <extent>
          <charseq START="2583" END="2606">della stessa Federazione</charseq>
        </extent>
        <head>
          <charseq START="2596" END="2606">Federazione</charseq>
        </head>
      </entity_mention>
      <entity_mention ID="adige20040908_id405705-E27-10" TYPE="NOM" PRIMARY="false" METONYMY_MENTION="FALSE">
        <extent>
          <charseq START="3463" END="3512">la cooperazione, che non è più quella tradizionale</charseq>
        </extent>
        <head>
          <charseq START="3466" END="3477">cooperazione</charseq>
        </head>
      </entity_mention>
      <entity_mention ID="adige20040908_id405705-E27-11" TYPE="PRO" PRIMARY="false" METONYMY_MENTION="FALSE">
        <extent>
          <charseq START="3480" END="3482">che</charseq>
        </extent>
        <head>
          <charseq START="3480" END="3482">che</charseq>
        </head>
      </entity_mention>
      <entity_mention ID="adige20040908_id405705-E27-12" TYPE="PRO" PRIMARY="false" METONYMY_MENTION="FALSE">
        <extent>
          <charseq START="3633" END="3635">noi</charseq>
        </extent>
        <head>
          <charseq START="3633" END="3635">noi</charseq>
        </head>
      </entity_mention>
      <entity_mention ID="adige20040908_id405705-E27-13" TYPE="NAM" PRIMARY="false" METONYMY_MENTION="FALSE">
        <extent>
          <charseq START="3649" END="3677">Federazione delle cooperative</charseq>
        </extent>
        <head>
          <charseq START="3649" END="3677">Federazione delle cooperative</charseq>
        </head>
      </entity_mention>
      <entity_mention ID="adige20040908_id405705-E27-14" TYPE="NOM" PRIMARY="false" METONYMY_MENTION="FALSE">
        <extent>
          <charseq START="4205" END="4216">il movimento</charseq>
        </extent>
        <head>
          <charseq START="4208" END="4216">movimento</charseq>
        </head>
      </entity_mention>
      <entity_mention ID="adige20040908_id405705-E27-15" TYPE="NAM" PRIMARY="false" METONYMY_MENTION="FALSE">
        <extent>
          <charseq START="128" END="147">la nuova Federazione</charseq>
        </extent>
        <head>
          <charseq START="137" END="147">Federazione</charseq>
        </head>
      </entity_mention>
      <entity_mention ID="adige20040908_id405705-E27-16" TYPE="NOM" PRIMARY="false" METONYMY_MENTION="FALSE">
        <extent>
          <charseq START="0" END="11">Cooperazione</charseq>
        </extent>
        <head>
          <charseq START="0" END="11">Cooperazione</charseq>
        </head>
      </entity_mention>
      <entity_mention ID="adige20040908_id405705-E27-17" TYPE="NAM" PRIMARY="false" METONYMY_MENTION="TRUE">
        <extent>
          <charseq START="339" END="351">via Segantini</charseq>
        </extent>
        <head>
          <charseq START="339" END="351">via Segantini</charseq>
        </head>
      </entity_mention>
      <entity_mention ID="adige20040908_id405705-E27-18" TYPE="NAM" PRIMARY="false" METONYMY_MENTION="TRUE">
        <extent>
          <charseq START="2842" END="2854">via Segantini</charseq>
        </extent>
        <head>
          <charseq START="2842" END="2854">via Segantini</charseq>
        </head>
      </entity_mention>
      <entity_mention ID="adige20040908_id405705-E27-19" TYPE="NAM" PRIMARY="false" METONYMY_MENTION="TRUE">
        <extent>
          <charseq START="2697" END="2709">via Segantini</charseq>
        </extent>
        <head>
          <charseq START="2697" END="2709">via Segantini</charseq>
        </head>
      </entity_mention>
      <entity_mention ID="adige20040908_id405705-E27-20" TYPE="NAM" PRIMARY="false" METONYMY_MENTION="TRUE">
        <extent>
          <charseq START="1401" END="1413">via Segantini</charseq>
        </extent>
        <head>
          <charseq START="1401" END="1413">via Segantini</charseq>
        </head>
      </entity_mention>
      <entity_mention ID="adige20040908_id405705-E27-21" TYPE="NAM" PRIMARY="false" METONYMY_MENTION="FALSE">
        <extent>
          <charseq START="1570" END="1586">sulla Federazione</charseq>
        </extent>
        <head>
          <charseq START="1576" END="1586">Federazione</charseq>
        </head>
      </entity_mention>
      <entity_mention ID="adige20040908_id405705-E27-22" TYPE="PRO" PRIMARY="false" METONYMY_MENTION="FALSE">
        <extent>
          <charseq START="1591" END="1594">suoi</charseq>
        </extent>
        <head>
          <charseq START="1591" END="1594">suoi</charseq>
        </head>
      </entity_mention>
      <entity_mention ID="adige20040908_id405705-E27-23" TYPE="PRO" PRIMARY="false" METONYMY_MENTION="FALSE">
        <extent>
          <charseq START="3741" END="3746">questa</charseq>
        </extent>
        <head>
          <charseq START="3741" END="3746">questa</charseq>
        </head>
      </entity_mention>
      <entity_mention ID="adige20040908_id405705-E27-25" TYPE="NAM" PRIMARY="false" METONYMY_MENTION="FALSE">
        <extent>
          <charseq START="2775" END="2791">della Federazione</charseq>
        </extent>
        <head>
          <charseq START="2781" END="2791">Federazione</charseq>
        </head>
      </entity_mention>
      <entity_mention ID="adige20040908_id405705-E27-26" TYPE="NOM" PRIMARY="false" METONYMY_MENTION="FALSE">
        <extent>
          <charseq START="28" END="47">la struttura interna</charseq>
        </extent>
        <head>
          <charseq START="31" END="39">struttura</charseq>
        </head>
      </entity_mention>
      <entity_mention ID="adige20040908_id405705-E27-27" TYPE="NOM" PRIMARY="false" METONYMY_MENTION="FALSE">
        <extent>
          <charseq START="97" END="108">al movimento</charseq>
        </extent>
        <head>
          <charseq START="100" END="108">movimento</charseq>
        </head>
      </entity_mention>
      <entity_mention ID="adige20040908_id405705-E27-28" TYPE="NOM" PRIMARY="false" METONYMY_MENTION="FALSE">
        <extent>
          <charseq START="856" END="867">al movimento</charseq>
        </extent>
        <head>
          <charseq START="859" END="867">movimento</charseq>
        </head>
      </entity_mention>
      <entity_attributes>
        <name NAME="Federazione delle cooperative">
          <charseq START="233" END="261">Federazione delle cooperative</charseq>
        </name>
        <name NAME="Federazione">
          <charseq START="741" END="751">Federazione</charseq>
        </name>
        <name NAME="Federazione">
          <charseq START="1853" END="1863">Federazione</charseq>
        </name>
        <name NAME="Federazione">
          <charseq START="2596" END="2606">Federazione</charseq>
        </name>
        <name NAME="Federazione delle cooperative">
          <charseq START="3649" END="3677">Federazione delle cooperative</charseq>
        </name>
        <name NAME="Federazione">
          <charseq START="137" END="147">Federazione</charseq>
        </name>
        <name NAME="via Segantini">
          <charseq START="339" END="351">via Segantini</charseq>
        </name>
        <name NAME="via Segantini">
          <charseq START="2842" END="2854">via Segantini</charseq>
        </name>
        <name NAME="via Segantini">
          <charseq START="2697" END="2709">via Segantini</charseq>
        </name>
        <name NAME="via Segantini">
          <charseq START="1401" END="1413">via Segantini</charseq>
        </name>
        <name NAME="Federazione">
          <charseq START="1576" END="1586">Federazione</charseq>
        </name>
        <name NAME="Federazione">
          <charseq START="2781" END="2791">Federazione</charseq>
        </name>
      </entity_attributes>
    </entity>
    <entity ID="adige20040908_id405705-E28" TYPE="ORG" SUBTYPE="Commercial" CLASS="SPC">
      <entity_mention ID="adige20040908_id405705-E28-1" TYPE="NOM" PRIMARY="true" METONYMY_MENTION="FALSE">
        <extent>
          <charseq START="480" END="493">alle associate</charseq>
        </extent>
        <head>
          <charseq START="485" END="493">associate</charseq>
        </head>
      </entity_mention>
      <entity_mention ID="adige20040908_id405705-E28-2" TYPE="NOM" PRIMARY="false" METONYMY_MENTION="FALSE">
        <extent>
          <charseq START="564" END="580">delle cooperative</charseq>
        </extent>
        <head>
          <charseq START="570" END="580">cooperative</charseq>
        </head>
      </entity_mention>
      <entity_mention ID="adige20040908_id405705-E28-3" TYPE="NOM" PRIMARY="false" METONYMY_MENTION="FALSE">
        <extent>
          <charseq START="1886" END="1933">le cooperative socie e allo stesso tempo clienti</charseq>
        </extent>
        <head>
          <charseq START="1889" END="1899">cooperative</charseq>
        </head>
      </entity_mention>
      <entity_mention ID="adige20040908_id405705-E28-4" TYPE="NOM" PRIMARY="false" METONYMY_MENTION="FALSE">
        <extent>
          <charseq START="2563" END="2579">delle cooperative</charseq>
        </extent>
        <head>
          <charseq START="2569" END="2579">cooperative</charseq>
        </head>
      </entity_mention>
    </entity>
    <entity ID="adige20040908_id405705-E29" TYPE="ORG" SUBTYPE="Educational" CLASS="SPC">
      <entity_mention ID="adige20040908_id405705-E29-1" TYPE="NAM" PRIMARY="true" METONYMY_MENTION="FALSE">
        <extent>
          <charseq START="952" END="976">della Cattolica di Milano</charseq>
        </extent>
        <head>
          <charseq START="958" END="966">Cattolica</charseq>
        </head>
      </entity_mention>
      <entity_attributes>
        <name NAME="Cattolica">
          <charseq START="958" END="966">Cattolica</charseq>
        </name>
      </entity_attributes>
    </entity>
    <entity ID="adige20040908_id405705-E30" TYPE="ORG" SUBTYPE="Commercial" CLASS="SPC">
      <entity_mention ID="adige20040908_id405705-E30-1" TYPE="NOM" PRIMARY="true" METONYMY_MENTION="FALSE">
        <extent>
          <charseq START="1391" END="1413">Al cda di via Segantini</charseq>
        </extent>
        <head>
          <charseq START="1394" END="1396">cda</charseq>
        </head>
      </entity_mention>
      <entity_mention ID="adige20040908_id405705-E30-2" TYPE="NOM" PRIMARY="false" METONYMY_MENTION="FALSE">
        <extent>
          <charseq START="3394" END="3400">dei cda</charseq>
        </extent>
        <head>
          <charseq START="3398" END="3400">cda</charseq>
        </head>
      </entity_mention>
    </entity>
    <entity ID="adige20040908_id405705-E31" TYPE="ORG" SUBTYPE="Educational" CLASS="SPC">
      <entity_mention ID="adige20040908_id405705-E31-1" TYPE="NOM" PRIMARY="true" METONYMY_MENTION="FALSE">
        <extent>
          <charseq START="2120" END="2129">università</charseq>
        </extent>
        <head>
          <charseq START="2120" END="2129">università</charseq>
        </head>
      </entity_mention>
    </entity>
    <entity ID="adige20040908_id405705-E32" TYPE="ORG" SUBTYPE="Medical-Science" CLASS="SPC">
      <entity_mention ID="adige20040908_id405705-E32-1" TYPE="NOM" PRIMARY="true" METONYMY_MENTION="FALSE">
        <extent>
          <charseq START="2134" END="2152">istituti di ricerca</charseq>
        </extent>
        <head>
          <charseq START="2134" END="2141">istituti</charseq>
        </head>
      </entity_mention>
    </entity>
    <entity ID="adige20040908_id405705-E33" TYPE="ORG" SUBTYPE="Commercial" CLASS="SPC">
      <entity_mention ID="adige20040908_id405705-E33-1" TYPE="NOM" PRIMARY="true" METONYMY_MENTION="FALSE">
        <extent>
          <charseq START="2155" END="2179">associazioni di categoria</charseq>
        </extent>
        <head>
          <charseq START="2155" END="2166">associazioni</charseq>
        </head>
      </entity_mention>
    </entity>
    <entity ID="adige20040908_id405705-E34" TYPE="ORG" SUBTYPE="Non-Governmental" CLASS="SPC">
      <entity_mention ID="adige20040908_id405705-E34-1" TYPE="NOM" PRIMARY="true" METONYMY_MENTION="FALSE">
        <extent>
          <charseq START="2183" END="2191">sindacati</charseq>
        </extent>
        <head>
          <charseq START="2183" END="2191">sindacati</charseq>
        </head>
      </entity_mention>
    </entity>
    <entity ID="adige20040908_id405705-E35" TYPE="ORG" SUBTYPE="Commercial" CLASS="SPC">
      <entity_mention ID="adige20040908_id405705-E35-1" TYPE="NOM" PRIMARY="true" METONYMY_MENTION="FALSE">
        <extent>
          <charseq START="2194" END="2216">imprese non cooperative</charseq>
        </extent>
        <head>
          <charseq START="2194" END="2200">imprese</charseq>
        </head>
      </entity_mention>
      <entity_mention ID="adige20040908_id405705-E35-2" TYPE="NOM" PRIMARY="false" METONYMY_MENTION="FALSE">
        <extent>
          <charseq START="81" END="108">imprese esterne al movimento</charseq>
        </extent>
        <head>
          <charseq START="81" END="87">imprese</charseq>
        </head>
      </entity_mention>
    </entity>
    <entity ID="adige20040908_id405705-E36" TYPE="ORG" SUBTYPE="Media" CLASS="SPC">
      <entity_mention ID="adige20040908_id405705-E36-1" TYPE="NOM" PRIMARY="true" METONYMY_MENTION="FALSE">
        <extent>
          <charseq START="2219" END="2223">media</charseq>
        </extent>
        <head>
          <charseq START="2219" END="2223">media</charseq>
        </head>
      </entity_mention>
      <entity_mention ID="adige20040908_id405705-E36-2" TYPE="NOM" PRIMARY="false" METONYMY_MENTION="FALSE">
        <extent>
          <charseq START="2226" END="2227">tv</charseq>
        </extent>
        <head>
          <charseq START="2226" END="2227">tv</charseq>
        </head>
      </entity_mention>
      <entity_mention ID="adige20040908_id405705-E36-3" TYPE="NOM" PRIMARY="false" METONYMY_MENTION="FALSE">
        <extent>
          <charseq START="2231" END="2238">giornali</charseq>
        </extent>
        <head>
          <charseq START="2231" END="2238">giornali</charseq>
        </head>
      </entity_mention>
      <entity_mention ID="adige20040908_id405705-E36-4" TYPE="NOM" PRIMARY="false" METONYMY_MENTION="FALSE">
        <extent>
          <charseq START="72" END="76">media</charseq>
        </extent>
        <head>
          <charseq START="72" END="76">media</charseq>
        </head>
      </entity_mention>
    </entity>
    <entity ID="adige20040908_id405705-E37" TYPE="ORG" SUBTYPE="Media" CLASS="SPC">
      <entity_mention ID="adige20040908_id405705-E37-1" TYPE="NOM" PRIMARY="true" METONYMY_MENTION="FALSE">
        <extent>
          <charseq START="2226" END="2257">tv e giornali locali e nazionali</charseq>
        </extent>
        <head>
          <charseq START="2226" END="2257">tv e giornali locali e nazionali</charseq>
        </head>
      </entity_mention>
    </entity>
    <entity ID="adige20040908_id405705-E38" TYPE="ORG" SUBTYPE="Educational" CLASS="SPC">
      <entity_mention ID="adige20040908_id405705-E38-1" TYPE="NOM" PRIMARY="true" METONYMY_MENTION="FALSE">
        <extent>
          <charseq START="2120" END="2258">università ed istituti di ricerca, associazioni di categoria e sindacati, imprese non cooperative, media (tv e giornali locali e nazionali)</charseq>
        </extent>
        <head>
          <charseq START="2120" END="2258">università ed istituti di ricerca, associazioni di categoria e sindacati, imprese non cooperative, media (tv e giornali locali e nazionali)</charseq>
        </head>
      </entity_mention>
    </entity>
    <entity ID="adige20040908_id405705-E40" TYPE="ORG" SUBTYPE="Commercial" CLASS="SPC">
      <entity_mention ID="adige20040908_id405705-E40-1" TYPE="NOM" PRIMARY="true" METONYMY_MENTION="FALSE">
        <extent>
          <charseq START="3565" END="3589">delle cooperative di base</charseq>
        </extent>
        <head>
          <charseq START="3571" END="3581">cooperative</charseq>
        </head>
      </entity_mention>
    </entity>
    <entity ID="adige20040908_id405705-E41" TYPE="ORG" SUBTYPE="Commercial" CLASS="SPC">
      <entity_mention ID="adige20040908_id405705-E41-1" TYPE="NOM" PRIMARY="true" METONYMY_MENTION="FALSE">
        <extent>
          <charseq START="3592" END="3644">dei consorzi tra i quali non ci sono per noi dualismi</charseq>
        </extent>
        <head>
          <charseq START="3596" END="3603">consorzi</charseq>
        </head>
      </entity_mention>
      <entity_mention ID="adige20040908_id405705-E41-2" TYPE="PRO" PRIMARY="false" METONYMY_MENTION="FALSE">
        <extent>
          <charseq START="3609" END="3615">i quali</charseq>
        </extent>
        <head>
          <charseq START="3611" END="3615">quali</charseq>
        </head>
      </entity_mention>
    </entity>
    <entity ID="adige20040908_id405705-E43" TYPE="ORG" SUBTYPE="Non-Governmental" CLASS="SPC">
      <entity_mention ID="adige20040908_id405705-E43-1" TYPE="NOM" PRIMARY="true" METONYMY_MENTION="FALSE">
        <extent>
          <charseq START="1416" END="1434">ai comitati tecnici</charseq>
        </extent>
        <head>
          <charseq START="1419" END="1426">comitati</charseq>
        </head>
      </entity_mention>
    </entity>
    <entity ID="adige20040908_id405705-E44" TYPE="ORG" SUBTYPE="Commercial" CLASS="SPC">
      <entity_mention ID="adige20040908_id405705-E44-1" TYPE="NOM" PRIMARY="true" METONYMY_MENTION="FALSE">
        <extent>
          <charseq START="1391" END="1516">Al cda di via Segantini, ai comitati tecnici, ai vertici dei consorzi di secondo grado e delle società partecipate o collegate</charseq>
        </extent>
        <head>
          <charseq START="1391" END="1516">Al cda di via Segantini, ai comitati tecnici, ai vertici dei consorzi di secondo grado e delle società partecipate o collegate</charseq>
        </head>
      </entity_mention>
    </entity>
  <entity ID="adige20040908_id405705-E46" TYPE="ORG" SUBTYPE="Commercial" CLASS="SPC">
      <entity_mention ID="adige20040908_id405705-E46-1" TYPE="NOM" PRIMARY="true" METONYMY_MENTION="FALSE">
        <extent>
          <charseq START="3565" END="3677">delle cooperative di base, dei consorzi tra i quali non ci sono per noi dualismi, e Federazione delle cooperative</charseq>
        </extent>
        <head>
          <charseq START="3565" END="3677">delle cooperative di base, dei consorzi tra i quali non ci sono per noi dualismi, e Federazione delle cooperative</charseq>
        </head>
      </entity_mention>
      <entity_mention ID="adige20040908_id405705-E46-4" TYPE="PRO" PRIMARY="false" METONYMY_MENTION="FALSE">
        <extent>
          <charseq START="3729" END="3746">quelli e di questa</charseq>
        </extent>
        <head>
          <charseq START="3729" END="3746">quelli e di questa</charseq>
        </head>
      </entity_mention>
    </entity>
    <entity ID="adige20040908_id405705-E47" TYPE="ORG" SUBTYPE="Government" CLASS="SPC">
      <entity_mention ID="adige20040908_id405705-E47-1" TYPE="NOM" PRIMARY="true" METONYMY_MENTION="FALSE">
        <extent>
          <charseq START="59" END="69">istituzioni</charseq>
        </extent>
        <head>
          <charseq START="59" END="69">istituzioni</charseq>
        </head>
      </entity_mention>
      <entity_mention ID="adige20040908_id405705-E47-3" TYPE="NOM" PRIMARY="false" METONYMY_MENTION="FALSE">
        <extent>
          <charseq START="2022" END="2032">istituzioni</charseq>
        </extent>
        <head>
          <charseq START="2022" END="2032">istituzioni</charseq>
        </head>
      </entity_mention>
    </entity>
    <entity ID="adige20040908_id405705-E48" TYPE="ORG" SUBTYPE="Government" CLASS="SPC">
      <entity_mention ID="adige20040908_id405705-E48-4" TYPE="NOM" PRIMARY="true" METONYMY_MENTION="FALSE">
        <extent>
          <charseq START="2016" END="2258">Dalle istituzioni (Provincia, Regione, Comuni, parlamentari e rappresentanti del governo nazionale), da università ed istituti di ricerca, associazioni di categoria e sindacati, imprese non cooperative, media (tv e giornali locali e nazionali)</charseq>
        </extent>
        <head>
          <charseq START="2016" END="2258">Dalle istituzioni (Provincia, Regione, Comuni, parlamentari e rappresentanti del governo nazionale), da università ed istituti di ricerca, associazioni di categoria e sindacati, imprese non cooperative, media (tv e giornali locali e nazionali)</charseq>
        </head>
      </entity_mention>
    </entity>
    <entity ID="adige20040908_id405705-E49" TYPE="ORG" SUBTYPE="Government" CLASS="SPC">
      <entity_mention ID="adige20040908_id405705-E49-2" TYPE="NOM" PRIMARY="true" METONYMY_MENTION="FALSE">
        <extent>
          <charseq START="59" END="108">istituzioni, media ed imprese esterne al movimento</charseq>
        </extent>
        <head>
          <charseq START="59" END="108">istituzioni, media ed imprese esterne al movimento</charseq>
        </head>
      </entity_mention>
    </entity>
    <entity ID="adige20040908_id405705-E51" TYPE="PER" SUBTYPE="Group" CLASS="SPC">
      <entity_mention ID="adige20040908_id405705-E51-2" TYPE="NOM" PRIMARY="true" METONYMY_MENTION="FALSE">
        <extent>
          <charseq START="2794" END="2854">il gruppo di Dellasega, assieme ai dirigenti di via Segantini</charseq>
        </extent>
        <head>
          <charseq START="2794" END="2854">il gruppo di Dellasega, assieme ai dirigenti di via Segantini</charseq>
        </head>
      </entity_mention>
    </entity>
    <entity ID="adige20040908_id405705-E52" TYPE="ORG" SUBTYPE="Commercial" CLASS="SPC">
      <entity_mention ID="adige20040908_id405705-E52-2" TYPE="NOM" PRIMARY="true" METONYMY_MENTION="FALSE">
        <extent>
          <charseq START="3565" END="3644">delle cooperative di base, dei consorzi tra i quali non ci sono per noi dualismi</charseq>
        </extent>
        <head>
          <charseq START="3565" END="3644">delle cooperative di base, dei consorzi tra i quali non ci sono per noi dualismi</charseq>
        </head>
      </entity_mention>
      <entity_mention ID="adige20040908_id405705-E52-4" TYPE="PRO" PRIMARY="false" METONYMY_MENTION="FALSE">
        <extent>
          <charseq START="3729" END="3734">quelli</charseq>
        </extent>
        <head>
          <charseq START="3729" END="3734">quelli</charseq>
        </head>
      </entity_mention>
    </entity>
    <entity ID="adige20040908_id405705-E53" TYPE="ORG" SUBTYPE="Commercial" CLASS="SPC">
      <entity_mention ID="adige20040908_id405705-E53-2" TYPE="NOM" PRIMARY="true" METONYMY_MENTION="FALSE">
        <extent>
          <charseq START="1480" END="1516">delle società partecipate o collegate</charseq>
        </extent>
        <head>
          <charseq START="1486" END="1492">società</charseq>
        </head>
      </entity_mention>
    </entity>
    <entity ID="adige20040908_id405705-E54" TYPE="GPE" SUBTYPE="Population-Center" CLASS="SPC">
      <entity_mention ID="adige20040908_id405705-E54-4" TYPE="NAM" PRIMARY="true" ROLE="GPE" METONYMY_MENTION="FALSE">
        <extent>
          <charseq START="2006" END="2013">trentina</charseq>
        </extent>
        <head>
          <charseq START="2006" END="2013">trentina</charseq>
        </head>
      </entity_mention>
      <entity_mention ID="adige20040908_id405705-E54-6" TYPE="NAM" PRIMARY="false" ROLE="ORG" METONYMY_MENTION="FALSE">
        <extent>
          <charseq START="2035" END="2043">Provincia</charseq>
        </extent>
        <head>
          <charseq START="2035" END="2043">Provincia</charseq>
        </head>
      </entity_mention>
      <entity_attributes>
        <name NAME="Provincia">
          <charseq START="2035" END="2043">Provincia</charseq>
        </name>
      </entity_attributes>
    </entity>
    <entity ID="adige20040908_id405705-E55" TYPE="GPE" SUBTYPE="Population-Center" CLASS="SPC">
      <entity_mention ID="adige20040908_id405705-E55-2" TYPE="NAM" PRIMARY="true" ROLE="GPE" METONYMY_MENTION="FALSE">
        <extent>
          <charseq START="971" END="976">Milano</charseq>
        </extent>
        <head>
          <charseq START="971" END="976">Milano</charseq>
        </head>
      </entity_mention>
      <entity_attributes>
        <name NAME="Milano">
          <charseq START="971" END="976">Milano</charseq>
        </name>
      </entity_attributes>
    </entity>
    <entity ID="adige20040908_id405705-E57" TYPE="GPE" SUBTYPE="State-or-Province" CLASS="SPC">
      <entity_mention ID="adige20040908_id405705-E57-2" TYPE="NAM" PRIMARY="true" ROLE="ORG" METONYMY_MENTION="FALSE">
        <extent>
          <charseq START="2046" END="2052">Regione</charseq>
        </extent>
        <head>
          <charseq START="2046" END="2052">Regione</charseq>
        </head>
      </entity_mention>
      <entity_attributes>
        <name NAME="Regione">
          <charseq START="2046" END="2052">Regione</charseq>
        </name>
      </entity_attributes>
    </entity>
    <entity ID="adige20040908_id405705-E58" TYPE="GPE" SUBTYPE="County-or-District" CLASS="SPC">
      <entity_mention ID="adige20040908_id405705-E58-2" TYPE="NOM" PRIMARY="true" ROLE="ORG" METONYMY_MENTION="FALSE">
        <extent>
          <charseq START="2055" END="2060">Comuni</charseq>
        </extent>
        <head>
          <charseq START="2055" END="2060">Comuni</charseq>
        </head>
      </entity_mention>
    </entity>
    <entity ID="adige20040908_id405705-E59" TYPE="GPE" SUBTYPE="Nation" CLASS="SPC">
      <entity_mention ID="adige20040908_id405705-E59-2" TYPE="NOM" PRIMARY="true" ROLE="ORG" METONYMY_MENTION="FALSE">
        <extent>
          <charseq START="4123" END="4139">del governo Prodi</charseq>
        </extent>
        <head>
          <charseq START="4127" END="4133">governo</charseq>
        </head>
      </entity_mention>
    </entity>
    <entity ID="adige20040908_id405705-E60" TYPE="GPE" SUBTYPE="Population-Center" CLASS="SPC">
      <entity_mention ID="adige20040908_id405705-E60-2" TYPE="NAM" PRIMARY="true" ROLE="LOC" METONYMY_MENTION="FALSE">
        <extent>
          <charseq START="221" END="226">TRENTO</charseq>
        </extent>
        <head>
          <charseq START="221" END="226">TRENTO</charseq>
        </head>
      </entity_mention>
      <entity_attributes>
        <name NAME="TRENTO">
          <charseq START="221" END="226">TRENTO</charseq>
        </name>
      </entity_attributes>
    </entity>
    <entity ID="adige20040908_id405705-E61" TYPE="GPE" SUBTYPE="Nation" CLASS="SPC">
      <entity_mention ID="adige20040908_id405705-E61-2" TYPE="NOM" PRIMARY="true" ROLE="ORG" METONYMY_MENTION="FALSE">
        <extent>
          <charseq START="2093" END="2113">del governo nazionale</charseq>
        </extent>
        <head>
          <charseq START="2097" END="2103">governo</charseq>
        </head>
      </entity_mention>
    </entity>
  </document>
</source_file>
