<?xml version="1.0" encoding="UTF-8"?>
<!DOCTYPE source_file PUBLIC "SYSTEM" "apf.v5.2.0.dtd">

<source_file URI="adige20040908_id405708.txt" SOURCE="unknown" TYPE="text" VERSION="5.0" AUTHOR="Evalita" ENCODING="UTF-8">
  <document DOCID="adige20040908_id405708">
    <entity ID="adige20040908_id405708-E1" TYPE="PER" SUBTYPE="Indefinite" CLASS="SPC">
      <entity_mention ID="adige20040908_id405708-E1-1" TYPE="NOM" PRIMARY="true" METONYMY_MENTION="FALSE">
        <extent>
          <charseq START="481" END="582">la segreteria della Feneal (edili) della Uil che parla di « forte apprezzamento per il provvedimento »</charseq>
        </extent>
        <head>
          <charseq START="484" END="493">segreteria</charseq>
        </head>
      </entity_mention>
      <entity_mention ID="adige20040908_id405708-E1-2" TYPE="PRO" PRIMARY="false" METONYMY_MENTION="FALSE">
        <extent>
          <charseq START="526" END="528">che</charseq>
        </extent>
        <head>
          <charseq START="526" END="528">che</charseq>
        </head>
      </entity_mention>
    </entity>
    <entity ID="adige20040908_id405708-E2" TYPE="PER" SUBTYPE="Group" CLASS="GEN">
      <entity_mention ID="adige20040908_id405708-E2-1" TYPE="NOM" PRIMARY="true" METONYMY_MENTION="FALSE">
        <extent>
          <charseq START="801" END="811">appaltatore</charseq>
        </extent>
        <head>
          <charseq START="801" END="811">appaltatore</charseq>
        </head>
      </entity_mention>
    </entity>
    <entity ID="adige20040908_id405708-E3" TYPE="PER" SUBTYPE="Group" CLASS="GEN">
      <entity_mention ID="adige20040908_id405708-E3-1" TYPE="NOM" PRIMARY="true" METONYMY_MENTION="FALSE">
        <extent>
          <charseq START="815" END="828">subappaltatore</charseq>
        </extent>
        <head>
          <charseq START="815" END="828">subappaltatore</charseq>
        </head>
      </entity_mention>
    </entity>
    <entity ID="adige20040908_id405708-E4" TYPE="PER" SUBTYPE="Group" CLASS="GEN">
      <entity_mention ID="adige20040908_id405708-E4-1" TYPE="NOM" PRIMARY="true" METONYMY_MENTION="FALSE">
        <extent>
          <charseq START="865" END="892">tutti i lavoratori coinvolti</charseq>
        </extent>
        <head>
          <charseq START="873" END="882">lavoratori</charseq>
        </head>
      </entity_mention>
    </entity>
    <entity ID="adige20040908_id405708-E5" TYPE="PER" SUBTYPE="Group" CLASS="GEN">
      <entity_mention ID="adige20040908_id405708-E5-1" TYPE="NOM" PRIMARY="true" METONYMY_MENTION="FALSE">
        <extent>
          <charseq START="982" END="994">un lavoratore</charseq>
        </extent>
        <head>
          <charseq START="985" END="994">lavoratore</charseq>
        </head>
      </entity_mention>
    </entity>
    <entity ID="adige20040908_id405708-E6" TYPE="PER" SUBTYPE="Group" CLASS="GEN">
      <entity_mention ID="adige20040908_id405708-E6-1" TYPE="NOM" PRIMARY="true" METONYMY_MENTION="FALSE">
        <extent>
          <charseq START="801" END="828">appaltatore e subappaltatore</charseq>
        </extent>
        <head>
          <charseq START="801" END="828">appaltatore e subappaltatore</charseq>
        </head>
      </entity_mention>
    </entity>
    <entity ID="adige20040908_id405708-E7" TYPE="ORG" SUBTYPE="Commercial" CLASS="SPC">
      <entity_mention ID="adige20040908_id405708-E7-2" TYPE="NOM" PRIMARY="true" METONYMY_MENTION="FALSE">
        <extent>
          <charseq START="120" END="151">una azienda ogni sei controllate</charseq>
        </extent>
        <head>
          <charseq START="124" END="130">azienda</charseq>
        </head>
      </entity_mention>
    </entity>
    <entity ID="adige20040908_id405708-E8" TYPE="ORG" SUBTYPE="Commercial" CLASS="SPC">
      <entity_mention ID="adige20040908_id405708-E8-2" TYPE="PRO" PRIMARY="true" METONYMY_MENTION="FALSE">
        <extent>
          <charseq START="132" END="151">ogni sei controllate</charseq>
        </extent>
        <head>
          <charseq START="137" END="139">sei</charseq>
        </head>
      </entity_mention>
    </entity>
    <entity ID="adige20040908_id405708-E9" TYPE="ORG" SUBTYPE="Government" CLASS="SPC">
      <entity_mention ID="adige20040908_id405708-E9-2" TYPE="NAM" PRIMARY="true" METONYMY_MENTION="FALSE">
        <extent>
          <charseq START="207" END="225">del Servizio lavoro</charseq>
        </extent>
        <head>
          <charseq START="211" END="225">Servizio lavoro</charseq>
        </head>
      </entity_mention>
      <entity_attributes>
        <name NAME="Servizio lavoro">
          <charseq START="211" END="225">Servizio lavoro</charseq>
        </name>
      </entity_attributes>
    </entity>
    <entity ID="adige20040908_id405708-E10" TYPE="ORG" SUBTYPE="Commercial" CLASS="SPC">
      <entity_mention ID="adige20040908_id405708-E10-2" TYPE="NOM" PRIMARY="true" METONYMY_MENTION="FALSE">
        <extent>
          <charseq START="236" END="269">aziende nel commercio al dettaglio</charseq>
        </extent>
        <head>
          <charseq START="236" END="242">aziende</charseq>
        </head>
      </entity_mention>
    </entity>
    <entity ID="adige20040908_id405708-E11" TYPE="ORG" SUBTYPE="Commercial" CLASS="SPC">
      <entity_mention ID="adige20040908_id405708-E11-2" TYPE="NOM" PRIMARY="true" METONYMY_MENTION="FALSE">
        <extent>
          <charseq START="272" END="279">alberghi</charseq>
        </extent>
        <head>
          <charseq START="272" END="279">alberghi</charseq>
        </head>
      </entity_mention>
    </entity>
    <entity ID="adige20040908_id405708-E12" TYPE="ORG" SUBTYPE="Commercial" CLASS="SPC">
      <entity_mention ID="adige20040908_id405708-E12-2" TYPE="NOM" PRIMARY="true" METONYMY_MENTION="FALSE">
        <extent>
          <charseq START="282" END="291">ristoranti</charseq>
        </extent>
        <head>
          <charseq START="282" END="291">ristoranti</charseq>
        </head>
      </entity_mention>
    </entity>
    <entity ID="adige20040908_id405708-E13" TYPE="ORG" SUBTYPE="Commercial" CLASS="SPC">
      <entity_mention ID="adige20040908_id405708-E13-2" TYPE="NOM" PRIMARY="true" METONYMY_MENTION="FALSE">
        <extent>
          <charseq START="295" END="311">pubblici esercizi</charseq>
        </extent>
        <head>
          <charseq START="304" END="311">esercizi</charseq>
        </head>
      </entity_mention>
    </entity>
    <entity ID="adige20040908_id405708-E18" TYPE="ORG" SUBTYPE="Non-Governmental" CLASS="SPC">
      <entity_mention ID="adige20040908_id405708-E18-2" TYPE="NAM" PRIMARY="true" METONYMY_MENTION="FALSE">
        <extent>
          <charseq START="495" END="524">della Feneal (edili) della Uil</charseq>
        </extent>
        <head>
          <charseq START="501" END="506">Feneal</charseq>
        </head>
      </entity_mention>
      <entity_attributes>
        <name NAME="Feneal">
          <charseq START="501" END="506">Feneal</charseq>
        </name>
      </entity_attributes>
    </entity>
    <entity ID="adige20040908_id405708-E19" TYPE="ORG" SUBTYPE="Non-Governmental" CLASS="SPC">
      <entity_mention ID="adige20040908_id405708-E19-2" TYPE="NAM" PRIMARY="true" METONYMY_MENTION="FALSE">
        <extent>
          <charseq START="516" END="524">della Uil</charseq>
        </extent>
        <head>
          <charseq START="522" END="524">Uil</charseq>
        </head>
      </entity_mention>
      <entity_attributes>
        <name NAME="Uil">
          <charseq START="522" END="524">Uil</charseq>
        </name>
      </entity_attributes>
    </entity>
    <entity ID="adige20040908_id405708-E20" TYPE="ORG" SUBTYPE="Commercial" CLASS="SPC">
      <entity_mention ID="adige20040908_id405708-E20-2" TYPE="NOM" PRIMARY="true" METONYMY_MENTION="FALSE">
        <extent>
          <charseq START="667" END="688">l'impresa appaltatrice</charseq>
        </extent>
        <head>
          <charseq START="669" END="675">impresa</charseq>
        </head>
      </entity_mention>
    </entity>
    <entity ID="adige20040908_id405708-E21" TYPE="ORG" SUBTYPE="Commercial" CLASS="SPC">
      <entity_mention ID="adige20040908_id405708-E21-2" TYPE="NOM" PRIMARY="true" METONYMY_MENTION="FALSE">
        <extent>
          <charseq START="236" END="366">aziende nel commercio al dettaglio, alberghi, ristoranti e pubblici esercizi, industria del mobile, pulizie, confezioni ed edilizia</charseq>
        </extent>
        <head>
          <charseq START="236" END="366">aziende nel commercio al dettaglio, alberghi, ristoranti e pubblici esercizi, industria del mobile, pulizie, confezioni ed edilizia</charseq>
        </head>
      </entity_mention>
    </entity>
    <entity ID="adige20040908_id405708-E22" TYPE="ORG" SUBTYPE="Commercial" CLASS="SPC">
      <entity_mention ID="adige20040908_id405708-E22-1" TYPE="NOM" PRIMARY="true" METONYMY_MENTION="FALSE">
        <extent>
          <charseq START="314" END="333">industria del mobile</charseq>
        </extent>
        <head>
          <charseq START="314" END="322">industria</charseq>
        </head>
      </entity_mention>
    </entity>
    <entity ID="adige20040908_id405708-E23" TYPE="ORG" SUBTYPE="Commercial" CLASS="SPC">
      <entity_mention ID="adige20040908_id405708-E23-1" TYPE="NOM" PRIMARY="true" METONYMY_MENTION="FALSE">
        <extent>
          <charseq START="336" END="342">pulizie</charseq>
        </extent>
        <head>
          <charseq START="336" END="342">pulizie</charseq>
        </head>
      </entity_mention>
    </entity>
    <entity ID="adige20040908_id405708-E24" TYPE="ORG" SUBTYPE="Commercial" CLASS="SPC">
      <entity_mention ID="adige20040908_id405708-E24-1" TYPE="NOM" PRIMARY="true" METONYMY_MENTION="FALSE">
        <extent>
          <charseq START="345" END="354">confezioni</charseq>
        </extent>
        <head>
          <charseq START="345" END="354">confezioni</charseq>
        </head>
      </entity_mention>
    </entity>
    <entity ID="adige20040908_id405708-E25" TYPE="ORG" SUBTYPE="Commercial" CLASS="SPC">
      <entity_mention ID="adige20040908_id405708-E25-1" TYPE="NOM" PRIMARY="true" METONYMY_MENTION="FALSE">
        <extent>
          <charseq START="359" END="366">edilizia</charseq>
        </extent>
        <head>
          <charseq START="359" END="366">edilizia</charseq>
        </head>
      </entity_mention>
      <entity_mention ID="adige20040908_id405708-E25-2" TYPE="NOM" PRIMARY="false" METONYMY_MENTION="FALSE">
        <extent>
          <charseq START="31" END="38">Edilizia</charseq>
        </extent>
        <head>
          <charseq START="31" END="38">Edilizia</charseq>
        </head>
      </entity_mention>
    </entity>
    <entity ID="adige20040908_id405708-E28" TYPE="ORG" SUBTYPE="Commercial" CLASS="GEN">
      <entity_mention ID="adige20040908_id405708-E28-1" TYPE="NOM" PRIMARY="true" METONYMY_MENTION="FALSE">
        <extent>
          <charseq START="920" END="928">l'impresa</charseq>
        </extent>
        <head>
          <charseq START="922" END="928">impresa</charseq>
        </head>
      </entity_mention>
    </entity>
    <entity ID="adige20040908_id405708-E29" TYPE="GPE" SUBTYPE="Population-Center" CLASS="SPC">
      <entity_mention ID="adige20040908_id405708-E29-2" TYPE="NAM" PRIMARY="true" ROLE="LOC" METONYMY_MENTION="FALSE">
        <extent>
          <charseq START="63" END="68">TRENTO</charseq>
        </extent>
        <head>
          <charseq START="63" END="68">TRENTO</charseq>
        </head>
      </entity_mention>
      <entity_attributes>
        <name NAME="TRENTO">
          <charseq START="63" END="68">TRENTO</charseq>
        </name>
      </entity_attributes>
    </entity>
  </document>
</source_file>
