<?xml version="1.0" encoding="UTF-8"?>
<!DOCTYPE source_file PUBLIC "SYSTEM" "apf.v5.2.0.dtd">

<source_file URI="adige20040908_id405707.txt" SOURCE="unknown" TYPE="text" VERSION="5.0" AUTHOR="Evalita" ENCODING="UTF-8">
  <document DOCID="adige20040908_id405707">
    <entity ID="adige20040908_id405707-E1" TYPE="PER" SUBTYPE="Group" CLASS="SPC">
      <entity_mention ID="adige20040908_id405707-E1-2" TYPE="NOM" PRIMARY="true" METONYMY_MENTION="FALSE">
        <extent>
          <charseq START="155" END="183">I dipendenti di via Segantini</charseq>
        </extent>
        <head>
          <charseq START="157" END="166">dipendenti</charseq>
        </head>
      </entity_mention>
      <entity_mention ID="adige20040908_id405707-E1-3" TYPE="PRO" PRIMARY="false" METONYMY_MENTION="FALSE">
        <extent>
          <charseq START="203" END="205">143</charseq>
        </extent>
        <head>
          <charseq START="203" END="205">143</charseq>
        </head>
      </entity_mention>
      <entity_mention ID="adige20040908_id405707-E1-4" TYPE="PRO" PRIMARY="false" METONYMY_MENTION="FALSE">
        <extent>
          <charseq START="208" END="224">7 in più sul 2002</charseq>
        </extent>
        <head>
          <charseq START="208" END="208">7</charseq>
        </head>
      </entity_mention>
      <entity_mention ID="adige20040908_id405707-E1-9" TYPE="NOM" PRIMARY="false" METONYMY_MENTION="FALSE">
        <extent>
          <charseq START="228" END="275">78 impiegati, 55 quadri direttivi e 10 dirigenti</charseq>
        </extent>
        <head>
          <charseq START="228" END="275">78 impiegati, 55 quadri direttivi e 10 dirigenti</charseq>
        </head>
      </entity_mention>
    </entity>
    <entity ID="adige20040908_id405707-E2" TYPE="PER" SUBTYPE="Group" CLASS="SPC">
      <entity_mention ID="adige20040908_id405707-E2-1" TYPE="NOM" PRIMARY="true" METONYMY_MENTION="FALSE">
        <extent>
          <charseq START="228" END="239">78 impiegati</charseq>
        </extent>
        <head>
          <charseq START="231" END="239">impiegati</charseq>
        </head>
      </entity_mention>
    </entity>
    <entity ID="adige20040908_id405707-E3" TYPE="PER" SUBTYPE="Group" CLASS="SPC">
      <entity_mention ID="adige20040908_id405707-E3-1" TYPE="NOM" PRIMARY="true" METONYMY_MENTION="FALSE">
        <extent>
          <charseq START="264" END="275">10 dirigenti</charseq>
        </extent>
        <head>
          <charseq START="267" END="275">dirigenti</charseq>
        </head>
      </entity_mention>
    </entity>
    <entity ID="adige20040908_id405707-E4" TYPE="PER" SUBTYPE="Group" CLASS="GEN">
      <entity_mention ID="adige20040908_id405707-E4-1" TYPE="NOM" PRIMARY="true" METONYMY_MENTION="FALSE">
        <extent>
          <charseq START="296" END="305">dipendente</charseq>
        </extent>
        <head>
          <charseq START="296" END="305">dipendente</charseq>
        </head>
      </entity_mention>
    </entity>
    <entity ID="adige20040908_id405707-E5" TYPE="PER" SUBTYPE="Group" CLASS="SPC">
      <entity_mention ID="adige20040908_id405707-E5-1" TYPE="NOM" PRIMARY="true" METONYMY_MENTION="FALSE">
        <extent>
          <charseq START="1210" END="1222">10.000 alunni</charseq>
        </extent>
        <head>
          <charseq START="1217" END="1222">alunni</charseq>
        </head>
      </entity_mention>
    </entity>
    <entity ID="adige20040908_id405707-E6" TYPE="PER" SUBTYPE="Group" CLASS="SPC">
      <entity_mention ID="adige20040908_id405707-E6-1" TYPE="NOM" PRIMARY="true" METONYMY_MENTION="FALSE">
        <extent>
          <charseq START="1226" END="1241">1.000 insegnanti</charseq>
        </extent>
        <head>
          <charseq START="1232" END="1241">insegnanti</charseq>
        </head>
      </entity_mention>
    </entity>
    <entity ID="adige20040908_id405707-E7" TYPE="PER" SUBTYPE="Group" CLASS="SPC">
      <entity_mention ID="adige20040908_id405707-E7-1" TYPE="NOM" PRIMARY="true" METONYMY_MENTION="FALSE">
        <extent>
          <charseq START="242" END="260">55 quadri direttivi</charseq>
        </extent>
        <head>
          <charseq START="245" END="250">quadri</charseq>
        </head>
      </entity_mention>
    </entity>
    <entity ID="adige20040908_id405707-E9" TYPE="PER" SUBTYPE="Group" CLASS="SPC">
      <entity_mention ID="adige20040908_id405707-E9-2" TYPE="NOM" PRIMARY="true" METONYMY_MENTION="FALSE">
        <extent>
          <charseq START="141" END="152">186mila soci</charseq>
        </extent>
        <head>
          <charseq START="149" END="152">soci</charseq>
        </head>
      </entity_mention>
    </entity>
    <entity ID="adige20040908_id405707-E10" TYPE="PER" SUBTYPE="Group" CLASS="SPC">
      <entity_mention ID="adige20040908_id405707-E10-2" TYPE="NOM" PRIMARY="true" METONYMY_MENTION="FALSE">
        <extent>
          <charseq START="1052" END="1076">dei dipendenti delle coop</charseq>
        </extent>
        <head>
          <charseq START="1056" END="1065">dipendenti</charseq>
        </head>
      </entity_mention>
    </entity>
    <entity ID="adige20040908_id405707-E11" TYPE="ORG" SUBTYPE="Commercial" CLASS="SPC">
      <entity_mention ID="adige20040908_id405707-E11-2" TYPE="NAM" PRIMARY="true" METONYMY_MENTION="FALSE">
        <extent>
          <charseq START="55" END="71">della Federazione</charseq>
        </extent>
        <head>
          <charseq START="61" END="71">Federazione</charseq>
        </head>
      </entity_mention>
      <entity_mention ID="adige20040908_id405707-E11-4" TYPE="NAM" PRIMARY="false" METONYMY_MENTION="TRUE">
        <extent>
          <charseq START="171" END="183">via Segantini</charseq>
        </extent>
        <head>
          <charseq START="171" END="183">via Segantini</charseq>
        </head>
      </entity_mention>
      <entity_mention ID="adige20040908_id405707-E11-5" TYPE="NAM" PRIMARY="false" METONYMY_MENTION="FALSE">
        <extent>
          <charseq START="735" END="748">la Federazione</charseq>
        </extent>
        <head>
          <charseq START="738" END="748">Federazione</charseq>
        </head>
      </entity_mention>
      <entity_attributes>
        <name NAME="Federazione">
          <charseq START="61" END="71">Federazione</charseq>
        </name>
        <name NAME="via Segantini">
          <charseq START="171" END="183">via Segantini</charseq>
        </name>
        <name NAME="Federazione">
          <charseq START="738" END="748">Federazione</charseq>
        </name>
      </entity_attributes>
    </entity>
    <entity ID="adige20040908_id405707-E12" TYPE="ORG" SUBTYPE="Commercial" CLASS="SPC">
      <entity_mention ID="adige20040908_id405707-E12-2" TYPE="NOM" PRIMARY="true" METONYMY_MENTION="FALSE">
        <extent>
          <charseq START="107" END="152">578 cooperative che rappresentano 186mila soci</charseq>
        </extent>
        <head>
          <charseq START="111" END="121">cooperative</charseq>
        </head>
      </entity_mention>
      <entity_mention ID="adige20040908_id405707-E12-3" TYPE="NOM" PRIMARY="false" METONYMY_MENTION="FALSE">
        <extent>
          <charseq START="759" END="774">alle cooperative</charseq>
        </extent>
        <head>
          <charseq START="764" END="774">cooperative</charseq>
        </head>
      </entity_mention>
      <entity_mention ID="adige20040908_id405707-E12-4" TYPE="NOM" PRIMARY="false" METONYMY_MENTION="FALSE">
        <extent>
          <charseq START="1067" END="1076">delle coop</charseq>
        </extent>
        <head>
          <charseq START="1073" END="1076">coop</charseq>
        </head>
      </entity_mention>
      <entity_mention ID="adige20040908_id405707-E12-5" TYPE="NOM" PRIMARY="false" METONYMY_MENTION="FALSE">
        <extent>
          <charseq START="1422" END="1442">cooperative associate</charseq>
        </extent>
        <head>
          <charseq START="1422" END="1432">cooperative</charseq>
        </head>
      </entity_mention>
      <entity_mention ID="adige20040908_id405707-E12-6" TYPE="NOM" PRIMARY="false" METONYMY_MENTION="FALSE">
        <extent>
          <charseq START="17" END="29">578 associate</charseq>
        </extent>
        <head>
          <charseq START="21" END="29">associate</charseq>
        </head>
      </entity_mention>
    </entity>
    <entity ID="adige20040908_id405707-E13" TYPE="ORG" SUBTYPE="Commercial" CLASS="SPC">
      <entity_mention ID="adige20040908_id405707-E13-2" TYPE="NAM" PRIMARY="true" METONYMY_MENTION="FALSE">
        <extent>
          <charseq START="425" END="433">le Rurali</charseq>
        </extent>
        <head>
          <charseq START="428" END="433">Rurali</charseq>
        </head>
      </entity_mention>
      <entity_mention ID="adige20040908_id405707-E13-3" TYPE="NAM" PRIMARY="false" METONYMY_MENTION="FALSE">
        <extent>
          <charseq START="615" END="625">alle Rurali</charseq>
        </extent>
        <head>
          <charseq START="620" END="625">Rurali</charseq>
        </head>
      </entity_mention>
      <entity_attributes>
        <name NAME="Rurali">
          <charseq START="428" END="433">Rurali</charseq>
        </name>
        <name NAME="Rurali">
          <charseq START="620" END="625">Rurali</charseq>
        </name>
      </entity_attributes>
    </entity>
    <entity ID="adige20040908_id405707-E14" TYPE="ORG" SUBTYPE="Commercial" CLASS="SPC">
      <entity_mention ID="adige20040908_id405707-E14-2" TYPE="NAM" PRIMARY="true" METONYMY_MENTION="FALSE">
        <extent>
          <charseq START="443" END="465">le Famiglie Cooperative</charseq>
        </extent>
        <head>
          <charseq START="446" END="465">Famiglie Cooperative</charseq>
        </head>
      </entity_mention>
      <entity_mention ID="adige20040908_id405707-E14-3" TYPE="NOM" PRIMARY="false" METONYMY_MENTION="FALSE">
        <extent>
          <charseq START="630" END="649">alle coop di consumo</charseq>
        </extent>
        <head>
          <charseq START="635" END="638">coop</charseq>
        </head>
      </entity_mention>
      <entity_attributes>
        <name NAME="Famiglie Cooperative">
          <charseq START="446" END="465">Famiglie Cooperative</charseq>
        </name>
      </entity_attributes>
    </entity>
    <entity ID="adige20040908_id405707-E15" TYPE="ORG" SUBTYPE="Commercial" CLASS="SPC">
      <entity_mention ID="adige20040908_id405707-E15-2" TYPE="NOM" PRIMARY="true" METONYMY_MENTION="FALSE">
        <extent>
          <charseq START="475" END="497">le cooperative agricole</charseq>
        </extent>
        <head>
          <charseq START="478" END="488">cooperative</charseq>
        </head>
      </entity_mention>
      <entity_mention ID="adige20040908_id405707-E15-3" TYPE="NOM" PRIMARY="false" METONYMY_MENTION="FALSE">
        <extent>
          <charseq START="655" END="672">alle coop agricole</charseq>
        </extent>
        <head>
          <charseq START="660" END="663">coop</charseq>
        </head>
      </entity_mention>
    </entity>
    <entity ID="adige20040908_id405707-E16" TYPE="ORG" SUBTYPE="Commercial" CLASS="SPC">
      <entity_mention ID="adige20040908_id405707-E16-1" TYPE="NOM" PRIMARY="true" METONYMY_MENTION="FALSE">
        <extent>
          <charseq START="508" END="563">le cooperative di lavoro, sociali, servizio e abitazione</charseq>
        </extent>
        <head>
          <charseq START="511" END="521">cooperative</charseq>
        </head>
      </entity_mention>
    </entity>
    <entity ID="adige20040908_id405707-E18" TYPE="ORG" SUBTYPE="Commercial" CLASS="SPC">
      <entity_mention ID="adige20040908_id405707-E18-1" TYPE="NOM" PRIMARY="true" METONYMY_MENTION="FALSE">
        <extent>
          <charseq START="678" END="700">alle coop di produzione</charseq>
        </extent>
        <head>
          <charseq START="683" END="686">coop</charseq>
        </head>
      </entity_mention>
    </entity>
    <entity ID="adige20040908_id405707-E23" TYPE="ORG" SUBTYPE="Educational" CLASS="SPC">
      <entity_mention ID="adige20040908_id405707-E23-2" TYPE="NOM" PRIMARY="true" METONYMY_MENTION="FALSE">
        <extent>
          <charseq START="1198" END="1207">100 scuole</charseq>
        </extent>
        <head>
          <charseq START="1202" END="1207">scuole</charseq>
        </head>
      </entity_mention>
    </entity>
    <entity ID="adige20040908_id405707-E25" TYPE="GPE" SUBTYPE="Population-Center" CLASS="SPC">
      <entity_mention ID="adige20040908_id405707-E25-2" TYPE="NAM" PRIMARY="true" ROLE="LOC" METONYMY_MENTION="FALSE">
        <extent>
          <charseq START="35" END="40">TRENTO</charseq>
        </extent>
        <head>
          <charseq START="35" END="40">TRENTO</charseq>
        </head>
      </entity_mention>
      <entity_attributes>
        <name NAME="TRENTO">
          <charseq START="35" END="40">TRENTO</charseq>
        </name>
      </entity_attributes>
    </entity>
    <entity ID="adige20040908_id405707-E26" TYPE="GPE" SUBTYPE="State-or-Province" CLASS="SPC">
      <entity_mention ID="adige20040908_id405707-E26-2" TYPE="NAM" PRIMARY="true" ROLE="LOC" METONYMY_MENTION="FALSE">
        <extent>
          <charseq START="1189" END="1196">Trentino</charseq>
        </extent>
        <head>
          <charseq START="1189" END="1196">Trentino</charseq>
        </head>
      </entity_mention>
      <entity_attributes>
        <name NAME="Trentino">
          <charseq START="1189" END="1196">Trentino</charseq>
        </name>
      </entity_attributes>
    </entity>
  </document>
</source_file>
