<?xml version="1.0" encoding="UTF-8"?>
<!DOCTYPE source_file PUBLIC "SYSTEM" "apf.v5.2.0.dtd">

<source_file URI="adige20040908_id405711.txt" SOURCE="unknown" TYPE="text" VERSION="5.0" AUTHOR="Evalita" ENCODING="UTF-8">
  <document DOCID="adige20040908_id405711">
    <entity ID="adige20040908_id405711-E1" TYPE="PER" SUBTYPE="Individual" CLASS="SPC">
      <entity_mention ID="adige20040908_id405711-E1-1" TYPE="NAM" PRIMARY="true" METONYMY_MENTION="FALSE">
        <extent>
          <charseq START="164" END="177">MATTIA ECCHELI</charseq>
        </extent>
        <head>
          <charseq START="164" END="177">MATTIA ECCHELI</charseq>
        </head>
      </entity_mention>
      <entity_attributes>
        <name NAME="MATTIA ECCHELI">
          <charseq START="164" END="177">MATTIA ECCHELI</charseq>
        </name>
      </entity_attributes>
    </entity>
    <entity ID="adige20040908_id405711-E2" TYPE="PER" SUBTYPE="Individual" CLASS="SPC">
      <entity_mention ID="adige20040908_id405711-E2-1" TYPE="NAM" PRIMARY="true" METONYMY_MENTION="FALSE">
        <extent>
          <charseq START="324" END="341">Gianluca Salvatori</charseq>
        </extent>
        <head>
          <charseq START="324" END="341">Gianluca Salvatori</charseq>
        </head>
      </entity_mention>
      <entity_mention ID="adige20040908_id405711-E2-2" TYPE="NOM" PRIMARY="false" METONYMY_MENTION="FALSE">
        <extent>
          <charseq START="309" END="322">dall'assessore</charseq>
        </extent>
        <head>
          <charseq START="314" END="322">assessore</charseq>
        </head>
      </entity_mention>
      <entity_mention ID="adige20040908_id405711-E2-3" TYPE="NOM" PRIMARY="false" METONYMY_MENTION="FALSE">
        <extent>
          <charseq START="309" END="341">dall'assessore Gianluca Salvatori</charseq>
        </extent>
        <head>
          <charseq START="309" END="341">dall'assessore Gianluca Salvatori</charseq>
        </head>
      </entity_mention>
      <entity_attributes>
        <name NAME="Gianluca Salvatori">
          <charseq START="324" END="341">Gianluca Salvatori</charseq>
        </name>
      </entity_attributes>
    </entity>
    <entity ID="adige20040908_id405711-E3" TYPE="PER" SUBTYPE="Individual" CLASS="SPC">
      <entity_mention ID="adige20040908_id405711-E3-1" TYPE="NAM" PRIMARY="true" METONYMY_MENTION="FALSE">
        <extent>
          <charseq START="434" END="444">Flavio Tosi</charseq>
        </extent>
        <head>
          <charseq START="434" END="444">Flavio Tosi</charseq>
        </head>
      </entity_mention>
      <entity_mention ID="adige20040908_id405711-E3-2" TYPE="NOM" PRIMARY="false" METONYMY_MENTION="FALSE">
        <extent>
          <charseq START="386" END="432">il presidente dell'Associazione di via Brennero</charseq>
        </extent>
        <head>
          <charseq START="389" END="398">presidente</charseq>
        </head>
      </entity_mention>
      <entity_mention ID="adige20040908_id405711-E3-3" TYPE="NAM" PRIMARY="false" METONYMY_MENTION="FALSE">
        <extent>
          <charseq START="115" END="118">Tosi</charseq>
        </extent>
        <head>
          <charseq START="115" END="118">Tosi</charseq>
        </head>
      </entity_mention>
      <entity_mention ID="adige20040908_id405711-E3-4" TYPE="NOM" PRIMARY="false" METONYMY_MENTION="FALSE">
        <extent>
          <charseq START="386" END="444">il presidente dell'Associazione di via Brennero Flavio Tosi</charseq>
        </extent>
        <head>
          <charseq START="386" END="444">il presidente dell'Associazione di via Brennero Flavio Tosi</charseq>
        </head>
      </entity_mention>
      <entity_mention ID="adige20040908_id405711-E3-5" TYPE="NAM" PRIMARY="false" METONYMY_MENTION="FALSE">
        <extent>
          <charseq START="502" END="505">Tosi</charseq>
        </extent>
        <head>
          <charseq START="502" END="505">Tosi</charseq>
        </head>
      </entity_mention>
      <entity_mention ID="adige20040908_id405711-E3-6" TYPE="PRO" PRIMARY="false" METONYMY_MENTION="FALSE">
        <extent>
          <charseq START="599" END="600">io</charseq>
        </extent>
        <head>
          <charseq START="599" END="600">io</charseq>
        </head>
      </entity_mention>
      <entity_mention ID="adige20040908_id405711-E3-7" TYPE="NAM" PRIMARY="false" METONYMY_MENTION="FALSE">
        <extent>
          <charseq START="987" END="990">Tosi</charseq>
        </extent>
        <head>
          <charseq START="987" END="990">Tosi</charseq>
        </head>
      </entity_mention>
      <entity_mention ID="adige20040908_id405711-E3-8" TYPE="NAM" PRIMARY="false" METONYMY_MENTION="FALSE">
        <extent>
          <charseq START="2378" END="2381">Tosi</charseq>
        </extent>
        <head>
          <charseq START="2378" END="2381">Tosi</charseq>
        </head>
      </entity_mention>
      <entity_mention ID="adige20040908_id405711-E3-9" TYPE="NAM" PRIMARY="false" METONYMY_MENTION="FALSE">
        <extent>
          <charseq START="2443" END="2446">Tosi</charseq>
        </extent>
        <head>
          <charseq START="2443" END="2446">Tosi</charseq>
        </head>
      </entity_mention>
      <entity_attributes>
        <name NAME="Flavio Tosi">
          <charseq START="434" END="444">Flavio Tosi</charseq>
        </name>
        <name NAME="Tosi">
          <charseq START="115" END="118">Tosi</charseq>
        </name>
        <name NAME="Tosi">
          <charseq START="502" END="505">Tosi</charseq>
        </name>
        <name NAME="Tosi">
          <charseq START="987" END="990">Tosi</charseq>
        </name>
        <name NAME="Tosi">
          <charseq START="2378" END="2381">Tosi</charseq>
        </name>
        <name NAME="Tosi">
          <charseq START="2443" END="2446">Tosi</charseq>
        </name>
      </entity_attributes>
    </entity>
    <entity ID="adige20040908_id405711-E4" TYPE="PER" SUBTYPE="Individual" CLASS="SPC">
      <entity_mention ID="adige20040908_id405711-E4-1" TYPE="NAM" PRIMARY="true" METONYMY_MENTION="FALSE">
        <extent>
          <charseq START="994" END="1009">Gianni Bonvicini</charseq>
        </extent>
        <head>
          <charseq START="994" END="1009">Gianni Bonvicini</charseq>
        </head>
      </entity_mention>
      <entity_mention ID="adige20040908_id405711-E4-2" TYPE="NAM" PRIMARY="false" METONYMY_MENTION="FALSE">
        <extent>
          <charseq START="1100" END="1108">Bonvicini</charseq>
        </extent>
        <head>
          <charseq START="1100" END="1108">Bonvicini</charseq>
        </head>
      </entity_mention>
      <entity_mention ID="adige20040908_id405711-E4-3" TYPE="PRO" PRIMARY="false" METONYMY_MENTION="FALSE">
        <extent>
          <charseq START="1079" END="1081">mio</charseq>
        </extent>
        <head>
          <charseq START="1079" END="1081">mio</charseq>
        </head>
      </entity_mention>
      <entity_mention ID="adige20040908_id405711-E4-4" TYPE="PRO" PRIMARY="false" METONYMY_MENTION="FALSE">
        <extent>
          <charseq START="1141" END="1142">io</charseq>
        </extent>
        <head>
          <charseq START="1141" END="1142">io</charseq>
        </head>
      </entity_mention>
      <entity_mention ID="adige20040908_id405711-E4-5" TYPE="PRO" PRIMARY="false" METONYMY_MENTION="FALSE">
        <extent>
          <charseq START="1154" END="1155">io</charseq>
        </extent>
        <head>
          <charseq START="1154" END="1155">io</charseq>
        </head>
      </entity_mention>
      <entity_mention ID="adige20040908_id405711-E4-6" TYPE="NOM" PRIMARY="false" METONYMY_MENTION="FALSE">
        <extent>
          <charseq START="1179" END="1200">il presidente dell'Itc</charseq>
        </extent>
        <head>
          <charseq START="1182" END="1191">presidente</charseq>
        </head>
      </entity_mention>
      <entity_mention ID="adige20040908_id405711-E4-7" TYPE="NAM" PRIMARY="false" METONYMY_MENTION="FALSE">
        <extent>
          <charseq START="3288" END="3295">Bonvicni</charseq>
        </extent>
        <head>
          <charseq START="3288" END="3295">Bonvicni</charseq>
        </head>
      </entity_mention>
      <entity_attributes>
        <name NAME="Gianni Bonvicini">
          <charseq START="994" END="1009">Gianni Bonvicini</charseq>
        </name>
        <name NAME="Bonvicini">
          <charseq START="1100" END="1108">Bonvicini</charseq>
        </name>
        <name NAME="Bonvicni">
          <charseq START="3288" END="3295">Bonvicni</charseq>
        </name>
      </entity_attributes>
    </entity>
    <entity ID="adige20040908_id405711-E7" TYPE="PER" SUBTYPE="Individual" CLASS="SPC">
      <entity_mention ID="adige20040908_id405711-E7-1" TYPE="NAM" PRIMARY="true" METONYMY_MENTION="FALSE">
        <extent>
          <charseq START="1998" END="2009">Mario Tonini</charseq>
        </extent>
        <head>
          <charseq START="1998" END="2009">Mario Tonini</charseq>
        </head>
      </entity_mention>
      <entity_mention ID="adige20040908_id405711-E7-2" TYPE="NOM" PRIMARY="false" METONYMY_MENTION="FALSE">
        <extent>
          <charseq START="2013" END="2065">il rappresentante dell'istituto in seno all'organismo</charseq>
        </extent>
        <head>
          <charseq START="2016" END="2029">rappresentante</charseq>
        </head>
      </entity_mention>
      <entity_attributes>
        <name NAME="Mario Tonini">
          <charseq START="1998" END="2009">Mario Tonini</charseq>
        </name>
      </entity_attributes>
    </entity>
    <entity ID="adige20040908_id405711-E8" TYPE="PER" SUBTYPE="Individual" CLASS="SPC">
      <entity_mention ID="adige20040908_id405711-E8-1" TYPE="NAM" PRIMARY="true" METONYMY_MENTION="FALSE">
        <extent>
          <charseq START="2105" END="2117">Renata Diazzi</charseq>
        </extent>
        <head>
          <charseq START="2105" END="2117">Renata Diazzi</charseq>
        </head>
      </entity_mention>
      <entity_attributes>
        <name NAME="Renata Diazzi">
          <charseq START="2105" END="2117">Renata Diazzi</charseq>
        </name>
      </entity_attributes>
    </entity>
    <entity ID="adige20040908_id405711-E9" TYPE="PER" SUBTYPE="Individual" CLASS="SPC">
      <entity_mention ID="adige20040908_id405711-E9-1" TYPE="NAM" PRIMARY="true" METONYMY_MENTION="FALSE">
        <extent>
          <charseq START="2512" END="2520">Mario Zen</charseq>
        </extent>
        <head>
          <charseq START="2512" END="2520">Mario Zen</charseq>
        </head>
      </entity_mention>
      <entity_mention ID="adige20040908_id405711-E9-2" TYPE="NOM" PRIMARY="false" METONYMY_MENTION="FALSE">
        <extent>
          <charseq START="2523" END="2543">direttore di Itc/Irst</charseq>
        </extent>
        <head>
          <charseq START="2523" END="2531">direttore</charseq>
        </head>
      </entity_mention>
      <entity_mention ID="adige20040908_id405711-E9-3" TYPE="NAM" PRIMARY="false" METONYMY_MENTION="FALSE">
        <extent>
          <charseq START="2512" END="2543">Mario Zen, direttore di Itc/Irst</charseq>
        </extent>
        <head>
          <charseq START="2512" END="2543">Mario Zen, direttore di Itc/Irst</charseq>
        </head>
      </entity_mention>
      <entity_attributes>
        <name NAME="Mario Zen">
          <charseq START="2512" END="2520">Mario Zen</charseq>
        </name>
        <name NAME="Mario Zen, direttore di Itc/Irst">
          <charseq START="2512" END="2543">Mario Zen, direttore di Itc/Irst</charseq>
        </name>
      </entity_attributes>
    </entity>
    <entity ID="adige20040908_id405711-E10" TYPE="PER" SUBTYPE="Group" CLASS="SPC">
      <entity_mention ID="adige20040908_id405711-E10-1" TYPE="NOM" PRIMARY="true" METONYMY_MENTION="FALSE">
        <extent>
          <charseq START="3253" END="3275">questi gruppi di lavoro</charseq>
        </extent>
        <head>
          <charseq START="3260" END="3265">gruppi</charseq>
        </head>
      </entity_mention>
    </entity>
    <entity ID="adige20040908_id405711-E11" TYPE="PER" SUBTYPE="Individual" CLASS="SPC">
      <entity_mention ID="adige20040908_id405711-E11-1" TYPE="NAM" PRIMARY="true" METONYMY_MENTION="FALSE">
        <extent>
          <charseq START="3490" END="3505">Gianni Benedetti</charseq>
        </extent>
        <head>
          <charseq START="3490" END="3505">Gianni Benedetti</charseq>
        </head>
      </entity_mention>
      <entity_mention ID="adige20040908_id405711-E11-2" TYPE="NOM" PRIMARY="false" METONYMY_MENTION="FALSE">
        <extent>
          <charseq START="3460" END="3488">il direttore di Assoartigiani</charseq>
        </extent>
        <head>
          <charseq START="3463" END="3471">direttore</charseq>
        </head>
      </entity_mention>
      <entity_mention ID="adige20040908_id405711-E11-3" TYPE="NOM" PRIMARY="false" METONYMY_MENTION="FALSE">
        <extent>
          <charseq START="3460" END="3505">il direttore di Assoartigiani Gianni Benedetti</charseq>
        </extent>
        <head>
          <charseq START="3460" END="3505">il direttore di Assoartigiani Gianni Benedetti</charseq>
        </head>
      </entity_mention>
      <entity_attributes>
        <name NAME="Gianni Benedetti">
          <charseq START="3490" END="3505">Gianni Benedetti</charseq>
        </name>
      </entity_attributes>
    </entity>
    <entity ID="adige20040908_id405711-E12" TYPE="PER" SUBTYPE="Group" CLASS="SPC">
      <entity_mention ID="adige20040908_id405711-E12-2" TYPE="NAM" PRIMARY="true" METONYMY_MENTION="FALSE">
        <extent>
          <charseq START="987" END="1009">Tosi e Gianni Bonvicini</charseq>
        </extent>
        <head>
          <charseq START="987" END="1009">Tosi e Gianni Bonvicini</charseq>
        </head>
      </entity_mention>
      <entity_attributes>
        <name NAME="Tosi e Gianni Bonvicini">
          <charseq START="987" END="1009">Tosi e Gianni Bonvicini</charseq>
        </name>
      </entity_attributes>
    </entity>
    <entity ID="adige20040908_id405711-E15" TYPE="ORG" SUBTYPE="Medical-Science" CLASS="SPC">
      <entity_mention ID="adige20040908_id405711-E15-1" TYPE="NAM" PRIMARY="true" METONYMY_MENTION="FALSE">
        <extent>
          <charseq START="1193" END="1200">dell'Itc</charseq>
        </extent>
        <head>
          <charseq START="1198" END="1200">Itc</charseq>
        </head>
      </entity_mention>
      <entity_mention ID="adige20040908_id405711-E15-2" TYPE="NAM" PRIMARY="false" METONYMY_MENTION="FALSE">
        <extent>
          <charseq START="215" END="341">nel « nuovo » Itc, destinato a diventare Fondazione Bruno Kessler con la nuova legge proposta dall'assessore Gianluca Salvatori</charseq>
        </extent>
        <head>
          <charseq START="229" END="231">Itc</charseq>
        </head>
      </entity_mention>
      <entity_mention ID="adige20040908_id405711-E15-3" TYPE="NAM" PRIMARY="false" METONYMY_MENTION="FALSE">
        <extent>
          <charseq START="256" END="279">Fondazione Bruno Kessler</charseq>
        </extent>
        <head>
          <charseq START="256" END="279">Fondazione Bruno Kessler</charseq>
        </head>
      </entity_mention>
      <entity_mention ID="adige20040908_id405711-E15-4" TYPE="NAM" PRIMARY="false" METONYMY_MENTION="FALSE">
        <extent>
          <charseq START="1331" END="1338">nell'Itc</charseq>
        </extent>
        <head>
          <charseq START="1336" END="1338">Itc</charseq>
        </head>
      </entity_mention>
      <entity_mention ID="adige20040908_id405711-E15-5" TYPE="NAM" PRIMARY="false" METONYMY_MENTION="FALSE">
        <extent>
          <charseq START="1463" END="1467">l'Itc</charseq>
        </extent>
        <head>
          <charseq START="1465" END="1467">Itc</charseq>
        </head>
      </entity_mention>
      <entity_mention ID="adige20040908_id405711-E15-6" TYPE="NAM" PRIMARY="false" METONYMY_MENTION="FALSE">
        <extent>
          <charseq START="1983" END="1987">l'Itc</charseq>
        </extent>
        <head>
          <charseq START="1985" END="1987">Itc</charseq>
        </head>
      </entity_mention>
      <entity_mention ID="adige20040908_id405711-E15-7" TYPE="NOM" PRIMARY="false" METONYMY_MENTION="FALSE">
        <extent>
          <charseq START="25" END="34">l'istituto</charseq>
        </extent>
        <head>
          <charseq START="27" END="34">istituto</charseq>
        </head>
      </entity_mention>
      <entity_mention ID="adige20040908_id405711-E15-8" TYPE="NAM" PRIMARY="false" METONYMY_MENTION="FALSE">
        <extent>
          <charseq START="96" END="112">nel « nuovo Itc »</charseq>
        </extent>
        <head>
          <charseq START="108" END="110">Itc</charseq>
        </head>
      </entity_mention>
      <entity_mention ID="adige20040908_id405711-E15-9" TYPE="NOM" PRIMARY="false" METONYMY_MENTION="FALSE">
        <extent>
          <charseq START="142" END="157">nella fondazione</charseq>
        </extent>
        <head>
          <charseq START="148" END="157">fondazione</charseq>
        </head>
      </entity_mention>
      <entity_mention ID="adige20040908_id405711-E15-12" TYPE="NOM" PRIMARY="false" METONYMY_MENTION="FALSE">
        <extent>
          <charseq START="2031" END="2043">dell'istituto</charseq>
        </extent>
        <head>
          <charseq START="2036" END="2043">istituto</charseq>
        </head>
      </entity_mention>
      <entity_attributes>
        <name NAME="Itc">
          <charseq START="1198" END="1200">Itc</charseq>
        </name>
        <name NAME="Itc">
          <charseq START="229" END="231">Itc</charseq>
        </name>
        <name NAME="Fondazione Bruno Kessler">
          <charseq START="256" END="279">Fondazione Bruno Kessler</charseq>
        </name>
        <name NAME="Itc">
          <charseq START="1336" END="1338">Itc</charseq>
        </name>
        <name NAME="Itc">
          <charseq START="1465" END="1467">Itc</charseq>
        </name>
        <name NAME="Itc">
          <charseq START="1985" END="1987">Itc</charseq>
        </name>
        <name NAME="Itc">
          <charseq START="108" END="110">Itc</charseq>
        </name>
      </entity_attributes>
    </entity>
    <entity ID="adige20040908_id405711-E16" TYPE="ORG" SUBTYPE="Non-Governmental" CLASS="SPC">
      <entity_mention ID="adige20040908_id405711-E16-1" TYPE="NAM" PRIMARY="true" METONYMY_MENTION="FALSE">
        <extent>
          <charseq START="400" END="432">dell'Associazione di via Brennero</charseq>
        </extent>
        <head>
          <charseq START="405" END="416">Associazione</charseq>
        </head>
      </entity_mention>
      <entity_mention ID="adige20040908_id405711-E16-2" TYPE="NAM" PRIMARY="false" METONYMY_MENTION="FALSE">
        <extent>
          <charseq START="190" END="202">Gli artigiani</charseq>
        </extent>
        <head>
          <charseq START="194" END="202">artigiani</charseq>
        </head>
      </entity_mention>
      <entity_mention ID="adige20040908_id405711-E16-3" TYPE="PRO" PRIMARY="false" METONYMY_MENTION="FALSE">
        <extent>
          <charseq START="358" END="363">nostra</charseq>
        </extent>
        <head>
          <charseq START="358" END="363">nostra</charseq>
        </head>
      </entity_mention>
      <entity_mention ID="adige20040908_id405711-E16-4" TYPE="NAM" PRIMARY="false" METONYMY_MENTION="FALSE">
        <extent>
          <charseq START="1288" END="1301">l'Associazione</charseq>
        </extent>
        <head>
          <charseq START="1290" END="1301">Associazione</charseq>
        </head>
      </entity_mention>
      <entity_mention ID="adige20040908_id405711-E16-5" TYPE="PRO" PRIMARY="false" METONYMY_MENTION="FALSE">
        <extent>
          <charseq START="1310" END="1318">spingerla</charseq>
        </extent>
        <head>
          <charseq START="1317" END="1318">la</charseq>
        </head>
      </entity_mention>
      <entity_mention ID="adige20040908_id405711-E16-7" TYPE="NAM" PRIMARY="false" METONYMY_MENTION="FALSE">
        <extent>
          <charseq START="2839" END="2852">l'Associazione</charseq>
        </extent>
        <head>
          <charseq START="2841" END="2852">Associazione</charseq>
        </head>
      </entity_mention>
      <entity_mention ID="adige20040908_id405711-E16-8" TYPE="NAM" PRIMARY="false" METONYMY_MENTION="FALSE">
        <extent>
          <charseq START="8" END="21">L'associazione</charseq>
        </extent>
        <head>
          <charseq START="10" END="21">associazione</charseq>
        </head>
      </entity_mention>
      <entity_mention ID="adige20040908_id405711-E16-9" TYPE="NAM" PRIMARY="false" METONYMY_MENTION="FALSE">
        <extent>
          <charseq START="82" END="112">Gli Artigiani nel « nuovo Itc »</charseq>
        </extent>
        <head>
          <charseq START="86" END="94">Artigiani</charseq>
        </head>
      </entity_mention>
      <entity_mention ID="adige20040908_id405711-E16-10" TYPE="NAM" PRIMARY="false" METONYMY_MENTION="FALSE">
        <extent>
          <charseq START="3476" END="3488">Assoartigiani</charseq>
        </extent>
        <head>
          <charseq START="3476" END="3488">Assoartigiani</charseq>
        </head>
      </entity_mention>
      <entity_attributes>
        <name NAME="Associazione">
          <charseq START="405" END="416">Associazione</charseq>
        </name>
        <name NAME="artigiani">
          <charseq START="194" END="202">artigiani</charseq>
        </name>
        <name NAME="Associazione">
          <charseq START="1290" END="1301">Associazione</charseq>
        </name>
        <name NAME="Associazione">
          <charseq START="2841" END="2852">Associazione</charseq>
        </name>
        <name NAME="associazione">
          <charseq START="10" END="21">associazione</charseq>
        </name>
        <name NAME="Artigiani">
          <charseq START="86" END="94">Artigiani</charseq>
        </name>
        <name NAME="Assoartigiani">
          <charseq START="3476" END="3488">Assoartigiani</charseq>
        </name>
      </entity_attributes>
    </entity>
    <entity ID="adige20040908_id405711-E17" TYPE="ORG" SUBTYPE="Government" CLASS="SPC">
      <entity_mention ID="adige20040908_id405711-E17-1" TYPE="NAM" PRIMARY="true" METONYMY_MENTION="FALSE">
        <extent>
          <charseq START="1534" END="1552">l'Azienda sanitaria</charseq>
        </extent>
        <head>
          <charseq START="1536" END="1552">Azienda sanitaria</charseq>
        </head>
      </entity_mention>
      <entity_attributes>
        <name NAME="Azienda sanitaria">
          <charseq START="1536" END="1552">Azienda sanitaria</charseq>
        </name>
      </entity_attributes>
    </entity>
    <entity ID="adige20040908_id405711-E18" TYPE="ORG" SUBTYPE="Commercial" CLASS="SPC">
      <entity_mention ID="adige20040908_id405711-E18-1" TYPE="NAM" PRIMARY="true" METONYMY_MENTION="FALSE">
        <extent>
          <charseq START="1560" END="1584">l'Agenzia per lo sviluppo</charseq>
        </extent>
        <head>
          <charseq START="1562" END="1584">Agenzia per lo sviluppo</charseq>
        </head>
      </entity_mention>
      <entity_attributes>
        <name NAME="Agenzia per lo sviluppo">
          <charseq START="1562" END="1584">Agenzia per lo sviluppo</charseq>
        </name>
      </entity_attributes>
    </entity>
    <entity ID="adige20040908_id405711-E19" TYPE="ORG" SUBTYPE="Non-Governmental" CLASS="SPC">
      <entity_mention ID="adige20040908_id405711-E19-1" TYPE="NOM" PRIMARY="true" METONYMY_MENTION="FALSE">
        <extent>
          <charseq START="1491" END="1505">gli industriali</charseq>
        </extent>
        <head>
          <charseq START="1495" END="1505">industriali</charseq>
        </head>
      </entity_mention>
    </entity>
    <entity ID="adige20040908_id405711-E20" TYPE="ORG" SUBTYPE="Commercial" CLASS="SPC">
      <entity_mention ID="adige20040908_id405711-E20-1" TYPE="NOM" PRIMARY="true" METONYMY_MENTION="FALSE">
        <extent>
          <charseq START="1513" END="1527">la cooperazione</charseq>
        </extent>
        <head>
          <charseq START="1516" END="1527">cooperazione</charseq>
        </head>
      </entity_mention>
    </entity>
    <entity ID="adige20040908_id405711-E21" TYPE="ORG" SUBTYPE="Non-Governmental" CLASS="SPC">
      <entity_mention ID="adige20040908_id405711-E21-1" TYPE="NOM" PRIMARY="true" METONYMY_MENTION="FALSE">
        <extent>
          <charseq START="1491" END="1584">gli industriali e con la cooperazione, con l'Azienda sanitaria e con l'Agenzia per lo sviluppo</charseq>
        </extent>
        <head>
          <charseq START="1491" END="1584">gli industriali e con la cooperazione, con l'Azienda sanitaria e con l'Agenzia per lo sviluppo</charseq>
        </head>
      </entity_mention>
    </entity>
    <entity ID="adige20040908_id405711-E22" TYPE="ORG" SUBTYPE="Commercial" CLASS="SPC">
      <entity_mention ID="adige20040908_id405711-E22-1" TYPE="NAM" PRIMARY="true" METONYMY_MENTION="FALSE">
        <extent>
          <charseq START="1965" END="1995">il CEii del quale l'Itc è socio</charseq>
        </extent>
        <head>
          <charseq START="1968" END="1971">CEii</charseq>
        </head>
      </entity_mention>
      <entity_mention ID="adige20040908_id405711-E22-2" TYPE="PRO" PRIMARY="false" METONYMY_MENTION="FALSE">
        <extent>
          <charseq START="1973" END="1981">del quale</charseq>
        </extent>
        <head>
          <charseq START="1977" END="1981">quale</charseq>
        </head>
      </entity_mention>
      <entity_mention ID="adige20040908_id405711-E22-3" TYPE="NOM" PRIMARY="false" METONYMY_MENTION="FALSE">
        <extent>
          <charseq START="2074" END="2117">la struttura adesso diretta da Renata Diazzi</charseq>
        </extent>
        <head>
          <charseq START="2077" END="2085">struttura</charseq>
        </head>
      </entity_mention>
      <entity_mention ID="adige20040908_id405711-E22-4" TYPE="NOM" PRIMARY="false" METONYMY_MENTION="FALSE">
        <extent>
          <charseq START="2053" END="2065">all'organismo</charseq>
        </extent>
        <head>
          <charseq START="2057" END="2065">organismo</charseq>
        </head>
      </entity_mention>
      <entity_attributes>
        <name NAME="CEii">
          <charseq START="1968" END="1971">CEii</charseq>
        </name>
      </entity_attributes>
    </entity>
    <entity ID="adige20040908_id405711-E23" TYPE="ORG" SUBTYPE="Educational" CLASS="SPC">
      <entity_mention ID="adige20040908_id405711-E23-1" TYPE="NAM" PRIMARY="true" METONYMY_MENTION="FALSE">
        <extent>
          <charseq START="2132" END="2156">dal Politecnico di Milano</charseq>
        </extent>
        <head>
          <charseq START="2136" END="2156">Politecnico di Milano</charseq>
        </head>
      </entity_mention>
      <entity_attributes>
        <name NAME="Politecnico di Milano">
          <charseq START="2136" END="2156">Politecnico di Milano</charseq>
        </name>
      </entity_attributes>
    </entity>
    <entity ID="adige20040908_id405711-E24" TYPE="ORG" SUBTYPE="Commercial" CLASS="SPC">
      <entity_mention ID="adige20040908_id405711-E24-1" TYPE="NOM" PRIMARY="true" METONYMY_MENTION="FALSE">
        <extent>
          <charseq START="2486" END="2506">nelle piccole imprese</charseq>
        </extent>
        <head>
          <charseq START="2500" END="2506">imprese</charseq>
        </head>
      </entity_mention>
      <entity_mention ID="adige20040908_id405711-E24-2" TYPE="NOM" PRIMARY="false" METONYMY_MENTION="FALSE">
        <extent>
          <charseq START="750" END="770">della piccola impresa</charseq>
        </extent>
        <head>
          <charseq START="764" END="770">impresa</charseq>
        </head>
      </entity_mention>
    </entity>
    <entity ID="adige20040908_id405711-E25" TYPE="ORG" SUBTYPE="Medical-Science" CLASS="SPC">
      <entity_mention ID="adige20040908_id405711-E25-1" TYPE="NAM" PRIMARY="true" METONYMY_MENTION="FALSE">
        <extent>
          <charseq START="2955" END="2992">Sistemi per il ragionamento automatico</charseq>
        </extent>
        <head>
          <charseq START="2955" END="2992">Sistemi per il ragionamento automatico</charseq>
        </head>
      </entity_mention>
      <entity_mention ID="adige20040908_id405711-E25-2" TYPE="NOM" PRIMARY="false" METONYMY_MENTION="FALSE">
        <extent>
          <charseq START="2939" END="2953">dalla divisione</charseq>
        </extent>
        <head>
          <charseq START="2945" END="2953">divisione</charseq>
        </head>
      </entity_mention>
      <entity_mention ID="adige20040908_id405711-E25-3" TYPE="NOM" PRIMARY="false" METONYMY_MENTION="FALSE">
        <extent>
          <charseq START="2939" END="2992">dalla divisione Sistemi per il ragionamento automatico</charseq>
        </extent>
        <head>
          <charseq START="2939" END="2992">dalla divisione Sistemi per il ragionamento automatico</charseq>
        </head>
      </entity_mention>
      <entity_attributes>
        <name NAME="Sistemi per il ragionamento automatico">
          <charseq START="2955" END="2992">Sistemi per il ragionamento automatico</charseq>
        </name>
      </entity_attributes>
    </entity>
  <entity ID="adige20040908_id405711-E31" TYPE="ORG" SUBTYPE="Commercial" CLASS="SPC">
      <entity_mention ID="adige20040908_id405711-E31-1" TYPE="NOM" PRIMARY="true" METONYMY_MENTION="FALSE">
        <extent>
          <charseq START="1804" END="1826">il consorzio di settore</charseq>
        </extent>
        <head>
          <charseq START="1807" END="1815">consorzio</charseq>
        </head>
      </entity_mention>
    </entity>
    <entity ID="adige20040908_id405711-E32" TYPE="ORG" SUBTYPE="Medical-Science" CLASS="SPC">
      <entity_mention ID="adige20040908_id405711-E32-1" TYPE="NAM" PRIMARY="true" METONYMY_MENTION="FALSE">
        <extent>
          <charseq START="2768" END="2779">all'Itc/Irst</charseq>
        </extent>
        <head>
          <charseq START="2772" END="2779">Itc/Irst</charseq>
        </head>
      </entity_mention>
      <entity_mention ID="adige20040908_id405711-E32-2" TYPE="NAM" PRIMARY="false" METONYMY_MENTION="FALSE">
        <extent>
          <charseq START="829" END="942">l'Irst, accusato più volte in passato di occuparsi assai poco delle ricadute della propria attività sul territorio</charseq>
        </extent>
        <head>
          <charseq START="831" END="834">Irst</charseq>
        </head>
      </entity_mention>
      <entity_mention ID="adige20040908_id405711-E32-3" TYPE="NOM" PRIMARY="false" METONYMY_MENTION="FALSE">
        <extent>
          <charseq START="775" END="827">il più importante istituto di ricerca della provincia</charseq>
        </extent>
        <head>
          <charseq START="793" END="800">istituto</charseq>
        </head>
      </entity_mention>
      <entity_mention ID="adige20040908_id405711-E32-4" TYPE="NOM" PRIMARY="false" METONYMY_MENTION="FALSE">
        <extent>
          <charseq START="775" END="942">il più importante istituto di ricerca della provincia l'Irst, accusato più volte in passato di occuparsi assai poco delle ricadute della propria attività sul territorio</charseq>
        </extent>
        <head>
          <charseq START="775" END="942">il più importante istituto di ricerca della provincia l'Irst, accusato più volte in passato di occuparsi assai poco delle ricadute della propria attività sul territorio</charseq>
        </head>
      </entity_mention>
      <entity_mention ID="adige20040908_id405711-E32-5" TYPE="PRO" PRIMARY="false" METONYMY_MENTION="FALSE">
        <extent>
          <charseq START="912" END="918">propria</charseq>
        </extent>
        <head>
          <charseq START="912" END="918">propria</charseq>
        </head>
      </entity_mention>
      <entity_mention ID="adige20040908_id405711-E32-6" TYPE="NAM" PRIMARY="false" METONYMY_MENTION="FALSE">
        <extent>
          <charseq START="2536" END="2543">Itc/Irst</charseq>
        </extent>
        <head>
          <charseq START="2536" END="2543">Itc/Irst</charseq>
        </head>
      </entity_mention>
      <entity_attributes>
        <name NAME="Itc/Irst">
          <charseq START="2772" END="2779">Itc/Irst</charseq>
        </name>
        <name NAME="Irst">
          <charseq START="831" END="834">Irst</charseq>
        </name>
        <name NAME="Itc/Irst">
          <charseq START="2536" END="2543">Itc/Irst</charseq>
        </name>
      </entity_attributes>
    </entity>
    <entity ID="adige20040908_id405711-E33" TYPE="GPE" SUBTYPE="Population-Center" CLASS="SPC">
      <entity_mention ID="adige20040908_id405711-E33-2" TYPE="NAM" PRIMARY="true" ROLE="LOC" METONYMY_MENTION="FALSE">
        <extent>
          <charseq START="181" END="186">TRENTO</charseq>
        </extent>
        <head>
          <charseq START="181" END="186">TRENTO</charseq>
        </head>
      </entity_mention>
      <entity_attributes>
        <name NAME="TRENTO">
          <charseq START="181" END="186">TRENTO</charseq>
        </name>
      </entity_attributes>
    </entity>
    <entity ID="adige20040908_id405711-E34" TYPE="GPE" SUBTYPE="State-or-Province" CLASS="SPC">
      <entity_mention ID="adige20040908_id405711-E34-2" TYPE="NAM" PRIMARY="true" ROLE="GPE" METONYMY_MENTION="FALSE">
        <extent>
          <charseq START="1429" END="1436">trentina</charseq>
        </extent>
        <head>
          <charseq START="1429" END="1436">trentina</charseq>
        </head>
      </entity_mention>
      <entity_mention ID="adige20040908_id405711-E34-4" TYPE="NAM" PRIMARY="false" ROLE="GPE" METONYMY_MENTION="FALSE">
        <extent>
          <charseq START="813" END="827">della provincia</charseq>
        </extent>
        <head>
          <charseq START="819" END="827">provincia</charseq>
        </head>
      </entity_mention>
      <entity_mention ID="adige20040908_id405711-E34-6" TYPE="NAM" PRIMARY="false" ROLE="GPE" METONYMY_MENTION="FALSE">
        <extent>
          <charseq START="3549" END="3556">Trentino</charseq>
        </extent>
        <head>
          <charseq START="3549" END="3556">Trentino</charseq>
        </head>
      </entity_mention>
      <entity_mention ID="adige20040908_id405711-E34-8" TYPE="NOM" PRIMARY="false" ROLE="PER" METONYMY_MENTION="FALSE">
        <extent>
          <charseq START="1414" END="1436">dalla comunità trentina</charseq>
        </extent>
        <head>
          <charseq START="1420" END="1427">comunità</charseq>
        </head>
      </entity_mention>
      <entity_mention ID="adige20040908_id405711-E34-10" TYPE="NOM" PRIMARY="false" ROLE="LOC" METONYMY_MENTION="FALSE">
        <extent>
          <charseq START="929" END="942">sul territorio</charseq>
        </extent>
        <head>
          <charseq START="933" END="942">territorio</charseq>
        </head>
      </entity_mention>
      <entity_attributes>
        <name NAME="provincia">
          <charseq START="819" END="827">provincia</charseq>
        </name>
        <name NAME="Trentino">
          <charseq START="3549" END="3556">Trentino</charseq>
        </name>
      </entity_attributes>
    </entity>
    <entity ID="adige20040908_id405711-E35" TYPE="LOC" SUBTYPE="Address" CLASS="SPC">
      <entity_mention ID="adige20040908_id405711-E35-1" TYPE="NAM" PRIMARY="true" METONYMY_MENTION="FALSE">
        <extent>
          <charseq START="421" END="432">via Brennero</charseq>
        </extent>
        <head>
          <charseq START="421" END="432">via Brennero</charseq>
        </head>
      </entity_mention>
      <entity_mention ID="adige20040908_id405711-E35-2" TYPE="NAM" PRIMARY="false" METONYMY_MENTION="FALSE">
        <extent>
          <charseq START="2858" END="2869">via Brennero</charseq>
        </extent>
        <head>
          <charseq START="2858" END="2869">via Brennero</charseq>
        </head>
      </entity_mention>
      <entity_attributes>
        <name NAME="via Brennero">
          <charseq START="421" END="432">via Brennero</charseq>
        </name>
        <name NAME="via Brennero">
          <charseq START="2858" END="2869">via Brennero</charseq>
        </name>
      </entity_attributes>
    </entity>
  </document>
</source_file>
