<?xml version="1.0" encoding="UTF-8"?>
<!DOCTYPE source_file PUBLIC "SYSTEM" "apf.v5.2.0.dtd">

<source_file URI="adige20040908_id405871.txt" SOURCE="unknown" TYPE="text" VERSION="5.0" AUTHOR="Evalita" ENCODING="UTF-8">
  <document DOCID="adige20040908_id405871">
    <entity ID="adige20040908_id405871-E1" TYPE="PER" SUBTYPE="Group" CLASS="SPC">
      <entity_mention ID="adige20040908_id405871-E1-1" TYPE="NOM" PRIMARY="true" METONYMY_MENTION="FALSE">
        <extent>
          <charseq START="169" END="175">arbitri</charseq>
        </extent>
        <head>
          <charseq START="169" END="175">arbitri</charseq>
        </head>
      </entity_mention>
    </entity>
    <entity ID="adige20040908_id405871-E2" TYPE="PER" SUBTYPE="Group" CLASS="SPC">
      <entity_mention ID="adige20040908_id405871-E2-1" TYPE="NOM" PRIMARY="true" METONYMY_MENTION="FALSE">
        <extent>
          <charseq START="178" END="187">assistenti</charseq>
        </extent>
        <head>
          <charseq START="178" END="187">assistenti</charseq>
        </head>
      </entity_mention>
    </entity>
    <entity ID="adige20040908_id405871-E3" TYPE="PER" SUBTYPE="Group" CLASS="SPC">
      <entity_mention ID="adige20040908_id405871-E3-1" TYPE="NOM" PRIMARY="true" METONYMY_MENTION="FALSE">
        <extent>
          <charseq START="191" END="201">osservatori</charseq>
        </extent>
        <head>
          <charseq START="191" END="201">osservatori</charseq>
        </head>
      </entity_mention>
    </entity>
    <entity ID="adige20040908_id405871-E4" TYPE="PER" SUBTYPE="Group" CLASS="SPC">
      <entity_mention ID="adige20040908_id405871-E4-1" TYPE="NOM" PRIMARY="true" METONYMY_MENTION="FALSE">
        <extent>
          <charseq START="169" END="244">arbitri, assistenti e osservatori del Comitato Regionale Trentino Alto Adige</charseq>
        </extent>
        <head>
          <charseq START="169" END="244">arbitri, assistenti e osservatori del Comitato Regionale Trentino Alto Adige</charseq>
        </head>
      </entity_mention>
    </entity>
    <entity ID="adige20040908_id405871-E5" TYPE="PER" SUBTYPE="Group" CLASS="GEN">
      <entity_mention ID="adige20040908_id405871-E5-1" TYPE="NOM" PRIMARY="true" METONYMY_MENTION="FALSE">
        <extent>
          <charseq START="433" END="439">arbitri</charseq>
        </extent>
        <head>
          <charseq START="433" END="439">arbitri</charseq>
        </head>
      </entity_mention>
      <entity_mention ID="adige20040908_id405871-E5-2" TYPE="NOM" PRIMARY="false" METONYMY_MENTION="FALSE">
        <extent>
          <charseq START="505" END="511">arbitri</charseq>
        </extent>
        <head>
          <charseq START="505" END="511">arbitri</charseq>
        </head>
      </entity_mention>
      <entity_mention ID="adige20040908_id405871-E5-3" TYPE="NOM" PRIMARY="false" METONYMY_MENTION="FALSE">
        <extent>
          <charseq START="0" END="6">ARBITRI</charseq>
        </extent>
        <head>
          <charseq START="0" END="6">ARBITRI</charseq>
        </head>
      </entity_mention>
    </entity>
    <entity ID="adige20040908_id405871-E6" TYPE="PER" SUBTYPE="Indefinite" CLASS="USP">
      <entity_mention ID="adige20040908_id405871-E6-1" TYPE="PRO" PRIMARY="true" METONYMY_MENTION="FALSE">
        <extent>
          <charseq START="557" END="558">si</charseq>
        </extent>
        <head>
          <charseq START="557" END="558">si</charseq>
        </head>
      </entity_mention>
    </entity>
    <entity ID="adige20040908_id405871-E7" TYPE="PER" SUBTYPE="Individual" CLASS="SPC">
      <entity_mention ID="adige20040908_id405871-E7-1" TYPE="NAM" PRIMARY="true" METONYMY_MENTION="FALSE">
        <extent>
          <charseq START="678" END="689">Denis Salati</charseq>
        </extent>
        <head>
          <charseq START="678" END="689">Denis Salati</charseq>
        </head>
      </entity_mention>
      <entity_mention ID="adige20040908_id405871-E7-2" TYPE="NOM" PRIMARY="false" METONYMY_MENTION="FALSE">
        <extent>
          <charseq START="692" END="719">arbitro militante in serie C</charseq>
        </extent>
        <head>
          <charseq START="692" END="698">arbitro</charseq>
        </head>
      </entity_mention>
      <entity_mention ID="adige20040908_id405871-E7-3" TYPE="NAM" PRIMARY="false" METONYMY_MENTION="FALSE">
        <extent>
          <charseq START="678" END="719">Denis Salati, arbitro militante in serie C</charseq>
        </extent>
        <head>
          <charseq START="678" END="719">Denis Salati, arbitro militante in serie C</charseq>
        </head>
      </entity_mention>
      <entity_attributes>
        <name NAME="Denis Salati">
          <charseq START="678" END="689">Denis Salati</charseq>
        </name>
        <name NAME="Denis Salati, arbitro militante in serie C">
          <charseq START="678" END="719">Denis Salati, arbitro militante in serie C</charseq>
        </name>
      </entity_attributes>
    </entity>
    <entity ID="adige20040908_id405871-E8" TYPE="PER" SUBTYPE="Group" CLASS="USP">
      <entity_mention ID="adige20040908_id405871-E8-1" TYPE="NOM" PRIMARY="true" METONYMY_MENTION="FALSE">
        <extent>
          <charseq START="874" END="889">Ai nuovi arbitri</charseq>
        </extent>
        <head>
          <charseq START="883" END="889">arbitri</charseq>
        </head>
      </entity_mention>
    </entity>
    <entity ID="adige20040908_id405871-E9" TYPE="PER" SUBTYPE="Individual" CLASS="SPC">
      <entity_mention ID="adige20040908_id405871-E9-1" TYPE="NAM" PRIMARY="true" METONYMY_MENTION="FALSE">
        <extent>
          <charseq START="1110" END="1116">Fr. Lo.</charseq>
        </extent>
        <head>
          <charseq START="1110" END="1116">Fr. Lo.</charseq>
        </head>
      </entity_mention>
      <entity_attributes>
        <name NAME="Fr. Lo.">
          <charseq START="1110" END="1116">Fr. Lo.</charseq>
        </name>
      </entity_attributes>
    </entity>
    <entity ID="adige20040908_id405871-E10" TYPE="ORG" SUBTYPE="Sports" CLASS="SPC">
      <entity_mention ID="adige20040908_id405871-E10-1" TYPE="NAM" PRIMARY="true" METONYMY_MENTION="FALSE">
        <extent>
          <charseq START="203" END="244">del Comitato Regionale Trentino Alto Adige</charseq>
        </extent>
        <head>
          <charseq START="207" END="244">Comitato Regionale Trentino Alto Adige</charseq>
        </head>
      </entity_mention>
      <entity_attributes>
        <name NAME="Comitato Regionale Trentino Alto Adige">
          <charseq START="207" END="244">Comitato Regionale Trentino Alto Adige</charseq>
        </name>
      </entity_attributes>
    </entity>
    <entity ID="adige20040908_id405871-E11" TYPE="GPE" SUBTYPE="Population-Center" CLASS="SPC">
      <entity_mention ID="adige20040908_id405871-E11-1" TYPE="NAM" PRIMARY="true" ROLE="LOC" METONYMY_MENTION="FALSE">
        <extent>
          <charseq START="66" END="71">TRENTO</charseq>
        </extent>
        <head>
          <charseq START="66" END="71">TRENTO</charseq>
        </head>
      </entity_mention>
      <entity_mention ID="adige20040908_id405871-E11-2" TYPE="NAM" PRIMARY="false" ROLE="GPE" METONYMY_MENTION="FALSE">
        <extent>
          <charseq START="444" END="449">Trento</charseq>
        </extent>
        <head>
          <charseq START="444" END="449">Trento</charseq>
        </head>
      </entity_mention>
      <entity_mention ID="adige20040908_id405871-E11-3" TYPE="NAM" PRIMARY="false" ROLE="GPE" METONYMY_MENTION="FALSE">
        <extent>
          <charseq START="615" END="620">Trento</charseq>
        </extent>
        <head>
          <charseq START="615" END="620">Trento</charseq>
        </head>
      </entity_mention>
      <entity_mention ID="adige20040908_id405871-E11-4" TYPE="NAM" PRIMARY="false" ROLE="LOC" METONYMY_MENTION="FALSE">
        <extent>
          <charseq START="17" END="22">Trento</charseq>
        </extent>
        <head>
          <charseq START="17" END="22">Trento</charseq>
        </head>
      </entity_mention>
      <entity_attributes>
        <name NAME="TRENTO">
          <charseq START="66" END="71">TRENTO</charseq>
        </name>
        <name NAME="Trento">
          <charseq START="444" END="449">Trento</charseq>
        </name>
        <name NAME="Trento">
          <charseq START="615" END="620">Trento</charseq>
        </name>
        <name NAME="Trento">
          <charseq START="17" END="22">Trento</charseq>
        </name>
      </entity_attributes>
    </entity>
    <entity ID="adige20040908_id405871-E12" TYPE="GPE" SUBTYPE="County-or-District" CLASS="SPC">
      <entity_mention ID="adige20040908_id405871-E12-1" TYPE="NAM" PRIMARY="true" ROLE="LOC" METONYMY_MENTION="FALSE">
        <extent>
          <charseq START="77" END="82">Carano</charseq>
        </extent>
        <head>
          <charseq START="77" END="82">Carano</charseq>
        </head>
      </entity_mention>
      <entity_mention ID="adige20040908_id405871-E12-2" TYPE="NAM" PRIMARY="false" ROLE="LOC" METONYMY_MENTION="FALSE">
        <extent>
          <charseq START="36" END="41">Carano</charseq>
        </extent>
        <head>
          <charseq START="36" END="41">Carano</charseq>
        </head>
      </entity_mention>
      <entity_mention ID="adige20040908_id405871-E12-3" TYPE="NOM" PRIMARY="false" METONYMY_MENTION="FALSE">
        <extent>
          <charseq START="85" END="108">comune vicino a Cavalese</charseq>
        </extent>
        <head>
          <charseq START="85" END="90">comune</charseq>
        </head>
      </entity_mention>
      <entity_mention ID="adige20040908_id405871-E12-4" TYPE="NAM" PRIMARY="false" METONYMY_MENTION="FALSE">
        <extent>
          <charseq START="77" END="108">Carano, comune vicino a Cavalese</charseq>
        </extent>
        <head>
          <charseq START="77" END="108">Carano, comune vicino a Cavalese</charseq>
        </head>
      </entity_mention>
      <entity_attributes>
        <name NAME="Carano">
          <charseq START="77" END="82">Carano</charseq>
        </name>
        <name NAME="Carano">
          <charseq START="36" END="41">Carano</charseq>
        </name>
        <name NAME="Carano, comune vicino a Cavalese">
          <charseq START="77" END="108">Carano, comune vicino a Cavalese</charseq>
        </name>
      </entity_attributes>
    </entity>
    <entity ID="adige20040908_id405871-E13" TYPE="GPE" SUBTYPE="Population-Center" CLASS="SPC">
      <entity_mention ID="adige20040908_id405871-E13-1" TYPE="NAM" PRIMARY="true" ROLE="LOC" METONYMY_MENTION="FALSE">
        <extent>
          <charseq START="101" END="108">Cavalese</charseq>
        </extent>
        <head>
          <charseq START="101" END="108">Cavalese</charseq>
        </head>
      </entity_mention>
      <entity_mention ID="adige20040908_id405871-E13-2" TYPE="NAM" PRIMARY="false" ROLE="GPE" METONYMY_MENTION="FALSE">
        <extent>
          <charseq START="342" END="349">Cavalese</charseq>
        </extent>
        <head>
          <charseq START="342" END="349">Cavalese</charseq>
        </head>
      </entity_mention>
      <entity_mention ID="adige20040908_id405871-E13-3" TYPE="NAM" PRIMARY="false" ROLE="GPE" METONYMY_MENTION="FALSE">
        <extent>
          <charseq START="412" END="419">Cavalese</charseq>
        </extent>
        <head>
          <charseq START="412" END="419">Cavalese</charseq>
        </head>
      </entity_mention>
      <entity_attributes>
        <name NAME="Cavalese">
          <charseq START="101" END="108">Cavalese</charseq>
        </name>
        <name NAME="Cavalese">
          <charseq START="342" END="349">Cavalese</charseq>
        </name>
        <name NAME="Cavalese">
          <charseq START="412" END="419">Cavalese</charseq>
        </name>
      </entity_attributes>
    </entity>
    <entity ID="adige20040908_id405871-E15" TYPE="GPE" SUBTYPE="Nation" CLASS="SPC">
      <entity_mention ID="adige20040908_id405871-E15-1" TYPE="NAM" PRIMARY="true" ROLE="GPE" METONYMY_MENTION="FALSE">
        <extent>
          <charseq START="1026" END="1031">Italia</charseq>
        </extent>
        <head>
          <charseq START="1026" END="1031">Italia</charseq>
        </head>
      </entity_mention>
      <entity_attributes>
        <name NAME="Italia">
          <charseq START="1026" END="1031">Italia</charseq>
        </name>
      </entity_attributes>
    </entity>
    <entity ID="adige20040908_id405871-E16" TYPE="LOC" SUBTYPE="Address" CLASS="SPC">
      <entity_mention ID="adige20040908_id405871-E16-1" TYPE="NAM" PRIMARY="true" METONYMY_MENTION="FALSE">
        <extent>
          <charseq START="625" END="639">via Muredei, 76</charseq>
        </extent>
        <head>
          <charseq START="625" END="635">via Muredei</charseq>
        </head>
      </entity_mention>
      <entity_attributes>
        <name NAME="via Muredei">
          <charseq START="625" END="635">via Muredei</charseq>
        </name>
      </entity_attributes>
    </entity>
    <entity ID="adige20040908_id405871-E17" TYPE="ORG" SUBTYPE="Sports" CLASS="SPC">
      <entity_mention ID="adige20040908_id405871-E17-1" TYPE="NAM" PRIMARY="true" METONYMY_MENTION="FALSE">
        <extent>
          <charseq START="713" END="719">serie C</charseq>
        </extent>
        <head>
          <charseq START="713" END="719">serie C</charseq>
        </head>
      </entity_mention>
      <entity_attributes>
        <name NAME="serie C">
          <charseq START="713" END="719">serie C</charseq>
        </name>
      </entity_attributes>
    </entity>
  </document>
</source_file>
