<?xml version="1.0" encoding="UTF-8"?>
<!DOCTYPE source_file PUBLIC "SYSTEM" "apf.v5.2.0.dtd">

<source_file URI="adige20040908_id405852.txt" SOURCE="unknown" TYPE="text" VERSION="5.0" AUTHOR="Evalita" ENCODING="UTF-8">
  <document DOCID="adige20040908_id405852">
    <entity ID="adige20040908_id405852-E1" TYPE="PER" SUBTYPE="Individual" CLASS="SPC">
      <entity_mention ID="adige20040908_id405852-E1-2" TYPE="NAM" PRIMARY="true" METONYMY_MENTION="FALSE">
        <extent>
          <charseq START="41" END="47">Tovazzi</charseq>
        </extent>
        <head>
          <charseq START="41" END="47">Tovazzi</charseq>
        </head>
      </entity_mention>
      <entity_attributes>
        <name NAME="Tovazzi">
          <charseq START="41" END="47">Tovazzi</charseq>
        </name>
      </entity_attributes>
    </entity>
    <entity ID="adige20040908_id405852-E2" TYPE="PER" SUBTYPE="Individual" CLASS="SPC">
      <entity_mention ID="adige20040908_id405852-E2-2" TYPE="NAM" PRIMARY="true" METONYMY_MENTION="FALSE">
        <extent>
          <charseq START="50" END="54">Lenzi</charseq>
        </extent>
        <head>
          <charseq START="50" END="54">Lenzi</charseq>
        </head>
      </entity_mention>
      <entity_attributes>
        <name NAME="Lenzi">
          <charseq START="50" END="54">Lenzi</charseq>
        </name>
      </entity_attributes>
    </entity>
    <entity ID="adige20040908_id405852-E3" TYPE="PER" SUBTYPE="Individual" CLASS="SPC">
      <entity_mention ID="adige20040908_id405852-E3-2" TYPE="NAM" PRIMARY="true" METONYMY_MENTION="FALSE">
        <extent>
          <charseq START="57" END="64">Vanzetta</charseq>
        </extent>
        <head>
          <charseq START="57" END="64">Vanzetta</charseq>
        </head>
      </entity_mention>
      <entity_attributes>
        <name NAME="Vanzetta">
          <charseq START="57" END="64">Vanzetta</charseq>
        </name>
      </entity_attributes>
    </entity>
    <entity ID="adige20040908_id405852-E4" TYPE="PER" SUBTYPE="Individual" CLASS="SPC">
      <entity_mention ID="adige20040908_id405852-E4-2" TYPE="NAM" PRIMARY="true" METONYMY_MENTION="FALSE">
        <extent>
          <charseq START="68" END="78">Petruccelli</charseq>
        </extent>
        <head>
          <charseq START="68" END="78">Petruccelli</charseq>
        </head>
      </entity_mention>
      <entity_attributes>
        <name NAME="Petruccelli">
          <charseq START="68" END="78">Petruccelli</charseq>
        </name>
      </entity_attributes>
    </entity>
    <entity ID="adige20040908_id405852-E5" TYPE="PER" SUBTYPE="Group" CLASS="SPC">
      <entity_mention ID="adige20040908_id405852-E5-2" TYPE="NAM" PRIMARY="true" METONYMY_MENTION="FALSE">
        <extent>
          <charseq START="41" END="78">Tovazzi, Lenzi, Vanzetta e Petruccelli</charseq>
        </extent>
        <head>
          <charseq START="41" END="78">Tovazzi, Lenzi, Vanzetta e Petruccelli</charseq>
        </head>
      </entity_mention>
      <entity_mention ID="adige20040908_id405852-E5-4" TYPE="NOM" PRIMARY="false" METONYMY_MENTION="FALSE">
        <extent>
          <charseq START="28" END="39">i numeri uno</charseq>
        </extent>
        <head>
          <charseq START="37" END="39">uno</charseq>
        </head>
      </entity_mention>
      <entity_mention ID="adige20040908_id405852-E5-6" TYPE="NOM" PRIMARY="false" METONYMY_MENTION="FALSE">
        <extent>
          <charseq START="28" END="78">i numeri uno Tovazzi, Lenzi, Vanzetta e Petruccelli</charseq>
        </extent>
        <head>
          <charseq START="28" END="78">i numeri uno Tovazzi, Lenzi, Vanzetta e Petruccelli</charseq>
        </head>
      </entity_mention>
      <entity_attributes>
        <name NAME="Tovazzi, Lenzi, Vanzetta e Petruccelli">
          <charseq START="41" END="78">Tovazzi, Lenzi, Vanzetta e Petruccelli</charseq>
        </name>
      </entity_attributes>
    </entity>
    <entity ID="adige20040908_id405852-E6" TYPE="PER" SUBTYPE="Group" CLASS="GEN">
      <entity_mention ID="adige20040908_id405852-E6-2" TYPE="NOM" PRIMARY="true" METONYMY_MENTION="FALSE">
        <extent>
          <charseq START="2" END="9">PORTIERI</charseq>
        </extent>
        <head>
          <charseq START="2" END="9">PORTIERI</charseq>
        </head>
      </entity_mention>
    </entity>
  </document>
</source_file>
