<?xml version="1.0" encoding="UTF-8"?>
<!DOCTYPE source_file PUBLIC "SYSTEM" "apf.v5.2.0.dtd">

<source_file URI="adige20040908_id405875.txt" SOURCE="unknown" TYPE="text" VERSION="5.0" AUTHOR="Evalita" ENCODING="UTF-8">
  <document DOCID="adige20040908_id405875">
    <entity ID="adige20040908_id405875-E2" TYPE="PER" SUBTYPE="Individual" CLASS="SPC">
      <entity_mention ID="adige20040908_id405875-E2-2" TYPE="NAM" PRIMARY="true" METONYMY_MENTION="FALSE">
        <extent>
          <charseq START="311" END="324">Andres Santori</charseq>
        </extent>
        <head>
          <charseq START="311" END="324">Andres Santori</charseq>
        </head>
      </entity_mention>
      <entity_mention ID="adige20040908_id405875-E2-4" TYPE="NOM" PRIMARY="false" METONYMY_MENTION="FALSE">
        <extent>
          <charseq START="519" END="600">Il nuovo giocatore, che va a completare il roster della squadra di coach Gabrielli</charseq>
        </extent>
        <head>
          <charseq START="528" END="536">giocatore</charseq>
        </head>
      </entity_mention>
      <entity_mention ID="adige20040908_id405875-E2-6" TYPE="PRO" PRIMARY="false" METONYMY_MENTION="FALSE">
        <extent>
          <charseq START="539" END="541">che</charseq>
        </extent>
        <head>
          <charseq START="539" END="541">che</charseq>
        </head>
      </entity_mention>
      <entity_mention ID="adige20040908_id405875-E2-8" TYPE="NOM" PRIMARY="false" METONYMY_MENTION="FALSE">
        <extent>
          <charseq START="236" END="260">il play-maker che cercava</charseq>
        </extent>
        <head>
          <charseq START="239" END="248">play-maker</charseq>
        </head>
      </entity_mention>
      <entity_mention ID="adige20040908_id405875-E2-10" TYPE="NOM" PRIMARY="false" METONYMY_MENTION="FALSE">
        <extent>
          <charseq START="38" END="74">del 20enne play-maker italo-argentino</charseq>
        </extent>
        <head>
          <charseq START="49" END="58">play-maker</charseq>
        </head>
      </entity_mention>
      <entity_mention ID="adige20040908_id405875-E2-14" TYPE="NOM" PRIMARY="false" METONYMY_MENTION="FALSE">
        <extent>
          <charseq START="273" END="309">dell'argentino di passaporto italiano</charseq>
        </extent>
        <head>
          <charseq START="278" END="286">argentino</charseq>
        </head>
      </entity_mention>
      <entity_mention ID="adige20040908_id405875-E2-16" TYPE="NOM" PRIMARY="false" METONYMY_MENTION="FALSE">
        <extent>
          <charseq START="273" END="459">dell'argentino di passaporto italiano Andres Santori, classe '84, 182 cm, sbarcato in Italia nel gennaio di quest'anno, giocando mezza stagione a Fabriano in C2 segnando 14 punti di media</charseq>
        </extent>
        <head>
          <charseq START="273" END="324">dell'argentino di passaporto italiano Andres Santori</charseq>
        </head>
      </entity_mention>
      <entity_mention ID="adige20040908_id405875-E2-18" TYPE="NAM" PRIMARY="false" METONYMY_MENTION="FALSE">
        <extent>
          <charseq START="108" END="161">Il « gaugho » Andres Santori per la Virtus Gardascuola</charseq>
        </extent>
        <head>
          <charseq START="122" END="135">Andres Santori</charseq>
        </head>
      </entity_mention>
      <entity_mention ID="adige20040908_id405875-E2-22" TYPE="PRO" PRIMARY="false" METONYMY_MENTION="FALSE">
        <extent>
          <charseq START="250" END="252">che</charseq>
        </extent>
        <head>
          <charseq START="250" END="252">che</charseq>
        </head>
      </entity_mention>
      <entity_attributes>
        <name NAME="Andres Santori">
          <charseq START="311" END="324">Andres Santori</charseq>
        </name>
        <name NAME="Andres Santori">
          <charseq START="122" END="135">Andres Santori</charseq>
        </name>
      </entity_attributes>
    </entity>
    <entity ID="adige20040908_id405875-E3" TYPE="PER" SUBTYPE="Individual" CLASS="SPC">
      <entity_mention ID="adige20040908_id405875-E3-2" TYPE="NAM" PRIMARY="true" METONYMY_MENTION="FALSE">
        <extent>
          <charseq START="592" END="600">Gabrielli</charseq>
        </extent>
        <head>
          <charseq START="592" END="600">Gabrielli</charseq>
        </head>
      </entity_mention>
      <entity_mention ID="adige20040908_id405875-E3-4" TYPE="NOM" PRIMARY="false" METONYMY_MENTION="FALSE">
        <extent>
          <charseq START="586" END="590">coach</charseq>
        </extent>
        <head>
          <charseq START="586" END="590">coach</charseq>
        </head>
      </entity_mention>
      <entity_mention ID="adige20040908_id405875-E3-6" TYPE="NOM" PRIMARY="false" METONYMY_MENTION="FALSE">
        <extent>
          <charseq START="586" END="600">coach Gabrielli</charseq>
        </extent>
        <head>
          <charseq START="586" END="600">coach Gabrielli</charseq>
        </head>
      </entity_mention>
      <entity_attributes>
        <name NAME="Gabrielli">
          <charseq START="592" END="600">Gabrielli</charseq>
        </name>
      </entity_attributes>
    </entity>
    <entity ID="adige20040908_id405875-E4" TYPE="PER" SUBTYPE="Individual" CLASS="SPC">
      <entity_mention ID="adige20040908_id405875-E4-2" TYPE="NAM" PRIMARY="true" METONYMY_MENTION="FALSE">
        <extent>
          <charseq START="691" END="706">Walter Bobicchio</charseq>
        </extent>
        <head>
          <charseq START="691" END="706">Walter Bobicchio</charseq>
        </head>
      </entity_mention>
      <entity_mention ID="adige20040908_id405875-E4-4" TYPE="NAM" PRIMARY="false" METONYMY_MENTION="FALSE">
        <extent>
          <charseq START="805" END="824">il popolare « Bobo »</charseq>
        </extent>
        <head>
          <charseq START="819" END="822">Bobo</charseq>
        </head>
      </entity_mention>
      <entity_attributes>
        <name NAME="Walter Bobicchio">
          <charseq START="691" END="706">Walter Bobicchio</charseq>
        </name>
        <name NAME="Bobo">
          <charseq START="819" END="822">Bobo</charseq>
        </name>
      </entity_attributes>
    </entity>
    <entity ID="adige20040908_id405875-E5" TYPE="PER" SUBTYPE="Group" CLASS="SPC">
      <entity_mention ID="adige20040908_id405875-E5-2" TYPE="NOM" PRIMARY="true" METONYMY_MENTION="FALSE">
        <extent>
          <charseq START="755" END="763">il gruppo</charseq>
        </extent>
        <head>
          <charseq START="758" END="763">gruppo</charseq>
        </head>
      </entity_mention>
    </entity>
    <entity ID="adige20040908_id405875-E6" TYPE="PER" SUBTYPE="Individual" CLASS="SPC">
      <entity_mention ID="adige20040908_id405875-E6-2" TYPE="NAM" PRIMARY="true" METONYMY_MENTION="FALSE">
        <extent>
          <charseq START="1261" END="1265">G. L.</charseq>
        </extent>
        <head>
          <charseq START="1261" END="1265">G. L.</charseq>
        </head>
      </entity_mention>
      <entity_attributes>
        <name NAME="G. L.">
          <charseq START="1261" END="1265">G. L.</charseq>
        </name>
      </entity_attributes>
    </entity>
    <entity ID="adige20040908_id405875-E7" TYPE="ORG" SUBTYPE="Sports" CLASS="SPC">
      <entity_mention ID="adige20040908_id405875-E7-1" TYPE="NAM" PRIMARY="true" METONYMY_MENTION="FALSE">
        <extent>
          <charseq START="203" END="223">la Virtus Gardascuola</charseq>
        </extent>
        <head>
          <charseq START="206" END="223">Virtus Gardascuola</charseq>
        </head>
      </entity_mention>
      <entity_mention ID="adige20040908_id405875-E7-2" TYPE="NAM" PRIMARY="false" METONYMY_MENTION="FALSE">
        <extent>
          <charseq START="466" END="474">la Virtus</charseq>
        </extent>
        <head>
          <charseq START="469" END="474">Virtus</charseq>
        </head>
      </entity_mention>
      <entity_mention ID="adige20040908_id405875-E7-3" TYPE="NOM" PRIMARY="false" METONYMY_MENTION="FALSE">
        <extent>
          <charseq START="569" END="581">della squadra</charseq>
        </extent>
        <head>
          <charseq START="575" END="581">squadra</charseq>
        </head>
      </entity_mention>
      <entity_mention ID="adige20040908_id405875-E7-4" TYPE="NAM" PRIMARY="false" METONYMY_MENTION="FALSE">
        <extent>
          <charseq START="141" END="161">la Virtus Gardascuola</charseq>
        </extent>
        <head>
          <charseq START="144" END="161">Virtus Gardascuola</charseq>
        </head>
      </entity_mention>
      <entity_attributes>
        <name NAME="Virtus Gardascuola">
          <charseq START="206" END="223">Virtus Gardascuola</charseq>
        </name>
        <name NAME="Virtus">
          <charseq START="469" END="474">Virtus</charseq>
        </name>
        <name NAME="Virtus Gardascuola">
          <charseq START="144" END="161">Virtus Gardascuola</charseq>
        </name>
      </entity_attributes>
    </entity>
    <entity ID="adige20040908_id405875-E8" TYPE="ORG" SUBTYPE="Sports" CLASS="SPC">
      <entity_mention ID="adige20040908_id405875-E8-1" TYPE="NAM" PRIMARY="true" METONYMY_MENTION="FALSE">
        <extent>
          <charseq START="431" END="432">C2</charseq>
        </extent>
        <head>
          <charseq START="431" END="432">C2</charseq>
        </head>
      </entity_mention>
      <entity_mention ID="adige20040908_id405875-E8-2" TYPE="NAM" PRIMARY="false" METONYMY_MENTION="FALSE">
        <extent>
          <charseq START="7" END="8">C2</charseq>
        </extent>
        <head>
          <charseq START="7" END="8">C2</charseq>
        </head>
      </entity_mention>
      <entity_attributes>
        <name NAME="C2">
          <charseq START="431" END="432">C2</charseq>
        </name>
        <name NAME="C2">
          <charseq START="7" END="8">C2</charseq>
        </name>
      </entity_attributes>
    </entity>
    <entity ID="adige20040908_id405875-E9" TYPE="ORG" SUBTYPE="Sports" CLASS="SPC">
      <entity_mention ID="adige20040908_id405875-E9-1" TYPE="NAM" PRIMARY="true" METONYMY_MENTION="FALSE">
        <extent>
          <charseq START="505" END="516">« under 21 »</charseq>
        </extent>
        <head>
          <charseq START="507" END="514">under 21</charseq>
        </head>
      </entity_mention>
      <entity_attributes>
        <name NAME="under 21">
          <charseq START="507" END="514">under 21</charseq>
        </name>
      </entity_attributes>
    </entity>
    <entity ID="adige20040908_id405875-E11" TYPE="ORG" SUBTYPE="Sports" CLASS="SPC">
      <entity_mention ID="adige20040908_id405875-E11-1" TYPE="NAM" PRIMARY="true" METONYMY_MENTION="FALSE">
        <extent>
          <charseq START="997" END="1025">Garda Cartiere con l'ex Paoli</charseq>
        </extent>
        <head>
          <charseq START="997" END="1010">Garda Cartiere</charseq>
        </head>
      </entity_mention>
      <entity_attributes>
        <name NAME="Garda Cartiere">
          <charseq START="997" END="1010">Garda Cartiere</charseq>
        </name>
      </entity_attributes>
    </entity>
    <entity ID="adige20040908_id405875-E12" TYPE="ORG" SUBTYPE="Sports" CLASS="SPC">
      <entity_mention ID="adige20040908_id405875-E12-1" TYPE="NAM" PRIMARY="true" METONYMY_MENTION="FALSE">
        <extent>
          <charseq START="1029" END="1039">Sosi Trento</charseq>
        </extent>
        <head>
          <charseq START="1029" END="1039">Sosi Trento</charseq>
        </head>
      </entity_mention>
      <entity_attributes>
        <name NAME="Sosi Trento">
          <charseq START="1029" END="1039">Sosi Trento</charseq>
        </name>
      </entity_attributes>
    </entity>
    <entity ID="adige20040908_id405875-E13" TYPE="ORG" SUBTYPE="Sports" CLASS="SPC">
      <entity_mention ID="adige20040908_id405875-E13-1" TYPE="NAM" PRIMARY="true" METONYMY_MENTION="FALSE">
        <extent>
          <charseq START="997" END="1039">Garda Cartiere con l'ex Paoli e Sosi Trento</charseq>
        </extent>
        <head>
          <charseq START="997" END="1039">Garda Cartiere con l'ex Paoli e Sosi Trento</charseq>
        </head>
      </entity_mention>
      <entity_mention ID="adige20040908_id405875-E13-2" TYPE="NOM" PRIMARY="false" METONYMY_MENTION="FALSE">
        <extent>
          <charseq START="1056" END="1069">le due squadre</charseq>
        </extent>
        <head>
          <charseq START="1063" END="1069">squadre</charseq>
        </head>
      </entity_mention>
      <entity_mention ID="adige20040908_id405875-E13-3" TYPE="NAM" PRIMARY="false" METONYMY_MENTION="FALSE">
        <extent>
          <charseq START="93" END="105">Cartiere-Sosi</charseq>
        </extent>
        <head>
          <charseq START="93" END="105">Cartiere-Sosi</charseq>
        </head>
      </entity_mention>
      <entity_attributes>
        <name NAME="Garda Cartiere con l'ex Paoli e Sosi Trento">
          <charseq START="997" END="1039">Garda Cartiere con l'ex Paoli e Sosi Trento</charseq>
        </name>
        <name NAME="Cartiere-Sosi">
          <charseq START="93" END="105">Cartiere-Sosi</charseq>
        </name>
      </entity_attributes>
    </entity>
    <entity ID="adige20040908_id405875-E14" TYPE="ORG" SUBTYPE="Sports" CLASS="SPC">
      <entity_mention ID="adige20040908_id405875-E14-1" TYPE="NAM" PRIMARY="true" METONYMY_MENTION="FALSE">
        <extent>
          <charseq START="1201" END="1216">la Manica Trenta</charseq>
        </extent>
        <head>
          <charseq START="1204" END="1216">Manica Trenta</charseq>
        </head>
      </entity_mention>
      <entity_attributes>
        <name NAME="Manica Trenta">
          <charseq START="1204" END="1216">Manica Trenta</charseq>
        </name>
      </entity_attributes>
    </entity>
    <entity ID="adige20040908_id405875-E15" TYPE="ORG" SUBTYPE="Sports" CLASS="SPC">
      <entity_mention ID="adige20040908_id405875-E15-1" TYPE="NAM" PRIMARY="true" METONYMY_MENTION="TRUE">
        <extent>
          <charseq START="1229" END="1235">Gorizia</charseq>
        </extent>
        <head>
          <charseq START="1229" END="1235">Gorizia</charseq>
        </head>
      </entity_mention>
      <entity_attributes>
        <name NAME="Gorizia">
          <charseq START="1229" END="1235">Gorizia</charseq>
        </name>
      </entity_attributes>
    </entity>
    <entity ID="adige20040908_id405875-E16" TYPE="ORG" SUBTYPE="Sports" CLASS="SPC">
      <entity_mention ID="adige20040908_id405875-E16-1" TYPE="NAM" PRIMARY="true" METONYMY_MENTION="FALSE">
        <extent>
          <charseq START="1238" END="1239">B1</charseq>
        </extent>
        <head>
          <charseq START="1238" END="1239">B1</charseq>
        </head>
      </entity_mention>
      <entity_attributes>
        <name NAME="B1">
          <charseq START="1238" END="1239">B1</charseq>
        </name>
      </entity_attributes>
    </entity>
    <entity ID="adige20040908_id405875-E17" TYPE="GPE" SUBTYPE="Population-Center" CLASS="SPC">
      <entity_mention ID="adige20040908_id405875-E17-1" TYPE="NAM" PRIMARY="true" ROLE="LOC" METONYMY_MENTION="FALSE">
        <extent>
          <charseq START="167" END="180">RIVA DEL GARDA</charseq>
        </extent>
        <head>
          <charseq START="167" END="180">RIVA DEL GARDA</charseq>
        </head>
      </entity_mention>
      <entity_attributes>
        <name NAME="RIVA DEL GARDA">
          <charseq START="167" END="180">RIVA DEL GARDA</charseq>
        </name>
      </entity_attributes>
    </entity>
    <entity ID="adige20040908_id405875-E19" TYPE="GPE" SUBTYPE="Nation" CLASS="SPC">
      <entity_mention ID="adige20040908_id405875-E19-1" TYPE="NAM" PRIMARY="true" ROLE="LOC" METONYMY_MENTION="FALSE">
        <extent>
          <charseq START="359" END="364">Italia</charseq>
        </extent>
        <head>
          <charseq START="359" END="364">Italia</charseq>
        </head>
      </entity_mention>
      <entity_mention ID="adige20040908_id405875-E19-2" TYPE="NAM" PRIMARY="false" ROLE="GPE" METONYMY_MENTION="FALSE">
        <extent>
          <charseq START="302" END="309">italiano</charseq>
        </extent>
        <head>
          <charseq START="302" END="309">italiano</charseq>
        </head>
      </entity_mention>
      <entity_mention ID="adige20040908_id405875-E19-3" TYPE="NAM" PRIMARY="false" ROLE="LOC" METONYMY_MENTION="FALSE">
        <extent>
          <charseq START="632" END="637">Italia</charseq>
        </extent>
        <head>
          <charseq START="632" END="637">Italia</charseq>
        </head>
      </entity_mention>
      <entity_mention ID="adige20040908_id405875-E19-4" TYPE="NAM" PRIMARY="false" ROLE="GPE" METONYMY_MENTION="FALSE">
        <extent>
          <charseq START="60" END="64">italo</charseq>
        </extent>
        <head>
          <charseq START="60" END="64">italo</charseq>
        </head>
      </entity_mention>
      <entity_attributes>
        <name NAME="Italia">
          <charseq START="359" END="364">Italia</charseq>
        </name>
        <name NAME="Italia">
          <charseq START="632" END="637">Italia</charseq>
        </name>
      </entity_attributes>
    </entity>
    <entity ID="adige20040908_id405875-E20" TYPE="GPE" SUBTYPE="Population-Center" CLASS="SPC">
      <entity_mention ID="adige20040908_id405875-E20-1" TYPE="NAM" PRIMARY="true" ROLE="LOC" METONYMY_MENTION="FALSE">
        <extent>
          <charseq START="419" END="426">Fabriano</charseq>
        </extent>
        <head>
          <charseq START="419" END="426">Fabriano</charseq>
        </head>
      </entity_mention>
      <entity_attributes>
        <name NAME="Fabriano">
          <charseq START="419" END="426">Fabriano</charseq>
        </name>
      </entity_attributes>
    </entity>
    <entity ID="adige20040908_id405875-E22" TYPE="GPE" SUBTYPE="Population-Center" CLASS="SPC">
      <entity_mention ID="adige20040908_id405875-E22-1" TYPE="NAM" PRIMARY="true" ROLE="LOC" METONYMY_MENTION="FALSE">
        <extent>
          <charseq START="1161" END="1168">Rovereto</charseq>
        </extent>
        <head>
          <charseq START="1161" END="1168">Rovereto</charseq>
        </head>
      </entity_mention>
      <entity_attributes>
        <name NAME="Rovereto">
          <charseq START="1161" END="1168">Rovereto</charseq>
        </name>
      </entity_attributes>
    </entity>
    <entity ID="adige20040908_id405875-E23" TYPE="GPE" SUBTYPE="Nation" CLASS="SPC">
      <entity_mention ID="adige20040908_id405875-E23-1" TYPE="NAM" PRIMARY="true" ROLE="GPE" METONYMY_MENTION="FALSE">
        <extent>
          <charseq START="66" END="74">argentino</charseq>
        </extent>
        <head>
          <charseq START="66" END="74">argentino</charseq>
        </head>
      </entity_mention>
    </entity>
    <entity ID="adige20040908_id405875-E24" TYPE="GPE" SUBTYPE="Continent" CLASS="SPC">
      <entity_mention ID="adige20040908_id405875-E24-1" TYPE="NAM" PRIMARY="true" ROLE="LOC" METONYMY_MENTION="FALSE">
        <extent>
          <charseq START="652" END="665">dal Sudamerica</charseq>
        </extent>
        <head>
          <charseq START="656" END="665">Sudamerica</charseq>
        </head>
      </entity_mention>
      <entity_attributes>
        <name NAME="Sudamerica">
          <charseq START="656" END="665">Sudamerica</charseq>
        </name>
      </entity_attributes>
    </entity>
    <entity ID="adige20040908_id405875-E25" TYPE="GPE" SUBTYPE="State-or-Province" CLASS="SPC">
      <entity_mention ID="adige20040908_id405875-E25-1" TYPE="NAM" PRIMARY="true" ROLE="GPE" METONYMY_MENTION="FALSE">
        <extent>
          <charseq START="934" END="942">regionali</charseq>
        </extent>
        <head>
          <charseq START="934" END="942">regionali</charseq>
        </head>
      </entity_mention>
    </entity>
    <entity ID="adige20040908_id405875-E26" TYPE="PER" SUBTYPE="Individual" CLASS="SPC">
      <entity_mention ID="adige20040908_id405875-E26-1" TYPE="NAM" PRIMARY="true" METONYMY_MENTION="FALSE">
        <extent>
          <charseq START="1016" END="1025">l'ex Paoli</charseq>
        </extent>
        <head>
          <charseq START="1021" END="1025">Paoli</charseq>
        </head>
      </entity_mention>
      <entity_attributes>
        <name NAME="Paoli">
          <charseq START="1021" END="1025">Paoli</charseq>
        </name>
      </entity_attributes>
    </entity>
  </document>
</source_file>
