<?xml version="1.0" encoding="UTF-8"?>
<!DOCTYPE source_file PUBLIC "SYSTEM" "apf.v5.1.1.dtd">

<source_file URI="adige20041008_id414017.sgm" SOURCE="unknown" TYPE="text" VERSION="5.0" AUTHOR="romano" ENCODING="UTF-8">
  <document DOCID="adige20041008_id414017">
    <timex2 ID="adige20041008_id414017-T1" VAL="2002-06">
      <timex2_mention ID="adige20041008_id414017-T1-1">
        <extent>
          <charseq START="193" END="207">del giugno 2002</charseq>
        </extent>
      </timex2_mention>
    </timex2>
    <timex2 ID="adige20041008_id414017-T2" VAL="2004">
      <timex2_mention ID="adige20041008_id414017-T2-1">
        <extent>
          <charseq START="272" END="281">dell' anno</charseq>
        </extent>
      </timex2_mention>
    </timex2>
    <timex2 ID="adige20041008_id414017-T3" VAL="P5Y" ANCHOR_VAL="2004" ANCHOR_DIR="AFTER">
      <timex2_mention ID="adige20041008_id414017-T3-1">
        <extent>
          <charseq START="1369" END="1380">quinquennale</charseq>
        </extent>
      </timex2_mention>
    </timex2>
    <timex2 ID="adige20041008_id414017-T5" VAL="XXXX" SET="YES">
      <timex2_mention ID="adige20041008_id414017-T5-1">
        <extent>
          <charseq START="1440" END="1444">annuo</charseq>
        </extent>
      </timex2_mention>
    </timex2>
  </document>
</source_file>
