<?xml version="1.0" encoding="UTF-8"?>
<!DOCTYPE source_file PUBLIC "SYSTEM" "apf.v5.1.1.dtd">

<source_file URI="adige20041008_id414018.sgm" SOURCE="unknown" TYPE="text" VERSION="5.0" AUTHOR="romano" ENCODING="UTF-8">
  <document DOCID="adige20041008_id414018">
    <timex2 ID="adige20041008_id414018-T4" VAL="2004-10-13">
      <timex2_mention ID="adige20041008_id414018-T4-1">
        <extent>
          <charseq START="633" END="650">mercoledì prossimo</charseq>
        </extent>
      </timex2_mention>
    </timex2>
    <timex2 ID="adige20041008_id414018-T5" VAL="2004-10-08">
      <timex2_mention ID="adige20041008_id414018-T5-1">
        <extent>
          <charseq START="782" END="785">oggi</charseq>
        </extent>
      </timex2_mention>
    </timex2>
    <timex2 ID="adige20041008_id414018-T6" VAL="2004-10-08TAF">
      <timex2_mention ID="adige20041008_id414018-T6-1">
        <extent>
          <charseq START="991" END="1004">Nel pomeriggio</charseq>
        </extent>
      </timex2_mention>
    </timex2>
    <timex2 ID="adige20041008_id414018-T1" VAL="2004-10-07">
      <timex2_mention ID="adige20041008_id414018-T1-1">
        <extent>
          <charseq START="121" END="124">Ieri</charseq>
        </extent>
      </timex2_mention>
    </timex2>
    <timex2 ID="adige20041008_id414018-T2" VAL="2004-10-08">
      <timex2_mention ID="adige20041008_id414018-T2-1">
        <extent>
          <charseq START="134" END="137">oggi</charseq>
        </extent>
      </timex2_mention>
    </timex2>
    <timex2 ID="adige20041008_id414018-T3" VAL="2004-10-08T09:30">
      <timex2_mention ID="adige20041008_id414018-T3-1">
        <extent>
          <charseq START="227" END="236">dalle 9.30</charseq>
        </extent>
      </timex2_mention>
    </timex2>
  </document>
</source_file>
