<?xml version="1.0" encoding="UTF-8"?>
<!DOCTYPE source_file PUBLIC "SYSTEM" "apf.v5.1.1.dtd">

<source_file URI="adige20041008_id414025.sgm" SOURCE="unknown" TYPE="text" VERSION="5.0" AUTHOR="romano" ENCODING="UTF-8">
  <document DOCID="adige20041008_id414025">
    <timex2 ID="adige20041008_id414025-T1" VAL="2003-10-03">
      <timex2_mention ID="adige20041008_id414025-T1-1">
        <extent>
          <charseq START="753" END="769">il 3 ottobre 2003</charseq>
        </extent>
      </timex2_mention>
    </timex2>
  </document>
</source_file>
