<?xml version="1.0" encoding="UTF-8"?>
<!DOCTYPE source_file PUBLIC "SYSTEM" "apf.v5.1.1.dtd">

<source_file URI="adige20041008_id414024.sgm" SOURCE="unknown" TYPE="text" VERSION="5.0" AUTHOR="romano" ENCODING="UTF-8">
  <document DOCID="adige20041008_id414024">
    <timex2 ID="adige20041008_id414024-T2" VAL="2004">
      <timex2_mention ID="adige20041008_id414024-T2-1">
        <extent>
          <charseq START="1091" END="1100">quest'anno</charseq>
        </extent>
      </timex2_mention>
    </timex2>
    <timex2 ID="adige20041008_id414024-T1" VAL="2005">
      <timex2_mention ID="adige20041008_id414024-T1-1">
        <extent>
          <charseq START="846" END="853">nel 2005</charseq>
        </extent>
      </timex2_mention>
    </timex2>
  </document>
</source_file>
