<?xml version="1.0" encoding="UTF-8"?>
<!DOCTYPE source_file PUBLIC "SYSTEM" "apf.v5.1.1.dtd">

<source_file URI="adige20041008_id414021.sgm" SOURCE="unknown" TYPE="text" VERSION="5.0" AUTHOR="romano" ENCODING="UTF-8">
  <document DOCID="adige20041008_id414021">
    <timex2 ID="adige20041008_id414021-T2" VAL="FUTURE_REF" ANCHOR_VAL="2004-10-08" ANCHOR_DIR="AFTER">
      <timex2_mention ID="adige20041008_id414021-T2-1">
        <extent>
          <charseq START="266" END="275">al momento</charseq>
        </extent>
      </timex2_mention>
    </timex2>
    <timex2 ID="adige20041008_id414021-T7" VAL="PRESENT_REF" ANCHOR_VAL="2004-10-08" ANCHOR_DIR="AS_OF">
      <timex2_mention ID="adige20041008_id414021-T7-1">
        <extent>
          <charseq START="262" END="264">qui</charseq>
        </extent>
      </timex2_mention>
    </timex2>
    <timex2 ID="adige20041008_id414021-T3" VAL="PXM" ANCHOR_VAL="2004-10" ANCHOR_DIR="ENDING">
      <timex2_mention ID="adige20041008_id414021-T3-1">
        <extent>
          <charseq START="375" END="391">negli ultimi mesi</charseq>
        </extent>
      </timex2_mention>
    </timex2>
    <timex2 ID="adige20041008_id414021-T4" VAL="PRESENT_REF" ANCHOR_VAL="2004-10-08" ANCHOR_DIR="AS_OF">
      <timex2_mention ID="adige20041008_id414021-T4-1">
        <extent>
          <charseq START="1329" END="1331">Ora</charseq>
        </extent>
      </timex2_mention>
    </timex2>
    <timex2 ID="adige20041008_id414021-T5" VAL="2004-10-11">
      <timex2_mention ID="adige20041008_id414021-T5-1">
        <extent>
          <charseq START="2158" END="2172">lunedì prossimo</charseq>
        </extent>
      </timex2_mention>
    </timex2>
    <timex2 ID="adige20041008_id414021-T6" VAL="2004-07">
      <timex2_mention ID="adige20041008_id414021-T6-1">
        <extent>
          <charseq START="2272" END="2288">dal luglio scorso</charseq>
        </extent>
      </timex2_mention>
    </timex2>
  </document>
</source_file>
