<?xml version="1.0" encoding="UTF-8"?>
<!DOCTYPE source_file PUBLIC "SYSTEM" "apf.v5.1.1.dtd">

<source_file URI="adige20041008_id414023.sgm" SOURCE="unknown" TYPE="text" VERSION="5.0" AUTHOR="romano" ENCODING="UTF-8">
  <document DOCID="adige20041008_id414023">
    <timex2 ID="adige20041008_id414023-T1" VAL="2004-10-07TAF">
      <timex2_mention ID="adige20041008_id414023-T1-1">
        <extent>
          <charseq START="720" END="734">Ieri pomeriggio</charseq>
        </extent>
      </timex2_mention>
    </timex2>
    <timex2 ID="adige20041008_id414023-T2" VAL="PRESENT_REF" ANCHOR_VAL="2004-10-08" ANCHOR_DIR="AS_OF">
      <timex2_mention ID="adige20041008_id414023-T2-1">
        <extent>
          <charseq START="1005" END="1010">finora</charseq>
        </extent>
      </timex2_mention>
    </timex2>
    <timex2 ID="adige20041008_id414023-T3" VAL="1992">
      <timex2_mention ID="adige20041008_id414023-T3-1">
        <extent>
          <charseq START="1813" END="1826">dodici anni fa</charseq>
        </extent>
      </timex2_mention>
    </timex2>
    <timex2 ID="adige20041008_id414023-T4" VAL="PRESENT_REF" ANCHOR_VAL="2004-10-08" ANCHOR_DIR="AS_OF">
      <timex2_mention ID="adige20041008_id414023-T4-1">
        <extent>
          <charseq START="1885" END="1891">attuali</charseq>
        </extent>
      </timex2_mention>
    </timex2>
  </document>
</source_file>
