<?xml version="1.0" encoding="UTF-8"?>
<!DOCTYPE source_file PUBLIC "SYSTEM" "apf.v5.1.1.dtd">

<source_file URI="adige20041008_id414019.sgm" SOURCE="unknown" TYPE="text" VERSION="5.0" AUTHOR="romano" ENCODING="UTF-8">
  <document DOCID="adige20041008_id414019">
    <timex2 ID="adige20041008_id414019-T1" VAL="2004" MOD="END">
      <timex2_mention ID="adige20041008_id414019-T1-1">
        <extent>
          <charseq START="110" END="118">fine anno</charseq>
        </extent>
      </timex2_mention>
    </timex2>
    <timex2 ID="adige20041008_id414019-T2" VAL="2004-10-07">
      <timex2_mention ID="adige20041008_id414019-T2-1">
        <extent>
          <charseq START="466" END="469">ieri</charseq>
        </extent>
      </timex2_mention>
    </timex2>
    <timex2 ID="adige20041008_id414019-T3" VAL="2004-12-31">
      <timex2_mention ID="adige20041008_id414019-T3-1">
        <extent>
          <charseq START="862" END="890">del 31 dicembre di quest'anno</charseq>
        </extent>
      </timex2_mention>
    </timex2>
    <timex2 ID="adige20041008_id414019-T4" VAL="PRESENT_REF" ANCHOR_VAL="2004-10-08" ANCHOR_DIR="AS_OF">
      <timex2_mention ID="adige20041008_id414019-T4-1">
        <extent>
          <charseq START="357" END="363">attuali</charseq>
        </extent>
      </timex2_mention>
    </timex2>
  </document>
</source_file>
