<?xml version="1.0" encoding="UTF-8"?>
<!DOCTYPE source_file PUBLIC "SYSTEM" "apf.v5.2.0.dtd">

<source_file URI="adige20040907_id405446.txt" SOURCE="unknown" TYPE="text" VERSION="5.0" AUTHOR="Evalita" ENCODING="UTF-8">
  <document DOCID="adige20040907_id405446">
    <entity ID="adige20040907_id405446-E1" TYPE="PER" SUBTYPE="Group" CLASS="SPC">
      <entity_mention ID="adige20040907_id405446-E1-2" TYPE="NOM" PRIMARY="true" METONYMY_MENTION="FALSE">
        <extent>
          <charseq START="571" END="579">i vertici</charseq>
        </extent>
        <head>
          <charseq START="573" END="579">vertici</charseq>
        </head>
      </entity_mention>
    </entity>
    <entity ID="adige20040907_id405446-E2" TYPE="PER" SUBTYPE="Individual" CLASS="SPC">
      <entity_mention ID="adige20040907_id405446-E2-2" TYPE="NAM" PRIMARY="true" METONYMY_MENTION="FALSE">
        <extent>
          <charseq START="607" END="620">Marco Ferrario</charseq>
        </extent>
        <head>
          <charseq START="607" END="620">Marco Ferrario</charseq>
        </head>
      </entity_mention>
      <entity_mention ID="adige20040907_id405446-E2-4" TYPE="NOM" PRIMARY="false" METONYMY_MENTION="FALSE">
        <extent>
          <charseq START="592" END="605">dal presidente</charseq>
        </extent>
        <head>
          <charseq START="596" END="605">presidente</charseq>
        </head>
      </entity_mention>
      <entity_mention ID="adige20040907_id405446-E2-6" TYPE="NOM" PRIMARY="false" METONYMY_MENTION="FALSE">
        <extent>
          <charseq START="592" END="620">dal presidente Marco Ferrario</charseq>
        </extent>
        <head>
          <charseq START="592" END="620">dal presidente Marco Ferrario</charseq>
        </head>
      </entity_mention>
      <entity_attributes>
        <name NAME="Marco Ferrario">
          <charseq START="607" END="620">Marco Ferrario</charseq>
        </name>
      </entity_attributes>
    </entity>
    <entity ID="adige20040907_id405446-E3" TYPE="PER" SUBTYPE="Group" CLASS="GEN">
      <entity_mention ID="adige20040907_id405446-E3-2" TYPE="NOM" PRIMARY="true" METONYMY_MENTION="FALSE">
        <extent>
          <charseq START="256" END="266">al titolare</charseq>
        </extent>
        <head>
          <charseq START="259" END="266">titolare</charseq>
        </head>
      </entity_mention>
      <entity_mention ID="adige20040907_id405446-E3-4" TYPE="PRO" PRIMARY="false" METONYMY_MENTION="FALSE">
        <extent>
          <charseq START="271" END="282">quest'ultimo</charseq>
        </extent>
        <head>
          <charseq START="277" END="282">ultimo</charseq>
        </head>
      </entity_mention>
    </entity>
    <entity ID="adige20040907_id405446-E4" TYPE="ORG" SUBTYPE="Commercial" CLASS="SPC">
      <entity_mention ID="adige20040907_id405446-E4-1" TYPE="NAM" PRIMARY="true" METONYMY_MENTION="FALSE">
        <extent>
          <charseq START="71" END="77">Terfidi</charseq>
        </extent>
        <head>
          <charseq START="71" END="77">Terfidi</charseq>
        </head>
      </entity_mention>
      <entity_mention ID="adige20040907_id405446-E4-2" TYPE="NAM" PRIMARY="false" METONYMY_MENTION="FALSE">
        <extent>
          <charseq START="112" END="118">Terfidi</charseq>
        </extent>
        <head>
          <charseq START="112" END="118">Terfidi</charseq>
        </head>
      </entity_mention>
      <entity_mention ID="adige20040907_id405446-E4-3" TYPE="NOM" PRIMARY="false" METONYMY_MENTION="FALSE">
        <extent>
          <charseq START="123" END="131">consorzio</charseq>
        </extent>
        <head>
          <charseq START="123" END="131">consorzio</charseq>
        </head>
      </entity_mention>
      <entity_mention ID="adige20040907_id405446-E4-4" TYPE="NOM" PRIMARY="false" METONYMY_MENTION="FALSE">
        <extent>
          <charseq START="141" END="151">cooperativa</charseq>
        </extent>
        <head>
          <charseq START="141" END="151">cooperativa</charseq>
        </head>
      </entity_mention>
      <entity_mention ID="adige20040907_id405446-E4-5" TYPE="NOM" PRIMARY="false" METONYMY_MENTION="FALSE">
        <extent>
          <charseq START="291" END="303">dalla società</charseq>
        </extent>
        <head>
          <charseq START="297" END="303">società</charseq>
        </head>
      </entity_mention>
      <entity_mention ID="adige20040907_id405446-E4-6" TYPE="NOM" PRIMARY="false" METONYMY_MENTION="FALSE">
        <extent>
          <charseq START="365" END="382">del consorzio fidi</charseq>
        </extent>
        <head>
          <charseq START="369" END="377">consorzio</charseq>
        </head>
      </entity_mention>
      <entity_mention ID="adige20040907_id405446-E4-7" TYPE="NAM" PRIMARY="false" METONYMY_MENTION="FALSE">
        <extent>
          <charseq START="505" END="511">Terfidi</charseq>
        </extent>
        <head>
          <charseq START="505" END="511">Terfidi</charseq>
        </head>
      </entity_mention>
      <entity_mention ID="adige20040907_id405446-E4-8" TYPE="NOM" PRIMARY="false" METONYMY_MENTION="FALSE">
        <extent>
          <charseq START="551" END="561">cooperativa</charseq>
        </extent>
        <head>
          <charseq START="551" END="561">cooperativa</charseq>
        </head>
      </entity_mention>
      <entity_mention ID="adige20040907_id405446-E4-9" TYPE="NOM" PRIMARY="false" METONYMY_MENTION="FALSE">
        <extent>
          <charseq START="87" END="97">cooperativa</charseq>
        </extent>
        <head>
          <charseq START="87" END="97">cooperativa</charseq>
        </head>
      </entity_mention>
      <entity_mention ID="adige20040907_id405446-E4-10" TYPE="NOM" PRIMARY="false" METONYMY_MENTION="FALSE">
        <extent>
          <charseq START="365" END="382">del consorzio fidi</charseq>
        </extent>
        <head>
          <charseq START="369" END="377">consorzio</charseq>
        </head>
      </entity_mention>
      <entity_attributes>
        <name NAME="Terfidi">
          <charseq START="71" END="77">Terfidi</charseq>
        </name>
        <name NAME="Terfidi">
          <charseq START="112" END="118">Terfidi</charseq>
        </name>
        <name NAME="Terfidi">
          <charseq START="505" END="511">Terfidi</charseq>
        </name>
      </entity_attributes>
    </entity>
    <entity ID="adige20040907_id405446-E5" TYPE="ORG" SUBTYPE="Commercial" CLASS="SPC">
      <entity_mention ID="adige20040907_id405446-E5-1" TYPE="NAM" PRIMARY="true" METONYMY_MENTION="FALSE">
        <extent>
          <charseq START="332" END="382">dal consiglio di amministrazione del consorzio fidi</charseq>
        </extent>
        <head>
          <charseq START="336" END="363">consiglio di amministrazione</charseq>
        </head>
      </entity_mention>
      <entity_attributes>
        <name NAME="consiglio di amministrazione">
          <charseq START="336" END="363">consiglio di amministrazione</charseq>
        </name>
      </entity_attributes>
    </entity>
    <entity ID="adige20040907_id405446-E6" TYPE="GPE" SUBTYPE="Population-Center" CLASS="SPC">
      <entity_mention ID="adige20040907_id405446-E6-1" TYPE="NAM" PRIMARY="true" ROLE="LOC" METONYMY_MENTION="FALSE">
        <extent>
          <charseq START="103" END="108">TRENTO</charseq>
        </extent>
        <head>
          <charseq START="103" END="108">TRENTO</charseq>
        </head>
      </entity_mention>
      <entity_attributes>
        <name NAME="TRENTO">
          <charseq START="103" END="108">TRENTO</charseq>
        </name>
      </entity_attributes>
    </entity>
  </document>
</source_file>
