<?xml version="1.0" encoding="UTF-8"?>
<!DOCTYPE source_file PUBLIC "SYSTEM" "apf.v5.1.1.dtd">

<source_file URI="adige20040907_id405398.sgm" SOURCE="unknown" TYPE="text" VERSION="5.0" AUTHOR="romano" ENCODING="UTF-8">
  <document DOCID="adige20040907_id405398">
    <timex2 ID="adige20040907_id405398-T4" VAL="XXXX-XX-XX" COMMENT="non si riesce a capire di che giorno si tratti">
      <timex2_mention ID="adige20040907_id405398-T4-1">
        <extent>
          <charseq START="2835" END="2843">il giorno</charseq>
        </extent>
      </timex2_mention>
    </timex2>
    <timex2 ID="adige20040907_id405398-T5" VAL="2004-09-06">
      <timex2_mention ID="adige20040907_id405398-T5-1">
        <extent>
          <charseq START="3257" END="3260">ieri</charseq>
        </extent>
      </timex2_mention>
    </timex2>
    <timex2 ID="adige20040907_id405398-T6" VAL="P2M" MOD="MORE_THAN" ANCHOR_VAL="2004-09" ANCHOR_DIR="ENDING">
      <timex2_mention ID="adige20040907_id405398-T6-1">
        <extent>
          <charseq START="3320" END="3339">poco più di due mesi</charseq>
        </extent>
      </timex2_mention>
    </timex2>
    <timex2 ID="adige20040907_id405398-T7" VAL="2004-09-06">
      <timex2_mention ID="adige20040907_id405398-T7-1">
        <extent>
          <charseq START="3489" END="3492">ieri</charseq>
        </extent>
      </timex2_mention>
    </timex2>
    <timex2 ID="adige20040907_id405398-T1" VAL="PT48H" ANCHOR_VAL="2004-09-07TXX" ANCHOR_DIR="STARTING">
      <timex2_mention ID="adige20040907_id405398-T1-1">
        <extent>
          <charseq START="378" END="383">48 ore</charseq>
        </extent>
      </timex2_mention>
    </timex2>
    <timex2 ID="adige20040907_id405398-T9" VAL="2004-09-06">
      <timex2_mention ID="adige20040907_id405398-T9-1">
        <extent>
          <charseq START="3247" END="3252">quello</charseq>
        </extent>
      </timex2_mention>
    </timex2>
    <timex2 ID="adige20040907_id405398-T8" VAL="2004-09-06">
      <timex2_mention ID="adige20040907_id405398-T8-1">
        <extent>
          <charseq START="3270" END="3290">il giorno più cruento</charseq>
        </extent>
      </timex2_mention>
    </timex2>
    <timex2 ID="adige20040907_id405398-T2" VAL="2004-08-20">
      <timex2_mention ID="adige20040907_id405398-T2-1">
        <extent>
          <charseq START="421" END="433">dal 20 agosto</charseq>
        </extent>
      </timex2_mention>
    </timex2>
    <timex2 ID="adige20040907_id405398-T3" VAL="PRESENT_REF" ANCHOR_VAL="2004-09-07" ANCHOR_DIR="AS_OF">
      <timex2_mention ID="adige20040907_id405398-T3-1">
        <extent>
          <charseq START="1970" END="1975">adesso</charseq>
        </extent>
      </timex2_mention>
    </timex2>
  </document>
</source_file>
