<?xml version="1.0" encoding="UTF-8"?>
<!DOCTYPE source_file PUBLIC "SYSTEM" "apf.v5.1.1.dtd">

<source_file URI="adige20040907_id405386.sgm" SOURCE="unknown" TYPE="text" VERSION="5.0" AUTHOR="romano" ENCODING="UTF-8">
  <document DOCID="adige20040907_id405386">
    <timex2 ID="adige20040907_id405386-T6" VAL="2004-SU" MOD="END">
      <timex2_mention ID="adige20040907_id405386-T6-1">
        <extent>
          <charseq START="1963" END="1980">questa fine estate</charseq>
        </extent>
      </timex2_mention>
    </timex2>
    <timex2 ID="adige20040907_id405386-T7" VAL="PRESENT_REF" ANCHOR_VAL="2004-09-07" ANCHOR_DIR="AS_OF">
      <timex2_mention ID="adige20040907_id405386-T7-1">
        <extent>
          <charseq START="2197" END="2209">questi giorni</charseq>
        </extent>
      </timex2_mention>
    </timex2>
    <timex2 ID="adige20040907_id405386-T8" VAL="2004-09-06">
      <timex2_mention ID="adige20040907_id405386-T8-1">
        <extent>
          <charseq START="2297" END="2300">ieri</charseq>
        </extent>
      </timex2_mention>
    </timex2>
    <timex2 ID="adige20040907_id405386-T9" VAL="XXXX-10-04" SET="YES">
      <timex2_mention ID="adige20040907_id405386-T9-1">
        <extent>
          <charseq START="2356" END="2380">la giornata del 4 ottobre</charseq>
        </extent>
      </timex2_mention>
    </timex2>
    <timex2 ID="adige20040907_id405386-T10" VAL="2004-09-07">
      <timex2_mention ID="adige20040907_id405386-T10-1">
        <extent>
          <charseq START="3198" END="3201">Oggi</charseq>
        </extent>
      </timex2_mention>
    </timex2>
    <timex2 ID="adige20040907_id405386-T1" VAL="2004-09-06">
      <timex2_mention ID="adige20040907_id405386-T1-1">
        <extent>
          <charseq START="372" END="375">ieri</charseq>
        </extent>
      </timex2_mention>
    </timex2>
    <timex2 ID="adige20040907_id405386-T2" VAL="2004-09-06">
      <timex2_mention ID="adige20040907_id405386-T2-1">
        <extent>
          <charseq START="378" END="393">nel primo giorno</charseq>
        </extent>
      </timex2_mention>
    </timex2>
    <timex2 ID="adige20040907_id405386-T3">
      <timex2_mention ID="adige20040907_id405386-T3-1">
        <extent>
          <charseq START="840" END="856">all'ora di pranzo</charseq>
        </extent>
      </timex2_mention>
    </timex2>
    <timex2 ID="adige20040907_id405386-T4" VAL="2004-09-06">
      <timex2_mention ID="adige20040907_id405386-T4-1">
        <extent>
          <charseq START="1183" END="1186">ieri</charseq>
        </extent>
      </timex2_mention>
    </timex2>
    <timex2 ID="adige20040907_id405386-T5" VAL="FUTURE_REF" ANCHOR_VAL="2004-09-07" ANCHOR_DIR="AFTER">
      <timex2_mention ID="adige20040907_id405386-T5-1">
        <extent>
          <charseq START="1438" END="1443">futuro</charseq>
        </extent>
      </timex2_mention>
    </timex2>
  </document>
</source_file>
