<?xml version="1.0" encoding="UTF-8"?>
<!DOCTYPE source_file PUBLIC "SYSTEM" "apf.v5.1.1.dtd">

<source_file URI="adige20040907_id405394.sgm" SOURCE="unknown" TYPE="text" VERSION="5.0" AUTHOR="romano" ENCODING="UTF-8">
  <document DOCID="adige20040907_id405394">
    <timex2 ID="adige20040907_id405394-T1" VAL="P7Y" MOD="APPROX" ANCHOR_VAL="1997-12-02" ANCHOR_DIR="STARTING">
      <timex2_mention ID="adige20040907_id405394-T1-1">
        <extent>
          <charseq START="939" END="954">quasi sette anni</charseq>
        </extent>
      </timex2_mention>
    </timex2>
    <timex2 ID="adige20040907_id405394-T2" VAL="1997-12-02">
      <timex2_mention ID="adige20040907_id405394-T2-1">
        <extent>
          <charseq START="1017" END="1034">il 2 dicembre 1997</charseq>
        </extent>
      </timex2_mention>
    </timex2>
    <timex2 ID="adige20040907_id405394-T3" VAL="1997-12-02">
      <timex2_mention ID="adige20040907_id405394-T3-1">
        <extent>
          <charseq START="1037" END="1042">Allora</charseq>
        </extent>
      </timex2_mention>
    </timex2>
    <timex2 ID="adige20040907_id405394-T5">
      <timex2_mention ID="adige20040907_id405394-T5-1">
        <extent>
          <charseq START="720" END="739">un momento all'altro</charseq>
        </extent>
      </timex2_mention>
    </timex2>
  </document>
</source_file>
