<?xml version="1.0" encoding="UTF-8"?>
<!DOCTYPE source_file PUBLIC "SYSTEM" "apf.v5.1.1.dtd">

<source_file URI="adige20040907_id405397.sgm" SOURCE="unknown" TYPE="text" VERSION="5.0" AUTHOR="romano" ENCODING="UTF-8">
  <document DOCID="adige20040907_id405397">
    <timex2 ID="adige20040907_id405397-T2">
      <timex2_mention ID="adige20040907_id405397-T2-1">
        <extent>
          <charseq START="369" END="377">più tempo</charseq>
        </extent>
      </timex2_mention>
    </timex2>
    <timex2 ID="adige20040907_id405397-T1" VAL="2004-09-06">
      <timex2_mention ID="adige20040907_id405397-T1-1">
        <extent>
          <charseq START="146" END="149">ieri</charseq>
        </extent>
      </timex2_mention>
    </timex2>
  </document>
</source_file>
