<?xml version="1.0" encoding="UTF-8"?>
<!DOCTYPE source_file PUBLIC "SYSTEM" "apf.v5.1.1.dtd">

<source_file URI="adige20040907_id405384.sgm" SOURCE="unknown" TYPE="text" VERSION="5.0" AUTHOR="romano" ENCODING="UTF-8">
  <document DOCID="adige20040907_id405384">
    <timex2 ID="adige20040907_id405384-T1" VAL="2004-09-13">
      <timex2_mention ID="adige20040907_id405384-T1-1">
        <extent>
          <charseq START="401" END="415">Lunedì prossimo</charseq>
        </extent>
      </timex2_mention>
    </timex2>
    <timex2 ID="adige20040907_id405384-T2" VAL="2004-09-02">
      <timex2_mention ID="adige20040907_id405384-T2-1">
        <extent>
          <charseq START="1059" END="1073">del 2 settembre</charseq>
        </extent>
      </timex2_mention>
    </timex2>
    <timex2 ID="adige20040907_id405384-T4" VAL="2004-09-06">
      <timex2_mention ID="adige20040907_id405384-T4-1">
        <extent>
          <charseq START="1461" END="1464">ieri</charseq>
        </extent>
      </timex2_mention>
    </timex2>
  </document>
</source_file>
