<?xml version="1.0" encoding="UTF-8"?>
<!DOCTYPE source_file PUBLIC "SYSTEM" "apf.v5.1.1.dtd">

<source_file URI="adige20040907_id405385.sgm" SOURCE="unknown" TYPE="text" VERSION="5.0" AUTHOR="romano" ENCODING="UTF-8">
  <document DOCID="adige20040907_id405385">
    <timex2 ID="adige20040907_id405385-T1" VAL="P6Y" ANCHOR_VAL="2004" ANCHOR_DIR="ENDING">
      <timex2_mention ID="adige20040907_id405385-T1-1">
        <extent>
          <charseq START="158" END="160">sei</charseq>
        </extent>
      </timex2_mention>
    </timex2>
    <timex2 ID="adige20040907_id405385-T2" VAL="P10Y" ANCHOR_VAL="2004" ANCHOR_DIR="ENDING">
      <timex2_mention ID="adige20040907_id405385-T2-1">
        <extent>
          <charseq START="164" END="173">dieci anni</charseq>
        </extent>
      </timex2_mention>
    </timex2>
    <timex2 ID="adige20040907_id405385-T3" VAL="2004-09-04">
      <timex2_mention ID="adige20040907_id405385-T3-1">
        <extent>
          <charseq START="843" END="855">tre giorni fa</charseq>
        </extent>
      </timex2_mention>
    </timex2>
    <timex2 ID="adige20040907_id405385-T4" VAL="2004-09-06T19">
      <timex2_mention ID="adige20040907_id405385-T4-1">
        <extent>
          <charseq START="1991" END="1998">dalle 19</charseq>
        </extent>
      </timex2_mention>
    </timex2>
    <timex2 ID="adige20040907_id405385-T5" VAL="2004-09-06T19:30">
      <timex2_mention ID="adige20040907_id405385-T5-1">
        <extent>
          <charseq START="2208" END="2217">alle 19,30</charseq>
        </extent>
      </timex2_mention>
    </timex2>
    <timex2 ID="adige20040907_id405385-T6" VAL="FUTURE_REF" ANCHOR_VAL="2004-09-06" ANCHOR_DIR="AFTER">
      <timex2_mention ID="adige20040907_id405385-T6-1">
        <extent>
          <charseq START="2501" END="2516">il nostro futuro</charseq>
        </extent>
      </timex2_mention>
    </timex2>
  </document>
</source_file>
