<?xml version="1.0" encoding="UTF-8"?>
<!DOCTYPE source_file PUBLIC "SYSTEM" "apf.v5.1.1.dtd">

<source_file URI="adige20040907_id405382.sgm" SOURCE="unknown" TYPE="text" VERSION="5.0" AUTHOR="romano" ENCODING="UTF-8">
  <document DOCID="adige20040907_id405382">
    <timex2 ID="adige20040907_id405382-T1" VAL="2004-09-07">
      <timex2_mention ID="adige20040907_id405382-T1-1">
        <extent>
          <charseq START="33" END="36">Oggi</charseq>
        </extent>
      </timex2_mention>
    </timex2>
    <timex2 ID="adige20040907_id405382-T3" VAL="PRESENT_REF" ANCHOR_VAL="2004-09-07" ANCHOR_DIR="AS_OF">
      <timex2_mention ID="adige20040907_id405382-T3-1">
        <extent>
          <charseq START="291" END="296">adesso</charseq>
        </extent>
      </timex2_mention>
    </timex2>
    <timex2 ID="adige20040907_id405382-T4" VAL="2004-09-07">
      <timex2_mention ID="adige20040907_id405382-T4-1">
        <extent>
          <charseq START="362" END="365">Oggi</charseq>
        </extent>
      </timex2_mention>
    </timex2>
  </document>
</source_file>
