<?xml version="1.0" encoding="UTF-8"?>
<!DOCTYPE source_file PUBLIC "SYSTEM" "apf.v5.1.1.dtd">

<source_file URI="adige20040907_id405390.sgm" SOURCE="unknown" TYPE="text" VERSION="5.0" AUTHOR="romano" ENCODING="UTF-8">
  <document DOCID="adige20040907_id405390">
    <timex2 ID="adige20040907_id405390-T1" VAL="2004-09-07">
      <timex2_mention ID="adige20040907_id405390-T1-1">
        <extent>
          <charseq START="140" END="143">Oggi</charseq>
        </extent>
      </timex2_mention>
    </timex2>
  </document>
</source_file>
