<?xml version="1.0" encoding="UTF-8"?>
<!DOCTYPE source_file PUBLIC "SYSTEM" "apf.v5.1.1.dtd">

<source_file URI="adige20040907_id405396.sgm" SOURCE="unknown" TYPE="text" VERSION="5.0" AUTHOR="romano" ENCODING="UTF-8">
  <document DOCID="adige20040907_id405396">
    <timex2 ID="adige20040907_id405396-T1" VAL="2004-09-06" COMMENT="le elezioni nella saarland si sono tenute il 05/09/2004">
      <timex2_mention ID="adige20040907_id405396-T1-1">
        <extent>
          <charseq START="70" END="78">Il giorno</charseq>
        </extent>
      </timex2_mention>
    </timex2>
    <timex2 ID="adige20040907_id405396-T2" VAL="1999">
      <timex2_mention ID="adige20040907_id405396-T2-1">
        <extent>
          <charseq START="372" END="385">cinque anni fa</charseq>
        </extent>
      </timex2_mention>
    </timex2>
  </document>
</source_file>
