<?xml version="1.0" encoding="UTF-8"?>
<!DOCTYPE source_file PUBLIC "SYSTEM" "apf.v5.1.1.dtd">

<source_file URI="adige20040907_id405381.sgm" SOURCE="unknown" TYPE="text" VERSION="5.0" AUTHOR="romano" ENCODING="UTF-8">
  <document DOCID="adige20040907_id405381">
    <timex2 ID="adige20040907_id405381-T1" VAL="2004-09-06">
      <timex2_mention ID="adige20040907_id405381-T1-1">
        <extent>
          <charseq START="163" END="191">una giornata piovosa e fredda</charseq>
        </extent>
      </timex2_mention>
    </timex2>
    <timex2 ID="adige20040907_id405381-T10" VAL="PRESENT_REF" ANCHOR_VAL="2004-09-07" ANCHOR_DIR="AS_OF">
      <timex2_mention ID="adige20040907_id405381-T10-1">
        <extent>
          <charseq START="4364" END="4372">fin d'ora</charseq>
        </extent>
      </timex2_mention>
    </timex2>
    <timex2 ID="adige20040907_id405381-T2" VAL="2004-09-06">
      <timex2_mention ID="adige20040907_id405381-T2-1">
        <extent>
          <charseq START="648" END="658">nella prima</charseq>
        </extent>
      </timex2_mention>
    </timex2>
    <timex2 ID="adige20040907_id405381-T3" VAL="P2D" ANCHOR_VAL="2004-09-06" ANCHOR_DIR="STARTING">
      <timex2_mention ID="adige20040907_id405381-T3-1">
        <extent>
          <charseq START="660" END="677">delle due giornate</charseq>
        </extent>
      </timex2_mention>
    </timex2>
    <timex2 ID="adige20040907_id405381-T4" VAL="PT1M" ANCHOR_VAL="2004-09-06TXX:XX" ANCHOR_DIR="WITHIN">
      <timex2_mention ID="adige20040907_id405381-T4-1">
        <extent>
          <charseq START="900" END="908">Un minuto</charseq>
        </extent>
      </timex2_mention>
    </timex2>
    <timex2 ID="adige20040907_id405381-T5" VAL="PRESENT_REF" ANCHOR_VAL="2004-09-07" ANCHOR_DIR="AS_OF">
      <timex2_mention ID="adige20040907_id405381-T5-1">
        <extent>
          <charseq START="1647" END="1653">tuttora</charseq>
        </extent>
      </timex2_mention>
    </timex2>
    <timex2 ID="adige20040907_id405381-T6" VAL="PRESENT_REF" ANCHOR_VAL="2004-09-07" ANCHOR_DIR="AS_OF">
      <timex2_mention ID="adige20040907_id405381-T6-1">
        <extent>
          <charseq START="2439" END="2445">per ora</charseq>
        </extent>
      </timex2_mention>
    </timex2>
    <timex2 ID="adige20040907_id405381-T7" VAL="2004-09-05">
      <timex2_mention ID="adige20040907_id405381-T7-1">
        <extent>
          <charseq START="3382" END="3389">Domenica</charseq>
        </extent>
      </timex2_mention>
    </timex2>
    <timex2 ID="adige20040907_id405381-T8" VAL="2004-09-06">
      <timex2_mention ID="adige20040907_id405381-T8-1">
        <extent>
          <charseq START="3431" END="3434">ieri</charseq>
        </extent>
      </timex2_mention>
    </timex2>
    <timex2 ID="adige20040907_id405381-T9" VAL="FUTURE_REF" ANCHOR_VAL="2004-09-07" ANCHOR_DIR="AFTER">
      <timex2_mention ID="adige20040907_id405381-T9-1">
        <extent>
          <charseq START="4318" END="4324">al dopo</charseq>
        </extent>
      </timex2_mention>
    </timex2>
  </document>
</source_file>
