<?xml version="1.0" encoding="UTF-8"?>
<!DOCTYPE source_file PUBLIC "SYSTEM" "apf.v5.2.0.dtd">

<source_file URI="adige20041008_id413976.txt" SOURCE="unknown" TYPE="text" VERSION="5.0" AUTHOR="Evalita" ENCODING="UTF-8">
  <document DOCID="adige20041008_id413976">
    <entity ID="adige20041008_id413976-E1" TYPE="PER" SUBTYPE="Group" CLASS="GEN">
      <entity_mention ID="adige20041008_id413976-E1-2" TYPE="NOM" PRIMARY="true" METONYMY_MENTION="FALSE">
        <extent>
          <charseq START="622" END="646">dei lavoratori dipendenti</charseq>
        </extent>
        <head>
          <charseq START="626" END="635">lavoratori</charseq>
        </head>
      </entity_mention>
    </entity>
    <entity ID="adige20041008_id413976-E2" TYPE="PER" SUBTYPE="Group" CLASS="GEN">
      <entity_mention ID="adige20041008_id413976-E2-2" TYPE="NOM" PRIMARY="true" METONYMY_MENTION="FALSE">
        <extent>
          <charseq START="685" END="692">mezzadri</charseq>
        </extent>
        <head>
          <charseq START="685" END="692">mezzadri</charseq>
        </head>
      </entity_mention>
    </entity>
    <entity ID="adige20041008_id413976-E3" TYPE="PER" SUBTYPE="Group" CLASS="GEN">
      <entity_mention ID="adige20041008_id413976-E3-2" TYPE="NOM" PRIMARY="true" METONYMY_MENTION="FALSE">
        <extent>
          <charseq START="696" END="701">coloni</charseq>
        </extent>
        <head>
          <charseq START="696" END="701">coloni</charseq>
        </head>
      </entity_mention>
    </entity>
    <entity ID="adige20041008_id413976-E4" TYPE="PER" SUBTYPE="Group" CLASS="GEN">
      <entity_mention ID="adige20041008_id413976-E4-2" TYPE="NOM" PRIMARY="true" METONYMY_MENTION="FALSE">
        <extent>
          <charseq START="665" END="683">coltivatori diretti</charseq>
        </extent>
        <head>
          <charseq START="665" END="675">coltivatori</charseq>
        </head>
      </entity_mention>
    </entity>
    <entity ID="adige20041008_id413976-E5" TYPE="PER" SUBTYPE="Group" CLASS="GEN">
      <entity_mention ID="adige20041008_id413976-E5-2" TYPE="NOM" PRIMARY="true" METONYMY_MENTION="FALSE">
        <extent>
          <charseq START="665" END="701">coltivatori diretti mezzadri e coloni</charseq>
        </extent>
        <head>
          <charseq START="665" END="701">coltivatori diretti mezzadri e coloni</charseq>
        </head>
      </entity_mention>
    </entity>
    <entity ID="adige20041008_id413976-E6" TYPE="PER" SUBTYPE="Group" CLASS="USP">
      <entity_mention ID="adige20041008_id413976-E6-2" TYPE="NOM" PRIMARY="true" METONYMY_MENTION="FALSE">
        <extent>
          <charseq START="1142" END="1200">poco più di 2 milioni di aderenti su 22 milioni di occupati</charseq>
        </extent>
        <head>
          <charseq START="1167" END="1174">aderenti</charseq>
        </head>
      </entity_mention>
    </entity>
    <entity ID="adige20041008_id413976-E7" TYPE="PER" SUBTYPE="Group" CLASS="USP">
      <entity_mention ID="adige20041008_id413976-E7-2" TYPE="NOM" PRIMARY="true" METONYMY_MENTION="FALSE">
        <extent>
          <charseq START="1179" END="1200">22 milioni di occupati</charseq>
        </extent>
        <head>
          <charseq START="1193" END="1200">occupati</charseq>
        </head>
      </entity_mention>
    </entity>
    <entity ID="adige20041008_id413976-E8" TYPE="PER" SUBTYPE="Individual" CLASS="SPC">
      <entity_mention ID="adige20041008_id413976-E8-2" TYPE="NAM" PRIMARY="true" METONYMY_MENTION="FALSE">
        <extent>
          <charseq START="1564" END="1579">Giuliano Cazzola</charseq>
        </extent>
        <head>
          <charseq START="1564" END="1579">Giuliano Cazzola</charseq>
        </head>
      </entity_mention>
      <entity_mention ID="adige20041008_id413976-E8-4" TYPE="NOM" PRIMARY="false" METONYMY_MENTION="FALSE">
        <extent>
          <charseq START="1492" END="1503">l'economista</charseq>
        </extent>
        <head>
          <charseq START="1494" END="1503">economista</charseq>
        </head>
      </entity_mention>
      <entity_mention ID="adige20041008_id413976-E8-6" TYPE="NOM" PRIMARY="false" METONYMY_MENTION="FALSE">
        <extent>
          <charseq START="1507" END="1561">consulente del Ministero del Lavoro e Politiche Sociali</charseq>
        </extent>
        <head>
          <charseq START="1507" END="1516">consulente</charseq>
        </head>
      </entity_mention>
      <entity_mention ID="adige20041008_id413976-E8-8" TYPE="NOM" PRIMARY="false" METONYMY_MENTION="FALSE">
        <extent>
          <charseq START="1492" END="1561">l'economista e consulente del Ministero del Lavoro e Politiche Sociali</charseq>
        </extent>
        <head>
          <charseq START="1492" END="1561">l'economista e consulente del Ministero del Lavoro e Politiche Sociali</charseq>
        </head>
      </entity_mention>
      <entity_mention ID="adige20041008_id413976-E8-10" TYPE="NOM" PRIMARY="false" METONYMY_MENTION="FALSE">
        <extent>
          <charseq START="1492" END="1579">l'economista e consulente del Ministero del Lavoro e Politiche Sociali, Giuliano Cazzola</charseq>
        </extent>
        <head>
          <charseq START="1492" END="1579">l'economista e consulente del Ministero del Lavoro e Politiche Sociali, Giuliano Cazzola</charseq>
        </head>
      </entity_mention>
      <entity_mention ID="adige20041008_id413976-E8-12" TYPE="PRO" PRIMARY="false" METONYMY_MENTION="FALSE">
        <extent>
          <charseq START="1623" END="1625">mia</charseq>
        </extent>
        <head>
          <charseq START="1623" END="1625">mia</charseq>
        </head>
      </entity_mention>
      <entity_mention ID="adige20041008_id413976-E8-14" TYPE="NOM" PRIMARY="false" METONYMY_MENTION="FALSE">
        <extent>
          <charseq START="1715" END="1726">l'economista</charseq>
        </extent>
        <head>
          <charseq START="1717" END="1726">economista</charseq>
        </head>
      </entity_mention>
      <entity_mention ID="adige20041008_id413976-E8-16" TYPE="PRO" PRIMARY="false" METONYMY_MENTION="FALSE">
        <extent>
          <charseq START="1739" END="1741">mia</charseq>
        </extent>
        <head>
          <charseq START="1739" END="1741">mia</charseq>
        </head>
      </entity_mention>
      <entity_mention ID="adige20041008_id413976-E8-18" TYPE="NAM" PRIMARY="false" METONYMY_MENTION="FALSE">
        <extent>
          <charseq START="51" END="57">Cazzola</charseq>
        </extent>
        <head>
          <charseq START="51" END="57">Cazzola</charseq>
        </head>
      </entity_mention>
      <entity_mention ID="adige20041008_id413976-E8-20" TYPE="PRO" PRIMARY="false" METONYMY_MENTION="FALSE">
        <extent>
          <charseq START="74" END="76">mia</charseq>
        </extent>
        <head>
          <charseq START="74" END="76">mia</charseq>
        </head>
      </entity_mention>
      <entity_attributes>
        <name NAME="Giuliano Cazzola">
          <charseq START="1564" END="1579">Giuliano Cazzola</charseq>
        </name>
        <name NAME="Cazzola">
          <charseq START="51" END="57">Cazzola</charseq>
        </name>
      </entity_attributes>
    </entity>
    <entity ID="adige20041008_id413976-E9" TYPE="PER" SUBTYPE="Group" CLASS="SPC">
      <entity_mention ID="adige20041008_id413976-E9-2" TYPE="PRO" PRIMARY="true" METONYMY_MENTION="FALSE">
        <extent>
          <charseq START="1793" END="1794">ci</charseq>
        </extent>
        <head>
          <charseq START="1793" END="1794">ci</charseq>
        </head>
      </entity_mention>
    </entity>
    <entity ID="adige20041008_id413976-E10" TYPE="PER" SUBTYPE="Group" CLASS="GEN">
      <entity_mention ID="adige20041008_id413976-E10-2" TYPE="NOM" PRIMARY="true" METONYMY_MENTION="FALSE">
        <extent>
          <charseq START="1835" END="1845">sui giovani</charseq>
        </extent>
        <head>
          <charseq START="1839" END="1845">giovani</charseq>
        </head>
      </entity_mention>
      <entity_mention ID="adige20041008_id413976-E10-4" TYPE="PRO" PRIMARY="false" METONYMY_MENTION="FALSE">
        <extent>
          <charseq START="1890" END="1893">loro</charseq>
        </extent>
        <head>
          <charseq START="1890" END="1893">loro</charseq>
        </head>
      </entity_mention>
    </entity>
    <entity ID="adige20041008_id413976-E11" TYPE="PER" SUBTYPE="Group" CLASS="GEN">
      <entity_mention ID="adige20041008_id413976-E11-2" TYPE="NOM" PRIMARY="true" METONYMY_MENTION="FALSE">
        <extent>
          <charseq START="2136" END="2148">delle persone</charseq>
        </extent>
        <head>
          <charseq START="2142" END="2148">persone</charseq>
        </head>
      </entity_mention>
    </entity>
    <entity ID="adige20041008_id413976-E12" TYPE="PER" SUBTYPE="Group" CLASS="USP">
      <entity_mention ID="adige20041008_id413976-E12-2" TYPE="NOM" PRIMARY="true" METONYMY_MENTION="FALSE">
        <extent>
          <charseq START="2197" END="2223">1,5 milioni di cinquantenni</charseq>
        </extent>
        <head>
          <charseq START="2212" END="2223">cinquantenni</charseq>
        </head>
      </entity_mention>
    </entity>
    <entity ID="adige20041008_id413976-E13" TYPE="PER" SUBTYPE="Group" CLASS="GEN">
      <entity_mention ID="adige20041008_id413976-E13-2" TYPE="NOM" PRIMARY="true" METONYMY_MENTION="FALSE">
        <extent>
          <charseq START="2248" END="2267">le nuove generazioni</charseq>
        </extent>
        <head>
          <charseq START="2257" END="2267">generazioni</charseq>
        </head>
      </entity_mention>
    </entity>
    <entity ID="adige20041008_id413976-E14" TYPE="ORG" SUBTYPE="Government" CLASS="SPC">
      <entity_mention ID="adige20041008_id413976-E14-1" TYPE="NAM" PRIMARY="true" METONYMY_MENTION="FALSE">
        <extent>
          <charseq START="178" END="198">della Corte dei Conti</charseq>
        </extent>
        <head>
          <charseq START="184" END="198">Corte dei Conti</charseq>
        </head>
      </entity_mention>
      <entity_mention ID="adige20041008_id413976-E14-2" TYPE="NOM" PRIMARY="false" METONYMY_MENTION="FALSE">
        <extent>
          <charseq START="334" END="361">dalla magistratura contabile</charseq>
        </extent>
        <head>
          <charseq START="340" END="351">magistratura</charseq>
        </head>
      </entity_mention>
      <entity_mention ID="adige20041008_id413976-E14-3" TYPE="NAM" PRIMARY="false" METONYMY_MENTION="FALSE">
        <extent>
          <charseq START="511" END="528">La Corte dei Conti</charseq>
        </extent>
        <head>
          <charseq START="514" END="528">Corte dei Conti</charseq>
        </head>
      </entity_mention>
      <entity_mention ID="adige20041008_id413976-E14-4" TYPE="NAM" PRIMARY="false" METONYMY_MENTION="FALSE">
        <extent>
          <charseq START="861" END="868">La Corte</charseq>
        </extent>
        <head>
          <charseq START="864" END="868">Corte</charseq>
        </head>
      </entity_mention>
      <entity_mention ID="adige20041008_id413976-E14-5" TYPE="PRO" PRIMARY="false" METONYMY_MENTION="FALSE">
        <extent>
          <charseq START="888" END="890">sua</charseq>
        </extent>
        <head>
          <charseq START="888" END="890">sua</charseq>
        </head>
      </entity_mention>
      <entity_mention ID="adige20041008_id413976-E14-6" TYPE="NAM" PRIMARY="false" METONYMY_MENTION="FALSE">
        <extent>
          <charseq START="1203" END="1210">La Corte</charseq>
        </extent>
        <head>
          <charseq START="1206" END="1210">Corte</charseq>
        </head>
      </entity_mention>
      <entity_mention ID="adige20041008_id413976-E14-7" TYPE="NAM" PRIMARY="false" METONYMY_MENTION="FALSE">
        <extent>
          <charseq START="137" END="157">della Corte dei Conti</charseq>
        </extent>
        <head>
          <charseq START="143" END="157">Corte dei Conti</charseq>
        </head>
      </entity_mention>
      <entity_attributes>
        <name NAME="Corte dei Conti">
          <charseq START="184" END="198">Corte dei Conti</charseq>
        </name>
        <name NAME="Corte dei Conti">
          <charseq START="514" END="528">Corte dei Conti</charseq>
        </name>
        <name NAME="Corte">
          <charseq START="864" END="868">Corte</charseq>
        </name>
        <name NAME="Corte">
          <charseq START="1206" END="1210">Corte</charseq>
        </name>
        <name NAME="Corte dei Conti">
          <charseq START="143" END="157">Corte dei Conti</charseq>
        </name>
      </entity_attributes>
    </entity>
    <entity ID="adige20041008_id413976-E15" TYPE="ORG" SUBTYPE="Government" CLASS="SPC">
      <entity_mention ID="adige20041008_id413976-E15-1" TYPE="NAM" PRIMARY="true" METONYMY_MENTION="FALSE">
        <extent>
          <charseq START="291" END="294">Inps</charseq>
        </extent>
        <head>
          <charseq START="291" END="294">Inps</charseq>
        </head>
      </entity_mention>
      <entity_mention ID="adige20041008_id413976-E15-2" TYPE="NAM" PRIMARY="false" METONYMY_MENTION="FALSE">
        <extent>
          <charseq START="1335" END="1342">all'Inps</charseq>
        </extent>
        <head>
          <charseq START="1339" END="1342">Inps</charseq>
        </head>
      </entity_mention>
      <entity_mention ID="adige20041008_id413976-E15-3" TYPE="NAM" PRIMARY="false" METONYMY_MENTION="FALSE">
        <extent>
          <charseq START="123" END="126">Inps</charseq>
        </extent>
        <head>
          <charseq START="123" END="126">Inps</charseq>
        </head>
      </entity_mention>
      <entity_attributes>
        <name NAME="Inps">
          <charseq START="291" END="294">Inps</charseq>
        </name>
        <name NAME="Inps">
          <charseq START="1339" END="1342">Inps</charseq>
        </name>
        <name NAME="Inps">
          <charseq START="123" END="126">Inps</charseq>
        </name>
      </entity_attributes>
    </entity>
    <entity ID="adige20041008_id413976-E16" TYPE="ORG" SUBTYPE="Government" CLASS="SPC">
      <entity_mention ID="adige20041008_id413976-E16-1" TYPE="NAM" PRIMARY="true" METONYMY_MENTION="FALSE">
        <extent>
          <charseq START="1518" END="1561">del Ministero del Lavoro e Politiche Sociali</charseq>
        </extent>
        <head>
          <charseq START="1522" END="1561">Ministero del Lavoro e Politiche Sociali</charseq>
        </head>
      </entity_mention>
      <entity_attributes>
        <name NAME="Ministero del Lavoro e Politiche Sociali">
          <charseq START="1522" END="1561">Ministero del Lavoro e Politiche Sociali</charseq>
        </name>
      </entity_attributes>
    </entity>
    <entity ID="adige20041008_id413976-E17" TYPE="PER" SUBTYPE="Group" CLASS="SPC">
      <entity_mention ID="adige20041008_id413976-E17-2" TYPE="NOM" PRIMARY="true" METONYMY_MENTION="FALSE">
        <extent>
          <charseq START="71" END="88">La mia generazione</charseq>
        </extent>
        <head>
          <charseq START="78" END="88">generazione</charseq>
        </head>
      </entity_mention>
      <entity_mention ID="adige20041008_id413976-E17-4" TYPE="NOM" PRIMARY="false" METONYMY_MENTION="FALSE">
        <extent>
          <charseq START="1620" END="1637">La mia generazione</charseq>
        </extent>
        <head>
          <charseq START="1627" END="1637">generazione</charseq>
        </head>
      </entity_mention>
      <entity_mention ID="adige20041008_id413976-E17-6" TYPE="NOM" PRIMARY="false" METONYMY_MENTION="FALSE">
        <extent>
          <charseq START="1736" END="1753">La mia generazione</charseq>
        </extent>
        <head>
          <charseq START="1743" END="1753">generazione</charseq>
        </head>
      </entity_mention>
    </entity>
    <entity ID="adige20041008_id413976-E18" TYPE="GPE" SUBTYPE="Population-Center" CLASS="SPC">
      <entity_mention ID="adige20041008_id413976-E18-2" TYPE="NAM" PRIMARY="true" ROLE="LOC" METONYMY_MENTION="FALSE">
        <extent>
          <charseq START="163" END="166">ROMA</charseq>
        </extent>
        <head>
          <charseq START="163" END="166">ROMA</charseq>
        </head>
      </entity_mention>
      <entity_attributes>
        <name NAME="ROMA">
          <charseq START="163" END="166">ROMA</charseq>
        </name>
      </entity_attributes>
    </entity>
    <entity ID="adige20041008_id413976-E19" TYPE="GPE" SUBTYPE="Population-Center" CLASS="SPC">
      <entity_mention ID="adige20041008_id413976-E19-2" TYPE="NAM" PRIMARY="true" ROLE="LOC" METONYMY_MENTION="FALSE">
        <extent>
          <charseq START="1592" END="1605">Riva del Garda</charseq>
        </extent>
        <head>
          <charseq START="1592" END="1605">Riva del Garda</charseq>
        </head>
      </entity_mention>
      <entity_attributes>
        <name NAME="Riva del Garda">
          <charseq START="1592" END="1605">Riva del Garda</charseq>
        </name>
      </entity_attributes>
    </entity>
  </document>
</source_file>
