<?xml version="1.0" encoding="UTF-8"?>
<!DOCTYPE source_file PUBLIC "SYSTEM" "apf.v5.2.0.dtd">

<source_file URI="adige20041008_id413985.txt" SOURCE="unknown" TYPE="text" VERSION="5.0" AUTHOR="Evalita" ENCODING="UTF-8">
  <document DOCID="adige20041008_id413985">
    <entity ID="adige20041008_id413985-E1" TYPE="PER" SUBTYPE="Individual" CLASS="SPC">
      <entity_mention ID="adige20041008_id413985-E1-1" TYPE="NAM" PRIMARY="true" METONYMY_MENTION="FALSE">
        <extent>
          <charseq START="15" END="22">Castelli</charseq>
        </extent>
        <head>
          <charseq START="15" END="22">Castelli</charseq>
        </head>
      </entity_mention>
      <entity_mention ID="adige20041008_id413985-E1-2" TYPE="PRO" PRIMARY="false" METONYMY_MENTION="FALSE">
        <extent>
          <charseq START="96" END="98">sua</charseq>
        </extent>
        <head>
          <charseq START="96" END="98">sua</charseq>
        </head>
      </entity_mention>
      <entity_mention ID="adige20041008_id413985-E1-3" TYPE="NOM" PRIMARY="false" METONYMY_MENTION="FALSE">
        <extent>
          <charseq START="335" END="345">Il ministro</charseq>
        </extent>
        <head>
          <charseq START="338" END="345">ministro</charseq>
        </head>
      </entity_mention>
      <entity_mention ID="adige20041008_id413985-E1-4" TYPE="NAM" PRIMARY="false" METONYMY_MENTION="FALSE">
        <extent>
          <charseq START="531" END="538">Castelli</charseq>
        </extent>
        <head>
          <charseq START="531" END="538">Castelli</charseq>
        </head>
      </entity_mention>
      <entity_mention ID="adige20041008_id413985-E1-5" TYPE="NOM" PRIMARY="false" METONYMY_MENTION="FALSE">
        <extent>
          <charseq START="722" END="746">il ministro Guardasigilli</charseq>
        </extent>
        <head>
          <charseq START="725" END="732">ministro</charseq>
        </head>
      </entity_mention>
      <entity_attributes>
        <name NAME="Castelli">
          <charseq START="15" END="22">Castelli</charseq>
        </name>
        <name NAME="Castelli">
          <charseq START="531" END="538">Castelli</charseq>
        </name>
      </entity_attributes>
    </entity>
    <entity ID="adige20041008_id413985-E3" TYPE="PER" SUBTYPE="Group" CLASS="SPC">
      <entity_mention ID="adige20041008_id413985-E3-1" TYPE="NOM" PRIMARY="true" METONYMY_MENTION="FALSE">
        <extent>
          <charseq START="1005" END="1014">i leghisti</charseq>
        </extent>
        <head>
          <charseq START="1007" END="1014">leghisti</charseq>
        </head>
      </entity_mention>
      <entity_mention ID="adige20041008_id413985-E3-2" TYPE="NOM" PRIMARY="false" METONYMY_MENTION="FALSE">
        <extent>
          <charseq START="783" END="810">leghisti velati dal prefetto</charseq>
        </extent>
        <head>
          <charseq START="783" END="790">leghisti</charseq>
        </head>
      </entity_mention>
    </entity>
    <entity ID="adige20041008_id413985-E4" TYPE="PER" SUBTYPE="Group" CLASS="SPC">
      <entity_mention ID="adige20041008_id413985-E4-1" TYPE="NOM" PRIMARY="true" METONYMY_MENTION="FALSE">
        <extent>
          <charseq START="1135" END="1149">Una delegazione</charseq>
        </extent>
        <head>
          <charseq START="1139" END="1149">delegazione</charseq>
        </head>
      </entity_mention>
    </entity>
    <entity ID="adige20041008_id413985-E5" TYPE="PER" SUBTYPE="Individual" CLASS="SPC">
      <entity_mention ID="adige20041008_id413985-E5-1" TYPE="NAM" PRIMARY="true" METONYMY_MENTION="FALSE">
        <extent>
          <charseq START="1194" END="1207">Bruno Ferrante</charseq>
        </extent>
        <head>
          <charseq START="1194" END="1207">Bruno Ferrante</charseq>
        </head>
      </entity_mention>
      <entity_mention ID="adige20041008_id413985-E5-2" TYPE="NOM" PRIMARY="false" METONYMY_MENTION="FALSE">
        <extent>
          <charseq START="1181" END="1192">dal prefetto</charseq>
        </extent>
        <head>
          <charseq START="1185" END="1192">prefetto</charseq>
        </head>
      </entity_mention>
      <entity_mention ID="adige20041008_id413985-E5-3" TYPE="NOM" PRIMARY="false" METONYMY_MENTION="FALSE">
        <extent>
          <charseq START="1181" END="1207">dal prefetto Bruno Ferrante</charseq>
        </extent>
        <head>
          <charseq START="1181" END="1207">dal prefetto Bruno Ferrante</charseq>
        </head>
      </entity_mention>
      <entity_mention ID="adige20041008_id413985-E5-4" TYPE="NOM" PRIMARY="false" METONYMY_MENTION="FALSE">
        <extent>
          <charseq START="799" END="810">dal prefetto</charseq>
        </extent>
        <head>
          <charseq START="803" END="810">prefetto</charseq>
        </head>
      </entity_mention>
      <entity_attributes>
        <name NAME="Bruno Ferrante">
          <charseq START="1194" END="1207">Bruno Ferrante</charseq>
        </name>
      </entity_attributes>
    </entity>
    <entity ID="adige20041008_id413985-E6" TYPE="PER" SUBTYPE="Individual" CLASS="SPC">
      <entity_mention ID="adige20041008_id413985-E6-1" TYPE="NAM" PRIMARY="true" METONYMY_MENTION="FALSE">
        <extent>
          <charseq START="1271" END="1284">Matteo Salvini</charseq>
        </extent>
        <head>
          <charseq START="1271" END="1284">Matteo Salvini</charseq>
        </head>
      </entity_mention>
      <entity_mention ID="adige20041008_id413985-E6-2" TYPE="NOM" PRIMARY="false" METONYMY_MENTION="FALSE">
        <extent>
          <charseq START="1230" END="1268">il segretario provinciale del Carroccio</charseq>
        </extent>
        <head>
          <charseq START="1233" END="1242">segretario</charseq>
        </head>
      </entity_mention>
      <entity_mention ID="adige20041008_id413985-E6-3" TYPE="NOM" PRIMARY="false" METONYMY_MENTION="FALSE">
        <extent>
          <charseq START="1230" END="1284">il segretario provinciale del Carroccio, Matteo Salvini</charseq>
        </extent>
        <head>
          <charseq START="1230" END="1284">il segretario provinciale del Carroccio, Matteo Salvini</charseq>
        </head>
      </entity_mention>
      <entity_attributes>
        <name NAME="Matteo Salvini">
          <charseq START="1271" END="1284">Matteo Salvini</charseq>
        </name>
      </entity_attributes>
    </entity>
    <entity ID="adige20041008_id413985-E7" TYPE="PER" SUBTYPE="Individual" CLASS="SPC">
      <entity_mention ID="adige20041008_id413985-E7-1" TYPE="NAM" PRIMARY="true" METONYMY_MENTION="FALSE">
        <extent>
          <charseq START="1443" END="1457">Giovanni Assini</charseq>
        </extent>
        <head>
          <charseq START="1443" END="1457">Giovanni Assini</charseq>
        </head>
      </entity_mention>
      <entity_mention ID="adige20041008_id413985-E7-2" TYPE="NOM" PRIMARY="false" METONYMY_MENTION="FALSE">
        <extent>
          <charseq START="1402" END="1440">Un dirigente della Provincia di Firenze</charseq>
        </extent>
        <head>
          <charseq START="1405" END="1413">dirigente</charseq>
        </head>
      </entity_mention>
      <entity_mention ID="adige20041008_id413985-E7-3" TYPE="NOM" PRIMARY="false" METONYMY_MENTION="FALSE">
        <extent>
          <charseq START="1402" END="1457">Un dirigente della Provincia di Firenze, Giovanni Assini</charseq>
        </extent>
        <head>
          <charseq START="1402" END="1457">Un dirigente della Provincia di Firenze, Giovanni Assini</charseq>
        </head>
      </entity_mention>
      <entity_attributes>
        <name NAME="Giovanni Assini">
          <charseq START="1443" END="1457">Giovanni Assini</charseq>
        </name>
      </entity_attributes>
    </entity>
    <entity ID="adige20041008_id413985-E8" TYPE="PER" SUBTYPE="Individual" CLASS="SPC">
      <entity_mention ID="adige20041008_id413985-E8-1" TYPE="NAM" PRIMARY="true" METONYMY_MENTION="FALSE">
        <extent>
          <charseq START="1501" END="1519">Giancarlo Del Negro</charseq>
        </extent>
        <head>
          <charseq START="1501" END="1519">Giancarlo Del Negro</charseq>
        </head>
      </entity_mention>
      <entity_mention ID="adige20041008_id413985-E8-2" TYPE="NOM" PRIMARY="false" METONYMY_MENTION="FALSE">
        <extent>
          <charseq START="1462" END="1498">il titolare di un' impresa di pulizie</charseq>
        </extent>
        <head>
          <charseq START="1465" END="1472">titolare</charseq>
        </head>
      </entity_mention>
      <entity_mention ID="adige20041008_id413985-E8-3" TYPE="NOM" PRIMARY="false" METONYMY_MENTION="FALSE">
        <extent>
          <charseq START="1462" END="1519">il titolare di un' impresa di pulizie, Giancarlo Del Negro</charseq>
        </extent>
        <head>
          <charseq START="1462" END="1519">il titolare di un' impresa di pulizie, Giancarlo Del Negro</charseq>
        </head>
      </entity_mention>
      <entity_attributes>
        <name NAME="Giancarlo Del Negro">
          <charseq START="1501" END="1519">Giancarlo Del Negro</charseq>
        </name>
      </entity_attributes>
    </entity>
    <entity ID="adige20041008_id413985-E9" TYPE="PER" SUBTYPE="Group" CLASS="SPC">
      <entity_mention ID="adige20041008_id413985-E9-1" TYPE="NOM" PRIMARY="true" METONYMY_MENTION="FALSE">
        <extent>
          <charseq START="1402" END="1519">Un dirigente della Provincia di Firenze, Giovanni Assini, e il titolare di un' impresa di pulizie, Giancarlo Del Negro</charseq>
        </extent>
        <head>
          <charseq START="1402" END="1519">Un dirigente della Provincia di Firenze, Giovanni Assini, e il titolare di un' impresa di pulizie, Giancarlo Del Negro</charseq>
        </head>
      </entity_mention>
      <entity_mention ID="adige20041008_id413985-E9-2" TYPE="PRO" PRIMARY="false" METONYMY_MENTION="FALSE">
        <extent>
          <charseq START="1768" END="1775">Entrambi</charseq>
        </extent>
        <head>
          <charseq START="1768" END="1775">Entrambi</charseq>
        </head>
      </entity_mention>
    </entity>
    <entity ID="adige20041008_id413985-E10" TYPE="PER" SUBTYPE="Individual" CLASS="SPC">
      <entity_mention ID="adige20041008_id413985-E10-1" TYPE="NAM" PRIMARY="true" METONYMY_MENTION="FALSE">
        <extent>
          <charseq START="1943" END="1958">Francesco Fleury</charseq>
        </extent>
        <head>
          <charseq START="1943" END="1958">Francesco Fleury</charseq>
        </head>
      </entity_mention>
      <entity_mention ID="adige20041008_id413985-E10-2" TYPE="NOM" PRIMARY="false" METONYMY_MENTION="FALSE">
        <extent>
          <charseq START="1907" END="1941">del procuratore aggiunto di Firenze</charseq>
        </extent>
        <head>
          <charseq START="1911" END="1921">procuratore</charseq>
        </head>
      </entity_mention>
      <entity_mention ID="adige20041008_id413985-E10-3" TYPE="NOM" PRIMARY="false" METONYMY_MENTION="FALSE">
        <extent>
          <charseq START="1907" END="1958">del procuratore aggiunto di Firenze Francesco Fleury</charseq>
        </extent>
        <head>
          <charseq START="1907" END="1958">del procuratore aggiunto di Firenze Francesco Fleury</charseq>
        </head>
      </entity_mention>
      <entity_attributes>
        <name NAME="Francesco Fleury">
          <charseq START="1943" END="1958">Francesco Fleury</charseq>
        </name>
      </entity_attributes>
    </entity>
    <entity ID="adige20041008_id413985-E11" TYPE="PER" SUBTYPE="Individual" CLASS="SPC">
      <entity_mention ID="adige20041008_id413985-E11-1" TYPE="NAM" PRIMARY="true" METONYMY_MENTION="FALSE">
        <extent>
          <charseq START="1969" END="1985">Giuseppe Nicolosi</charseq>
        </extent>
        <head>
          <charseq START="1969" END="1985">Giuseppe Nicolosi</charseq>
        </head>
      </entity_mention>
      <entity_mention ID="adige20041008_id413985-E11-2" TYPE="NOM" PRIMARY="false" METONYMY_MENTION="FALSE">
        <extent>
          <charseq START="1962" END="1967">del pm</charseq>
        </extent>
        <head>
          <charseq START="1966" END="1967">pm</charseq>
        </head>
      </entity_mention>
      <entity_mention ID="adige20041008_id413985-E11-3" TYPE="NOM" PRIMARY="false" METONYMY_MENTION="FALSE">
        <extent>
          <charseq START="1962" END="1985">del pm Giuseppe Nicolosi</charseq>
        </extent>
        <head>
          <charseq START="1962" END="1985">del pm Giuseppe Nicolosi</charseq>
        </head>
      </entity_mention>
      <entity_attributes>
        <name NAME="Giuseppe Nicolosi">
          <charseq START="1969" END="1985">Giuseppe Nicolosi</charseq>
        </name>
      </entity_attributes>
    </entity>
    <entity ID="adige20041008_id413985-E12" TYPE="PER" SUBTYPE="Group" CLASS="SPC">
      <entity_mention ID="adige20041008_id413985-E12-1" TYPE="NOM" PRIMARY="true" METONYMY_MENTION="FALSE">
        <extent>
          <charseq START="1907" END="1985">del procuratore aggiunto di Firenze Francesco Fleury e del pm Giuseppe Nicolosi</charseq>
        </extent>
        <head>
          <charseq START="1907" END="1985">del procuratore aggiunto di Firenze Francesco Fleury e del pm Giuseppe Nicolosi</charseq>
        </head>
      </entity_mention>
    </entity>
    <entity ID="adige20041008_id413985-E13" TYPE="PER" SUBTYPE="Group" CLASS="SPC">
      <entity_mention ID="adige20041008_id413985-E13-1" TYPE="NOM" PRIMARY="true" METONYMY_MENTION="FALSE">
        <extent>
          <charseq START="2206" END="2329">16 rom di nazionale romena che avevano occupato lo stabile dell'ex fabbrica Zucchi, sgomberato dalla polizia lo scorso marzo</charseq>
        </extent>
        <head>
          <charseq START="2209" END="2211">rom</charseq>
        </head>
      </entity_mention>
      <entity_mention ID="adige20041008_id413985-E13-2" TYPE="PRO" PRIMARY="false" METONYMY_MENTION="FALSE">
        <extent>
          <charseq START="2233" END="2235">che</charseq>
        </extent>
        <head>
          <charseq START="2233" END="2235">che</charseq>
        </head>
      </entity_mention>
    </entity>
    <entity ID="adige20041008_id413985-E14" TYPE="PER" SUBTYPE="Individual" CLASS="SPC">
      <entity_mention ID="adige20041008_id413985-E14-1" TYPE="NOM" PRIMARY="true" METONYMY_MENTION="FALSE">
        <extent>
          <charseq START="2380" END="2390">il Questore</charseq>
        </extent>
        <head>
          <charseq START="2383" END="2390">Questore</charseq>
        </head>
      </entity_mention>
    </entity>
    <entity ID="adige20041008_id413985-E15" TYPE="PER" SUBTYPE="Indefinite" CLASS="USP">
      <entity_mention ID="adige20041008_id413985-E15-1" TYPE="PRO" PRIMARY="true" METONYMY_MENTION="FALSE">
        <extent>
          <charseq START="2532" END="2533">si</charseq>
        </extent>
        <head>
          <charseq START="2532" END="2533">si</charseq>
        </head>
      </entity_mention>
    </entity>
    <entity ID="adige20041008_id413985-E16" TYPE="PER" SUBTYPE="Group" CLASS="GEN">
      <entity_mention ID="adige20041008_id413985-E16-1" TYPE="NOM" PRIMARY="true" METONYMY_MENTION="FALSE">
        <extent>
          <charseq START="1989" END="1991">Rom</charseq>
        </extent>
        <head>
          <charseq START="1989" END="1991">Rom</charseq>
        </head>
      </entity_mention>
    </entity>
    <entity ID="adige20041008_id413985-E17" TYPE="ORG" SUBTYPE="Non-Governmental" CLASS="SPC">
      <entity_mention ID="adige20041008_id413985-E17-2" TYPE="NAM" PRIMARY="true" METONYMY_MENTION="FALSE">
        <extent>
          <charseq START="109" END="120">tutta la Cdl</charseq>
        </extent>
        <head>
          <charseq START="118" END="120">Cdl</charseq>
        </head>
      </entity_mention>
      <entity_mention ID="adige20041008_id413985-E17-4" TYPE="NAM" PRIMARY="false" METONYMY_MENTION="FALSE">
        <extent>
          <charseq START="322" END="330">della Cdl</charseq>
        </extent>
        <head>
          <charseq START="328" END="330">Cdl</charseq>
        </head>
      </entity_mention>
      <entity_attributes>
        <name NAME="Cdl">
          <charseq START="118" END="120">Cdl</charseq>
        </name>
        <name NAME="Cdl">
          <charseq START="328" END="330">Cdl</charseq>
        </name>
      </entity_attributes>
    </entity>
    <entity ID="adige20041008_id413985-E18" TYPE="ORG" SUBTYPE="Government" CLASS="SPC">
      <entity_mention ID="adige20041008_id413985-E18-2" TYPE="NAM" PRIMARY="true" METONYMY_MENTION="FALSE">
        <extent>
          <charseq START="518" END="528">Commissione</charseq>
        </extent>
        <head>
          <charseq START="518" END="528">Commissione</charseq>
        </head>
      </entity_mention>
      <entity_attributes>
        <name NAME="Commissione">
          <charseq START="518" END="528">Commissione</charseq>
        </name>
      </entity_attributes>
    </entity>
    <entity ID="adige20041008_id413985-E19" TYPE="ORG" SUBTYPE="Non-Governmental" CLASS="SPC">
      <entity_mention ID="adige20041008_id413985-E19-2" TYPE="NAM" PRIMARY="true" METONYMY_MENTION="FALSE">
        <extent>
          <charseq START="931" END="942">la Lega Nord</charseq>
        </extent>
        <head>
          <charseq START="934" END="942">Lega Nord</charseq>
        </head>
      </entity_mention>
      <entity_mention ID="adige20041008_id413985-E19-4" TYPE="NAM" PRIMARY="false" METONYMY_MENTION="FALSE">
        <extent>
          <charseq START="1256" END="1268">del Carroccio</charseq>
        </extent>
        <head>
          <charseq START="1260" END="1268">Carroccio</charseq>
        </head>
      </entity_mention>
      <entity_attributes>
        <name NAME="Lega Nord">
          <charseq START="934" END="942">Lega Nord</charseq>
        </name>
        <name NAME="Carroccio">
          <charseq START="1260" END="1268">Carroccio</charseq>
        </name>
      </entity_attributes>
    </entity>
    <entity ID="adige20041008_id413985-E20" TYPE="PER" SUBTYPE="Group" CLASS="SPC">
      <entity_mention ID="adige20041008_id413985-E20-2" TYPE="NOM" PRIMARY="true" METONYMY_MENTION="FALSE">
        <extent>
          <charseq START="1548" END="1582">dalla guardia di finanza di Firenze</charseq>
        </extent>
        <head>
          <charseq START="1554" END="1560">guardia</charseq>
        </head>
      </entity_mention>
    </entity>
    <entity ID="adige20041008_id413985-E21" TYPE="ORG" SUBTYPE="Government" CLASS="SPC">
      <entity_mention ID="adige20041008_id413985-E21-2" TYPE="NAM" PRIMARY="true" METONYMY_MENTION="FALSE">
        <extent>
          <charseq START="2031" END="2054">L'Avvocatura dello Stato</charseq>
        </extent>
        <head>
          <charseq START="2033" END="2054">Avvocatura dello Stato</charseq>
        </head>
      </entity_mention>
      <entity_mention ID="adige20041008_id413985-E21-4" TYPE="NAM" PRIMARY="false" METONYMY_MENTION="FALSE">
        <extent>
          <charseq START="1994" END="2020">Avvocatura contro Tribunale</charseq>
        </extent>
        <head>
          <charseq START="1994" END="2003">Avvocatura</charseq>
        </head>
      </entity_mention>
      <entity_attributes>
        <name NAME="Avvocatura dello Stato">
          <charseq START="2033" END="2054">Avvocatura dello Stato</charseq>
        </name>
        <name NAME="Avvocatura">
          <charseq START="1994" END="2003">Avvocatura</charseq>
        </name>
      </entity_attributes>
    </entity>
    <entity ID="adige20041008_id413985-E22" TYPE="ORG" SUBTYPE="Government" CLASS="SPC">
      <entity_mention ID="adige20041008_id413985-E22-2" TYPE="NAM" PRIMARY="true" METONYMY_MENTION="FALSE">
        <extent>
          <charseq START="2081" END="2090">Cassazione</charseq>
        </extent>
        <head>
          <charseq START="2081" END="2090">Cassazione</charseq>
        </head>
      </entity_mention>
      <entity_attributes>
        <name NAME="Cassazione">
          <charseq START="2081" END="2090">Cassazione</charseq>
        </name>
      </entity_attributes>
    </entity>
    <entity ID="adige20041008_id413985-E23" TYPE="ORG" SUBTYPE="Government" CLASS="SPC">
      <entity_mention ID="adige20041008_id413985-E23-2" TYPE="NAM" PRIMARY="true" METONYMY_MENTION="FALSE">
        <extent>
          <charseq START="2111" END="2133">del Tribunale di Milano</charseq>
        </extent>
        <head>
          <charseq START="2115" END="2133">Tribunale di Milano</charseq>
        </head>
      </entity_mention>
      <entity_mention ID="adige20041008_id413985-E23-4" TYPE="PRO" PRIMARY="false" METONYMY_MENTION="FALSE">
        <extent>
          <charseq START="2334" END="2336">Noi</charseq>
        </extent>
        <head>
          <charseq START="2334" END="2336">Noi</charseq>
        </head>
      </entity_mention>
      <entity_mention ID="adige20041008_id413985-E23-6" TYPE="NAM" PRIMARY="false" METONYMY_MENTION="FALSE">
        <extent>
          <charseq START="2012" END="2020">Tribunale</charseq>
        </extent>
        <head>
          <charseq START="2012" END="2020">Tribunale</charseq>
        </head>
      </entity_mention>
      <entity_attributes>
        <name NAME="Tribunale di Milano">
          <charseq START="2115" END="2133">Tribunale di Milano</charseq>
        </name>
        <name NAME="Tribunale">
          <charseq START="2012" END="2020">Tribunale</charseq>
        </name>
      </entity_attributes>
    </entity>
    <entity ID="adige20041008_id413985-E24" TYPE="PER" SUBTYPE="Group" CLASS="SPC">
      <entity_mention ID="adige20041008_id413985-E24-2" TYPE="NOM" PRIMARY="true" METONYMY_MENTION="FALSE">
        <extent>
          <charseq START="2301" END="2313">dalla polizia</charseq>
        </extent>
        <head>
          <charseq START="2307" END="2313">polizia</charseq>
        </head>
      </entity_mention>
    </entity>
    <entity ID="adige20041008_id413985-E25" TYPE="PER" SUBTYPE="Individual" CLASS="SPC">
      <entity_mention ID="adige20041008_id413985-E25-1" TYPE="NOM" PRIMARY="true" METONYMY_MENTION="FALSE">
        <extent>
          <charseq START="1886" END="1892">dal gip</charseq>
        </extent>
        <head>
          <charseq START="1890" END="1892">gip</charseq>
        </head>
      </entity_mention>
    </entity>
    <entity ID="adige20041008_id413985-E26" TYPE="ORG" SUBTYPE="Government" CLASS="SPC">
      <entity_mention ID="adige20041008_id413985-E26-1" TYPE="NOM" PRIMARY="true" METONYMY_MENTION="FALSE">
        <extent>
          <charseq START="1733" END="1765">dell' amministrazione provinciale</charseq>
        </extent>
        <head>
          <charseq START="1739" END="1753">amministrazione</charseq>
        </head>
      </entity_mention>
    </entity>
    <entity ID="adige20041008_id413985-E27" TYPE="GPE" SUBTYPE="Population-Center" CLASS="SPC">
      <entity_mention ID="adige20041008_id413985-E27-1" TYPE="NAM" PRIMARY="true" ROLE="LOC" METONYMY_MENTION="FALSE">
        <extent>
          <charseq START="51" END="54">ROMA</charseq>
        </extent>
        <head>
          <charseq START="51" END="54">ROMA</charseq>
        </head>
      </entity_mention>
      <entity_attributes>
        <name NAME="ROMA">
          <charseq START="51" END="54">ROMA</charseq>
        </name>
      </entity_attributes>
    </entity>
    <entity ID="adige20041008_id413985-E28" TYPE="GPE" SUBTYPE="Population-Center" CLASS="SPC">
      <entity_mention ID="adige20041008_id413985-E28-1" TYPE="NAM" PRIMARY="true" ROLE="LOC" METONYMY_MENTION="FALSE">
        <extent>
          <charseq START="775" END="780">Milano</charseq>
        </extent>
        <head>
          <charseq START="775" END="780">Milano</charseq>
        </head>
      </entity_mention>
      <entity_mention ID="adige20041008_id413985-E28-2" TYPE="NAM" PRIMARY="false" ROLE="LOC" METONYMY_MENTION="FALSE">
        <extent>
          <charseq START="812" END="817">MILANO</charseq>
        </extent>
        <head>
          <charseq START="812" END="817">MILANO</charseq>
        </head>
      </entity_mention>
      <entity_mention ID="adige20041008_id413985-E28-3" TYPE="NOM" PRIMARY="false" ROLE="LOC" METONYMY_MENTION="FALSE">
        <extent>
          <charseq START="1348" END="1352">città</charseq>
        </extent>
        <head>
          <charseq START="1348" END="1352">città</charseq>
        </head>
      </entity_mention>
      <entity_mention ID="adige20041008_id413985-E28-4" TYPE="NAM" PRIMARY="false" ROLE="LOC" METONYMY_MENTION="FALSE">
        <extent>
          <charseq START="2022" END="2027">MILANO</charseq>
        </extent>
        <head>
          <charseq START="2022" END="2027">MILANO</charseq>
        </head>
      </entity_mention>
      <entity_attributes>
        <name NAME="Milano">
          <charseq START="775" END="780">Milano</charseq>
        </name>
        <name NAME="MILANO">
          <charseq START="812" END="817">MILANO</charseq>
        </name>
        <name NAME="MILANO">
          <charseq START="2022" END="2027">MILANO</charseq>
        </name>
      </entity_attributes>
    </entity>
    <entity ID="adige20041008_id413985-E29" TYPE="GPE" SUBTYPE="State-or-Province" CLASS="SPC">
      <entity_mention ID="adige20041008_id413985-E29-1" TYPE="NAM" PRIMARY="true" ROLE="GPE" METONYMY_MENTION="FALSE">
        <extent>
          <charseq START="1244" END="1254">provinciale</charseq>
        </extent>
        <head>
          <charseq START="1244" END="1254">provinciale</charseq>
        </head>
      </entity_mention>
    </entity>
    <entity ID="adige20041008_id413985-E30" TYPE="GPE" SUBTYPE="Population-Center" CLASS="SPC">
      <entity_mention ID="adige20041008_id413985-E30-1" TYPE="NAM" PRIMARY="true" ROLE="LOC" METONYMY_MENTION="FALSE">
        <extent>
          <charseq START="1384" END="1390">Firenze</charseq>
        </extent>
        <head>
          <charseq START="1384" END="1390">Firenze</charseq>
        </head>
      </entity_mention>
      <entity_mention ID="adige20041008_id413985-E30-2" TYPE="NAM" PRIMARY="false" ROLE="LOC" METONYMY_MENTION="FALSE">
        <extent>
          <charseq START="1392" END="1398">FIRENZE</charseq>
        </extent>
        <head>
          <charseq START="1392" END="1398">FIRENZE</charseq>
        </head>
      </entity_mention>
      <entity_mention ID="adige20041008_id413985-E30-3" TYPE="NAM" PRIMARY="false" ROLE="GPE" METONYMY_MENTION="FALSE">
        <extent>
          <charseq START="1576" END="1582">Firenze</charseq>
        </extent>
        <head>
          <charseq START="1576" END="1582">Firenze</charseq>
        </head>
      </entity_mention>
      <entity_mention ID="adige20041008_id413985-E30-4" TYPE="NAM" PRIMARY="false" ROLE="GPE" METONYMY_MENTION="FALSE">
        <extent>
          <charseq START="1935" END="1941">Firenze</charseq>
        </extent>
        <head>
          <charseq START="1935" END="1941">Firenze</charseq>
        </head>
      </entity_mention>
      <entity_attributes>
        <name NAME="Firenze">
          <charseq START="1384" END="1390">Firenze</charseq>
        </name>
        <name NAME="FIRENZE">
          <charseq START="1392" END="1398">FIRENZE</charseq>
        </name>
        <name NAME="Firenze">
          <charseq START="1576" END="1582">Firenze</charseq>
        </name>
        <name NAME="Firenze">
          <charseq START="1935" END="1941">Firenze</charseq>
        </name>
      </entity_attributes>
    </entity>
    <entity ID="adige20041008_id413985-E32" TYPE="GPE" SUBTYPE="Nation" CLASS="SPC">
      <entity_mention ID="adige20041008_id413985-E32-1" TYPE="NAM" PRIMARY="true" ROLE="GPE" METONYMY_MENTION="FALSE">
        <extent>
          <charseq START="2226" END="2231">romena</charseq>
        </extent>
        <head>
          <charseq START="2226" END="2231">romena</charseq>
        </head>
      </entity_mention>
    </entity>
    <entity ID="adige20041008_id413985-E33" TYPE="LOC" SUBTYPE="Address" CLASS="SPC">
      <entity_mention ID="adige20041008_id413985-E33-1" TYPE="NAM" PRIMARY="true" METONYMY_MENTION="FALSE">
        <extent>
          <charseq START="1051" END="1112">piazza San Babila, dove c'è il banchetto per le sottoscrizioni</charseq>
        </extent>
        <head>
          <charseq START="1051" END="1067">piazza San Babila</charseq>
        </head>
      </entity_mention>
      <entity_mention ID="adige20041008_id413985-E33-2" TYPE="PRO" PRIMARY="false" METONYMY_MENTION="FALSE">
        <extent>
          <charseq START="1070" END="1073">dove</charseq>
        </extent>
        <head>
          <charseq START="1070" END="1073">dove</charseq>
        </head>
      </entity_mention>
      <entity_attributes>
        <name NAME="piazza San Babila">
          <charseq START="1051" END="1067">piazza San Babila</charseq>
        </name>
      </entity_attributes>
    </entity>
    <entity ID="adige20041008_id413985-E34" TYPE="GPE" SUBTYPE="State-or-Province" CLASS="SPC">
      <entity_mention ID="adige20041008_id413985-E34-1" TYPE="NAM" PRIMARY="true" ROLE="ORG" METONYMY_MENTION="FALSE">
        <extent>
          <charseq START="1415" END="1440">della Provincia di Firenze</charseq>
        </extent>
        <head>
          <charseq START="1421" END="1440">Provincia di Firenze</charseq>
        </head>
      </entity_mention>
      <entity_mention ID="adige20041008_id413985-E34-2" TYPE="NAM" PRIMARY="false" ROLE="GPE" METONYMY_MENTION="FALSE">
        <extent>
          <charseq START="1755" END="1765">provinciale</charseq>
        </extent>
        <head>
          <charseq START="1755" END="1765">provinciale</charseq>
        </head>
      </entity_mention>
      <entity_attributes>
        <name NAME="Provincia di Firenze">
          <charseq START="1421" END="1440">Provincia di Firenze</charseq>
        </name>
      </entity_attributes>
    </entity>
  </document>
</source_file>
