<?xml version="1.0" encoding="UTF-8"?>
<!DOCTYPE source_file PUBLIC "SYSTEM" "apf.v5.2.0.dtd">

<source_file URI="adige20041008_id413980.txt" SOURCE="unknown" TYPE="text" VERSION="5.0" AUTHOR="Evalita" ENCODING="UTF-8">
  <document DOCID="adige20041008_id413980">
    <entity ID="adige20041008_id413980-E1" TYPE="PER" SUBTYPE="Individual" CLASS="SPC">
      <entity_mention ID="adige20041008_id413980-E1-1" TYPE="NAM" PRIMARY="true" METONYMY_MENTION="FALSE">
        <extent>
          <charseq START="176" END="195">Carlo Azeglio Ciampi</charseq>
        </extent>
        <head>
          <charseq START="176" END="195">Carlo Azeglio Ciampi</charseq>
        </head>
      </entity_mention>
      <entity_mention ID="adige20041008_id413980-E1-2" TYPE="PRO" PRIMARY="false" METONYMY_MENTION="FALSE">
        <extent>
          <charseq START="337" END="340">suoi</charseq>
        </extent>
        <head>
          <charseq START="337" END="340">suoi</charseq>
        </head>
      </entity_mention>
      <entity_mention ID="adige20041008_id413980-E1-3" TYPE="PRO" PRIMARY="false" METONYMY_MENTION="FALSE">
        <extent>
          <charseq START="559" END="561">sua</charseq>
        </extent>
        <head>
          <charseq START="559" END="561">sua</charseq>
        </head>
      </entity_mention>
      <entity_mention ID="adige20041008_id413980-E1-4" TYPE="NOM" PRIMARY="false" METONYMY_MENTION="FALSE">
        <extent>
          <charseq START="1511" END="1523">Il presidente</charseq>
        </extent>
        <head>
          <charseq START="1514" END="1523">presidente</charseq>
        </head>
      </entity_mention>
      <entity_mention ID="adige20041008_id413980-E1-5" TYPE="NOM" PRIMARY="false" METONYMY_MENTION="FALSE">
        <extent>
          <charseq START="1844" END="1863">del capo dello Stato</charseq>
        </extent>
        <head>
          <charseq START="1848" END="1851">capo</charseq>
        </head>
      </entity_mention>
      <entity_mention ID="adige20041008_id413980-E1-6" TYPE="NAM" PRIMARY="false" METONYMY_MENTION="FALSE">
        <extent>
          <charseq START="20" END="25">Ciampi</charseq>
        </extent>
        <head>
          <charseq START="20" END="25">Ciampi</charseq>
        </head>
      </entity_mention>
      <entity_mention ID="adige20041008_id413980-E1-7" TYPE="NOM" PRIMARY="false" METONYMY_MENTION="FALSE">
        <extent>
          <charseq START="0" END="18">Il capo dello Stato</charseq>
        </extent>
        <head>
          <charseq START="3" END="6">capo</charseq>
        </head>
      </entity_mention>
      <entity_mention ID="adige20041008_id413980-E1-8" TYPE="NOM" PRIMARY="false" METONYMY_MENTION="FALSE">
        <extent>
          <charseq START="0" END="25">Il capo dello Stato Ciampi</charseq>
        </extent>
        <head>
          <charseq START="0" END="25">Il capo dello Stato Ciampi</charseq>
        </head>
      </entity_mention>
      <entity_mention ID="adige20041008_id413980-E1-9" TYPE="NAM" PRIMARY="false" METONYMY_MENTION="FALSE">
        <extent>
          <charseq START="1732" END="1737">Ciampi</charseq>
        </extent>
        <head>
          <charseq START="1732" END="1737">Ciampi</charseq>
        </head>
      </entity_mention>
      <entity_mention ID="adige20041008_id413980-E1-10" TYPE="NOM" PRIMARY="false" METONYMY_MENTION="FALSE">
        <extent>
          <charseq START="2002" END="2008">garante</charseq>
        </extent>
        <head>
          <charseq START="2002" END="2008">garante</charseq>
        </head>
      </entity_mention>
      <entity_mention ID="adige20041008_id413980-E1-11" TYPE="NOM" PRIMARY="false" METONYMY_MENTION="FALSE">
        <extent>
          <charseq START="2012" END="2018">custode</charseq>
        </extent>
        <head>
          <charseq START="2012" END="2018">custode</charseq>
        </head>
      </entity_mention>
      <entity_mention ID="adige20041008_id413980-E1-12" TYPE="NOM" PRIMARY="false" METONYMY_MENTION="FALSE">
        <extent>
          <charseq START="2002" END="2037">garante e custode della Costituzione</charseq>
        </extent>
        <head>
          <charseq START="2002" END="2037">garante e custode della Costituzione</charseq>
        </head>
      </entity_mention>
      <entity_mention ID="adige20041008_id413980-E1-13" TYPE="PRO" PRIMARY="false" METONYMY_MENTION="FALSE">
        <extent>
          <charseq START="1967" END="1969">sua</charseq>
        </extent>
        <head>
          <charseq START="1967" END="1969">sua</charseq>
        </head>
      </entity_mention>
      <entity_mention ID="adige20041008_id413980-E1-14" TYPE="PRO" PRIMARY="false" METONYMY_MENTION="FALSE">
        <extent>
          <charseq START="539" END="541">gli</charseq>
        </extent>
        <head>
          <charseq START="539" END="541">gli</charseq>
        </head>
      </entity_mention>
      <entity_attributes>
        <name NAME="Carlo Azeglio Ciampi">
          <charseq START="176" END="195">Carlo Azeglio Ciampi</charseq>
        </name>
        <name NAME="Ciampi">
          <charseq START="20" END="25">Ciampi</charseq>
        </name>
        <name NAME="Ciampi">
          <charseq START="1732" END="1737">Ciampi</charseq>
        </name>
      </entity_attributes>
    </entity>
    <entity ID="adige20041008_id413980-E2" TYPE="PER" SUBTYPE="Indefinite" CLASS="USP">
      <entity_mention ID="adige20041008_id413980-E2-1" TYPE="PRO" PRIMARY="true" METONYMY_MENTION="FALSE">
        <extent>
          <charseq START="246" END="247">si</charseq>
        </extent>
        <head>
          <charseq START="246" END="247">si</charseq>
        </head>
      </entity_mention>
    </entity>
    <entity ID="adige20041008_id413980-E5" TYPE="PER" SUBTYPE="Group" CLASS="SPC">
      <entity_mention ID="adige20041008_id413980-E5-1" TYPE="NOM" PRIMARY="true" METONYMY_MENTION="FALSE">
        <extent>
          <charseq START="1211" END="1221">dei singoli</charseq>
        </extent>
        <head>
          <charseq START="1215" END="1221">singoli</charseq>
        </head>
      </entity_mention>
    </entity>
    <entity ID="adige20041008_id413980-E6" TYPE="PER" SUBTYPE="Group" CLASS="SPC">
      <entity_mention ID="adige20041008_id413980-E6-1" TYPE="PRO" PRIMARY="true" METONYMY_MENTION="FALSE">
        <extent>
          <charseq START="1300" END="1305">nostro</charseq>
        </extent>
        <head>
          <charseq START="1300" END="1305">nostro</charseq>
        </head>
      </entity_mention>
    </entity>
    <entity ID="adige20041008_id413980-E7" TYPE="PER" SUBTYPE="Individual" CLASS="SPC">
      <entity_mention ID="adige20041008_id413980-E7-1" TYPE="NOM" PRIMARY="true" METONYMY_MENTION="FALSE">
        <extent>
          <charseq START="1297" END="1402">al nostro avventuroso, piccolo imprenditore che mette la sua merce in valigia è va alla scoperta del mondo</charseq>
        </extent>
        <head>
          <charseq START="1328" END="1339">imprenditore</charseq>
        </head>
      </entity_mention>
      <entity_mention ID="adige20041008_id413980-E7-2" TYPE="PRO" PRIMARY="false" METONYMY_MENTION="FALSE">
        <extent>
          <charseq START="1341" END="1343">che</charseq>
        </extent>
        <head>
          <charseq START="1341" END="1343">che</charseq>
        </head>
      </entity_mention>
      <entity_mention ID="adige20041008_id413980-E7-3" TYPE="PRO" PRIMARY="false" METONYMY_MENTION="FALSE">
        <extent>
          <charseq START="1354" END="1356">sua</charseq>
        </extent>
        <head>
          <charseq START="1354" END="1356">sua</charseq>
        </head>
      </entity_mention>
    </entity>
    <entity ID="adige20041008_id413980-E9" TYPE="PER" SUBTYPE="Group" CLASS="SPC">
      <entity_mention ID="adige20041008_id413980-E9-1" TYPE="NOM" PRIMARY="true" METONYMY_MENTION="FALSE">
        <extent>
          <charseq START="1616" END="1636">dalla classe politica</charseq>
        </extent>
        <head>
          <charseq START="1622" END="1627">classe</charseq>
        </head>
      </entity_mention>
    </entity>
    <entity ID="adige20041008_id413980-E10" TYPE="PER" SUBTYPE="Group" CLASS="SPC">
      <entity_mention ID="adige20041008_id413980-E10-1" TYPE="NOM" PRIMARY="true" METONYMY_MENTION="FALSE">
        <extent>
          <charseq START="1595" END="1636">dalla nostra gente e dalla classe politica</charseq>
        </extent>
        <head>
          <charseq START="1595" END="1636">dalla nostra gente e dalla classe politica</charseq>
        </head>
      </entity_mention>
    </entity>
    <entity ID="adige20041008_id413980-E11" TYPE="PER" SUBTYPE="Group" CLASS="SPC">
      <entity_mention ID="adige20041008_id413980-E11-1" TYPE="NOM" PRIMARY="true" METONYMY_MENTION="FALSE">
        <extent>
          <charseq START="1665" END="1699">delle due volontarie rapite in Iraq</charseq>
        </extent>
        <head>
          <charseq START="1675" END="1684">volontarie</charseq>
        </head>
      </entity_mention>
    </entity>
    <entity ID="adige20041008_id413980-E13" TYPE="PER" SUBTYPE="Indefinite" CLASS="USP">
      <entity_mention ID="adige20041008_id413980-E13-1" TYPE="PRO" PRIMARY="true" METONYMY_MENTION="FALSE">
        <extent>
          <charseq START="76" END="77">si</charseq>
        </extent>
        <head>
          <charseq START="76" END="77">si</charseq>
        </head>
      </entity_mention>
    </entity>
    <entity ID="adige20041008_id413980-E15" TYPE="ORG" SUBTYPE="Commercial" CLASS="GEN">
      <entity_mention ID="adige20041008_id413980-E15-1" TYPE="NOM" PRIMARY="true" METONYMY_MENTION="FALSE">
        <extent>
          <charseq START="877" END="916">delle « piccole e piccolissime imprese »</charseq>
        </extent>
        <head>
          <charseq START="908" END="914">imprese</charseq>
        </head>
      </entity_mention>
      <entity_mention ID="adige20041008_id413980-E15-2" TYPE="NOM" PRIMARY="false" METONYMY_MENTION="FALSE">
        <extent>
          <charseq START="969" END="988">Ogni impresa da sola</charseq>
        </extent>
        <head>
          <charseq START="974" END="980">impresa</charseq>
        </head>
      </entity_mention>
      <entity_mention ID="adige20041008_id413980-E15-3" TYPE="NOM" PRIMARY="false" METONYMY_MENTION="FALSE">
        <extent>
          <charseq START="1433" END="1442">Le imprese</charseq>
        </extent>
        <head>
          <charseq START="1436" END="1442">imprese</charseq>
        </head>
      </entity_mention>
      <entity_mention ID="adige20041008_id413980-E15-4" TYPE="PRO" PRIMARY="false" METONYMY_MENTION="FALSE">
        <extent>
          <charseq START="1475" END="1478">loro</charseq>
        </extent>
        <head>
          <charseq START="1475" END="1478">loro</charseq>
        </head>
      </entity_mention>
    </entity>
    <entity ID="adige20041008_id413980-E16" TYPE="GPE" SUBTYPE="Population-Center" CLASS="SPC">
      <entity_mention ID="adige20041008_id413980-E16-1" TYPE="NAM" PRIMARY="true" ROLE="LOC" METONYMY_MENTION="FALSE">
        <extent>
          <charseq START="167" END="172">AREZZO</charseq>
        </extent>
        <head>
          <charseq START="167" END="172">AREZZO</charseq>
        </head>
      </entity_mention>
      <entity_mention ID="adige20041008_id413980-E16-2" TYPE="NAM" PRIMARY="false" ROLE="LOC" METONYMY_MENTION="FALSE">
        <extent>
          <charseq START="446" END="451">Arezzo</charseq>
        </extent>
        <head>
          <charseq START="446" END="451">Arezzo</charseq>
        </head>
      </entity_mention>
      <entity_attributes>
        <name NAME="AREZZO">
          <charseq START="167" END="172">AREZZO</charseq>
        </name>
        <name NAME="Arezzo">
          <charseq START="446" END="451">Arezzo</charseq>
        </name>
      </entity_attributes>
    </entity>
    <entity ID="adige20041008_id413980-E17" TYPE="GPE" SUBTYPE="Nation" CLASS="SPC">
      <entity_mention ID="adige20041008_id413980-E17-1" TYPE="NAM" PRIMARY="true" ROLE="GPE" METONYMY_MENTION="FALSE">
        <extent>
          <charseq START="868" END="916">l'Italia delle « piccole e piccolissime imprese »</charseq>
        </extent>
        <head>
          <charseq START="870" END="875">Italia</charseq>
        </head>
      </entity_mention>
      <entity_mention ID="adige20041008_id413980-E17-2" TYPE="NAM" PRIMARY="false" ROLE="GPE" METONYMY_MENTION="FALSE">
        <extent>
          <charseq START="1163" END="1169">italico</charseq>
        </extent>
        <head>
          <charseq START="1163" END="1169">italico</charseq>
        </head>
      </entity_mention>
      <entity_mention ID="adige20041008_id413980-E17-3" TYPE="PRO" PRIMARY="false" ROLE="GPE" METONYMY_MENTION="FALSE">
        <extent>
          <charseq START="1601" END="1606">nostra</charseq>
        </extent>
        <head>
          <charseq START="1601" END="1606">nostra</charseq>
        </head>
      </entity_mention>
      <entity_mention ID="adige20041008_id413980-E17-4" TYPE="NOM" PRIMARY="false" ROLE="GPE" METONYMY_MENTION="FALSE">
        <extent>
          <charseq START="1853" END="1863">dello Stato</charseq>
        </extent>
        <head>
          <charseq START="1859" END="1863">Stato</charseq>
        </head>
      </entity_mention>
      <entity_mention ID="adige20041008_id413980-E17-5" TYPE="NOM" PRIMARY="false" ROLE="GPE" METONYMY_MENTION="FALSE">
        <extent>
          <charseq START="8" END="18">dello Stato</charseq>
        </extent>
        <head>
          <charseq START="14" END="18">Stato</charseq>
        </head>
      </entity_mention>
      <entity_mention ID="adige20041008_id413980-E17-6" TYPE="NOM" PRIMARY="false" ROLE="PER" METONYMY_MENTION="FALSE">
        <extent>
          <charseq START="1595" END="1612">dalla nostra gente</charseq>
        </extent>
        <head>
          <charseq START="1608" END="1612">gente</charseq>
        </head>
      </entity_mention>
      <entity_attributes>
        <name NAME="Italia">
          <charseq START="870" END="875">Italia</charseq>
        </name>
      </entity_attributes>
    </entity>
    <entity ID="adige20041008_id413980-E18" TYPE="GPE" SUBTYPE="Nation" CLASS="SPC">
      <entity_mention ID="adige20041008_id413980-E18-1" TYPE="NAM" PRIMARY="true" ROLE="LOC" METONYMY_MENTION="FALSE">
        <extent>
          <charseq START="1696" END="1699">Iraq</charseq>
        </extent>
        <head>
          <charseq START="1696" END="1699">Iraq</charseq>
        </head>
      </entity_mention>
      <entity_attributes>
        <name NAME="Iraq">
          <charseq START="1696" END="1699">Iraq</charseq>
        </name>
      </entity_attributes>
    </entity>
    <entity ID="adige20041008_id413980-E19" TYPE="PER" SUBTYPE="Group" CLASS="SPC">
      <entity_mention ID="adige20041008_id413980-E19-1" TYPE="NOM" PRIMARY="true" METONYMY_MENTION="FALSE">
        <extent>
          <charseq START="1922" END="1932">maggioranza</charseq>
        </extent>
        <head>
          <charseq START="1922" END="1932">maggioranza</charseq>
        </head>
      </entity_mention>
    </entity>
    <entity ID="adige20041008_id413980-E20" TYPE="LOC" SUBTYPE="Celestial" CLASS="SPC">
      <entity_mention ID="adige20041008_id413980-E20-1" TYPE="NOM" PRIMARY="true" METONYMY_MENTION="FALSE">
        <extent>
          <charseq START="1394" END="1402">del mondo</charseq>
        </extent>
        <head>
          <charseq START="1398" END="1402">mondo</charseq>
        </head>
      </entity_mention>
    </entity>
  </document>
</source_file>
