<?xml version="1.0" encoding="UTF-8"?>
<!DOCTYPE source_file PUBLIC "SYSTEM" "apf.v5.2.0.dtd">

<source_file URI="adige20041008_id413977.txt" SOURCE="unknown" TYPE="text" VERSION="5.0" AUTHOR="Evalita" ENCODING="UTF-8">
  <document DOCID="adige20041008_id413977">
    <entity ID="adige20041008_id413977-E1" TYPE="PER" SUBTYPE="Individual" CLASS="SPC">
      <entity_mention ID="adige20041008_id413977-E1-1" TYPE="NAM" PRIMARY="true" METONYMY_MENTION="FALSE">
        <extent>
          <charseq START="309" END="322">Pietro Lunardi</charseq>
        </extent>
        <head>
          <charseq START="309" END="322">Pietro Lunardi</charseq>
        </head>
      </entity_mention>
      <entity_mention ID="adige20041008_id413977-E1-2" TYPE="NOM" PRIMARY="false" METONYMY_MENTION="FALSE">
        <extent>
          <charseq START="282" END="306">il ministro dei trasporti</charseq>
        </extent>
        <head>
          <charseq START="285" END="292">ministro</charseq>
        </head>
      </entity_mention>
      <entity_mention ID="adige20041008_id413977-E1-3" TYPE="NOM" PRIMARY="false" METONYMY_MENTION="FALSE">
        <extent>
          <charseq START="282" END="322">il ministro dei trasporti, Pietro Lunardi</charseq>
        </extent>
        <head>
          <charseq START="282" END="322">il ministro dei trasporti, Pietro Lunardi</charseq>
        </head>
      </entity_mention>
      <entity_mention ID="adige20041008_id413977-E1-4" TYPE="NAM" PRIMARY="false" METONYMY_MENTION="FALSE">
        <extent>
          <charseq START="567" END="573">Lunardi</charseq>
        </extent>
        <head>
          <charseq START="567" END="573">Lunardi</charseq>
        </head>
      </entity_mention>
      <entity_mention ID="adige20041008_id413977-E1-5" TYPE="PRO" PRIMARY="false" METONYMY_MENTION="FALSE">
        <extent>
          <charseq START="578" END="580">suo</charseq>
        </extent>
        <head>
          <charseq START="578" END="580">suo</charseq>
        </head>
      </entity_mention>
      <entity_mention ID="adige20041008_id413977-E1-6" TYPE="NAM" PRIMARY="false" METONYMY_MENTION="FALSE">
        <extent>
          <charseq START="942" END="948">Lunardi</charseq>
        </extent>
        <head>
          <charseq START="942" END="948">Lunardi</charseq>
        </head>
      </entity_mention>
      <entity_mention ID="adige20041008_id413977-E1-7" TYPE="NAM" PRIMARY="false" METONYMY_MENTION="FALSE">
        <extent>
          <charseq START="140" END="146">Lunardi</charseq>
        </extent>
        <head>
          <charseq START="140" END="146">Lunardi</charseq>
        </head>
      </entity_mention>
      <entity_attributes>
        <name NAME="Pietro Lunardi">
          <charseq START="309" END="322">Pietro Lunardi</charseq>
        </name>
        <name NAME="Lunardi">
          <charseq START="567" END="573">Lunardi</charseq>
        </name>
        <name NAME="Lunardi">
          <charseq START="942" END="948">Lunardi</charseq>
        </name>
        <name NAME="Lunardi">
          <charseq START="140" END="146">Lunardi</charseq>
        </name>
      </entity_attributes>
    </entity>
    <entity ID="adige20041008_id413977-E2" TYPE="PER" SUBTYPE="Individual" CLASS="SPC">
      <entity_mention ID="adige20041008_id413977-E2-1" TYPE="NAM" PRIMARY="true" METONYMY_MENTION="FALSE">
        <extent>
          <charseq START="1466" END="1480">Roberto Tortoli</charseq>
        </extent>
        <head>
          <charseq START="1466" END="1480">Roberto Tortoli</charseq>
        </head>
      </entity_mention>
      <entity_mention ID="adige20041008_id413977-E2-2" TYPE="NOM" PRIMARY="false" METONYMY_MENTION="FALSE">
        <extent>
          <charseq START="1446" END="1464">dal sottosegretario</charseq>
        </extent>
        <head>
          <charseq START="1450" END="1464">sottosegretario</charseq>
        </head>
      </entity_mention>
      <entity_mention ID="adige20041008_id413977-E2-3" TYPE="NOM" PRIMARY="false" METONYMY_MENTION="FALSE">
        <extent>
          <charseq START="1446" END="1480">dal sottosegretario Roberto Tortoli</charseq>
        </extent>
        <head>
          <charseq START="1446" END="1480">dal sottosegretario Roberto Tortoli</charseq>
        </head>
      </entity_mention>
      <entity_mention ID="adige20041008_id413977-E2-4" TYPE="NAM" PRIMARY="false" METONYMY_MENTION="FALSE">
        <extent>
          <charseq START="1659" END="1665">Tortoli</charseq>
        </extent>
        <head>
          <charseq START="1659" END="1665">Tortoli</charseq>
        </head>
      </entity_mention>
      <entity_mention ID="adige20041008_id413977-E2-5" TYPE="NAM" PRIMARY="false" METONYMY_MENTION="FALSE">
        <extent>
          <charseq START="1920" END="1926">Tortoli</charseq>
        </extent>
        <head>
          <charseq START="1920" END="1926">Tortoli</charseq>
        </head>
      </entity_mention>
      <entity_mention ID="adige20041008_id413977-E2-6" TYPE="NOM" PRIMARY="false" METONYMY_MENTION="FALSE">
        <extent>
          <charseq START="2125" END="2142">il sottosegretario</charseq>
        </extent>
        <head>
          <charseq START="2128" END="2142">sottosegretario</charseq>
        </head>
      </entity_mention>
      <entity_mention ID="adige20041008_id413977-E2-7" TYPE="NAM" PRIMARY="false" METONYMY_MENTION="FALSE">
        <extent>
          <charseq START="2178" END="2184">Tortoli</charseq>
        </extent>
        <head>
          <charseq START="2178" END="2184">Tortoli</charseq>
        </head>
      </entity_mention>
      <entity_mention ID="adige20041008_id413977-E2-8" TYPE="NAM" PRIMARY="false" METONYMY_MENTION="FALSE">
        <extent>
          <charseq START="2432" END="2438">Tortoli</charseq>
        </extent>
        <head>
          <charseq START="2432" END="2438">Tortoli</charseq>
        </head>
      </entity_mention>
      <entity_attributes>
        <name NAME="Roberto Tortoli">
          <charseq START="1466" END="1480">Roberto Tortoli</charseq>
        </name>
        <name NAME="Tortoli">
          <charseq START="1659" END="1665">Tortoli</charseq>
        </name>
        <name NAME="Tortoli">
          <charseq START="1920" END="1926">Tortoli</charseq>
        </name>
        <name NAME="Tortoli">
          <charseq START="2178" END="2184">Tortoli</charseq>
        </name>
        <name NAME="Tortoli">
          <charseq START="2432" END="2438">Tortoli</charseq>
        </name>
      </entity_attributes>
    </entity>
    <entity ID="adige20041008_id413977-E3" TYPE="PER" SUBTYPE="Individual" CLASS="SPC">
      <entity_mention ID="adige20041008_id413977-E3-1" TYPE="NAM" PRIMARY="true" METONYMY_MENTION="FALSE">
        <extent>
          <charseq START="178" END="185">Matteoli</charseq>
        </extent>
        <head>
          <charseq START="178" END="185">Matteoli</charseq>
        </head>
      </entity_mention>
      <entity_attributes>
        <name NAME="Matteoli">
          <charseq START="178" END="185">Matteoli</charseq>
        </name>
      </entity_attributes>
    </entity>
    <entity ID="adige20041008_id413977-E4" TYPE="ORG" SUBTYPE="Government" CLASS="SPC">
      <entity_mention ID="adige20041008_id413977-E4-1" TYPE="NAM" PRIMARY="true" METONYMY_MENTION="FALSE">
        <extent>
          <charseq START="1377" END="1433">del Ministero dell'Ambiente e della tutela del territorio</charseq>
        </extent>
        <head>
          <charseq START="1381" END="1433">Ministero dell'Ambiente e della tutela del territorio</charseq>
        </head>
      </entity_mention>
      <entity_mention ID="adige20041008_id413977-E4-2" TYPE="NAM" PRIMARY="false" METONYMY_MENTION="FALSE">
        <extent>
          <charseq START="2406" END="2417">il Ministero</charseq>
        </extent>
        <head>
          <charseq START="2409" END="2417">Ministero</charseq>
        </head>
      </entity_mention>
      <entity_mention ID="adige20041008_id413977-E4-3" TYPE="NAM" PRIMARY="false" METONYMY_MENTION="FALSE">
        <extent>
          <charseq START="38" END="64">dal ministero dell'Ambiente</charseq>
        </extent>
        <head>
          <charseq START="42" END="64">ministero dell'Ambiente</charseq>
        </head>
      </entity_mention>
      <entity_attributes>
        <name NAME="Ministero dell'Ambiente e della tutela del territorio">
          <charseq START="1381" END="1433">Ministero dell'Ambiente e della tutela del territorio</charseq>
        </name>
        <name NAME="Ministero">
          <charseq START="2409" END="2417">Ministero</charseq>
        </name>
        <name NAME="ministero dell'Ambiente">
          <charseq START="42" END="64">ministero dell'Ambiente</charseq>
        </name>
      </entity_attributes>
    </entity>
    <entity ID="adige20041008_id413977-E5" TYPE="GPE" SUBTYPE="Population-Center" CLASS="SPC">
      <entity_mention ID="adige20041008_id413977-E5-1" TYPE="NAM" PRIMARY="true" ROLE="LOC" METONYMY_MENTION="FALSE">
        <extent>
          <charseq START="244" END="254">LUSSEMBURGO</charseq>
        </extent>
        <head>
          <charseq START="244" END="254">LUSSEMBURGO</charseq>
        </head>
      </entity_mention>
      <entity_mention ID="adige20041008_id413977-E5-2" TYPE="NAM" PRIMARY="false" ROLE="LOC" METONYMY_MENTION="FALSE">
        <extent>
          <charseq START="622" END="632">Lussemburgo</charseq>
        </extent>
        <head>
          <charseq START="622" END="632">Lussemburgo</charseq>
        </head>
      </entity_mention>
      <entity_attributes>
        <name NAME="LUSSEMBURGO">
          <charseq START="244" END="254">LUSSEMBURGO</charseq>
        </name>
        <name NAME="Lussemburgo">
          <charseq START="622" END="632">Lussemburgo</charseq>
        </name>
      </entity_attributes>
    </entity>
    <entity ID="adige20041008_id413977-E6" TYPE="GPE" SUBTYPE="GPE-Cluster" CLASS="SPC">
      <entity_mention ID="adige20041008_id413977-E6-1" TYPE="NAM" PRIMARY="true" ROLE="ORG" METONYMY_MENTION="FALSE">
        <extent>
          <charseq START="612" END="618">dell'Ue</charseq>
        </extent>
        <head>
          <charseq START="617" END="618">Ue</charseq>
        </head>
      </entity_mention>
      <entity_attributes>
        <name NAME="Ue">
          <charseq START="617" END="618">Ue</charseq>
        </name>
      </entity_attributes>
    </entity>
    <entity ID="adige20041008_id413977-E7" TYPE="GPE" SUBTYPE="Population-Center" CLASS="GEN">
      <entity_mention ID="adige20041008_id413977-E7-2" TYPE="NOM" PRIMARY="true" ROLE="LOC" METONYMY_MENTION="FALSE">
        <extent>
          <charseq START="422" END="438">nei centri urbani</charseq>
        </extent>
        <head>
          <charseq START="426" END="438">centri urbani</charseq>
        </head>
      </entity_mention>
      <entity_mention ID="adige20041008_id413977-E7-4" TYPE="NOM" PRIMARY="false" ROLE="LOC" METONYMY_MENTION="FALSE">
        <extent>
          <charseq START="921" END="937">nei centri urbani</charseq>
        </extent>
        <head>
          <charseq START="925" END="937">centri urbani</charseq>
        </head>
      </entity_mention>
      <entity_mention ID="adige20041008_id413977-E7-6" TYPE="NOM" PRIMARY="false" ROLE="LOC" METONYMY_MENTION="FALSE">
        <extent>
          <charseq START="1072" END="1088">nei centri urbani</charseq>
        </extent>
        <head>
          <charseq START="1076" END="1088">centri urbani</charseq>
        </head>
      </entity_mention>
      <entity_mention ID="adige20041008_id413977-E7-7" TYPE="NOM" PRIMARY="false" ROLE="GPE" METONYMY_MENTION="FALSE">
        <extent>
          <charseq START="1108" END="1115">le città</charseq>
        </extent>
        <head>
          <charseq START="1111" END="1115">città</charseq>
        </head>
      </entity_mention>
    </entity>
    <entity ID="adige20041008_id413977-E8" TYPE="LOC" SUBTYPE="Region-General" CLASS="SPC">
      <entity_mention ID="adige20041008_id413977-E8-1" TYPE="NOM" PRIMARY="true" METONYMY_MENTION="FALSE">
        <extent>
          <charseq START="1818" END="1861">nelle aree che presentano maggiori criticità</charseq>
        </extent>
        <head>
          <charseq START="1824" END="1827">aree</charseq>
        </head>
      </entity_mention>
      <entity_mention ID="adige20041008_id413977-E8-2" TYPE="PRO" PRIMARY="false" METONYMY_MENTION="FALSE">
        <extent>
          <charseq START="1829" END="1831">che</charseq>
        </extent>
        <head>
          <charseq START="1829" END="1831">che</charseq>
        </head>
      </entity_mention>
    </entity>
  </document>
</source_file>
