<?xml version="1.0" encoding="UTF-8"?>
<!DOCTYPE source_file PUBLIC "SYSTEM" "apf.v5.2.0.dtd">

<source_file URI="adige20041008_id413975.txt" SOURCE="unknown" TYPE="text" VERSION="5.0" AUTHOR="Evalita" ENCODING="UTF-8">
  <document DOCID="adige20041008_id413975">
    <entity ID="adige20041008_id413975-E1" TYPE="PER" SUBTYPE="Individual" CLASS="SPC">
      <entity_mention ID="adige20041008_id413975-E1-2" TYPE="NAM" PRIMARY="true" METONYMY_MENTION="FALSE">
        <extent>
          <charseq START="390" END="401">Luca Volontè</charseq>
        </extent>
        <head>
          <charseq START="390" END="401">Luca Volontè</charseq>
        </head>
      </entity_mention>
      <entity_mention ID="adige20041008_id413975-E1-4" TYPE="NOM" PRIMARY="false" METONYMY_MENTION="FALSE">
        <extent>
          <charseq START="370" END="387">dal capogruppo Udc</charseq>
        </extent>
        <head>
          <charseq START="374" END="383">capogruppo</charseq>
        </head>
      </entity_mention>
      <entity_mention ID="adige20041008_id413975-E1-6" TYPE="NOM" PRIMARY="false" METONYMY_MENTION="FALSE">
        <extent>
          <charseq START="370" END="401">dal capogruppo Udc, Luca Volontè</charseq>
        </extent>
        <head>
          <charseq START="370" END="401">dal capogruppo Udc, Luca Volontè</charseq>
        </head>
      </entity_mention>
      <entity_attributes>
        <name NAME="Luca Volontè">
          <charseq START="390" END="401">Luca Volontè</charseq>
        </name>
      </entity_attributes>
    </entity>
    <entity ID="adige20041008_id413975-E2" TYPE="PER" SUBTYPE="Individual" CLASS="SPC">
      <entity_mention ID="adige20041008_id413975-E2-2" TYPE="NAM" PRIMARY="true" METONYMY_MENTION="FALSE">
        <extent>
          <charseq START="614" END="629">Ignazio La Russa</charseq>
        </extent>
        <head>
          <charseq START="614" END="629">Ignazio La Russa</charseq>
        </head>
      </entity_mention>
      <entity_attributes>
        <name NAME="Ignazio La Russa">
          <charseq START="614" END="629">Ignazio La Russa</charseq>
        </name>
      </entity_attributes>
    </entity>
    <entity ID="adige20041008_id413975-E3" TYPE="PER" SUBTYPE="Individual" CLASS="SPC">
      <entity_mention ID="adige20041008_id413975-E3-2" TYPE="NAM" PRIMARY="true" METONYMY_MENTION="FALSE">
        <extent>
          <charseq START="887" END="905">Domenico Siniscalco</charseq>
        </extent>
        <head>
          <charseq START="887" END="905">Domenico Siniscalco</charseq>
        </head>
      </entity_mention>
      <entity_mention ID="adige20041008_id413975-E3-4" TYPE="NOM" PRIMARY="false" METONYMY_MENTION="FALSE">
        <extent>
          <charseq START="861" END="885">il ministro dell'Economia</charseq>
        </extent>
        <head>
          <charseq START="864" END="871">ministro</charseq>
        </head>
      </entity_mention>
      <entity_mention ID="adige20041008_id413975-E3-6" TYPE="NOM" PRIMARY="false" METONYMY_MENTION="FALSE">
        <extent>
          <charseq START="861" END="905">il ministro dell'Economia Domenico Siniscalco</charseq>
        </extent>
        <head>
          <charseq START="861" END="905">il ministro dell'Economia Domenico Siniscalco</charseq>
        </head>
      </entity_mention>
      <entity_attributes>
        <name NAME="Domenico Siniscalco">
          <charseq START="887" END="905">Domenico Siniscalco</charseq>
        </name>
      </entity_attributes>
    </entity>
    <entity ID="adige20041008_id413975-E4" TYPE="PER" SUBTYPE="Indefinite" CLASS="USP">
      <entity_mention ID="adige20041008_id413975-E4-2" TYPE="PRO" PRIMARY="true" METONYMY_MENTION="FALSE">
        <extent>
          <charseq START="975" END="976">si</charseq>
        </extent>
        <head>
          <charseq START="975" END="976">si</charseq>
        </head>
      </entity_mention>
    </entity>
    <entity ID="adige20041008_id413975-E5" TYPE="PER" SUBTYPE="Individual" CLASS="SPC">
      <entity_mention ID="adige20041008_id413975-E5-2" TYPE="NAM" PRIMARY="true" METONYMY_MENTION="FALSE">
        <extent>
          <charseq START="1180" END="1189">Berlusconi</charseq>
        </extent>
        <head>
          <charseq START="1180" END="1189">Berlusconi</charseq>
        </head>
      </entity_mention>
      <entity_mention ID="adige20041008_id413975-E5-4" TYPE="NAM" PRIMARY="false" METONYMY_MENTION="FALSE">
        <extent>
          <charseq START="1620" END="1629">Berlusconi</charseq>
        </extent>
        <head>
          <charseq START="1620" END="1629">Berlusconi</charseq>
        </head>
      </entity_mention>
      <entity_attributes>
        <name NAME="Berlusconi">
          <charseq START="1180" END="1189">Berlusconi</charseq>
        </name>
        <name NAME="Berlusconi">
          <charseq START="1620" END="1629">Berlusconi</charseq>
        </name>
      </entity_attributes>
    </entity>
    <entity ID="adige20041008_id413975-E6" TYPE="PER" SUBTYPE="Group" CLASS="SPC">
      <entity_mention ID="adige20041008_id413975-E6-2" TYPE="NOM" PRIMARY="true" METONYMY_MENTION="FALSE">
        <extent>
          <charseq START="1354" END="1375">alcuni esponenti di An</charseq>
        </extent>
        <head>
          <charseq START="1361" END="1369">esponenti</charseq>
        </head>
      </entity_mention>
    </entity>
    <entity ID="adige20041008_id413975-E7" TYPE="PER" SUBTYPE="Individual" CLASS="SPC">
      <entity_mention ID="adige20041008_id413975-E7-2" TYPE="NAM" PRIMARY="true" METONYMY_MENTION="FALSE">
        <extent>
          <charseq START="1383" END="1399">Mario Baldassarri</charseq>
        </extent>
        <head>
          <charseq START="1383" END="1399">Mario Baldassarri</charseq>
        </head>
      </entity_mention>
      <entity_attributes>
        <name NAME="Mario Baldassarri">
          <charseq START="1383" END="1399">Mario Baldassarri</charseq>
        </name>
      </entity_attributes>
    </entity>
    <entity ID="adige20041008_id413975-E8" TYPE="PER" SUBTYPE="Individual" CLASS="SPC">
      <entity_mention ID="adige20041008_id413975-E8-2" TYPE="NAM" PRIMARY="true" METONYMY_MENTION="FALSE">
        <extent>
          <charseq START="1403" END="1415">Pietro Armani</charseq>
        </extent>
        <head>
          <charseq START="1403" END="1415">Pietro Armani</charseq>
        </head>
      </entity_mention>
      <entity_attributes>
        <name NAME="Pietro Armani">
          <charseq START="1403" END="1415">Pietro Armani</charseq>
        </name>
      </entity_attributes>
    </entity>
    <entity ID="adige20041008_id413975-E9" TYPE="PER" SUBTYPE="Group" CLASS="SPC">
      <entity_mention ID="adige20041008_id413975-E9-2" TYPE="NAM" PRIMARY="true" METONYMY_MENTION="FALSE">
        <extent>
          <charseq START="1383" END="1415">Mario Baldassarri e Pietro Armani</charseq>
        </extent>
        <head>
          <charseq START="1383" END="1415">Mario Baldassarri e Pietro Armani</charseq>
        </head>
      </entity_mention>
      <entity_attributes>
        <name NAME="Mario Baldassarri e Pietro Armani">
          <charseq START="1383" END="1415">Mario Baldassarri e Pietro Armani</charseq>
        </name>
      </entity_attributes>
    </entity>
    <entity ID="adige20041008_id413975-E10" TYPE="PER" SUBTYPE="Individual" CLASS="SPC">
      <entity_mention ID="adige20041008_id413975-E10-2" TYPE="NAM" PRIMARY="true" METONYMY_MENTION="FALSE">
        <extent>
          <charseq START="1669" END="1675">Barroso</charseq>
        </extent>
        <head>
          <charseq START="1669" END="1675">Barroso</charseq>
        </head>
      </entity_mention>
      <entity_mention ID="adige20041008_id413975-E10-4" TYPE="NAM" PRIMARY="false" METONYMY_MENTION="FALSE">
        <extent>
          <charseq START="1473" END="1479">Barroso</charseq>
        </extent>
        <head>
          <charseq START="1473" END="1479">Barroso</charseq>
        </head>
      </entity_mention>
      <entity_attributes>
        <name NAME="Barroso">
          <charseq START="1669" END="1675">Barroso</charseq>
        </name>
        <name NAME="Barroso">
          <charseq START="1473" END="1479">Barroso</charseq>
        </name>
      </entity_attributes>
    </entity>
    <entity ID="adige20041008_id413975-E11" TYPE="ORG" SUBTYPE="Non-Governmental" CLASS="SPC">
      <entity_mention ID="adige20041008_id413975-E11-1" TYPE="NAM" PRIMARY="true" METONYMY_MENTION="FALSE">
        <extent>
          <charseq START="105" END="106">An</charseq>
        </extent>
        <head>
          <charseq START="105" END="106">An</charseq>
        </head>
      </entity_mention>
      <entity_mention ID="adige20041008_id413975-E11-2" TYPE="NAM" PRIMARY="false" METONYMY_MENTION="FALSE">
        <extent>
          <charseq START="280" END="281">An</charseq>
        </extent>
        <head>
          <charseq START="280" END="281">An</charseq>
        </head>
      </entity_mention>
      <entity_mention ID="adige20041008_id413975-E11-3" TYPE="NAM" PRIMARY="false" METONYMY_MENTION="FALSE">
        <extent>
          <charseq START="773" END="774">An</charseq>
        </extent>
        <head>
          <charseq START="773" END="774">An</charseq>
        </head>
      </entity_mention>
      <entity_mention ID="adige20041008_id413975-E11-4" TYPE="NAM" PRIMARY="false" METONYMY_MENTION="FALSE">
        <extent>
          <charseq START="1250" END="1251">An</charseq>
        </extent>
        <head>
          <charseq START="1250" END="1251">An</charseq>
        </head>
      </entity_mention>
      <entity_mention ID="adige20041008_id413975-E11-5" TYPE="NAM" PRIMARY="false" METONYMY_MENTION="FALSE">
        <extent>
          <charseq START="1374" END="1375">An</charseq>
        </extent>
        <head>
          <charseq START="1374" END="1375">An</charseq>
        </head>
      </entity_mention>
      <entity_mention ID="adige20041008_id413975-E11-6" TYPE="NAM" PRIMARY="false" METONYMY_MENTION="FALSE">
        <extent>
          <charseq START="0" END="1">An</charseq>
        </extent>
        <head>
          <charseq START="0" END="1">An</charseq>
        </head>
      </entity_mention>
      <entity_attributes>
        <name NAME="An">
          <charseq START="105" END="106">An</charseq>
        </name>
        <name NAME="An">
          <charseq START="280" END="281">An</charseq>
        </name>
        <name NAME="An">
          <charseq START="773" END="774">An</charseq>
        </name>
        <name NAME="An">
          <charseq START="1250" END="1251">An</charseq>
        </name>
        <name NAME="An">
          <charseq START="1374" END="1375">An</charseq>
        </name>
        <name NAME="An">
          <charseq START="0" END="1">An</charseq>
        </name>
      </entity_attributes>
    </entity>
    <entity ID="adige20041008_id413975-E12" TYPE="ORG" SUBTYPE="Non-Governmental" CLASS="SPC">
      <entity_mention ID="adige20041008_id413975-E12-1" TYPE="NAM" PRIMARY="true" METONYMY_MENTION="FALSE">
        <extent>
          <charseq START="113" END="116">Lega</charseq>
        </extent>
        <head>
          <charseq START="113" END="116">Lega</charseq>
        </head>
      </entity_mention>
      <entity_mention ID="adige20041008_id413975-E12-2" TYPE="NAM" PRIMARY="false" METONYMY_MENTION="FALSE">
        <extent>
          <charseq START="756" END="765">della Lega</charseq>
        </extent>
        <head>
          <charseq START="762" END="765">Lega</charseq>
        </head>
      </entity_mention>
      <entity_attributes>
        <name NAME="Lega">
          <charseq START="113" END="116">Lega</charseq>
        </name>
        <name NAME="Lega">
          <charseq START="762" END="765">Lega</charseq>
        </name>
      </entity_attributes>
    </entity>
    <entity ID="adige20041008_id413975-E13" TYPE="ORG" SUBTYPE="Non-Governmental" CLASS="SPC">
      <entity_mention ID="adige20041008_id413975-E13-1" TYPE="NAM" PRIMARY="true" METONYMY_MENTION="FALSE">
        <extent>
          <charseq START="105" END="116">An e la Lega</charseq>
        </extent>
        <head>
          <charseq START="105" END="116">An e la Lega</charseq>
        </head>
      </entity_mention>
      <entity_attributes>
        <name NAME="An e la Lega">
          <charseq START="105" END="116">An e la Lega</charseq>
        </name>
      </entity_attributes>
    </entity>
    <entity ID="adige20041008_id413975-E14" TYPE="ORG" SUBTYPE="Non-Governmental" CLASS="SPC">
      <entity_mention ID="adige20041008_id413975-E14-1" TYPE="NAM" PRIMARY="true" METONYMY_MENTION="FALSE">
        <extent>
          <charseq START="204" END="212">nella Cdl</charseq>
        </extent>
        <head>
          <charseq START="210" END="212">Cdl</charseq>
        </head>
      </entity_mention>
      <entity_mention ID="adige20041008_id413975-E14-2" TYPE="NAM" PRIMARY="false" METONYMY_MENTION="FALSE">
        <extent>
          <charseq START="945" END="953">della Cdl</charseq>
        </extent>
        <head>
          <charseq START="951" END="953">Cdl</charseq>
        </head>
      </entity_mention>
      <entity_mention ID="adige20041008_id413975-E14-3" TYPE="NAM" PRIMARY="false" METONYMY_MENTION="FALSE">
        <extent>
          <charseq START="67" END="77">Cdl nervosa</charseq>
        </extent>
        <head>
          <charseq START="67" END="69">Cdl</charseq>
        </head>
      </entity_mention>
      <entity_attributes>
        <name NAME="Cdl">
          <charseq START="210" END="212">Cdl</charseq>
        </name>
        <name NAME="Cdl">
          <charseq START="951" END="953">Cdl</charseq>
        </name>
        <name NAME="Cdl">
          <charseq START="67" END="69">Cdl</charseq>
        </name>
      </entity_attributes>
    </entity>
    <entity ID="adige20041008_id413975-E15" TYPE="ORG" SUBTYPE="Non-Governmental" CLASS="SPC">
      <entity_mention ID="adige20041008_id413975-E15-1" TYPE="NAM" PRIMARY="true" METONYMY_MENTION="FALSE">
        <extent>
          <charseq START="385" END="387">Udc</charseq>
        </extent>
        <head>
          <charseq START="385" END="387">Udc</charseq>
        </head>
      </entity_mention>
      <entity_mention ID="adige20041008_id413975-E15-2" TYPE="NAM" PRIMARY="false" METONYMY_MENTION="FALSE">
        <extent>
          <charseq START="5" END="7">Udc</charseq>
        </extent>
        <head>
          <charseq START="5" END="7">Udc</charseq>
        </head>
      </entity_mention>
      <entity_attributes>
        <name NAME="Udc">
          <charseq START="385" END="387">Udc</charseq>
        </name>
        <name NAME="Udc">
          <charseq START="5" END="7">Udc</charseq>
        </name>
      </entity_attributes>
    </entity>
    <entity ID="adige20041008_id413975-E16" TYPE="ORG" SUBTYPE="Non-Governmental" CLASS="SPC">
      <entity_mention ID="adige20041008_id413975-E16-1" TYPE="NAM" PRIMARY="true" METONYMY_MENTION="FALSE">
        <extent>
          <charseq START="0" END="51">An e Udc preoccupati su misure competitività e tasse</charseq>
        </extent>
        <head>
          <charseq START="0" END="51">An e Udc preoccupati su misure competitività e tasse</charseq>
        </head>
      </entity_mention>
      <entity_attributes>
        <name NAME="An e Udc preoccupati su misure competitività e tasse">
          <charseq START="0" END="51">An e Udc preoccupati su misure competitività e tasse</charseq>
        </name>
      </entity_attributes>
    </entity>
    <entity ID="adige20041008_id413975-E17" TYPE="ORG" SUBTYPE="Government" CLASS="SPC">
      <entity_mention ID="adige20041008_id413975-E17-2" TYPE="NAM" PRIMARY="true" METONYMY_MENTION="FALSE">
        <extent>
          <charseq START="1449" END="1479">la nuova Commissione di Barroso</charseq>
        </extent>
        <head>
          <charseq START="1458" END="1468">Commissione</charseq>
        </head>
      </entity_mention>
      <entity_attributes>
        <name NAME="Commissione">
          <charseq START="1458" END="1468">Commissione</charseq>
        </name>
      </entity_attributes>
    </entity>
    <entity ID="adige20041008_id413975-E18" TYPE="ORG" SUBTYPE="Commercial" CLASS="GEN">
      <entity_mention ID="adige20041008_id413975-E18-2" TYPE="NOM" PRIMARY="true" METONYMY_MENTION="FALSE">
        <extent>
          <charseq START="1271" END="1282">alle imprese</charseq>
        </extent>
        <head>
          <charseq START="1276" END="1282">imprese</charseq>
        </head>
      </entity_mention>
    </entity>
    <entity ID="adige20041008_id413975-E19" TYPE="PER" SUBTYPE="Group" CLASS="GEN">
      <entity_mention ID="adige20041008_id413975-E19-2" TYPE="NOM" PRIMARY="true" METONYMY_MENTION="FALSE">
        <extent>
          <charseq START="1305" END="1316">ai ceti medi</charseq>
        </extent>
        <head>
          <charseq START="1308" END="1316">ceti medi</charseq>
        </head>
      </entity_mention>
    </entity>
    <entity ID="adige20041008_id413975-E20" TYPE="ORG" SUBTYPE="Non-Governmental" CLASS="SPC">
      <entity_mention ID="adige20041008_id413975-E20-2" TYPE="NOM" PRIMARY="true" METONYMY_MENTION="FALSE">
        <extent>
          <charseq START="935" END="953">i partiti della Cdl</charseq>
        </extent>
        <head>
          <charseq START="937" END="943">partiti</charseq>
        </head>
      </entity_mention>
    </entity>
    <entity ID="adige20041008_id413975-E21" TYPE="GPE" SUBTYPE="Population-Center" CLASS="SPC">
      <entity_mention ID="adige20041008_id413975-E21-2" TYPE="NAM" PRIMARY="true" ROLE="LOC" METONYMY_MENTION="FALSE">
        <extent>
          <charseq START="83" END="86">ROMA</charseq>
        </extent>
        <head>
          <charseq START="83" END="86">ROMA</charseq>
        </head>
      </entity_mention>
      <entity_attributes>
        <name NAME="ROMA">
          <charseq START="83" END="86">ROMA</charseq>
        </name>
      </entity_attributes>
    </entity>
    <entity ID="adige20041008_id413975-E22" TYPE="GPE" SUBTYPE="Nation" CLASS="SPC">
      <entity_mention ID="adige20041008_id413975-E22-2" TYPE="NOM" PRIMARY="true" ROLE="ORG" METONYMY_MENTION="FALSE">
        <extent>
          <charseq START="1424" END="1433">il governo</charseq>
        </extent>
        <head>
          <charseq START="1427" END="1433">governo</charseq>
        </head>
      </entity_mention>
    </entity>
  </document>
</source_file>
