<?xml version="1.0" encoding="UTF-8"?>
<!DOCTYPE source_file PUBLIC "SYSTEM" "apf.v5.2.0.dtd">

<source_file URI="adige20041008_id413979.txt" SOURCE="unknown" TYPE="text" VERSION="5.0" AUTHOR="Evalita" ENCODING="UTF-8">
  <document DOCID="adige20041008_id413979">
    <entity ID="adige20041008_id413979-E1" TYPE="PER" SUBTYPE="Group" CLASS="SPC">
      <entity_mention ID="adige20041008_id413979-E1-2" TYPE="NOM" PRIMARY="true" METONYMY_MENTION="FALSE">
        <extent>
          <charseq START="463" END="478">dell'opposizione</charseq>
        </extent>
        <head>
          <charseq START="468" END="478">opposizione</charseq>
        </head>
      </entity_mention>
      <entity_mention ID="adige20041008_id413979-E1-4" TYPE="NOM" PRIMARY="false" METONYMY_MENTION="FALSE">
        <extent>
          <charseq START="818" END="835">del centrosinistra</charseq>
        </extent>
        <head>
          <charseq START="822" END="835">centrosinistra</charseq>
        </head>
      </entity_mention>
      <entity_mention ID="adige20041008_id413979-E1-6" TYPE="NOM" PRIMARY="false" METONYMY_MENTION="FALSE">
        <extent>
          <charseq START="931" END="946">alle opposizioni</charseq>
        </extent>
        <head>
          <charseq START="936" END="946">opposizioni</charseq>
        </head>
      </entity_mention>
      <entity_mention ID="adige20041008_id413979-E1-8" TYPE="NOM" PRIMARY="false" METONYMY_MENTION="FALSE">
        <extent>
          <charseq START="3324" END="3336">l'opposizione</charseq>
        </extent>
        <head>
          <charseq START="3326" END="3336">opposizione</charseq>
        </head>
      </entity_mention>
    </entity>
    <entity ID="adige20041008_id413979-E2" TYPE="PER" SUBTYPE="Group" CLASS="SPC">
      <entity_mention ID="adige20041008_id413979-E2-2" TYPE="NOM" PRIMARY="true" METONYMY_MENTION="FALSE">
        <extent>
          <charseq START="601" END="630">dei capigruppo di Montecitorio</charseq>
        </extent>
        <head>
          <charseq START="605" END="614">capigruppo</charseq>
        </head>
      </entity_mention>
    </entity>
    <entity ID="adige20041008_id413979-E3" TYPE="PER" SUBTYPE="Indefinite" CLASS="SPC">
      <entity_mention ID="adige20041008_id413979-E3-2" TYPE="PRO" PRIMARY="true" METONYMY_MENTION="FALSE">
        <extent>
          <charseq START="734" END="792">chi nella Cdl assicura che non si andrà oltre il 15 ottobre</charseq>
        </extent>
        <head>
          <charseq START="734" END="736">chi</charseq>
        </head>
      </entity_mention>
    </entity>
    <entity ID="adige20041008_id413979-E4" TYPE="PER" SUBTYPE="Indefinite" CLASS="USP">
      <entity_mention ID="adige20041008_id413979-E4-2" TYPE="PRO" PRIMARY="true" METONYMY_MENTION="FALSE">
        <extent>
          <charseq START="765" END="766">si</charseq>
        </extent>
        <head>
          <charseq START="765" END="766">si</charseq>
        </head>
      </entity_mention>
    </entity>
    <entity ID="adige20041008_id413979-E5" TYPE="PER" SUBTYPE="Individual" CLASS="SPC">
      <entity_mention ID="adige20041008_id413979-E5-2" TYPE="NAM" PRIMARY="true" METONYMY_MENTION="FALSE">
        <extent>
          <charseq START="892" END="913">Pier Ferdinando Casini</charseq>
        </extent>
        <head>
          <charseq START="892" END="913">Pier Ferdinando Casini</charseq>
        </head>
      </entity_mention>
      <entity_mention ID="adige20041008_id413979-E5-4" TYPE="NOM" PRIMARY="false" METONYMY_MENTION="FALSE">
        <extent>
          <charseq START="865" END="890">il presidente della Camera</charseq>
        </extent>
        <head>
          <charseq START="868" END="877">presidente</charseq>
        </head>
      </entity_mention>
      <entity_mention ID="adige20041008_id413979-E5-6" TYPE="NOM" PRIMARY="false" METONYMY_MENTION="FALSE">
        <extent>
          <charseq START="865" END="913">il presidente della Camera Pier Ferdinando Casini</charseq>
        </extent>
        <head>
          <charseq START="865" END="913">il presidente della Camera Pier Ferdinando Casini</charseq>
        </head>
      </entity_mention>
      <entity_attributes>
        <name NAME="Pier Ferdinando Casini">
          <charseq START="892" END="913">Pier Ferdinando Casini</charseq>
        </name>
      </entity_attributes>
    </entity>
    <entity ID="adige20041008_id413979-E6" TYPE="PER" SUBTYPE="Individual" CLASS="SPC">
      <entity_mention ID="adige20041008_id413979-E6-2" TYPE="NAM" PRIMARY="true" METONYMY_MENTION="FALSE">
        <extent>
          <charseq START="1028" END="1039">Donato Bruno</charseq>
        </extent>
        <head>
          <charseq START="1028" END="1039">Donato Bruno</charseq>
        </head>
      </entity_mention>
      <entity_mention ID="adige20041008_id413979-E6-4" TYPE="NOM" PRIMARY="false" METONYMY_MENTION="FALSE">
        <extent>
          <charseq START="998" END="1026">il relatore del provvedimento</charseq>
        </extent>
        <head>
          <charseq START="1001" END="1008">relatore</charseq>
        </head>
      </entity_mention>
      <entity_mention ID="adige20041008_id413979-E6-6" TYPE="NOM" PRIMARY="false" METONYMY_MENTION="FALSE">
        <extent>
          <charseq START="998" END="1039">il relatore del provvedimento Donato Bruno</charseq>
        </extent>
        <head>
          <charseq START="998" END="1039">il relatore del provvedimento Donato Bruno</charseq>
        </head>
      </entity_mention>
      <entity_attributes>
        <name NAME="Donato Bruno">
          <charseq START="1028" END="1039">Donato Bruno</charseq>
        </name>
      </entity_attributes>
    </entity>
    <entity ID="adige20041008_id413979-E7" TYPE="PER" SUBTYPE="Group" CLASS="GEN">
      <entity_mention ID="adige20041008_id413979-E7-2" TYPE="NOM" PRIMARY="true" METONYMY_MENTION="FALSE">
        <extent>
          <charseq START="1208" END="1237">il Presidente della Repubblica</charseq>
        </extent>
        <head>
          <charseq START="1211" END="1220">Presidente</charseq>
        </head>
      </entity_mention>
      <entity_mention ID="adige20041008_id413979-E7-4" TYPE="NOM" PRIMARY="false" METONYMY_MENTION="FALSE">
        <extent>
          <charseq START="1369" END="1387">il capo dello Stato</charseq>
        </extent>
        <head>
          <charseq START="1372" END="1375">capo</charseq>
        </head>
      </entity_mention>
      <entity_mention ID="adige20041008_id413979-E7-6" TYPE="NOM" PRIMARY="false" METONYMY_MENTION="FALSE">
        <extent>
          <charseq START="2599" END="2629">dal presidente della Repubblica</charseq>
        </extent>
        <head>
          <charseq START="2603" END="2612">presidente</charseq>
        </head>
      </entity_mention>
      <entity_mention ID="adige20041008_id413979-E7-8" TYPE="NOM" PRIMARY="false" METONYMY_MENTION="FALSE">
        <extent>
          <charseq START="3095" END="3114">del Capo dello Stato</charseq>
        </extent>
        <head>
          <charseq START="3099" END="3102">Capo</charseq>
        </head>
      </entity_mention>
      <entity_mention ID="adige20041008_id413979-E7-10" TYPE="NOM" PRIMARY="false" METONYMY_MENTION="FALSE">
        <extent>
          <charseq START="3121" END="3172">rappresentante « dell'unità federale della nazione »</charseq>
        </extent>
        <head>
          <charseq START="3121" END="3134">rappresentante</charseq>
        </head>
      </entity_mention>
      <entity_mention ID="adige20041008_id413979-E7-12" TYPE="NOM" PRIMARY="false" METONYMY_MENTION="FALSE">
        <extent>
          <charseq START="124" END="155">Capo dello Stato anche a 40 anni</charseq>
        </extent>
        <head>
          <charseq START="124" END="127">Capo</charseq>
        </head>
      </entity_mention>
      <entity_mention ID="adige20041008_id413979-E7-13" TYPE="PRO" PRIMARY="false" METONYMY_MENTION="FALSE">
        <extent>
          <charseq START="1605" END="1613">eleggerlo</charseq>
        </extent>
        <head>
          <charseq START="1612" END="1613">lo</charseq>
        </head>
      </entity_mention>
    </entity>
    <entity ID="adige20041008_id413979-E8" TYPE="PER" SUBTYPE="Group" CLASS="GEN">
      <entity_mention ID="adige20041008_id413979-E8-2" TYPE="NOM" PRIMARY="true" METONYMY_MENTION="FALSE">
        <extent>
          <charseq START="1415" END="1441">componenti delle due camere</charseq>
        </extent>
        <head>
          <charseq START="1415" END="1424">componenti</charseq>
        </head>
      </entity_mention>
    </entity>
    <entity ID="adige20041008_id413979-E9" TYPE="PER" SUBTYPE="Group" CLASS="GEN">
      <entity_mention ID="adige20041008_id413979-E9-2" TYPE="NOM" PRIMARY="true" METONYMY_MENTION="FALSE">
        <extent>
          <charseq START="1445" END="1527">dai presidenti delle giunte regionali e delle province autonome di Trento e Bolzano</charseq>
        </extent>
        <head>
          <charseq START="1449" END="1458">presidenti</charseq>
        </head>
      </entity_mention>
    </entity>
    <entity ID="adige20041008_id413979-E10" TYPE="PER" SUBTYPE="Group" CLASS="GEN">
      <entity_mention ID="adige20041008_id413979-E10-2" TYPE="NOM" PRIMARY="true" METONYMY_MENTION="FALSE">
        <extent>
          <charseq START="1533" END="1574">due delegati eletti dai consigli regionali</charseq>
        </extent>
        <head>
          <charseq START="1537" END="1544">delegati</charseq>
        </head>
      </entity_mention>
    </entity>
    <entity ID="adige20041008_id413979-E11" TYPE="PER" SUBTYPE="Group" CLASS="GEN">
      <entity_mention ID="adige20041008_id413979-E11-2" TYPE="NOM" PRIMARY="true" METONYMY_MENTION="FALSE">
        <extent>
          <charseq START="1415" END="1574">componenti delle due camere e dai presidenti delle giunte regionali e delle province autonome di Trento e Bolzano più due delegati eletti dai consigli regionali</charseq>
        </extent>
        <head>
          <charseq START="1415" END="1574">componenti delle due camere e dai presidenti delle giunte regionali e delle province autonome di Trento e Bolzano più due delegati eletti dai consigli regionali</charseq>
        </head>
      </entity_mention>
    </entity>
    <entity ID="adige20041008_id413979-E12" TYPE="PER" SUBTYPE="Individual" CLASS="SPC">
      <entity_mention ID="adige20041008_id413979-E12-2" TYPE="NAM" PRIMARY="true" METONYMY_MENTION="FALSE">
        <extent>
          <charseq START="1770" END="1786">Roberto Calderoli</charseq>
        </extent>
        <head>
          <charseq START="1770" END="1786">Roberto Calderoli</charseq>
        </head>
      </entity_mention>
      <entity_mention ID="adige20041008_id413979-E12-4" TYPE="NOM" PRIMARY="false" METONYMY_MENTION="FALSE">
        <extent>
          <charseq START="1744" END="1768">il ministro delle riforme</charseq>
        </extent>
        <head>
          <charseq START="1747" END="1754">ministro</charseq>
        </head>
      </entity_mention>
      <entity_mention ID="adige20041008_id413979-E12-6" TYPE="NOM" PRIMARY="false" METONYMY_MENTION="FALSE">
        <extent>
          <charseq START="1744" END="1786">il ministro delle riforme Roberto Calderoli</charseq>
        </extent>
        <head>
          <charseq START="1744" END="1786">il ministro delle riforme Roberto Calderoli</charseq>
        </head>
      </entity_mention>
      <entity_mention ID="adige20041008_id413979-E12-10" TYPE="NOM" PRIMARY="false" METONYMY_MENTION="FALSE">
        <extent>
          <charseq START="1974" END="1998">il ministro del Carroccio</charseq>
        </extent>
        <head>
          <charseq START="1977" END="1984">ministro</charseq>
        </head>
      </entity_mention>
      <entity_mention ID="adige20041008_id413979-E12-12" TYPE="PRO" PRIMARY="false" METONYMY_MENTION="FALSE">
        <extent>
          <charseq START="2237" END="2239">sua</charseq>
        </extent>
        <head>
          <charseq START="2237" END="2239">sua</charseq>
        </head>
      </entity_mention>
      <entity_attributes>
        <name NAME="Roberto Calderoli">
          <charseq START="1770" END="1786">Roberto Calderoli</charseq>
        </name>
      </entity_attributes>
    </entity>
    <entity ID="adige20041008_id413979-E13" TYPE="PER" SUBTYPE="Individual" CLASS="SPC">
      <entity_mention ID="adige20041008_id413979-E13-2" TYPE="NAM" PRIMARY="true" METONYMY_MENTION="FALSE">
        <extent>
          <charseq START="1939" END="1948">Berlusconi</charseq>
        </extent>
        <head>
          <charseq START="1939" END="1948">Berlusconi</charseq>
        </head>
      </entity_mention>
      <entity_mention ID="adige20041008_id413979-E13-4" TYPE="NOM" PRIMARY="false" METONYMY_MENTION="FALSE">
        <extent>
          <charseq START="1927" END="1937">col premier</charseq>
        </extent>
        <head>
          <charseq START="1931" END="1937">premier</charseq>
        </head>
      </entity_mention>
      <entity_mention ID="adige20041008_id413979-E13-6" TYPE="NOM" PRIMARY="false" METONYMY_MENTION="FALSE">
        <extent>
          <charseq START="1927" END="1948">col premier Berlusconi</charseq>
        </extent>
        <head>
          <charseq START="1927" END="1948">col premier Berlusconi</charseq>
        </head>
      </entity_mention>
      <entity_attributes>
        <name NAME="Berlusconi">
          <charseq START="1939" END="1948">Berlusconi</charseq>
        </name>
      </entity_attributes>
    </entity>
    <entity ID="adige20041008_id413979-E14" TYPE="PER" SUBTYPE="Group" CLASS="SPC">
      <entity_mention ID="adige20041008_id413979-E14-2" TYPE="NOM" PRIMARY="true" METONYMY_MENTION="FALSE">
        <extent>
          <charseq START="1952" END="1971">i senatori della Cdl</charseq>
        </extent>
        <head>
          <charseq START="1954" END="1961">senatori</charseq>
        </head>
      </entity_mention>
    </entity>
    <entity ID="adige20041008_id413979-E15" TYPE="PER" SUBTYPE="Group" CLASS="SPC">
      <entity_mention ID="adige20041008_id413979-E15-2" TYPE="NOM" PRIMARY="true" METONYMY_MENTION="FALSE">
        <extent>
          <charseq START="1927" END="1971">col premier Berlusconi e i senatori della Cdl</charseq>
        </extent>
        <head>
          <charseq START="1927" END="1971">col premier Berlusconi e i senatori della Cdl</charseq>
        </head>
      </entity_mention>
    </entity>
    <entity ID="adige20041008_id413979-E16" TYPE="PER" SUBTYPE="Indefinite" CLASS="USP">
      <entity_mention ID="adige20041008_id413979-E16-2" TYPE="PRO" PRIMARY="true" METONYMY_MENTION="FALSE">
        <extent>
          <charseq START="2135" END="2136">si</charseq>
        </extent>
        <head>
          <charseq START="2135" END="2136">si</charseq>
        </head>
      </entity_mention>
    </entity>
    <entity ID="adige20041008_id413979-E17" TYPE="PER" SUBTYPE="Group" CLASS="GEN">
      <entity_mention ID="adige20041008_id413979-E17-2" TYPE="NOM" PRIMARY="true" METONYMY_MENTION="FALSE">
        <extent>
          <charseq START="2563" END="2572">il premier</charseq>
        </extent>
        <head>
          <charseq START="2566" END="2572">premier</charseq>
        </head>
      </entity_mention>
      <entity_mention ID="adige20041008_id413979-E17-4" TYPE="PRO" PRIMARY="false" METONYMY_MENTION="FALSE">
        <extent>
          <charseq START="2647" END="2653">proprie</charseq>
        </extent>
        <head>
          <charseq START="2647" END="2653">proprie</charseq>
        </head>
      </entity_mention>
    </entity>
    <entity ID="adige20041008_id413979-E18" TYPE="PER" SUBTYPE="Indefinite" CLASS="USP">
      <entity_mention ID="adige20041008_id413979-E18-2" TYPE="PRO" PRIMARY="true" METONYMY_MENTION="FALSE">
        <extent>
          <charseq START="2946" END="2947">si</charseq>
        </extent>
        <head>
          <charseq START="2946" END="2947">si</charseq>
        </head>
      </entity_mention>
    </entity>
    <entity ID="adige20041008_id413979-E19" TYPE="PER" SUBTYPE="Individual" CLASS="SPC">
      <entity_mention ID="adige20041008_id413979-E19-2" TYPE="NAM" PRIMARY="true" METONYMY_MENTION="FALSE">
        <extent>
          <charseq START="3048" END="3063">Luciano Violante</charseq>
        </extent>
        <head>
          <charseq START="3048" END="3063">Luciano Violante</charseq>
        </head>
      </entity_mention>
      <entity_mention ID="adige20041008_id413979-E19-4" TYPE="NOM" PRIMARY="false" METONYMY_MENTION="FALSE">
        <extent>
          <charseq START="3026" END="3046">dal capogruppo dei Ds</charseq>
        </extent>
        <head>
          <charseq START="3030" END="3039">capogruppo</charseq>
        </head>
      </entity_mention>
      <entity_mention ID="adige20041008_id413979-E19-6" TYPE="NOM" PRIMARY="false" METONYMY_MENTION="FALSE">
        <extent>
          <charseq START="3026" END="3063">dal capogruppo dei Ds Luciano Violante</charseq>
        </extent>
        <head>
          <charseq START="3026" END="3063">dal capogruppo dei Ds Luciano Violante</charseq>
        </head>
      </entity_mention>
      <entity_mention ID="adige20041008_id413979-E19-8" TYPE="NAM" PRIMARY="false" METONYMY_MENTION="FALSE">
        <extent>
          <charseq START="3229" END="3244">Luciano Violantè</charseq>
        </extent>
        <head>
          <charseq START="3229" END="3244">Luciano Violantè</charseq>
        </head>
      </entity_mention>
      <entity_mention ID="adige20041008_id413979-E19-10" TYPE="NOM" PRIMARY="false" METONYMY_MENTION="FALSE">
        <extent>
          <charseq START="3195" END="3227">il presidente dei deputati dei Ds</charseq>
        </extent>
        <head>
          <charseq START="3198" END="3207">presidente</charseq>
        </head>
      </entity_mention>
      <entity_mention ID="adige20041008_id413979-E19-12" TYPE="NOM" PRIMARY="false" METONYMY_MENTION="FALSE">
        <extent>
          <charseq START="3195" END="3244">il presidente dei deputati dei Ds Luciano Violantè</charseq>
        </extent>
        <head>
          <charseq START="3195" END="3244">il presidente dei deputati dei Ds Luciano Violantè</charseq>
        </head>
      </entity_mention>
      <entity_attributes>
        <name NAME="Luciano Violante">
          <charseq START="3048" END="3063">Luciano Violante</charseq>
        </name>
        <name NAME="Luciano Violantè">
          <charseq START="3229" END="3244">Luciano Violantè</charseq>
        </name>
      </entity_attributes>
    </entity>
    <entity ID="adige20041008_id413979-E20" TYPE="PER" SUBTYPE="Group" CLASS="SPC">
      <entity_mention ID="adige20041008_id413979-E20-2" TYPE="NOM" PRIMARY="true" METONYMY_MENTION="FALSE">
        <extent>
          <charseq START="3442" END="3456">alcuni leghisti</charseq>
        </extent>
        <head>
          <charseq START="3449" END="3456">leghisti</charseq>
        </head>
      </entity_mention>
    </entity>
    <entity ID="adige20041008_id413979-E21" TYPE="PER" SUBTYPE="Individual" CLASS="SPC">
      <entity_mention ID="adige20041008_id413979-E21-2" TYPE="NAM" PRIMARY="true" METONYMY_MENTION="FALSE">
        <extent>
          <charseq START="3596" END="3600">Fiori</charseq>
        </extent>
        <head>
          <charseq START="3596" END="3600">Fiori</charseq>
        </head>
      </entity_mention>
      <entity_mention ID="adige20041008_id413979-E21-4" TYPE="NOM" PRIMARY="false" METONYMY_MENTION="FALSE">
        <extent>
          <charseq START="3576" END="3594">dal vice-presidente</charseq>
        </extent>
        <head>
          <charseq START="3580" END="3594">vice-presidente</charseq>
        </head>
      </entity_mention>
      <entity_mention ID="adige20041008_id413979-E21-6" TYPE="NOM" PRIMARY="false" METONYMY_MENTION="FALSE">
        <extent>
          <charseq START="3576" END="3600">dal vice-presidente Fiori</charseq>
        </extent>
        <head>
          <charseq START="3576" END="3600">dal vice-presidente Fiori</charseq>
        </head>
      </entity_mention>
      <entity_attributes>
        <name NAME="Fiori">
          <charseq START="3596" END="3600">Fiori</charseq>
        </name>
      </entity_attributes>
    </entity>
    <entity ID="adige20041008_id413979-E22" TYPE="ORG" SUBTYPE="Non-Governmental" CLASS="SPC">
      <entity_mention ID="adige20041008_id413979-E22-1" TYPE="NAM" PRIMARY="true" METONYMY_MENTION="FALSE">
        <extent>
          <charseq START="91" END="99">nella Cdl</charseq>
        </extent>
        <head>
          <charseq START="97" END="99">Cdl</charseq>
        </head>
      </entity_mention>
      <entity_mention ID="adige20041008_id413979-E22-2" TYPE="NAM" PRIMARY="false" METONYMY_MENTION="FALSE">
        <extent>
          <charseq START="301" END="306">la Cdl</charseq>
        </extent>
        <head>
          <charseq START="304" END="306">Cdl</charseq>
        </head>
      </entity_mention>
      <entity_mention ID="adige20041008_id413979-E22-3" TYPE="NAM" PRIMARY="false" METONYMY_MENTION="FALSE">
        <extent>
          <charseq START="497" END="583">della Cdl che soprattutto in queste ore di pre-finanziaria non è molto presente in Aula</charseq>
        </extent>
        <head>
          <charseq START="503" END="505">Cdl</charseq>
        </head>
      </entity_mention>
      <entity_mention ID="adige20041008_id413979-E22-4" TYPE="PRO" PRIMARY="false" METONYMY_MENTION="FALSE">
        <extent>
          <charseq START="507" END="509">che</charseq>
        </extent>
        <head>
          <charseq START="507" END="509">che</charseq>
        </head>
      </entity_mention>
      <entity_mention ID="adige20041008_id413979-E22-5" TYPE="NAM" PRIMARY="false" METONYMY_MENTION="FALSE">
        <extent>
          <charseq START="738" END="746">nella Cdl</charseq>
        </extent>
        <head>
          <charseq START="744" END="746">Cdl</charseq>
        </head>
      </entity_mention>
      <entity_mention ID="adige20041008_id413979-E22-6" TYPE="NAM" PRIMARY="false" METONYMY_MENTION="FALSE">
        <extent>
          <charseq START="1963" END="1971">della Cdl</charseq>
        </extent>
        <head>
          <charseq START="1969" END="1971">Cdl</charseq>
        </head>
      </entity_mention>
      <entity_attributes>
        <name NAME="Cdl">
          <charseq START="97" END="99">Cdl</charseq>
        </name>
        <name NAME="Cdl">
          <charseq START="304" END="306">Cdl</charseq>
        </name>
        <name NAME="Cdl">
          <charseq START="503" END="505">Cdl</charseq>
        </name>
        <name NAME="Cdl">
          <charseq START="744" END="746">Cdl</charseq>
        </name>
        <name NAME="Cdl">
          <charseq START="1969" END="1971">Cdl</charseq>
        </name>
      </entity_attributes>
    </entity>
    <entity ID="adige20041008_id413979-E23" TYPE="ORG" SUBTYPE="Government" CLASS="GEN">
      <entity_mention ID="adige20041008_id413979-E23-2" TYPE="NAM" PRIMARY="true" METONYMY_MENTION="FALSE">
        <extent>
          <charseq START="2262" END="2270">la Camera</charseq>
        </extent>
        <head>
          <charseq START="2265" END="2270">Camera</charseq>
        </head>
      </entity_mention>
      <entity_mention ID="adige20041008_id413979-E23-3" TYPE="NAM" PRIMARY="false" METONYMY_MENTION="FALSE">
        <extent>
          <charseq START="2688" END="2742">la Camera che dovrà pronunciarsi a maggioranza assoluta</charseq>
        </extent>
        <head>
          <charseq START="2691" END="2696">Camera</charseq>
        </head>
      </entity_mention>
      <entity_mention ID="adige20041008_id413979-E23-4" TYPE="PRO" PRIMARY="false" METONYMY_MENTION="FALSE">
        <extent>
          <charseq START="2698" END="2700">che</charseq>
        </extent>
        <head>
          <charseq START="2698" END="2700">che</charseq>
        </head>
      </entity_mention>
      <entity_mention ID="adige20041008_id413979-E23-5" TYPE="NAM" PRIMARY="false" METONYMY_MENTION="FALSE">
        <extent>
          <charseq START="2885" END="2890">Camera</charseq>
        </extent>
        <head>
          <charseq START="2885" END="2890">Camera</charseq>
        </head>
      </entity_mention>
      <entity_attributes>
        <name NAME="Camera">
          <charseq START="2265" END="2270">Camera</charseq>
        </name>
        <name NAME="Camera">
          <charseq START="2691" END="2696">Camera</charseq>
        </name>
        <name NAME="Camera">
          <charseq START="2885" END="2890">Camera</charseq>
        </name>
      </entity_attributes>
    </entity>
    <entity ID="adige20041008_id413979-E24" TYPE="ORG" SUBTYPE="Government" CLASS="USP">
      <entity_mention ID="adige20041008_id413979-E24-1" TYPE="NAM" PRIMARY="true" METONYMY_MENTION="FALSE">
        <extent>
          <charseq START="1327" END="1387">l'Assemblea della Repubblica per eleggere il capo dello Stato</charseq>
        </extent>
        <head>
          <charseq START="1329" END="1354">Assemblea della Repubblica</charseq>
        </head>
      </entity_mention>
      <entity_mention ID="adige20041008_id413979-E24-2" TYPE="NAM" PRIMARY="false" METONYMY_MENTION="FALSE">
        <extent>
          <charseq START="170" END="207">dalla nuova Assemblea della Repubblica</charseq>
        </extent>
        <head>
          <charseq START="182" END="207">Assemblea della Repubblica</charseq>
        </head>
      </entity_mention>
      <entity_mention ID="adige20041008_id413979-E24-4" TYPE="NOM" PRIMARY="false" METONYMY_MENTION="FALSE">
        <extent>
          <charseq START="1390" END="1574">un'assemblea composta da componenti delle due camere e dai presidenti delle giunte regionali e delle province autonome di Trento e Bolzano più due delegati eletti dai consigli regionali</charseq>
        </extent>
        <head>
          <charseq START="1393" END="1401">assemblea</charseq>
        </head>
      </entity_mention>
      <entity_attributes>
        <name NAME="Assemblea della Repubblica">
          <charseq START="1329" END="1354">Assemblea della Repubblica</charseq>
        </name>
        <name NAME="Assemblea della Repubblica">
          <charseq START="182" END="207">Assemblea della Repubblica</charseq>
        </name>
      </entity_attributes>
    </entity>
    <entity ID="adige20041008_id413979-E25" TYPE="ORG" SUBTYPE="Government" CLASS="GEN">
      <entity_mention ID="adige20041008_id413979-E25-1" TYPE="NOM" PRIMARY="true" METONYMY_MENTION="FALSE">
        <extent>
          <charseq START="1426" END="1441">delle due camere</charseq>
        </extent>
        <head>
          <charseq START="1436" END="1441">camere</charseq>
        </head>
      </entity_mention>
      <entity_mention ID="adige20041008_id413979-E25-2" TYPE="NOM" PRIMARY="false" METONYMY_MENTION="FALSE">
        <extent>
          <charseq START="2207" END="2218">delle Camere</charseq>
        </extent>
        <head>
          <charseq START="2213" END="2218">Camere</charseq>
        </head>
      </entity_mention>
      <entity_mention ID="adige20041008_id413979-E25-3" TYPE="NAM" PRIMARY="false" METONYMY_MENTION="FALSE">
        <extent>
          <charseq START="2885" END="2899">Camera e Senato</charseq>
        </extent>
        <head>
          <charseq START="2885" END="2899">Camera e Senato</charseq>
        </head>
      </entity_mention>
      <entity_attributes>
        <name NAME="Camera e Senato">
          <charseq START="2885" END="2899">Camera e Senato</charseq>
        </name>
      </entity_attributes>
    </entity>
    <entity ID="adige20041008_id413979-E26" TYPE="ORG" SUBTYPE="Government" CLASS="GEN">
      <entity_mention ID="adige20041008_id413979-E26-1" TYPE="NOM" PRIMARY="true" METONYMY_MENTION="FALSE">
        <extent>
          <charseq START="1460" END="1481">delle giunte regionali</charseq>
        </extent>
        <head>
          <charseq START="1466" END="1471">giunte</charseq>
        </head>
      </entity_mention>
      <entity_mention ID="adige20041008_id413979-E26-2" TYPE="NOM" PRIMARY="false" METONYMY_MENTION="FALSE">
        <extent>
          <charseq START="1553" END="1574">dai consigli regionali</charseq>
        </extent>
        <head>
          <charseq START="1557" END="1564">consigli</charseq>
        </head>
      </entity_mention>
    </entity>
    <entity ID="adige20041008_id413979-E27" TYPE="ORG" SUBTYPE="Government" CLASS="GEN">
      <entity_mention ID="adige20041008_id413979-E27-1" TYPE="NAM" PRIMARY="true" METONYMY_MENTION="FALSE">
        <extent>
          <charseq START="2523" END="2531">il Senato</charseq>
        </extent>
        <head>
          <charseq START="2526" END="2531">Senato</charseq>
        </head>
      </entity_mention>
      <entity_mention ID="adige20041008_id413979-E27-2" TYPE="NAM" PRIMARY="false" METONYMY_MENTION="FALSE">
        <extent>
          <charseq START="2894" END="2899">Senato</charseq>
        </extent>
        <head>
          <charseq START="2894" END="2899">Senato</charseq>
        </head>
      </entity_mention>
      <entity_attributes>
        <name NAME="Senato">
          <charseq START="2526" END="2531">Senato</charseq>
        </name>
        <name NAME="Senato">
          <charseq START="2894" END="2899">Senato</charseq>
        </name>
      </entity_attributes>
    </entity>
    <entity ID="adige20041008_id413979-E28" TYPE="ORG" SUBTYPE="Government" CLASS="USP">
      <entity_mention ID="adige20041008_id413979-E28-1" TYPE="NOM" PRIMARY="true" METONYMY_MENTION="FALSE">
        <extent>
          <charseq START="2776" END="2934">una commissione paritetica che dovrà elaborare un nuovo testo, nel caso, in cui nel procedimento bicamerale, Camera e Senato non si pronuncino in modo conforme</charseq>
        </extent>
        <head>
          <charseq START="2780" END="2790">commissione</charseq>
        </head>
      </entity_mention>
      <entity_mention ID="adige20041008_id413979-E28-2" TYPE="PRO" PRIMARY="false" METONYMY_MENTION="FALSE">
        <extent>
          <charseq START="2803" END="2805">che</charseq>
        </extent>
        <head>
          <charseq START="2803" END="2805">che</charseq>
        </head>
      </entity_mention>
    </entity>
    <entity ID="adige20041008_id413979-E29" TYPE="ORG" SUBTYPE="Non-Governmental" CLASS="SPC">
      <entity_mention ID="adige20041008_id413979-E29-1" TYPE="NAM" PRIMARY="true" METONYMY_MENTION="FALSE">
        <extent>
          <charseq START="3041" END="3046">dei Ds</charseq>
        </extent>
        <head>
          <charseq START="3045" END="3046">Ds</charseq>
        </head>
      </entity_mention>
      <entity_mention ID="adige20041008_id413979-E29-2" TYPE="NAM" PRIMARY="false" METONYMY_MENTION="FALSE">
        <extent>
          <charseq START="3222" END="3227">dei Ds</charseq>
        </extent>
        <head>
          <charseq START="3226" END="3227">Ds</charseq>
        </head>
      </entity_mention>
      <entity_attributes>
        <name NAME="Ds">
          <charseq START="3045" END="3046">Ds</charseq>
        </name>
        <name NAME="Ds">
          <charseq START="3226" END="3227">Ds</charseq>
        </name>
      </entity_attributes>
    </entity>
    <entity ID="adige20041008_id413979-E31" TYPE="PER" SUBTYPE="Individual" CLASS="SPC">
      <entity_mention ID="adige20041008_id413979-E31-1" TYPE="NAM" PRIMARY="true" METONYMY_MENTION="FALSE">
        <extent>
          <charseq START="3412" END="3478">del ds Soda che, provocato da alcuni leghisti, alla fine è sbottato</charseq>
        </extent>
        <head>
          <charseq START="3419" END="3422">Soda</charseq>
        </head>
      </entity_mention>
      <entity_mention ID="adige20041008_id413979-E31-2" TYPE="PRO" PRIMARY="false" METONYMY_MENTION="FALSE">
        <extent>
          <charseq START="3424" END="3426">che</charseq>
        </extent>
        <head>
          <charseq START="3424" END="3426">che</charseq>
        </head>
      </entity_mention>
      <entity_attributes>
        <name NAME="Soda">
          <charseq START="3419" END="3422">Soda</charseq>
        </name>
      </entity_attributes>
    </entity>
    <entity ID="adige20041008_id413979-E32" TYPE="ORG" SUBTYPE="Government" CLASS="SPC">
      <entity_mention ID="adige20041008_id413979-E32-1" TYPE="NAM" PRIMARY="true" METONYMY_MENTION="FALSE">
        <extent>
          <charseq START="879" END="890">della Camera</charseq>
        </extent>
        <head>
          <charseq START="885" END="890">Camera</charseq>
        </head>
      </entity_mention>
      <entity_mention ID="adige20041008_id413979-E32-3" TYPE="NAM" PRIMARY="false" METONYMY_MENTION="TRUE">
        <extent>
          <charseq START="619" END="630">Montecitorio</charseq>
        </extent>
        <head>
          <charseq START="619" END="630">Montecitorio</charseq>
        </head>
      </entity_mention>
      <entity_mention ID="adige20041008_id413979-E32-5" TYPE="NAM" PRIMARY="false" METONYMY_MENTION="FALSE">
        <extent>
          <charseq START="1125" END="1136">della Camera</charseq>
        </extent>
        <head>
          <charseq START="1131" END="1136">Camera</charseq>
        </head>
      </entity_mention>
      <entity_attributes>
        <name NAME="Camera">
          <charseq START="885" END="890">Camera</charseq>
        </name>
        <name NAME="Montecitorio">
          <charseq START="619" END="630">Montecitorio</charseq>
        </name>
        <name NAME="Camera">
          <charseq START="1131" END="1136">Camera</charseq>
        </name>
      </entity_attributes>
    </entity>
    <entity ID="adige20041008_id413979-E33" TYPE="ORG" SUBTYPE="Government" CLASS="SPC">
      <entity_mention ID="adige20041008_id413979-E33-2" TYPE="NAM" PRIMARY="true" METONYMY_MENTION="FALSE">
        <extent>
          <charseq START="2969" END="2989">del comitato dei nove</charseq>
        </extent>
        <head>
          <charseq START="2973" END="2989">comitato dei nove</charseq>
        </head>
      </entity_mention>
      <entity_attributes>
        <name NAME="comitato dei nove">
          <charseq START="2973" END="2989">comitato dei nove</charseq>
        </name>
      </entity_attributes>
    </entity>
    <entity ID="adige20041008_id413979-E34" TYPE="PER" SUBTYPE="Group" CLASS="SPC">
      <entity_mention ID="adige20041008_id413979-E34-2" TYPE="NOM" PRIMARY="true" METONYMY_MENTION="FALSE">
        <extent>
          <charseq START="1118" END="1136">L'Aula della Camera</charseq>
        </extent>
        <head>
          <charseq START="1120" END="1123">Aula</charseq>
        </head>
      </entity_mention>
      <entity_mention ID="adige20041008_id413979-E34-4" TYPE="NOM" PRIMARY="false" METONYMY_MENTION="FALSE">
        <extent>
          <charseq START="3350" END="3355">l'Aula</charseq>
        </extent>
        <head>
          <charseq START="3352" END="3355">Aula</charseq>
        </head>
      </entity_mention>
    </entity>
    <entity ID="adige20041008_id413979-E35" TYPE="GPE" SUBTYPE="Population-Center" CLASS="SPC">
      <entity_mention ID="adige20041008_id413979-E35-2" TYPE="NAM" PRIMARY="true" ROLE="LOC" METONYMY_MENTION="FALSE">
        <extent>
          <charseq START="211" END="214">ROMA</charseq>
        </extent>
        <head>
          <charseq START="211" END="214">ROMA</charseq>
        </head>
      </entity_mention>
      <entity_attributes>
        <name NAME="ROMA">
          <charseq START="211" END="214">ROMA</charseq>
        </name>
      </entity_attributes>
    </entity>
    <entity ID="adige20041008_id413979-E36" TYPE="GPE" SUBTYPE="Nation" CLASS="GEN">
      <entity_mention ID="adige20041008_id413979-E36-2" TYPE="NAM" PRIMARY="true" ROLE="GPE" METONYMY_MENTION="FALSE">
        <extent>
          <charseq START="1222" END="1237">della Repubblica</charseq>
        </extent>
        <head>
          <charseq START="1228" END="1237">Repubblica</charseq>
        </head>
      </entity_mention>
      <entity_mention ID="adige20041008_id413979-E36-4" TYPE="NOM" PRIMARY="false" ROLE="GPE" METONYMY_MENTION="FALSE">
        <extent>
          <charseq START="1377" END="1387">dello Stato</charseq>
        </extent>
        <head>
          <charseq START="1383" END="1387">Stato</charseq>
        </head>
      </entity_mention>
      <entity_mention ID="adige20041008_id413979-E36-6" TYPE="NOM" PRIMARY="false" ROLE="GPE" METONYMY_MENTION="FALSE">
        <extent>
          <charseq START="2183" END="2191">del Paese</charseq>
        </extent>
        <head>
          <charseq START="2187" END="2191">Paese</charseq>
        </head>
      </entity_mention>
      <entity_mention ID="adige20041008_id413979-E36-8" TYPE="NOM" PRIMARY="false" ROLE="GPE" METONYMY_MENTION="FALSE">
        <extent>
          <charseq START="2362" END="2372">dello Stato</charseq>
        </extent>
        <head>
          <charseq START="2368" END="2372">Stato</charseq>
        </head>
      </entity_mention>
      <entity_mention ID="adige20041008_id413979-E36-10" TYPE="NAM" PRIMARY="false" ROLE="GPE" METONYMY_MENTION="FALSE">
        <extent>
          <charseq START="2614" END="2629">della Repubblica</charseq>
        </extent>
        <head>
          <charseq START="2620" END="2629">Repubblica</charseq>
        </head>
      </entity_mention>
      <entity_mention ID="adige20041008_id413979-E36-12" TYPE="NOM" PRIMARY="false" ROLE="GPE" METONYMY_MENTION="FALSE">
        <extent>
          <charseq START="3104" END="3114">dello Stato</charseq>
        </extent>
        <head>
          <charseq START="3110" END="3114">Stato</charseq>
        </head>
      </entity_mention>
      <entity_mention ID="adige20041008_id413979-E36-14" TYPE="NOM" PRIMARY="false" ROLE="GPE" METONYMY_MENTION="FALSE">
        <extent>
          <charseq START="3158" END="3170">della nazione</charseq>
        </extent>
        <head>
          <charseq START="3164" END="3170">nazione</charseq>
        </head>
      </entity_mention>
      <entity_mention ID="adige20041008_id413979-E36-16" TYPE="NOM" PRIMARY="false" ROLE="ORG" METONYMY_MENTION="FALSE">
        <extent>
          <charseq START="2436" END="2445">il governo</charseq>
        </extent>
        <head>
          <charseq START="2439" END="2445">governo</charseq>
        </head>
      </entity_mention>
      <entity_mention ID="adige20041008_id413979-E36-18" TYPE="NOM" PRIMARY="false" ROLE="GPE" METONYMY_MENTION="FALSE">
        <extent>
          <charseq START="129" END="139">dello Stato</charseq>
        </extent>
        <head>
          <charseq START="135" END="139">Stato</charseq>
        </head>
      </entity_mention>
      <entity_attributes>
        <name NAME="Repubblica">
          <charseq START="1228" END="1237">Repubblica</charseq>
        </name>
        <name NAME="Repubblica">
          <charseq START="2620" END="2629">Repubblica</charseq>
        </name>
      </entity_attributes>
    </entity>
    <entity ID="adige20041008_id413979-E38" TYPE="GPE" SUBTYPE="State-or-Province" CLASS="GEN">
      <entity_mention ID="adige20041008_id413979-E38-2" TYPE="NOM" PRIMARY="true" ROLE="ORG" METONYMY_MENTION="FALSE">
        <extent>
          <charseq START="1485" END="1527">delle province autonome di Trento e Bolzano</charseq>
        </extent>
        <head>
          <charseq START="1491" END="1498">province</charseq>
        </head>
      </entity_mention>
    </entity>
    <entity ID="adige20041008_id413979-E39" TYPE="GPE" SUBTYPE="Population-Center" CLASS="SPC">
      <entity_mention ID="adige20041008_id413979-E39-2" TYPE="NAM" PRIMARY="true" ROLE="ORG" METONYMY_MENTION="FALSE">
        <extent>
          <charseq START="1512" END="1517">Trento</charseq>
        </extent>
        <head>
          <charseq START="1512" END="1517">Trento</charseq>
        </head>
      </entity_mention>
      <entity_attributes>
        <name NAME="Trento">
          <charseq START="1512" END="1517">Trento</charseq>
        </name>
      </entity_attributes>
    </entity>
    <entity ID="adige20041008_id413979-E40" TYPE="GPE" SUBTYPE="Population-Center" CLASS="SPC">
      <entity_mention ID="adige20041008_id413979-E40-2" TYPE="NAM" PRIMARY="true" ROLE="ORG" METONYMY_MENTION="FALSE">
        <extent>
          <charseq START="1521" END="1527">Bolzano</charseq>
        </extent>
        <head>
          <charseq START="1521" END="1527">Bolzano</charseq>
        </head>
      </entity_mention>
      <entity_attributes>
        <name NAME="Bolzano">
          <charseq START="1521" END="1527">Bolzano</charseq>
        </name>
      </entity_attributes>
    </entity>
    <entity ID="adige20041008_id413979-E41" TYPE="ORG" SUBTYPE="Non-Governmental" CLASS="SPC">
      <entity_mention ID="adige20041008_id413979-E41-1" TYPE="NAM" PRIMARY="true" METONYMY_MENTION="FALSE">
        <extent>
          <charseq START="1986" END="1998">del Carroccio</charseq>
        </extent>
        <head>
          <charseq START="1990" END="1998">Carroccio</charseq>
        </head>
      </entity_mention>
      <entity_attributes>
        <name NAME="Carroccio">
          <charseq START="1990" END="1998">Carroccio</charseq>
        </name>
      </entity_attributes>
    </entity>
    <entity ID="adige20041008_id413979-E42" TYPE="PER" SUBTYPE="Group" CLASS="GEN">
      <entity_mention ID="adige20041008_id413979-E42-1" TYPE="NOM" PRIMARY="true" METONYMY_MENTION="FALSE">
        <extent>
          <charseq START="3209" END="3227">dei deputati dei Ds</charseq>
        </extent>
        <head>
          <charseq START="3213" END="3220">deputati</charseq>
        </head>
      </entity_mention>
    </entity>
  </document>
</source_file>
