<?xml version="1.0" encoding="UTF-8"?>
<!DOCTYPE source_file PUBLIC "SYSTEM" "apf.v5.1.1.dtd">

<source_file URI="adige20040908_id405656.sgm" SOURCE="unknown" TYPE="text" VERSION="5.0" AUTHOR="romano" ENCODING="UTF-8">
  <document DOCID="adige20040908_id405656">
    <timex2 ID="adige20040908_id405656-T2" VAL="2004-09-07">
      <timex2_mention ID="adige20040908_id405656-T2-1">
        <extent>
          <charseq START="354" END="357">ieri</charseq>
        </extent>
      </timex2_mention>
    </timex2>
    <timex2 ID="adige20040908_id405656-T3" VAL="P29Y" ANCHOR_VAL="2004" ANCHOR_DIR="ENDING">
      <timex2_mention ID="adige20040908_id405656-T3-1">
        <extent>
          <charseq START="737" END="743">29 anni</charseq>
        </extent>
      </timex2_mention>
    </timex2>
    <timex2 ID="adige20040908_id405656-T12" VAL="PT24H">
      <timex2_mention ID="adige20040908_id405656-T12-1">
        <extent>
          <charseq START="3972" END="3977">24 ore</charseq>
        </extent>
      </timex2_mention>
    </timex2>
    <timex2 ID="adige20040908_id405656-T4" VAL="P10Y" ANCHOR_VAL="1994" ANCHOR_DIR="STARTING">
      <timex2_mention ID="adige20040908_id405656-T4-1">
        <extent>
          <charseq START="765" END="774">dieci anni</charseq>
        </extent>
      </timex2_mention>
    </timex2>
    <timex2 ID="adige20040908_id405656-T5" VAL="P29Y" ANCHOR_VAL="2004" ANCHOR_DIR="ENDING">
      <timex2_mention ID="adige20040908_id405656-T5-1">
        <extent>
          <charseq START="842" END="848">29 anni</charseq>
        </extent>
      </timex2_mention>
    </timex2>
    <timex2 ID="adige20040908_id405656-T6" VAL="2003">
      <timex2_mention ID="adige20040908_id405656-T6-1">
        <extent>
          <charseq START="873" END="882">un anno fa</charseq>
        </extent>
      </timex2_mention>
    </timex2>
    <timex2 ID="adige20040908_id405656-T7" VAL="2004-09-07">
      <timex2_mention ID="adige20040908_id405656-T7-1">
        <extent>
          <charseq START="971" END="974">ieri</charseq>
        </extent>
      </timex2_mention>
    </timex2>
    <timex2 ID="adige20040908_id405656-T8" VAL="2004-09-07T17+03" MOD="APPROX">
      <timex2_mention ID="adige20040908_id405656-T8-1">
        <extent>
          <charseq START="1167" END="1192">Intorno alle 17 ora locale</charseq>
        </extent>
      </timex2_mention>
    </timex2>
    <timex2 ID="adige20040908_id405656-T9" VAL="2004-09-07T13">
      <timex2_mention ID="adige20040908_id405656-T9-1">
        <extent>
          <charseq START="1195" END="1199">le 13</charseq>
        </extent>
      </timex2_mention>
    </timex2>
    <timex2 ID="adige20040908_id405656-T1" VAL="PTXM">
      <timex2_mention ID="adige20040908_id405656-T1-1">
        <extent>
          <charseq START="122" END="133">Pochi minuti</charseq>
        </extent>
      </timex2_mention>
    </timex2>
    <timex2 ID="adige20040908_id405656-T13" VAL="PRESENT_REF" ANCHOR_VAL="2004-09-08" ANCHOR_DIR="AS_OF">
      <timex2_mention ID="adige20040908_id405656-T13-1">
        <extent>
          <charseq START="1977" END="1983">per ora</charseq>
        </extent>
      </timex2_mention>
    </timex2>
    <timex2 ID="adige20040908_id405656-T10" VAL="PT5M" MOD="MORE_THAN">
      <timex2_mention ID="adige20040908_id405656-T10-1">
        <extent>
          <charseq START="3028" END="3042">più di 5 minuti</charseq>
        </extent>
      </timex2_mention>
    </timex2>
    <timex2 ID="adige20040908_id405656-T11" VAL="PRESENT_REF" ANCHOR_VAL="2004-09-08" ANCHOR_DIR="AS_OF">
      <timex2_mention ID="adige20040908_id405656-T11-1">
        <extent>
          <charseq START="3538" END="3543">Finora</charseq>
        </extent>
      </timex2_mention>
    </timex2>
  </document>
</source_file>
