<?xml version="1.0" encoding="UTF-8"?>
<!DOCTYPE source_file PUBLIC "SYSTEM" "apf.v5.1.1.dtd">

<source_file URI="adige20040908_id405659.sgm" SOURCE="unknown" TYPE="text" VERSION="5.0" AUTHOR="romano" ENCODING="UTF-8">
  <document DOCID="adige20040908_id405659">
    <timex2 ID="adige20040908_id405659-T1" VAL="XXXX-XX-XX">
      <timex2_mention ID="adige20040908_id405659-T1-1">
        <extent>
          <charseq START="840" END="857">nell'ultimo giorno</charseq>
        </extent>
      </timex2_mention>
    </timex2>
    <timex2 ID="adige20040908_id405659-T2" VAL="PT1H" MOD="MORE_THAN">
      <timex2_mention ID="adige20040908_id405659-T2-1">
        <extent>
          <charseq START="1833" END="1845">più di un'ora</charseq>
        </extent>
      </timex2_mention>
    </timex2>
    <timex2 ID="adige20040908_id405659-T3">
      <timex2_mention ID="adige20040908_id405659-T3-1">
        <extent>
          <charseq START="3082" END="3091">negli anni</charseq>
        </extent>
      </timex2_mention>
    </timex2>
  </document>
</source_file>
