<?xml version="1.0" encoding="UTF-8"?>
<!DOCTYPE source_file PUBLIC "SYSTEM" "apf.v5.1.1.dtd">

<source_file URI="adige20040908_id405658.sgm" SOURCE="unknown" TYPE="text" VERSION="5.0" AUTHOR="romano" ENCODING="UTF-8">
  <document DOCID="adige20040908_id405658">
    <timex2 ID="adige20040908_id405658-T1" VAL="P5Y" ANCHOR_VAL="1999" ANCHOR_DIR="STARTING">
      <timex2_mention ID="adige20040908_id405658-T1-1">
        <extent>
          <charseq START="188" END="193">5 anni</charseq>
        </extent>
      </timex2_mention>
    </timex2>
    <timex2 ID="adige20040908_id405658-T2" VAL="2004-SU">
      <timex2_mention ID="adige20040908_id405658-T2-1">
        <extent>
          <charseq START="404" END="411">l'estate</charseq>
        </extent>
      </timex2_mention>
    </timex2>
    <timex2 ID="adige20040908_id405658-T3" VAL="2004-09-08">
      <timex2_mention ID="adige20040908_id405658-T3-1">
        <extent>
          <charseq START="439" END="442">oggi</charseq>
        </extent>
      </timex2_mention>
    </timex2>
    <timex2 ID="adige20040908_id405658-T4" VAL="PAST_REF" ANCHOR_VAL="2004-09-08" ANCHOR_DIR="BEFORE">
      <timex2_mention ID="adige20040908_id405658-T4-1">
        <extent>
          <charseq START="964" END="967">ieri</charseq>
        </extent>
      </timex2_mention>
    </timex2>
    <timex2 ID="adige20040908_id405658-T5" VAL="1994">
      <timex2_mention ID="adige20040908_id405658-T5-1">
        <extent>
          <charseq START="1027" END="1033">nel '94</charseq>
        </extent>
      </timex2_mention>
    </timex2>
    <timex2 ID="adige20040908_id405658-T6" VAL="P5Y" ANCHOR_VAL="1999" ANCHOR_DIR="STARTING">
      <timex2_mention ID="adige20040908_id405658-T6-1">
        <extent>
          <charseq START="1063" END="1073">cinque anni</charseq>
        </extent>
      </timex2_mention>
    </timex2>
    <timex2 ID="adige20040908_id405658-T7" VAL="TNI">
      <timex2_mention ID="adige20040908_id405658-T7-1">
        <extent>
          <charseq START="1276" END="1283">La notte</charseq>
        </extent>
      </timex2_mention>
    </timex2>
    <timex2 ID="adige20040908_id405658-T17">
      <timex2_mention ID="adige20040908_id405658-T17-1">
        <extent>
          <charseq START="1447" END="1472">nei primi giorni di guerra</charseq>
        </extent>
      </timex2_mention>
    </timex2>
    <timex2 ID="adige20040908_id405658-T8" VAL="TDT">
      <timex2_mention ID="adige20040908_id405658-T8-1">
        <extent>
          <charseq START="1287" END="1295">il giorno</charseq>
        </extent>
      </timex2_mention>
    </timex2>
    <timex2 ID="adige20040908_id405658-T18" VAL="XXXX-SU">
      <timex2_mention ID="adige20040908_id405658-T18-1">
        <extent>
          <charseq START="2382" END="2387">estiva</charseq>
        </extent>
      </timex2_mention>
    </timex2>
    <timex2 ID="adige20040908_id405658-T16" VAL="PRESENT_REF" ANCHOR_VAL="2004-09-08" ANCHOR_DIR="AS_OF">
      <timex2_mention ID="adige20040908_id405658-T16-1">
        <extent>
          <charseq START="2934" END="2937">oggi</charseq>
        </extent>
      </timex2_mention>
    </timex2>
    <timex2 ID="adige20040908_id405658-T9" VAL="PTXH">
      <timex2_mention ID="adige20040908_id405658-T9-1">
        <extent>
          <charseq START="1336" END="1344">ore e ore</charseq>
        </extent>
      </timex2_mention>
    </timex2>
    <timex2 ID="adige20040908_id405658-T10" VAL="P1Y" ANCHOR_VAL="2003" ANCHOR_DIR="STARTING">
      <timex2_mention ID="adige20040908_id405658-T10-1">
        <extent>
          <charseq START="1850" END="1856">un anno</charseq>
        </extent>
      </timex2_mention>
    </timex2>
    <timex2 ID="adige20040908_id405658-T11" VAL="PXD" ANCHOR_VAL="2004-09-08" ANCHOR_DIR="AFTER">
      <timex2_mention ID="adige20040908_id405658-T11-1">
        <extent>
          <charseq START="2203" END="2221">nei prossimi giorni</charseq>
        </extent>
      </timex2_mention>
    </timex2>
    <timex2 ID="adige20040908_id405658-T12" VAL="PAST_REF" ANCHOR_VAL="2004-09-08" ANCHOR_DIR="BEFORE">
      <timex2_mention ID="adige20040908_id405658-T12-1">
        <extent>
          <charseq START="2243" END="2257">pochi giorni fà</charseq>
        </extent>
      </timex2_mention>
    </timex2>
    <timex2 ID="adige20040908_id405658-T13" VAL="XXXX-SU">
      <timex2_mention ID="adige20040908_id405658-T13-1">
        <extent>
          <charseq START="2329" END="2343">l'estate felice</charseq>
        </extent>
      </timex2_mention>
    </timex2>
    <timex2 ID="adige20040908_id405658-T14" VAL="PAST_REF" ANCHOR_VAL="2004-09-08" ANCHOR_DIR="BEFORE">
      <timex2_mention ID="adige20040908_id405658-T14-1">
        <extent>
          <charseq START="2652" END="2666">pochi giorni fa</charseq>
        </extent>
      </timex2_mention>
    </timex2>
    <timex2 ID="adige20040908_id405658-T15" VAL="1991">
      <timex2_mention ID="adige20040908_id405658-T15-1">
        <extent>
          <charseq START="3056" END="3062">nel '91</charseq>
        </extent>
      </timex2_mention>
    </timex2>
  </document>
</source_file>
