<?xml version="1.0" encoding="UTF-8"?>
<!DOCTYPE source_file PUBLIC "SYSTEM" "apf.v5.1.1.dtd">

<source_file URI="adige20040908_id405667.sgm" SOURCE="unknown" TYPE="text" VERSION="5.0" AUTHOR="romano" ENCODING="UTF-8">
  <document DOCID="adige20040908_id405667">
    <timex2 ID="adige20040908_id405667-T4" VAL="PRESENT_REF" ANCHOR_VAL="2004" ANCHOR_DIR="AS_OF">
      <timex2_mention ID="adige20040908_id405667-T4-1">
        <extent>
          <charseq START="1600" END="1610">questi anni</charseq>
        </extent>
      </timex2_mention>
    </timex2>
    <timex2 ID="adige20040908_id405667-T1" VAL="2004-09-09TEV">
      <timex2_mention ID="adige20040908_id405667-T1-1">
        <extent>
          <charseq START="622" END="632">Domani sera</charseq>
        </extent>
      </timex2_mention>
    </timex2>
    <timex2 ID="adige20040908_id405667-T2" VAL="2003">
      <timex2_mention ID="adige20040908_id405667-T2-1">
        <extent>
          <charseq START="1507" END="1521">all'anno scorso</charseq>
        </extent>
      </timex2_mention>
    </timex2>
    <timex2 ID="adige20040908_id405667-T3" VAL="2002">
      <timex2_mention ID="adige20040908_id405667-T3-1">
        <extent>
          <charseq START="1800" END="1811">due anni fa.</charseq>
        </extent>
      </timex2_mention>
    </timex2>
  </document>
</source_file>
