<?xml version="1.0" encoding="UTF-8"?>
<!DOCTYPE source_file PUBLIC "SYSTEM" "apf.v5.1.1.dtd">

<source_file URI="adige20040908_id405662.sgm" SOURCE="unknown" TYPE="text" VERSION="5.0" AUTHOR="romano" ENCODING="UTF-8">
  <document DOCID="adige20040908_id405662">
    <timex2 ID="adige20040908_id405662-T1" VAL="PRESENT_REF" ANCHOR_VAL="2004-09-08" ANCHOR_DIR="AS_OF">
      <timex2_mention ID="adige20040908_id405662-T1-1">
        <extent>
          <charseq START="443" END="445">ora</charseq>
        </extent>
      </timex2_mention>
    </timex2>
    <timex2 ID="adige20040908_id405662-T2" VAL="PRESENT_REF" ANCHOR_VAL="2004-09-08" ANCHOR_DIR="AS_OF">
      <timex2_mention ID="adige20040908_id405662-T2-1">
        <extent>
          <charseq START="959" END="961">ora</charseq>
        </extent>
      </timex2_mention>
    </timex2>
    <timex2 ID="adige20040908_id405662-T3" VAL="PRESENT_REF" ANCHOR_VAL="2004-09-08TXX" ANCHOR_DIR="AS_OF">
      <timex2_mention ID="adige20040908_id405662-T3-1">
        <extent>
          <charseq START="1490" END="1499">queste ore</charseq>
        </extent>
      </timex2_mention>
    </timex2>
  </document>
</source_file>
