<?xml version="1.0" encoding="UTF-8"?>
<!DOCTYPE source_file PUBLIC "SYSTEM" "apf.v5.1.1.dtd">

<source_file URI="adige20040908_id405671.sgm" SOURCE="unknown" TYPE="text" VERSION="5.0" AUTHOR="romano" ENCODING="UTF-8">
  <document DOCID="adige20040908_id405671">
    <timex2 ID="adige20040908_id405671-T5" VAL="2004-09-07">
      <timex2_mention ID="adige20040908_id405671-T5-1">
        <extent>
          <charseq START="1069" END="1072">ieri</charseq>
        </extent>
      </timex2_mention>
    </timex2>
    <timex2 ID="adige20040908_id405671-T6" VAL="PXD" ANCHOR_VAL="2004-09-08" ANCHOR_DIR="AFTER">
      <timex2_mention ID="adige20040908_id405671-T6-1">
        <extent>
          <charseq START="1418" END="1436">nei prossimi giorni</charseq>
        </extent>
      </timex2_mention>
    </timex2>
    <timex2 ID="adige20040908_id405671-T1" VAL="2004-09-XX">
      <timex2_mention ID="adige20040908_id405671-T1-1">
        <extent>
          <charseq START="177" END="185">Il giorno</charseq>
        </extent>
      </timex2_mention>
    </timex2>
    <timex2 ID="adige20040908_id405671-T2" VAL="2004-09-XXTEV" COMMENT="Non sono sicura che si riferisca alla sera del giorno precedente; spesso si usano le espressioni 'l'altra sera' e 'l'altro giorno' per indicare un momento passato ma non precisamente definito.">
      <timex2_mention ID="adige20040908_id405671-T2-1">
        <extent>
          <charseq START="344" END="355">L'altra sera</charseq>
        </extent>
      </timex2_mention>
    </timex2>
    <timex2 ID="adige20040908_id405671-T3" VAL="2004-09-07TMO">
      <timex2_mention ID="adige20040908_id405671-T3-1">
        <extent>
          <charseq START="860" END="871">ieri mattina</charseq>
        </extent>
      </timex2_mention>
    </timex2>
    <timex2 ID="adige20040908_id405671-T4" VAL="PT1H">
      <timex2_mention ID="adige20040908_id405671-T4-1">
        <extent>
          <charseq START="879" END="884">un'ora</charseq>
        </extent>
      </timex2_mention>
    </timex2>
  </document>
</source_file>
