<?xml version="1.0" encoding="UTF-8"?>
<!DOCTYPE source_file PUBLIC "SYSTEM" "apf.v5.1.1.dtd">

<source_file URI="adige20040908_id405673.sgm" SOURCE="unknown" TYPE="text" VERSION="5.0" AUTHOR="romano" ENCODING="UTF-8">
  <document DOCID="adige20040908_id405673">
    <timex2 ID="adige20040908_id405673-T8" VAL="P5Y">
      <timex2_mention ID="adige20040908_id405673-T8-1">
        <extent>
          <charseq START="854" END="864">cinque anni</charseq>
        </extent>
      </timex2_mention>
    </timex2>
    <timex2 ID="adige20040908_id405673-T9" VAL="2004-09-07">
      <timex2_mention ID="adige20040908_id405673-T9-1">
        <extent>
          <charseq START="898" END="901">ieri</charseq>
        </extent>
      </timex2_mention>
    </timex2>
    <timex2 ID="adige20040908_id405673-T1" VAL="2004-09-07">
      <timex2_mention ID="adige20040908_id405673-T1-1">
        <extent>
          <charseq START="142" END="145">ieri</charseq>
        </extent>
      </timex2_mention>
    </timex2>
    <timex2 ID="adige20040908_id405673-T2" VAL="2004-09-07T11" MOD="APPROX">
      <timex2_mention ID="adige20040908_id405673-T2-1">
        <extent>
          <charseq START="148" END="162">intorno alle 11</charseq>
        </extent>
      </timex2_mention>
    </timex2>
    <timex2 ID="adige20040908_id405673-T10" VAL="PAST_REF" ANCHOR_VAL="2004-09-08" ANCHOR_DIR="BEFORE">
      <timex2_mention ID="adige20040908_id405673-T10-1">
        <extent>
          <charseq START="8" END="9">ex</charseq>
        </extent>
      </timex2_mention>
    </timex2>
    <timex2 ID="adige20040908_id405673-T3" VAL="PTXM">
      <timex2_mention ID="adige20040908_id405673-T3-1">
        <extent>
          <charseq START="235" END="246">pochi minuti</charseq>
        </extent>
      </timex2_mention>
    </timex2>
    <timex2 ID="adige20040908_id405673-T4" VAL="P37Y" ANCHOR_VAL="2004" ANCHOR_DIR="ENDING">
      <timex2_mention ID="adige20040908_id405673-T4-1">
        <extent>
          <charseq START="445" END="451">37 anni</charseq>
        </extent>
      </timex2_mention>
    </timex2>
    <timex2 ID="adige20040908_id405673-T11" VAL="PAST_REF" ANCHOR_VAL="2004-09-08" ANCHOR_DIR="BEFORE">
      <timex2_mention ID="adige20040908_id405673-T11-1">
        <extent>
          <charseq START="486" END="487">ex</charseq>
        </extent>
      </timex2_mention>
    </timex2>
    <timex2 ID="adige20040908_id405673-T5" VAL="P55Y" ANCHOR_VAL="2004" ANCHOR_DIR="ENDING">
      <timex2_mention ID="adige20040908_id405673-T5-1">
        <extent>
          <charseq START="516" END="522">55 anni</charseq>
        </extent>
      </timex2_mention>
    </timex2>
    <timex2 ID="adige20040908_id405673-T6" VAL="2003" MOD="APPROX">
      <timex2_mention ID="adige20040908_id405673-T6-1">
        <extent>
          <charseq START="678" END="693">un anno fa circa</charseq>
        </extent>
      </timex2_mention>
    </timex2>
    <timex2 ID="adige20040908_id405673-T12" VAL="PAST_REF" ANCHOR_VAL="2004-09-08" ANCHOR_DIR="BEFORE">
      <timex2_mention ID="adige20040908_id405673-T12-1">
        <extent>
          <charseq START="1032" END="1033">ex</charseq>
        </extent>
      </timex2_mention>
    </timex2>
    <timex2 ID="adige20040908_id405673-T7" VAL="PRESENT_REF" ANCHOR_VAL="2004-09-08" ANCHOR_DIR="AS_OF">
      <timex2_mention ID="adige20040908_id405673-T7-1">
        <extent>
          <charseq START="698" END="701">oggi</charseq>
        </extent>
      </timex2_mention>
    </timex2>
  </document>
</source_file>
