<?xml version="1.0" encoding="UTF-8"?>
<!DOCTYPE source_file PUBLIC "SYSTEM" "apf.v5.1.1.dtd">

<source_file URI="adige20040908_id405660.sgm" SOURCE="unknown" TYPE="text" VERSION="5.0" AUTHOR="romano" ENCODING="UTF-8">
  <document DOCID="adige20040908_id405660">
    <timex2 ID="adige20040908_id405660-T3" VAL="2004-09-07">
      <timex2_mention ID="adige20040908_id405660-T3-1">
        <extent>
          <charseq START="510" END="513">ieri</charseq>
        </extent>
      </timex2_mention>
    </timex2>
    <timex2 ID="adige20040908_id405660-T4" VAL="2004-09-07">
      <timex2_mention ID="adige20040908_id405660-T4-1">
        <extent>
          <charseq START="2376" END="2379">ieri</charseq>
        </extent>
      </timex2_mention>
    </timex2>
    <timex2 ID="adige20040908_id405660-T5" VAL="2004-09-08">
      <timex2_mention ID="adige20040908_id405660-T5-1">
        <extent>
          <charseq START="2527" END="2530">oggi</charseq>
        </extent>
      </timex2_mention>
    </timex2>
    <timex2 ID="adige20040908_id405660-T7" VAL="2004-09-08">
      <timex2_mention ID="adige20040908_id405660-T7-1">
        <extent>
          <charseq START="1666" END="1669">oggi</charseq>
        </extent>
      </timex2_mention>
    </timex2>
    <timex2 ID="adige20040908_id405660-T6" VAL="2004-09-07TEV">
      <timex2_mention ID="adige20040908_id405660-T6-1">
        <extent>
          <charseq START="637" END="645">ieri sera</charseq>
        </extent>
      </timex2_mention>
    </timex2>
    <timex2 ID="adige20040908_id405660-T1" VAL="2004-09-08">
      <timex2_mention ID="adige20040908_id405660-T1-1">
        <extent>
          <charseq START="2" END="5">Oggi</charseq>
        </extent>
      </timex2_mention>
    </timex2>
    <timex2 ID="adige20040908_id405660-T8" VAL="2004-09-08">
      <timex2_mention ID="adige20040908_id405660-T8-1">
        <extent>
          <charseq START="2088" END="2091">oggi</charseq>
        </extent>
      </timex2_mention>
    </timex2>
    <timex2 ID="adige20040908_id405660-T2" VAL="2004-09-08">
      <timex2_mention ID="adige20040908_id405660-T2-1">
        <extent>
          <charseq START="203" END="206">oggi</charseq>
        </extent>
      </timex2_mention>
    </timex2>
  </document>
</source_file>
