<?xml version="1.0" encoding="UTF-8"?>
<!DOCTYPE source_file PUBLIC "SYSTEM" "apf.v5.1.1.dtd">

<source_file URI="adige20040908_id405672.sgm" SOURCE="unknown" TYPE="text" VERSION="5.0" AUTHOR="romano" ENCODING="UTF-8">
  <document DOCID="adige20040908_id405672">
    <timex2 ID="adige20040908_id405672-T8" VAL="P8M">
      <timex2_mention ID="adige20040908_id405672-T8-1">
        <extent>
          <charseq START="1430" END="1438">otto mesi</charseq>
        </extent>
      </timex2_mention>
    </timex2>
    <timex2 ID="adige20040908_id405672-T9" VAL="P65Y" ANCHOR_VAL="2004" ANCHOR_DIR="ENDING">
      <timex2_mention ID="adige20040908_id405672-T9-1">
        <extent>
          <charseq START="1642" END="1648">65 anni</charseq>
        </extent>
      </timex2_mention>
    </timex2>
    <timex2 ID="adige20040908_id405672-T1" VAL="2004-09-02">
      <timex2_mention ID="adige20040908_id405672-T1-1">
        <extent>
          <charseq START="247" END="259">sei giorni fa</charseq>
        </extent>
      </timex2_mention>
    </timex2>
    <timex2 ID="adige20040908_id405672-T10" VAL="P45Y" ANCHOR_VAL="2004" ANCHOR_DIR="ENDING">
      <timex2_mention ID="adige20040908_id405672-T10-1">
        <extent>
          <charseq START="1722" END="1723">45</charseq>
        </extent>
      </timex2_mention>
    </timex2>
    <timex2 ID="adige20040908_id405672-T2" VAL="PXD" ANCHOR_VAL="2004-09-08" ANCHOR_DIR="BEFORE">
      <timex2_mention ID="adige20040908_id405672-T2-1">
        <extent>
          <charseq START="397" END="413">nei giorni scorsi</charseq>
        </extent>
      </timex2_mention>
    </timex2>
    <timex2 ID="adige20040908_id405672-T11" VAL="2004-09-07TEV">
      <timex2_mention ID="adige20040908_id405672-T11-1">
        <extent>
          <charseq START="1830" END="1838">ieri sera</charseq>
        </extent>
      </timex2_mention>
    </timex2>
    <timex2 ID="adige20040908_id405672-T3" VAL="PTXH">
      <timex2_mention ID="adige20040908_id405672-T3-1">
        <extent>
          <charseq START="419" END="429">diverse ore</charseq>
        </extent>
      </timex2_mention>
    </timex2>
    <timex2 ID="adige20040908_id405672-T12" VAL="2004-09-07">
      <timex2_mention ID="adige20040908_id405672-T12-1">
        <extent>
          <charseq START="2447" END="2450">ieri</charseq>
        </extent>
      </timex2_mention>
    </timex2>
    <timex2 ID="adige20040908_id405672-T4" VAL="P36Y" ANCHOR_VAL="2004" ANCHOR_DIR="ENDING">
      <timex2_mention ID="adige20040908_id405672-T4-1">
        <extent>
          <charseq START="915" END="921">36 anni</charseq>
        </extent>
      </timex2_mention>
    </timex2>
    <timex2 ID="adige20040908_id405672-T5" VAL="2004-09-07">
      <timex2_mention ID="adige20040908_id405672-T5-1">
        <extent>
          <charseq START="952" END="955">ieri</charseq>
        </extent>
      </timex2_mention>
    </timex2>
    <timex2 ID="adige20040908_id405672-T6" VAL="P3M" ANCHOR_VAL="2004-09" ANCHOR_DIR="ENDING">
      <timex2_mention ID="adige20040908_id405672-T6-1">
        <extent>
          <charseq START="1034" END="1041">tre mesi</charseq>
        </extent>
      </timex2_mention>
    </timex2>
    <timex2 ID="adige20040908_id405672-T7" VAL="PAST_REF" ANCHOR_VAL="2004-09-08" ANCHOR_DIR="BEFORE">
      <timex2_mention ID="adige20040908_id405672-T7-1">
        <extent>
          <charseq START="1172" END="1186">pochi giorni fa</charseq>
        </extent>
      </timex2_mention>
    </timex2>
  </document>
</source_file>
