<?xml version="1.0" encoding="UTF-8"?>
<!DOCTYPE source_file PUBLIC "SYSTEM" "apf.v5.1.1.dtd">

<source_file URI="adige20040908_id405669.sgm" SOURCE="unknown" TYPE="text" VERSION="5.0" AUTHOR="romano" ENCODING="UTF-8">
  <document DOCID="adige20040908_id405669">
    <timex2 ID="adige20040908_id405669-T2" VAL="PXY">
      <timex2_mention ID="adige20040908_id405669-T2-1">
        <extent>
          <charseq START="927" END="930">anni</charseq>
        </extent>
      </timex2_mention>
    </timex2>
    <timex2 ID="adige20040908_id405669-T3" VAL="PXY">
      <timex2_mention ID="adige20040908_id405669-T3-1">
        <extent>
          <charseq START="1141" END="1150">tanti anni</charseq>
        </extent>
      </timex2_mention>
    </timex2>
    <timex2 ID="adige20040908_id405669-T4" VAL="2004-09-07">
      <timex2_mention ID="adige20040908_id405669-T4-1">
        <extent>
          <charseq START="1227" END="1230">ieri</charseq>
        </extent>
      </timex2_mention>
    </timex2>
    <timex2 ID="adige20040908_id405669-T5" VAL="XXXX-XX-XX" SET="YES">
      <timex2_mention ID="adige20040908_id405669-T5-1">
        <extent>
          <charseq START="626" END="640">quotidianamente</charseq>
        </extent>
      </timex2_mention>
    </timex2>
    <timex2 ID="adige20040908_id405669-T6" VAL="PAST_REF" ANCHOR_VAL="2004-09-08" ANCHOR_DIR="BEFORE">
      <timex2_mention ID="adige20040908_id405669-T6-1">
        <extent>
          <charseq START="1303" END="1309">passate</charseq>
        </extent>
      </timex2_mention>
    </timex2>
    <timex2 ID="adige20040908_id405669-T1" VAL="2004-09-07">
      <timex2_mention ID="adige20040908_id405669-T1-1">
        <extent>
          <charseq START="130" END="133">ieri</charseq>
        </extent>
      </timex2_mention>
    </timex2>
  </document>
</source_file>
