<?xml version="1.0" encoding="UTF-8"?>
<!DOCTYPE source_file PUBLIC "SYSTEM" "apf.v5.1.1.dtd">

<source_file URI="adige20040908_id405657.sgm" SOURCE="unknown" TYPE="text" VERSION="5.0" AUTHOR="romano" ENCODING="UTF-8">
  <document DOCID="adige20040908_id405657">
    <timex2 ID="adige20040908_id405657-T4" VAL="2004-09-07T19:00">
      <timex2_mention ID="adige20040908_id405657-T4-1">
        <extent>
          <charseq START="445" END="449">le 19</charseq>
        </extent>
      </timex2_mention>
    </timex2>
    <timex2 ID="adige20040908_id405657-T5" VAL="PT1H" MOD="APPROX" ANCHOR_VAL="2004-09-07TXX" ANCHOR_DIR="WITHIN">
      <timex2_mention ID="adige20040908_id405657-T5-1">
        <extent>
          <charseq START="1023" END="1034">circa un'ora</charseq>
        </extent>
      </timex2_mention>
    </timex2>
    <timex2 ID="adige20040908_id405657-T6" VAL="2004-09-07T21:00">
      <timex2_mention ID="adige20040908_id405657-T6-1">
        <extent>
          <charseq START="1037" END="1044">dalle 21</charseq>
        </extent>
      </timex2_mention>
    </timex2>
    <timex2 ID="adige20040908_id405657-T7" VAL="2004-09-07T22">
      <timex2_mention ID="adige20040908_id405657-T7-1">
        <extent>
          <charseq START="1046" END="1052">alle 22</charseq>
        </extent>
      </timex2_mention>
    </timex2>
    <timex2 ID="adige20040908_id405657-T8" VAL="2004-09-07TEV">
      <timex2_mention ID="adige20040908_id405657-T8-1">
        <extent>
          <charseq START="1140" END="1149">tarda sera</charseq>
        </extent>
      </timex2_mention>
    </timex2>
    <timex2 ID="adige20040908_id405657-T1" VAL="2004-08-30">
      <timex2_mention ID="adige20040908_id405657-T1-1">
        <extent>
          <charseq START="181" END="193">dal 30 agosto</charseq>
        </extent>
      </timex2_mention>
    </timex2>
    <timex2 ID="adige20040908_id405657-T2" VAL="PT1H" ANCHOR_VAL="2004-09-07" ANCHOR_DIR="WITHIN">
      <timex2_mention ID="adige20040908_id405657-T2-1">
        <extent>
          <charseq START="282" END="287">Un'ora</charseq>
        </extent>
      </timex2_mention>
    </timex2>
    <timex2 ID="adige20040908_id405657-T10" VAL="2004-09-07">
      <timex2_mention ID="adige20040908_id405657-T10-1">
        <extent>
          <charseq START="233" END="236">ieri</charseq>
        </extent>
      </timex2_mention>
    </timex2>
    <timex2 ID="adige20040908_id405657-T3" VAL="2004-09-07T21+03">
      <timex2_mention ID="adige20040908_id405657-T3-1">
        <extent>
          <charseq START="436" END="442">alle 21</charseq>
        </extent>
      </timex2_mention>
    </timex2>
  </document>
</source_file>
