<?xml version="1.0" encoding="UTF-8"?>
<!DOCTYPE source_file PUBLIC "SYSTEM" "apf.v5.2.0.dtd">

<source_file URI="adige20040908_id405687.txt" SOURCE="unknown" TYPE="text" VERSION="5.0" AUTHOR="Evalita" ENCODING="UTF-8">
  <document DOCID="adige20040908_id405687">
    <entity ID="adige20040908_id405687-E1" TYPE="ORG" SUBTYPE="Non-Governmental" CLASS="SPC">
      <entity_mention ID="adige20040908_id405687-E1-2" TYPE="NOM" PRIMARY="true" METONYMY_MENTION="FALSE">
        <extent>
          <charseq START="162" END="262">delle associazioni impegnate nella protesta per il progetto di sviluppo sciistico Folgaria-Lastebasse</charseq>
        </extent>
        <head>
          <charseq START="168" END="179">associazioni</charseq>
        </head>
      </entity_mention>
    </entity>
    <entity ID="adige20040908_id405687-E2" TYPE="ORG" SUBTYPE="Non-Governmental" CLASS="SPC">
      <entity_mention ID="adige20040908_id405687-E2-2" TYPE="NAM" PRIMARY="true" METONYMY_MENTION="FALSE">
        <extent>
          <charseq START="491" END="504">Cipra - Italia</charseq>
        </extent>
        <head>
          <charseq START="491" END="504">Cipra - Italia</charseq>
        </head>
      </entity_mention>
      <entity_attributes>
        <name NAME="Cipra - Italia">
          <charseq START="491" END="504">Cipra - Italia</charseq>
        </name>
      </entity_attributes>
    </entity>
    <entity ID="adige20040908_id405687-E3" TYPE="ORG" SUBTYPE="Non-Governmental" CLASS="SPC">
      <entity_mention ID="adige20040908_id405687-E3-2" TYPE="NAM" PRIMARY="true" METONYMY_MENTION="FALSE">
        <extent>
          <charseq START="545" END="568">Legambiente del Trentino</charseq>
        </extent>
        <head>
          <charseq START="545" END="555">Legambiente</charseq>
        </head>
      </entity_mention>
      <entity_attributes>
        <name NAME="Legambiente">
          <charseq START="545" END="555">Legambiente</charseq>
        </name>
      </entity_attributes>
    </entity>
    <entity ID="adige20040908_id405687-E4" TYPE="ORG" SUBTYPE="Non-Governmental" CLASS="SPC">
      <entity_mention ID="adige20040908_id405687-E4-2" TYPE="NAM" PRIMARY="true" METONYMY_MENTION="FALSE">
        <extent>
          <charseq START="571" END="616">Commissione TAM Veneto - Friuli Venezia Giulia</charseq>
        </extent>
        <head>
          <charseq START="571" END="585">Commissione TAM</charseq>
        </head>
      </entity_mention>
      <entity_attributes>
        <name NAME="Commissione TAM">
          <charseq START="571" END="585">Commissione TAM</charseq>
        </name>
      </entity_attributes>
    </entity>
    <entity ID="adige20040908_id405687-E5" TYPE="ORG" SUBTYPE="Non-Governmental" CLASS="SPC">
      <entity_mention ID="adige20040908_id405687-E5-2" TYPE="NAM" PRIMARY="true" METONYMY_MENTION="FALSE">
        <extent>
          <charseq START="507" END="542">Italia Nostra - Sezione del Trentino</charseq>
        </extent>
        <head>
          <charseq START="507" END="519">Italia Nostra</charseq>
        </head>
      </entity_mention>
      <entity_attributes>
        <name NAME="Italia Nostra">
          <charseq START="507" END="519">Italia Nostra</charseq>
        </name>
      </entity_attributes>
    </entity>
    <entity ID="adige20040908_id405687-E6" TYPE="ORG" SUBTYPE="Non-Governmental" CLASS="SPC">
      <entity_mention ID="adige20040908_id405687-E6-2" TYPE="NAM" PRIMARY="true" METONYMY_MENTION="FALSE">
        <extent>
          <charseq START="619" END="646">Mountain Wilderness - Italia</charseq>
        </extent>
        <head>
          <charseq START="619" END="646">Mountain Wilderness - Italia</charseq>
        </head>
      </entity_mention>
      <entity_attributes>
        <name NAME="Mountain Wilderness - Italia">
          <charseq START="619" END="646">Mountain Wilderness - Italia</charseq>
        </name>
      </entity_attributes>
    </entity>
    <entity ID="adige20040908_id405687-E7" TYPE="ORG" SUBTYPE="Non-Governmental" CLASS="SPC">
      <entity_mention ID="adige20040908_id405687-E7-2" TYPE="NAM" PRIMARY="true" METONYMY_MENTION="FALSE">
        <extent>
          <charseq START="649" END="671">WWF Trentino-Alto Adige</charseq>
        </extent>
        <head>
          <charseq START="649" END="651">WWF</charseq>
        </head>
      </entity_mention>
      <entity_attributes>
        <name NAME="WWF">
          <charseq START="649" END="651">WWF</charseq>
        </name>
      </entity_attributes>
    </entity>
    <entity ID="adige20040908_id405687-E8" TYPE="ORG" SUBTYPE="Non-Governmental" CLASS="SPC">
      <entity_mention ID="adige20040908_id405687-E8-2" TYPE="NAM" PRIMARY="true" METONYMY_MENTION="FALSE">
        <extent>
          <charseq START="674" END="677">Lipu</charseq>
        </extent>
        <head>
          <charseq START="674" END="677">Lipu</charseq>
        </head>
      </entity_mention>
      <entity_attributes>
        <name NAME="Lipu">
          <charseq START="674" END="677">Lipu</charseq>
        </name>
      </entity_attributes>
    </entity>
    <entity ID="adige20040908_id405687-E9" TYPE="ORG" SUBTYPE="Non-Governmental" CLASS="SPC">
      <entity_mention ID="adige20040908_id405687-E9-2" TYPE="NAM" PRIMARY="true" METONYMY_MENTION="FALSE">
        <extent>
          <charseq START="680" END="711">Lega Antivivisezionista Italiana</charseq>
        </extent>
        <head>
          <charseq START="680" END="711">Lega Antivivisezionista Italiana</charseq>
        </head>
      </entity_mention>
      <entity_attributes>
        <name NAME="Lega Antivivisezionista Italiana">
          <charseq START="680" END="711">Lega Antivivisezionista Italiana</charseq>
        </name>
      </entity_attributes>
    </entity>
    <entity ID="adige20040908_id405687-E10" TYPE="ORG" SUBTYPE="Non-Governmental" CLASS="SPC">
      <entity_mention ID="adige20040908_id405687-E10-2" TYPE="NAM" PRIMARY="true" METONYMY_MENTION="FALSE">
        <extent>
          <charseq START="491" END="711">Cipra - Italia, Italia Nostra - Sezione del Trentino, Legambiente del Trentino, Commissione TAM Veneto - Friuli Venezia Giulia, Mountain Wilderness - Italia, WWF Trentino-Alto Adige, Lipu, Lega Antivivisezionista Italiana</charseq>
        </extent>
        <head>
          <charseq START="491" END="711">Cipra - Italia, Italia Nostra - Sezione del Trentino, Legambiente del Trentino, Commissione TAM Veneto - Friuli Venezia Giulia, Mountain Wilderness - Italia, WWF Trentino-Alto Adige, Lipu, Lega Antivivisezionista Italiana</charseq>
        </head>
      </entity_mention>
      <entity_attributes>
        <name NAME="Cipra - Italia, Italia Nostra - Sezione del Trentino, Legambiente del Trentino, Commissione TAM Veneto - Friuli Venezia Giulia, Mountain Wilderness - Italia, WWF Trentino-Alto Adige, Lipu, Lega Antivivisezionista Italiana">
          <charseq START="491" END="711">Cipra - Italia, Italia Nostra - Sezione del Trentino, Legambiente del Trentino, Commissione TAM Veneto - Friuli Venezia Giulia, Mountain Wilderness - Italia, WWF Trentino-Alto Adige, Lipu, Lega Antivivisezionista Italiana</charseq>
        </name>
      </entity_attributes>
    </entity>
    <entity ID="adige20040908_id405687-E11" TYPE="GPE" SUBTYPE="Population-Center" CLASS="SPC">
      <entity_mention ID="adige20040908_id405687-E11-2" TYPE="NAM" PRIMARY="true" ROLE="LOC" METONYMY_MENTION="FALSE">
        <extent>
          <charseq START="49" END="54">TRENTO</charseq>
        </extent>
        <head>
          <charseq START="49" END="54">TRENTO</charseq>
        </head>
      </entity_mention>
      <entity_mention ID="adige20040908_id405687-E11-4" TYPE="NAM" PRIMARY="false" ROLE="LOC" METONYMY_MENTION="FALSE">
        <extent>
          <charseq START="146" END="151">Trento</charseq>
        </extent>
        <head>
          <charseq START="146" END="151">Trento</charseq>
        </head>
      </entity_mention>
      <entity_attributes>
        <name NAME="TRENTO">
          <charseq START="49" END="54">TRENTO</charseq>
        </name>
        <name NAME="Trento">
          <charseq START="146" END="151">Trento</charseq>
        </name>
      </entity_attributes>
    </entity>
    <entity ID="adige20040908_id405687-E14" TYPE="GPE" SUBTYPE="Population-Center" CLASS="SPC">
      <entity_mention ID="adige20040908_id405687-E14-2" TYPE="NAM" PRIMARY="true" ROLE="GPE" METONYMY_MENTION="FALSE">
        <extent>
          <charseq START="244" END="251">Folgaria</charseq>
        </extent>
        <head>
          <charseq START="244" END="251">Folgaria</charseq>
        </head>
      </entity_mention>
      <entity_attributes>
        <name NAME="Folgaria">
          <charseq START="244" END="251">Folgaria</charseq>
        </name>
      </entity_attributes>
    </entity>
    <entity ID="adige20040908_id405687-E15" TYPE="GPE" SUBTYPE="State-or-Province" CLASS="SPC">
      <entity_mention ID="adige20040908_id405687-E15-2" TYPE="NAM" PRIMARY="true" ROLE="GPE" METONYMY_MENTION="FALSE">
        <extent>
          <charseq START="313" END="324">del Trentino</charseq>
        </extent>
        <head>
          <charseq START="317" END="324">Trentino</charseq>
        </head>
      </entity_mention>
      <entity_mention ID="adige20040908_id405687-E15-4" TYPE="NAM" PRIMARY="false" ROLE="GPE" METONYMY_MENTION="FALSE">
        <extent>
          <charseq START="453" END="464">del Trentino</charseq>
        </extent>
        <head>
          <charseq START="457" END="464">Trentino</charseq>
        </head>
      </entity_mention>
      <entity_mention ID="adige20040908_id405687-E15-6" TYPE="NAM" PRIMARY="false" ROLE="GPE" METONYMY_MENTION="FALSE">
        <extent>
          <charseq START="531" END="542">del Trentino</charseq>
        </extent>
        <head>
          <charseq START="535" END="542">Trentino</charseq>
        </head>
      </entity_mention>
      <entity_mention ID="adige20040908_id405687-E15-8" TYPE="NAM" PRIMARY="false" ROLE="GPE" METONYMY_MENTION="FALSE">
        <extent>
          <charseq START="557" END="568">del Trentino</charseq>
        </extent>
        <head>
          <charseq START="561" END="568">Trentino</charseq>
        </head>
      </entity_mention>
      <entity_mention ID="adige20040908_id405687-E15-10" TYPE="NAM" PRIMARY="false" ROLE="ORG" METONYMY_MENTION="FALSE">
        <extent>
          <charseq START="128" END="142">della Provincia</charseq>
        </extent>
        <head>
          <charseq START="134" END="142">Provincia</charseq>
        </head>
      </entity_mention>
      <entity_attributes>
        <name NAME="Trentino">
          <charseq START="317" END="324">Trentino</charseq>
        </name>
        <name NAME="Trentino">
          <charseq START="457" END="464">Trentino</charseq>
        </name>
        <name NAME="Trentino">
          <charseq START="535" END="542">Trentino</charseq>
        </name>
        <name NAME="Trentino">
          <charseq START="561" END="568">Trentino</charseq>
        </name>
        <name NAME="Provincia">
          <charseq START="134" END="142">Provincia</charseq>
        </name>
      </entity_attributes>
    </entity>
    <entity ID="adige20040908_id405687-E16" TYPE="GPE" SUBTYPE="State-or-Province" CLASS="SPC">
      <entity_mention ID="adige20040908_id405687-E16-2" TYPE="NAM" PRIMARY="true" ROLE="GPE" METONYMY_MENTION="FALSE">
        <extent>
          <charseq START="468" END="477">del Veneto</charseq>
        </extent>
        <head>
          <charseq START="472" END="477">Veneto</charseq>
        </head>
      </entity_mention>
      <entity_mention ID="adige20040908_id405687-E16-4" TYPE="NAM" PRIMARY="false" ROLE="GPE" METONYMY_MENTION="FALSE">
        <extent>
          <charseq START="587" END="592">Veneto</charseq>
        </extent>
        <head>
          <charseq START="587" END="592">Veneto</charseq>
        </head>
      </entity_mention>
      <entity_attributes>
        <name NAME="Veneto">
          <charseq START="472" END="477">Veneto</charseq>
        </name>
        <name NAME="Veneto">
          <charseq START="587" END="592">Veneto</charseq>
        </name>
      </entity_attributes>
    </entity>
    <entity ID="adige20040908_id405687-E17" TYPE="GPE" SUBTYPE="State-or-Province" CLASS="SPC">
      <entity_mention ID="adige20040908_id405687-E17-2" TYPE="NAM" PRIMARY="true" ROLE="GPE" METONYMY_MENTION="FALSE">
        <extent>
          <charseq START="453" END="477">del Trentino e del Veneto</charseq>
        </extent>
        <head>
          <charseq START="453" END="477">del Trentino e del Veneto</charseq>
        </head>
      </entity_mention>
      <entity_attributes>
        <name NAME="del Trentino e del Veneto">
          <charseq START="453" END="477">del Trentino e del Veneto</charseq>
        </name>
      </entity_attributes>
    </entity>
    <entity ID="adige20040908_id405687-E18" TYPE="GPE" SUBTYPE="State-or-Province" CLASS="SPC">
      <entity_mention ID="adige20040908_id405687-E18-2" TYPE="NAM" PRIMARY="true" ROLE="GPE" METONYMY_MENTION="FALSE">
        <extent>
          <charseq START="596" END="616">Friuli Venezia Giulia</charseq>
        </extent>
        <head>
          <charseq START="596" END="616">Friuli Venezia Giulia</charseq>
        </head>
      </entity_mention>
      <entity_attributes>
        <name NAME="Friuli Venezia Giulia">
          <charseq START="596" END="616">Friuli Venezia Giulia</charseq>
        </name>
      </entity_attributes>
    </entity>
    <entity ID="adige20040908_id405687-E20" TYPE="GPE" SUBTYPE="State-or-Province" CLASS="SPC">
      <entity_mention ID="adige20040908_id405687-E20-2" TYPE="NAM" PRIMARY="true" ROLE="GPE" METONYMY_MENTION="FALSE">
        <extent>
          <charseq START="653" END="671">Trentino-Alto Adige</charseq>
        </extent>
        <head>
          <charseq START="653" END="671">Trentino-Alto Adige</charseq>
        </head>
      </entity_mention>
      <entity_attributes>
        <name NAME="Trentino-Alto Adige">
          <charseq START="653" END="671">Trentino-Alto Adige</charseq>
        </name>
      </entity_attributes>
    </entity>
    <entity ID="adige20040908_id405687-E21" TYPE="GPE" SUBTYPE="Population-Center" CLASS="SPC">
      <entity_mention ID="adige20040908_id405687-E21-2" TYPE="NAM" PRIMARY="true" ROLE="GPE" METONYMY_MENTION="FALSE">
        <extent>
          <charseq START="253" END="262">Lastebasse</charseq>
        </extent>
        <head>
          <charseq START="253" END="262">Lastebasse</charseq>
        </head>
      </entity_mention>
      <entity_attributes>
        <name NAME="Lastebasse">
          <charseq START="253" END="262">Lastebasse</charseq>
        </name>
      </entity_attributes>
    </entity>
    <entity ID="adige20040908_id405687-E22" TYPE="GPE" SUBTYPE="Population-Center" CLASS="SPC">
      <entity_mention ID="adige20040908_id405687-E22-1" TYPE="NAM" PRIMARY="true" ROLE="GPE" METONYMY_MENTION="FALSE">
        <extent>
          <charseq START="244" END="262">Folgaria-Lastebasse</charseq>
        </extent>
        <head>
          <charseq START="244" END="262">Folgaria-Lastebasse</charseq>
        </head>
      </entity_mention>
      <entity_attributes>
        <name NAME="Folgaria-Lastebasse">
          <charseq START="244" END="262">Folgaria-Lastebasse</charseq>
        </name>
      </entity_attributes>
    </entity>
  </document>
</source_file>
