<?xml version="1.0" encoding="UTF-8"?>
<!DOCTYPE source_file PUBLIC "SYSTEM" "apf.v5.2.0.dtd">

<source_file URI="adige20040908_id405685.txt" SOURCE="unknown" TYPE="text" VERSION="5.0" AUTHOR="Evalita" ENCODING="UTF-8">
  <document DOCID="adige20040908_id405685">
    <entity ID="adige20040908_id405685-E1" TYPE="PER" SUBTYPE="Group" CLASS="USP">
      <entity_mention ID="adige20040908_id405685-E1-1" TYPE="NOM" PRIMARY="true" METONYMY_MENTION="FALSE">
        <extent>
          <charseq START="75" END="95">Quasi tremila persone</charseq>
        </extent>
        <head>
          <charseq START="89" END="95">persone</charseq>
        </head>
      </entity_mention>
    </entity>
    <entity ID="adige20040908_id405685-E2" TYPE="PER" SUBTYPE="Group" CLASS="USP">
      <entity_mention ID="adige20040908_id405685-E2-1" TYPE="PRO" PRIMARY="true" METONYMY_MENTION="FALSE">
        <extent>
          <charseq START="549" END="550">ci</charseq>
        </extent>
        <head>
          <charseq START="549" END="550">ci</charseq>
        </head>
      </entity_mention>
      <entity_mention ID="adige20040908_id405685-E2-2" TYPE="PRO" PRIMARY="false" METONYMY_MENTION="FALSE">
        <extent>
          <charseq START="2323" END="2324">ci</charseq>
        </extent>
        <head>
          <charseq START="2323" END="2324">ci</charseq>
        </head>
      </entity_mention>
      <entity_mention ID="adige20040908_id405685-E2-3" TYPE="PRO" PRIMARY="false" METONYMY_MENTION="FALSE">
        <extent>
          <charseq START="1990" END="1991">ci</charseq>
        </extent>
        <head>
          <charseq START="1990" END="1991">ci</charseq>
        </head>
      </entity_mention>
    </entity>
    <entity ID="adige20040908_id405685-E3" TYPE="PER" SUBTYPE="Individual" CLASS="SPC">
      <entity_mention ID="adige20040908_id405685-E3-1" TYPE="NAM" PRIMARY="true" METONYMY_MENTION="FALSE">
        <extent>
          <charseq START="564" END="619">Max dell'associazione Sonà che ha organizzato Oltrasuoni</charseq>
        </extent>
        <head>
          <charseq START="564" END="566">Max</charseq>
        </head>
      </entity_mention>
      <entity_mention ID="adige20040908_id405685-E3-2" TYPE="NAM" PRIMARY="false" METONYMY_MENTION="FALSE">
        <extent>
          <charseq START="898" END="900">Max</charseq>
        </extent>
        <head>
          <charseq START="898" END="900">Max</charseq>
        </head>
      </entity_mention>
      <entity_mention ID="adige20040908_id405685-E3-3" TYPE="NAM" PRIMARY="false" METONYMY_MENTION="FALSE">
        <extent>
          <charseq START="1139" END="1141">Max</charseq>
        </extent>
        <head>
          <charseq START="1139" END="1141">Max</charseq>
        </head>
      </entity_mention>
      <entity_mention ID="adige20040908_id405685-E3-4" TYPE="NAM" PRIMARY="false" METONYMY_MENTION="FALSE">
        <extent>
          <charseq START="2000" END="2002">Max</charseq>
        </extent>
        <head>
          <charseq START="2000" END="2002">Max</charseq>
        </head>
      </entity_mention>
      <entity_attributes>
        <name NAME="Max">
          <charseq START="564" END="566">Max</charseq>
        </name>
        <name NAME="Max">
          <charseq START="898" END="900">Max</charseq>
        </name>
        <name NAME="Max">
          <charseq START="1139" END="1141">Max</charseq>
        </name>
        <name NAME="Max">
          <charseq START="2000" END="2002">Max</charseq>
        </name>
      </entity_attributes>
    </entity>
    <entity ID="adige20040908_id405685-E4" TYPE="PER" SUBTYPE="Group" CLASS="USP">
      <entity_mention ID="adige20040908_id405685-E4-1" TYPE="NOM" PRIMARY="true" METONYMY_MENTION="FALSE">
        <extent>
          <charseq START="623" END="631">i giovani</charseq>
        </extent>
        <head>
          <charseq START="625" END="631">giovani</charseq>
        </head>
      </entity_mention>
      <entity_mention ID="adige20040908_id405685-E4-2" TYPE="PRO" PRIMARY="false" METONYMY_MENTION="FALSE">
        <extent>
          <charseq START="646" END="649">loro</charseq>
        </extent>
        <head>
          <charseq START="646" END="649">loro</charseq>
        </head>
      </entity_mention>
      <entity_mention ID="adige20040908_id405685-E4-4" TYPE="NOM" PRIMARY="false" METONYMY_MENTION="FALSE">
        <extent>
          <charseq START="623" END="649">i giovani, ma non solo loro</charseq>
        </extent>
        <head>
          <charseq START="623" END="649">i giovani, ma non solo loro</charseq>
        </head>
      </entity_mention>
    </entity>
    <entity ID="adige20040908_id405685-E5" TYPE="PER" SUBTYPE="Indefinite" CLASS="USP">
      <entity_mention ID="adige20040908_id405685-E5-1" TYPE="PRO" PRIMARY="true" METONYMY_MENTION="FALSE">
        <extent>
          <charseq START="760" END="761">si</charseq>
        </extent>
        <head>
          <charseq START="760" END="761">si</charseq>
        </head>
      </entity_mention>
    </entity>
    <entity ID="adige20040908_id405685-E6" TYPE="PER" SUBTYPE="Indefinite" CLASS="SPC">
      <entity_mention ID="adige20040908_id405685-E6-1" TYPE="PRO" PRIMARY="true" METONYMY_MENTION="FALSE">
        <extent>
          <charseq START="1225" END="1226">si</charseq>
        </extent>
        <head>
          <charseq START="1225" END="1226">si</charseq>
        </head>
      </entity_mention>
    </entity>
    <entity ID="adige20040908_id405685-E7" TYPE="PER" SUBTYPE="Group" CLASS="SPC">
      <entity_mention ID="adige20040908_id405685-E7-1" TYPE="NOM" PRIMARY="true" METONYMY_MENTION="FALSE">
        <extent>
          <charseq START="1419" END="1513">questi ragazzi di Trento che hanno anche cambiato completamente il loro set rispetto al passato</charseq>
        </extent>
        <head>
          <charseq START="1426" END="1432">ragazzi</charseq>
        </head>
      </entity_mention>
      <entity_mention ID="adige20040908_id405685-E7-2" TYPE="PRO" PRIMARY="false" METONYMY_MENTION="FALSE">
        <extent>
          <charseq START="1444" END="1446">che</charseq>
        </extent>
        <head>
          <charseq START="1444" END="1446">che</charseq>
        </head>
      </entity_mention>
      <entity_mention ID="adige20040908_id405685-E7-3" TYPE="PRO" PRIMARY="false" METONYMY_MENTION="FALSE">
        <extent>
          <charseq START="1486" END="1489">loro</charseq>
        </extent>
        <head>
          <charseq START="1486" END="1489">loro</charseq>
        </head>
      </entity_mention>
    </entity>
    <entity ID="adige20040908_id405685-E9" TYPE="PER" SUBTYPE="Group" CLASS="USP">
      <entity_mention ID="adige20040908_id405685-E9-1" TYPE="NOM" PRIMARY="true" METONYMY_MENTION="FALSE">
        <extent>
          <charseq START="1584" END="1650">oltre mille persone che hanno ballato fino alle quattro del mattino</charseq>
        </extent>
        <head>
          <charseq START="1596" END="1602">persone</charseq>
        </head>
      </entity_mention>
      <entity_mention ID="adige20040908_id405685-E9-2" TYPE="PRO" PRIMARY="false" METONYMY_MENTION="FALSE">
        <extent>
          <charseq START="1604" END="1606">che</charseq>
        </extent>
        <head>
          <charseq START="1604" END="1606">che</charseq>
        </head>
      </entity_mention>
    </entity>
    <entity ID="adige20040908_id405685-E10" TYPE="PER" SUBTYPE="Group" CLASS="SPC">
      <entity_mention ID="adige20040908_id405685-E10-1" TYPE="NOM" PRIMARY="true" METONYMY_MENTION="FALSE">
        <extent>
          <charseq START="1709" END="1750">agli appassionati di suoni più alternativi</charseq>
        </extent>
        <head>
          <charseq START="1714" END="1725">appassionati</charseq>
        </head>
      </entity_mention>
    </entity>
    <entity ID="adige20040908_id405685-E12" TYPE="PER" SUBTYPE="Individual" CLASS="SPC">
      <entity_mention ID="adige20040908_id405685-E12-1" TYPE="NOM" PRIMARY="true" METONYMY_MENTION="FALSE">
        <extent>
          <charseq START="2126" END="2174">un bassista che ci ha ricordato quello dei Primis</charseq>
        </extent>
        <head>
          <charseq START="2129" END="2136">bassista</charseq>
        </head>
      </entity_mention>
      <entity_mention ID="adige20040908_id405685-E12-2" TYPE="PRO" PRIMARY="false" METONYMY_MENTION="FALSE">
        <extent>
          <charseq START="2138" END="2140">che</charseq>
        </extent>
        <head>
          <charseq START="2138" END="2140">che</charseq>
        </head>
      </entity_mention>
    </entity>
    <entity ID="adige20040908_id405685-E14" TYPE="PER" SUBTYPE="Individual" CLASS="SPC">
      <entity_mention ID="adige20040908_id405685-E14-1" TYPE="NAM" PRIMARY="true" METONYMY_MENTION="FALSE">
        <extent>
          <charseq START="2338" END="2350">Matteo Cretti</charseq>
        </extent>
        <head>
          <charseq START="2338" END="2350">Matteo Cretti</charseq>
        </head>
      </entity_mention>
      <entity_mention ID="adige20040908_id405685-E14-2" TYPE="NOM" PRIMARY="false" METONYMY_MENTION="FALSE">
        <extent>
          <charseq START="2352" END="2369">presidente di Sonà</charseq>
        </extent>
        <head>
          <charseq START="2352" END="2361">presidente</charseq>
        </head>
      </entity_mention>
      <entity_mention ID="adige20040908_id405685-E14-3" TYPE="NAM" PRIMARY="false" METONYMY_MENTION="FALSE">
        <extent>
          <charseq START="2338" END="2369">Matteo Cretti presidente di Sonà</charseq>
        </extent>
        <head>
          <charseq START="2338" END="2369">Matteo Cretti presidente di Sonà</charseq>
        </head>
      </entity_mention>
      <entity_attributes>
        <name NAME="Matteo Cretti">
          <charseq START="2338" END="2350">Matteo Cretti</charseq>
        </name>
        <name NAME="Matteo Cretti presidente di Sonà">
          <charseq START="2338" END="2369">Matteo Cretti presidente di Sonà</charseq>
        </name>
      </entity_attributes>
    </entity>
    <entity ID="adige20040908_id405685-E15" TYPE="PER" SUBTYPE="Individual" CLASS="SPC">
      <entity_mention ID="adige20040908_id405685-E15-1" TYPE="NAM" PRIMARY="true" METONYMY_MENTION="FALSE">
        <extent>
          <charseq START="2654" END="2659">F.D.S.</charseq>
        </extent>
        <head>
          <charseq START="2654" END="2659">F.D.S.</charseq>
        </head>
      </entity_mention>
      <entity_attributes>
        <name NAME="F.D.S.">
          <charseq START="2654" END="2659">F.D.S.</charseq>
        </name>
      </entity_attributes>
    </entity>
    <entity ID="adige20040908_id405685-E16" TYPE="PER" SUBTYPE="Indefinite" CLASS="USP">
      <entity_mention ID="adige20040908_id405685-E16-1" TYPE="PRO" PRIMARY="true" METONYMY_MENTION="FALSE">
        <extent>
          <charseq START="2222" END="2223">si</charseq>
        </extent>
        <head>
          <charseq START="2222" END="2223">si</charseq>
        </head>
      </entity_mention>
    </entity>
    <entity ID="adige20040908_id405685-E17" TYPE="ORG" SUBTYPE="Entertainment" CLASS="SPC">
      <entity_mention ID="adige20040908_id405685-E17-1" TYPE="NAM" PRIMARY="true" METONYMY_MENTION="FALSE">
        <extent>
          <charseq START="586" END="589">Sonà</charseq>
        </extent>
        <head>
          <charseq START="586" END="589">Sonà</charseq>
        </head>
      </entity_mention>
      <entity_mention ID="adige20040908_id405685-E17-2" TYPE="NOM" PRIMARY="false" METONYMY_MENTION="FALSE">
        <extent>
          <charseq START="568" END="584">dell'associazione</charseq>
        </extent>
        <head>
          <charseq START="573" END="584">associazione</charseq>
        </head>
      </entity_mention>
      <entity_mention ID="adige20040908_id405685-E17-3" TYPE="PRO" PRIMARY="false" METONYMY_MENTION="FALSE">
        <extent>
          <charseq START="591" END="593">che</charseq>
        </extent>
        <head>
          <charseq START="591" END="593">che</charseq>
        </head>
      </entity_mention>
      <entity_mention ID="adige20040908_id405685-E17-4" TYPE="NOM" PRIMARY="false" METONYMY_MENTION="FALSE">
        <extent>
          <charseq START="568" END="619">dell'associazione Sonà che ha organizzato Oltrasuoni</charseq>
        </extent>
        <head>
          <charseq START="568" END="619">dell'associazione Sonà che ha organizzato Oltrasuoni</charseq>
        </head>
      </entity_mention>
      <entity_mention ID="adige20040908_id405685-E17-5" TYPE="NAM" PRIMARY="false" METONYMY_MENTION="FALSE">
        <extent>
          <charseq START="2571" END="2574">Sonà</charseq>
        </extent>
        <head>
          <charseq START="2571" END="2574">Sonà</charseq>
        </head>
      </entity_mention>
      <entity_mention ID="adige20040908_id405685-E17-6" TYPE="PRO" PRIMARY="false" METONYMY_MENTION="FALSE">
        <extent>
          <charseq START="2261" END="2266">nostra</charseq>
        </extent>
        <head>
          <charseq START="2261" END="2266">nostra</charseq>
        </head>
      </entity_mention>
      <entity_mention ID="adige20040908_id405685-E17-7" TYPE="NAM" PRIMARY="false" METONYMY_MENTION="FALSE">
        <extent>
          <charseq START="2366" END="2369">Sonà</charseq>
        </extent>
        <head>
          <charseq START="2366" END="2369">Sonà</charseq>
        </head>
      </entity_mention>
      <entity_attributes>
        <name NAME="Sonà">
          <charseq START="586" END="589">Sonà</charseq>
        </name>
        <name NAME="Sonà">
          <charseq START="2571" END="2574">Sonà</charseq>
        </name>
        <name NAME="Sonà">
          <charseq START="2366" END="2369">Sonà</charseq>
        </name>
      </entity_attributes>
    </entity>
    <entity ID="adige20040908_id405685-E18" TYPE="ORG" SUBTYPE="Entertainment" CLASS="SPC">
      <entity_mention ID="adige20040908_id405685-E18-1" TYPE="NOM" PRIMARY="true" METONYMY_MENTION="FALSE">
        <extent>
          <charseq START="941" END="952">molti gruppi</charseq>
        </extent>
        <head>
          <charseq START="947" END="952">gruppi</charseq>
        </head>
      </entity_mention>
      <entity_mention ID="adige20040908_id405685-E18-2" TYPE="NOM" PRIMARY="false" METONYMY_MENTION="FALSE">
        <extent>
          <charseq START="998" END="1093">Diciassette le band,trentine ma non solo, che si sono esibite on stage a partire da venerdì sera</charseq>
        </extent>
        <head>
          <charseq START="1013" END="1016">band</charseq>
        </head>
      </entity_mention>
      <entity_mention ID="adige20040908_id405685-E18-3" TYPE="PRO" PRIMARY="false" METONYMY_MENTION="FALSE">
        <extent>
          <charseq START="1040" END="1042">che</charseq>
        </extent>
        <head>
          <charseq START="1040" END="1042">che</charseq>
        </head>
      </entity_mention>
    </entity>
    <entity ID="adige20040908_id405685-E20" TYPE="ORG" SUBTYPE="Entertainment" CLASS="SPC">
      <entity_mention ID="adige20040908_id405685-E20-1" TYPE="NAM" PRIMARY="true" METONYMY_MENTION="FALSE">
        <extent>
          <charseq START="1147" END="1154">i Geisha</charseq>
        </extent>
        <head>
          <charseq START="1149" END="1154">Geisha</charseq>
        </head>
      </entity_mention>
      <entity_attributes>
        <name NAME="Geisha">
          <charseq START="1149" END="1154">Geisha</charseq>
        </name>
      </entity_attributes>
    </entity>
    <entity ID="adige20040908_id405685-E21" TYPE="ORG" SUBTYPE="Entertainment" CLASS="SPC">
      <entity_mention ID="adige20040908_id405685-E21-1" TYPE="NAM" PRIMARY="true" METONYMY_MENTION="FALSE">
        <extent>
          <charseq START="1160" END="1173">gli Hutchinson</charseq>
        </extent>
        <head>
          <charseq START="1164" END="1173">Hutchinson</charseq>
        </head>
      </entity_mention>
      <entity_mention ID="adige20040908_id405685-E21-2" TYPE="NOM" PRIMARY="false" METONYMY_MENTION="FALSE">
        <extent>
          <charseq START="1239" END="1251">questo gruppo</charseq>
        </extent>
        <head>
          <charseq START="1246" END="1251">gruppo</charseq>
        </head>
      </entity_mention>
      <entity_attributes>
        <name NAME="Hutchinson">
          <charseq START="1164" END="1173">Hutchinson</charseq>
        </name>
      </entity_attributes>
    </entity>
    <entity ID="adige20040908_id405685-E22" TYPE="ORG" SUBTYPE="Entertainment" CLASS="SPC">
      <entity_mention ID="adige20040908_id405685-E22-1" TYPE="NAM" PRIMARY="true" METONYMY_MENTION="FALSE">
        <extent>
          <charseq START="1319" END="1334">La Gerontocrazia</charseq>
        </extent>
        <head>
          <charseq START="1319" END="1334">La Gerontocrazia</charseq>
        </head>
      </entity_mention>
      <entity_attributes>
        <name NAME="La Gerontocrazia">
          <charseq START="1319" END="1334">La Gerontocrazia</charseq>
        </name>
      </entity_attributes>
    </entity>
    <entity ID="adige20040908_id405685-E23" TYPE="ORG" SUBTYPE="Entertainment" CLASS="SPC">
      <entity_mention ID="adige20040908_id405685-E23-1" TYPE="NAM" PRIMARY="true" METONYMY_MENTION="FALSE">
        <extent>
          <charseq START="1340" END="1348">Dormiduro</charseq>
        </extent>
        <head>
          <charseq START="1340" END="1348">Dormiduro</charseq>
        </head>
      </entity_mention>
      <entity_attributes>
        <name NAME="Dormiduro">
          <charseq START="1340" END="1348">Dormiduro</charseq>
        </name>
      </entity_attributes>
    </entity>
    <entity ID="adige20040908_id405685-E24" TYPE="ORG" SUBTYPE="Entertainment" CLASS="SPC">
      <entity_mention ID="adige20040908_id405685-E24-1" TYPE="NAM" PRIMARY="true" METONYMY_MENTION="FALSE">
        <extent>
          <charseq START="1355" END="1365">3 Verticale</charseq>
        </extent>
        <head>
          <charseq START="1355" END="1365">3 Verticale</charseq>
        </head>
      </entity_mention>
      <entity_attributes>
        <name NAME="3 Verticale">
          <charseq START="1355" END="1365">3 Verticale</charseq>
        </name>
      </entity_attributes>
    </entity>
    <entity ID="adige20040908_id405685-E25" TYPE="ORG" SUBTYPE="Entertainment" CLASS="SPC">
      <entity_mention ID="adige20040908_id405685-E25-1" TYPE="NAM" PRIMARY="true" METONYMY_MENTION="FALSE">
        <extent>
          <charseq START="1384" END="1394">degli Orson</charseq>
        </extent>
        <head>
          <charseq START="1390" END="1394">Orson</charseq>
        </head>
      </entity_mention>
      <entity_attributes>
        <name NAME="Orson">
          <charseq START="1390" END="1394">Orson</charseq>
        </name>
      </entity_attributes>
    </entity>
    <entity ID="adige20040908_id405685-E26" TYPE="ORG" SUBTYPE="Entertainment" CLASS="SPC">
      <entity_mention ID="adige20040908_id405685-E26-1" TYPE="NAM" PRIMARY="true" METONYMY_MENTION="FALSE">
        <extent>
          <charseq START="1317" END="1367">« La Gerontocrazia » « Dormiduro », « 3 Verticale »</charseq>
        </extent>
        <head>
          <charseq START="1317" END="1367">« La Gerontocrazia » « Dormiduro », « 3 Verticale »</charseq>
        </head>
      </entity_mention>
      <entity_attributes>
        <name NAME="« La Gerontocrazia » « Dormiduro », « 3 Verticale »">
          <charseq START="1317" END="1367">« La Gerontocrazia » « Dormiduro », « 3 Verticale »</charseq>
        </name>
      </entity_attributes>
    </entity>
    <entity ID="adige20040908_id405685-E27" TYPE="ORG" SUBTYPE="Entertainment" CLASS="SPC">
      <entity_mention ID="adige20040908_id405685-E27-1" TYPE="NAM" PRIMARY="true" METONYMY_MENTION="FALSE">
        <extent>
          <charseq START="1758" END="1765">Stuorlos</charseq>
        </extent>
        <head>
          <charseq START="1758" END="1765">Stuorlos</charseq>
        </head>
      </entity_mention>
      <entity_attributes>
        <name NAME="Stuorlos">
          <charseq START="1758" END="1765">Stuorlos</charseq>
        </name>
      </entity_attributes>
    </entity>
    <entity ID="adige20040908_id405685-E28" TYPE="ORG" SUBTYPE="Entertainment" CLASS="SPC">
      <entity_mention ID="adige20040908_id405685-E28-1" TYPE="NAM" PRIMARY="true" METONYMY_MENTION="FALSE">
        <extent>
          <charseq START="1772" END="1779">Maser 75</charseq>
        </extent>
        <head>
          <charseq START="1772" END="1779">Maser 75</charseq>
        </head>
      </entity_mention>
      <entity_attributes>
        <name NAME="Maser 75">
          <charseq START="1772" END="1779">Maser 75</charseq>
        </name>
      </entity_attributes>
    </entity>
    <entity ID="adige20040908_id405685-E29" TYPE="ORG" SUBTYPE="Entertainment" CLASS="SPC">
      <entity_mention ID="adige20040908_id405685-E29-1" TYPE="NAM" PRIMARY="true" METONYMY_MENTION="FALSE">
        <extent>
          <charseq START="1786" END="1790">Anteo</charseq>
        </extent>
        <head>
          <charseq START="1786" END="1790">Anteo</charseq>
        </head>
      </entity_mention>
      <entity_attributes>
        <name NAME="Anteo">
          <charseq START="1786" END="1790">Anteo</charseq>
        </name>
      </entity_attributes>
    </entity>
    <entity ID="adige20040908_id405685-E30" TYPE="ORG" SUBTYPE="Entertainment" CLASS="SPC">
      <entity_mention ID="adige20040908_id405685-E30-1" TYPE="NAM" PRIMARY="true" METONYMY_MENTION="FALSE">
        <extent>
          <charseq START="1797" END="1825">Supercanifradiciadespiaredosi</charseq>
        </extent>
        <head>
          <charseq START="1797" END="1825">Supercanifradiciadespiaredosi</charseq>
        </head>
      </entity_mention>
      <entity_attributes>
        <name NAME="Supercanifradiciadespiaredosi">
          <charseq START="1797" END="1825">Supercanifradiciadespiaredosi</charseq>
        </name>
      </entity_attributes>
    </entity>
    <entity ID="adige20040908_id405685-E31" TYPE="ORG" SUBTYPE="Entertainment" CLASS="SPC">
      <entity_mention ID="adige20040908_id405685-E31-1" TYPE="NAM" PRIMARY="true" METONYMY_MENTION="FALSE">
        <extent>
          <charseq START="1832" END="1836">Sedia</charseq>
        </extent>
        <head>
          <charseq START="1832" END="1836">Sedia</charseq>
        </head>
      </entity_mention>
      <entity_attributes>
        <name NAME="Sedia">
          <charseq START="1832" END="1836">Sedia</charseq>
        </name>
      </entity_attributes>
    </entity>
    <entity ID="adige20040908_id405685-E32" TYPE="ORG" SUBTYPE="Entertainment" CLASS="SPC">
      <entity_mention ID="adige20040908_id405685-E32-1" TYPE="NAM" PRIMARY="true" METONYMY_MENTION="FALSE">
        <extent>
          <charseq START="1842" END="1958">« Sda » che alla fine sono riusciti (non erano inseriti nel programma ufficiale) a far ascoltare un po' di loro pezzi</charseq>
        </extent>
        <head>
          <charseq START="1844" END="1846">Sda</charseq>
        </head>
      </entity_mention>
      <entity_mention ID="adige20040908_id405685-E32-2" TYPE="PRO" PRIMARY="false" METONYMY_MENTION="FALSE">
        <extent>
          <charseq START="1850" END="1852">che</charseq>
        </extent>
        <head>
          <charseq START="1850" END="1852">che</charseq>
        </head>
      </entity_mention>
      <entity_mention ID="adige20040908_id405685-E32-3" TYPE="PRO" PRIMARY="false" METONYMY_MENTION="FALSE">
        <extent>
          <charseq START="1949" END="1952">loro</charseq>
        </extent>
        <head>
          <charseq START="1949" END="1952">loro</charseq>
        </head>
      </entity_mention>
      <entity_attributes>
        <name NAME="Sda">
          <charseq START="1844" END="1846">Sda</charseq>
        </name>
      </entity_attributes>
    </entity>
    <entity ID="adige20040908_id405685-E33" TYPE="ORG" SUBTYPE="Entertainment" CLASS="SPC">
      <entity_mention ID="adige20040908_id405685-E33-1" TYPE="NAM" PRIMARY="true" METONYMY_MENTION="FALSE">
        <extent>
          <charseq START="2006" END="2024">i "Red Worm's Farm"</charseq>
        </extent>
        <head>
          <charseq START="2009" END="2023">Red Worm's Farm</charseq>
        </head>
      </entity_mention>
      <entity_mention ID="adige20040908_id405685-E33-2" TYPE="NOM" PRIMARY="false" METONYMY_MENTION="FALSE">
        <extent>
          <charseq START="2027" END="2034">una band</charseq>
        </extent>
        <head>
          <charseq START="2031" END="2034">band</charseq>
        </head>
      </entity_mention>
      <entity_mention ID="adige20040908_id405685-E33-3" TYPE="PRO" PRIMARY="false" METONYMY_MENTION="FALSE">
        <extent>
          <charseq START="2036" END="2038">che</charseq>
        </extent>
        <head>
          <charseq START="2036" END="2038">che</charseq>
        </head>
      </entity_mention>
      <entity_mention ID="adige20040908_id405685-E33-4" TYPE="NAM" PRIMARY="false" METONYMY_MENTION="FALSE">
        <extent>
          <charseq START="2006" END="2059">i "Red Worm's Farm", una band che ha una marcia in più</charseq>
        </extent>
        <head>
          <charseq START="2006" END="2059">i "Red Worm's Farm", una band che ha una marcia in più</charseq>
        </head>
      </entity_mention>
      <entity_attributes>
        <name NAME="Red Worm's Farm">
          <charseq START="2009" END="2023">Red Worm's Farm</charseq>
        </name>
        <name NAME="i &quot;Red Worm's Farm&quot;, una band che ha una marcia in più">
          <charseq START="2006" END="2059">i "Red Worm's Farm", una band che ha una marcia in più</charseq>
        </name>
      </entity_attributes>
    </entity>
    <entity ID="adige20040908_id405685-E34" TYPE="ORG" SUBTYPE="Entertainment" CLASS="SPC">
      <entity_mention ID="adige20040908_id405685-E34-1" TYPE="NAM" PRIMARY="true" METONYMY_MENTION="FALSE">
        <extent>
          <charseq START="2062" END="2071">i "GiJoe"</charseq>
        </extent>
        <head>
          <charseq START="2066" END="2070">GiJoe</charseq>
        </head>
      </entity_mention>
      <entity_mention ID="adige20040908_id405685-E34-2" TYPE="NOM" PRIMARY="false" METONYMY_MENTION="FALSE">
        <extent>
          <charseq START="2074" END="2174">un duo, basso e batteria davvero impressionante con un bassista che ci ha ricordato quello dei Primis</charseq>
        </extent>
        <head>
          <charseq START="2077" END="2079">duo</charseq>
        </head>
      </entity_mention>
      <entity_mention ID="adige20040908_id405685-E34-3" TYPE="NAM" PRIMARY="false" METONYMY_MENTION="FALSE">
        <extent>
          <charseq START="2065" END="2174">"GiJoe": un duo, basso e batteria davvero impressionante con un bassista che ci ha ricordato quello dei Primis</charseq>
        </extent>
        <head>
          <charseq START="2065" END="2174">"GiJoe": un duo, basso e batteria davvero impressionante con un bassista che ci ha ricordato quello dei Primis</charseq>
        </head>
      </entity_mention>
      <entity_attributes>
        <name NAME="GiJoe">
          <charseq START="2066" END="2070">GiJoe</charseq>
        </name>
        <name NAME="&quot;GiJoe&quot;: un duo, basso e batteria davvero impressionante con un bassista che ci ha ricordato quello dei Primis">
          <charseq START="2065" END="2174">"GiJoe": un duo, basso e batteria davvero impressionante con un bassista che ci ha ricordato quello dei Primis</charseq>
        </name>
      </entity_attributes>
    </entity>
    <entity ID="adige20040908_id405685-E35" TYPE="ORG" SUBTYPE="Entertainment" CLASS="SPC">
      <entity_mention ID="adige20040908_id405685-E35-1" TYPE="NAM" PRIMARY="true" METONYMY_MENTION="FALSE">
        <extent>
          <charseq START="2165" END="2174">dei Primis</charseq>
        </extent>
        <head>
          <charseq START="2169" END="2174">Primis</charseq>
        </head>
      </entity_mention>
      <entity_attributes>
        <name NAME="Primis">
          <charseq START="2169" END="2174">Primis</charseq>
        </name>
      </entity_attributes>
    </entity>
    <entity ID="adige20040908_id405685-E36" TYPE="ORG" SUBTYPE="Entertainment" CLASS="GEN">
      <entity_mention ID="adige20040908_id405685-E36-1" TYPE="NOM" PRIMARY="true" METONYMY_MENTION="FALSE">
        <extent>
          <charseq START="2467" END="2479">gruppi locali</charseq>
        </extent>
        <head>
          <charseq START="2467" END="2472">gruppi</charseq>
        </head>
      </entity_mention>
      <entity_mention ID="adige20040908_id405685-E36-2" TYPE="NOM" PRIMARY="false" METONYMY_MENTION="FALSE">
        <extent>
          <charseq START="2509" END="2526">alle band trentine</charseq>
        </extent>
        <head>
          <charseq START="2514" END="2517">band</charseq>
        </head>
      </entity_mention>
      <entity_mention ID="adige20040908_id405685-E36-3" TYPE="NOM" PRIMARY="false" METONYMY_MENTION="FALSE">
        <extent>
          <charseq START="45" END="63">delle band trentine</charseq>
        </extent>
        <head>
          <charseq START="51" END="54">band</charseq>
        </head>
      </entity_mention>
    </entity>
    <entity ID="adige20040908_id405685-E37" TYPE="ORG" SUBTYPE="Entertainment" CLASS="SPC">
      <entity_mention ID="adige20040908_id405685-E37-1" TYPE="NOM" PRIMARY="true" METONYMY_MENTION="FALSE">
        <extent>
          <charseq START="1756" END="1958">« Stuorlos », « Maser 75 », « Anteo », « Supercanifradiciadespiaredosi », « Sedia » e « Sda » che alla fine sono riusciti (non erano inseriti nel programma ufficiale) a far ascoltare un po' di loro pezzi</charseq>
        </extent>
        <head>
          <charseq START="1756" END="1958">« Stuorlos », « Maser 75 », « Anteo », « Supercanifradiciadespiaredosi », « Sedia » e « Sda » che alla fine sono riusciti (non erano inseriti nel programma ufficiale) a far ascoltare un po' di loro pezzi</charseq>
        </head>
      </entity_mention>
    </entity>
    <entity ID="adige20040908_id405685-E38" TYPE="ORG" SUBTYPE="Entertainment" CLASS="SPC">
      <entity_mention ID="adige20040908_id405685-E38-1" TYPE="NAM" PRIMARY="true" METONYMY_MENTION="FALSE">
        <extent>
          <charseq START="2006" END="2174">i "Red Worm's Farm", una band che ha una marcia in più e i "GiJoe": un duo, basso e batteria davvero impressionante con un bassista che ci ha ricordato quello dei Primis</charseq>
        </extent>
        <head>
          <charseq START="2006" END="2174">i "Red Worm's Farm", una band che ha una marcia in più e i "GiJoe": un duo, basso e batteria davvero impressionante con un bassista che ci ha ricordato quello dei Primis</charseq>
        </head>
      </entity_mention>
      <entity_attributes>
        <name NAME="i &quot;Red Worm's Farm&quot;, una band che ha una marcia in più e i &quot;GiJoe&quot;: un duo, basso e batteria davvero impressionante con un bassista che ci ha ricordato quello dei Primis">
          <charseq START="2006" END="2174">i "Red Worm's Farm", una band che ha una marcia in più e i "GiJoe": un duo, basso e batteria davvero impressionante con un bassista che ci ha ricordato quello dei Primis</charseq>
        </name>
      </entity_attributes>
    </entity>
    <entity ID="adige20040908_id405685-E39" TYPE="ORG" SUBTYPE="Entertainment" CLASS="SPC">
      <entity_mention ID="adige20040908_id405685-E39-1" TYPE="NAM" PRIMARY="true" METONYMY_MENTION="FALSE">
        <extent>
          <charseq START="1147" END="1173">i Geisha che gli Hutchinson</charseq>
        </extent>
        <head>
          <charseq START="1147" END="1173">i Geisha che gli Hutchinson</charseq>
        </head>
      </entity_mention>
      <entity_attributes>
        <name NAME="i Geisha che gli Hutchinson">
          <charseq START="1147" END="1173">i Geisha che gli Hutchinson</charseq>
        </name>
      </entity_attributes>
    </entity>
    <entity ID="adige20040908_id405685-E40" TYPE="GPE" SUBTYPE="Population-Center" CLASS="SPC">
      <entity_mention ID="adige20040908_id405685-E40-2" TYPE="NAM" PRIMARY="true" ROLE="LOC" METONYMY_MENTION="FALSE">
        <extent>
          <charseq START="69" END="71">DRO</charseq>
        </extent>
        <head>
          <charseq START="69" END="71">DRO</charseq>
        </head>
      </entity_mention>
      <entity_attributes>
        <name NAME="DRO">
          <charseq START="69" END="71">DRO</charseq>
        </name>
      </entity_attributes>
    </entity>
    <entity ID="adige20040908_id405685-E41" TYPE="GPE" SUBTYPE="County-or-District" CLASS="SPC">
      <entity_mention ID="adige20040908_id405685-E41-2" TYPE="NAM" PRIMARY="true" ROLE="ORG" METONYMY_MENTION="FALSE">
        <extent>
          <charseq START="306" END="322">nel comune di Dro</charseq>
        </extent>
        <head>
          <charseq START="310" END="322">comune di Dro</charseq>
        </head>
      </entity_mention>
      <entity_attributes>
        <name NAME="comune di Dro">
          <charseq START="310" END="322">comune di Dro</charseq>
        </name>
      </entity_attributes>
    </entity>
    <entity ID="adige20040908_id405685-E44" TYPE="GPE" SUBTYPE="State-or-Province" CLASS="SPC">
      <entity_mention ID="adige20040908_id405685-E44-4" TYPE="NAM" PRIMARY="true" ROLE="GPE" METONYMY_MENTION="FALSE">
        <extent>
          <charseq START="397" END="404">trentina</charseq>
        </extent>
        <head>
          <charseq START="397" END="404">trentina</charseq>
        </head>
      </entity_mention>
      <entity_mention ID="adige20040908_id405685-E44-6" TYPE="NAM" PRIMARY="false" ROLE="GPE" METONYMY_MENTION="FALSE">
        <extent>
          <charseq START="56" END="63">trentine</charseq>
        </extent>
        <head>
          <charseq START="56" END="63">trentine</charseq>
        </head>
      </entity_mention>
      <entity_mention ID="adige20040908_id405685-E44-8" TYPE="NAM" PRIMARY="false" ROLE="GPE" METONYMY_MENTION="FALSE">
        <extent>
          <charseq START="1018" END="1025">trentine</charseq>
        </extent>
        <head>
          <charseq START="1018" END="1025">trentine</charseq>
        </head>
      </entity_mention>
      <entity_mention ID="adige20040908_id405685-E44-10" TYPE="NAM" PRIMARY="false" ROLE="GPE" METONYMY_MENTION="FALSE">
        <extent>
          <charseq START="2519" END="2526">trentine</charseq>
        </extent>
        <head>
          <charseq START="2519" END="2526">trentine</charseq>
        </head>
      </entity_mention>
    </entity>
    <entity ID="adige20040908_id405685-E45" TYPE="GPE" SUBTYPE="Population-Center" CLASS="SPC">
      <entity_mention ID="adige20040908_id405685-E45-1" TYPE="NAM" PRIMARY="true" ROLE="GPE" METONYMY_MENTION="FALSE">
        <extent>
          <charseq START="1437" END="1442">Trento</charseq>
        </extent>
        <head>
          <charseq START="1437" END="1442">Trento</charseq>
        </head>
      </entity_mention>
      <entity_attributes>
        <name NAME="Trento">
          <charseq START="1437" END="1442">Trento</charseq>
        </name>
      </entity_attributes>
    </entity>
  </document>
</source_file>
