<?xml version="1.0" encoding="UTF-8"?>
<!DOCTYPE source_file PUBLIC "SYSTEM" "apf.v5.2.0.dtd">

<source_file URI="adige20040908_id405684.txt" SOURCE="unknown" TYPE="text" VERSION="5.0" AUTHOR="Evalita" ENCODING="UTF-8">
  <document DOCID="adige20040908_id405684">
    <entity ID="adige20040908_id405684-E1" TYPE="PER" SUBTYPE="Individual" CLASS="SPC">
      <entity_mention ID="adige20040908_id405684-E1-1" TYPE="NAM" PRIMARY="true" METONYMY_MENTION="FALSE">
        <extent>
          <charseq START="42" END="51">la Madonna</charseq>
        </extent>
        <head>
          <charseq START="45" END="51">Madonna</charseq>
        </head>
      </entity_mention>
      <entity_mention ID="adige20040908_id405684-E1-2" TYPE="NAM" PRIMARY="false" METONYMY_MENTION="FALSE">
        <extent>
          <charseq START="155" END="167">della Madonna</charseq>
        </extent>
        <head>
          <charseq START="161" END="167">Madonna</charseq>
        </head>
      </entity_mention>
      <entity_mention ID="adige20040908_id405684-E1-3" TYPE="NOM" PRIMARY="false" METONYMY_MENTION="FALSE">
        <extent>
          <charseq START="2305" END="2320">della B.V. Maria</charseq>
        </extent>
        <head>
          <charseq START="2305" END="2320">della B.V. Maria</charseq>
        </head>
      </entity_mention>
      <entity_mention ID="adige20040908_id405684-E1-4" TYPE="NOM" PRIMARY="false" METONYMY_MENTION="FALSE">
        <extent>
          <charseq START="2305" END="2313">della B.V</charseq>
        </extent>
        <head>
          <charseq START="2311" END="2313">B.V</charseq>
        </head>
      </entity_mention>
      <entity_mention ID="adige20040908_id405684-E1-5" TYPE="NAM" PRIMARY="false" METONYMY_MENTION="FALSE">
        <extent>
          <charseq START="2316" END="2320">Maria</charseq>
        </extent>
        <head>
          <charseq START="2316" END="2320">Maria</charseq>
        </head>
      </entity_mention>
      <entity_attributes>
        <name NAME="Madonna">
          <charseq START="45" END="51">Madonna</charseq>
        </name>
        <name NAME="Madonna">
          <charseq START="161" END="167">Madonna</charseq>
        </name>
        <name NAME="Maria">
          <charseq START="2316" END="2320">Maria</charseq>
        </name>
      </entity_attributes>
    </entity>
    <entity ID="adige20040908_id405684-E2" TYPE="PER" SUBTYPE="Individual" CLASS="SPC">
      <entity_mention ID="adige20040908_id405684-E2-1" TYPE="NAM" PRIMARY="true" METONYMY_MENTION="FALSE">
        <extent>
          <charseq START="185" END="198">Domenica Targa</charseq>
        </extent>
        <head>
          <charseq START="185" END="198">Domenica Targa</charseq>
        </head>
      </entity_mention>
      <entity_mention ID="adige20040908_id405684-E2-2" TYPE="NOM" PRIMARY="false" METONYMY_MENTION="FALSE">
        <extent>
          <charseq START="169" END="183">alla pastorella</charseq>
        </extent>
        <head>
          <charseq START="174" END="183">pastorella</charseq>
        </head>
      </entity_mention>
      <entity_mention ID="adige20040908_id405684-E2-3" TYPE="NOM" PRIMARY="false" METONYMY_MENTION="FALSE">
        <extent>
          <charseq START="169" END="198">alla pastorella Domenica Targa</charseq>
        </extent>
        <head>
          <charseq START="169" END="198">alla pastorella Domenica Targa</charseq>
        </head>
      </entity_mention>
      <entity_attributes>
        <name NAME="Domenica Targa">
          <charseq START="185" END="198">Domenica Targa</charseq>
        </name>
      </entity_attributes>
    </entity>
    <entity ID="adige20040908_id405684-E5" TYPE="PER" SUBTYPE="Individual" CLASS="SPC">
      <entity_mention ID="adige20040908_id405684-E5-1" TYPE="NAM" PRIMARY="true" METONYMY_MENTION="FALSE">
        <extent>
          <charseq START="1917" END="1927">Paola Zalla</charseq>
        </extent>
        <head>
          <charseq START="1917" END="1927">Paola Zalla</charseq>
        </head>
      </entity_mention>
      <entity_attributes>
        <name NAME="Paola Zalla">
          <charseq START="1917" END="1927">Paola Zalla</charseq>
        </name>
      </entity_attributes>
    </entity>
    <entity ID="adige20040908_id405684-E6" TYPE="PER" SUBTYPE="Individual" CLASS="SPC">
      <entity_mention ID="adige20040908_id405684-E6-1" TYPE="NAM" PRIMARY="true" METONYMY_MENTION="FALSE">
        <extent>
          <charseq START="1992" END="2009">Alessandro Gretter</charseq>
        </extent>
        <head>
          <charseq START="1992" END="2009">Alessandro Gretter</charseq>
        </head>
      </entity_mention>
      <entity_attributes>
        <name NAME="Alessandro Gretter">
          <charseq START="1992" END="2009">Alessandro Gretter</charseq>
        </name>
      </entity_attributes>
    </entity>
    <entity ID="adige20040908_id405684-E7" TYPE="PER" SUBTYPE="Group" CLASS="SPC">
      <entity_mention ID="adige20040908_id405684-E7-1" TYPE="NOM" PRIMARY="true" METONYMY_MENTION="FALSE">
        <extent>
          <charseq START="2135" END="2148">degli sciatori</charseq>
        </extent>
        <head>
          <charseq START="2141" END="2148">sciatori</charseq>
        </head>
      </entity_mention>
    </entity>
    <entity ID="adige20040908_id405684-E8" TYPE="PER" SUBTYPE="Individual" CLASS="SPC">
      <entity_mention ID="adige20040908_id405684-E8-1" TYPE="NAM" PRIMARY="true" METONYMY_MENTION="FALSE">
        <extent>
          <charseq START="2190" END="2202">Luigi Bressan</charseq>
        </extent>
        <head>
          <charseq START="2190" END="2202">Luigi Bressan</charseq>
        </head>
      </entity_mention>
      <entity_mention ID="adige20040908_id405684-E8-2" TYPE="NOM" PRIMARY="false" METONYMY_MENTION="FALSE">
        <extent>
          <charseq START="2184" END="2188">mons.</charseq>
        </extent>
        <head>
          <charseq START="2184" END="2188">mons.</charseq>
        </head>
      </entity_mention>
      <entity_mention ID="adige20040908_id405684-E8-3" TYPE="NOM" PRIMARY="false" METONYMY_MENTION="FALSE">
        <extent>
          <charseq START="2170" END="2182">l'arcivescovo</charseq>
        </extent>
        <head>
          <charseq START="2172" END="2182">arcivescovo</charseq>
        </head>
      </entity_mention>
      <entity_mention ID="adige20040908_id405684-E8-4" TYPE="NOM" PRIMARY="false" METONYMY_MENTION="FALSE">
        <extent>
          <charseq START="2170" END="2202">l'arcivescovo mons. Luigi Bressan</charseq>
        </extent>
        <head>
          <charseq START="2170" END="2202">l'arcivescovo mons. Luigi Bressan</charseq>
        </head>
      </entity_mention>
      <entity_mention ID="adige20040908_id405684-E8-5" TYPE="NOM" PRIMARY="false" METONYMY_MENTION="FALSE">
        <extent>
          <charseq START="2065" END="2071">Vescovo</charseq>
        </extent>
        <head>
          <charseq START="2065" END="2071">Vescovo</charseq>
        </head>
      </entity_mention>
      <entity_attributes>
        <name NAME="Luigi Bressan">
          <charseq START="2190" END="2202">Luigi Bressan</charseq>
        </name>
      </entity_attributes>
    </entity>
    <entity ID="adige20040908_id405684-E9" TYPE="PER" SUBTYPE="Individual" CLASS="SPC">
      <entity_mention ID="adige20040908_id405684-E9-4" TYPE="NAM" PRIMARY="true" METONYMY_MENTION="FALSE">
        <extent>
          <charseq START="2267" END="2280">Giovanni XXIII</charseq>
        </extent>
        <head>
          <charseq START="2267" END="2280">Giovanni XXIII</charseq>
        </head>
      </entity_mention>
      <entity_mention ID="adige20040908_id405684-E9-5" TYPE="NAM" PRIMARY="false" METONYMY_MENTION="FALSE">
        <extent>
          <charseq START="2248" END="2255">Roncalli</charseq>
        </extent>
        <head>
          <charseq START="2248" END="2255">Roncalli</charseq>
        </head>
      </entity_mention>
      <entity_mention ID="adige20040908_id405684-E9-6" TYPE="NOM" PRIMARY="false" METONYMY_MENTION="FALSE">
        <extent>
          <charseq START="2227" END="2246">dell'allora cardinal</charseq>
        </extent>
        <head>
          <charseq START="2239" END="2246">cardinal</charseq>
        </head>
      </entity_mention>
      <entity_mention ID="adige20040908_id405684-E9-7" TYPE="NOM" PRIMARY="false" METONYMY_MENTION="FALSE">
        <extent>
          <charseq START="2227" END="2255">dell'allora cardinal Roncalli</charseq>
        </extent>
        <head>
          <charseq START="2227" END="2255">dell'allora cardinal Roncalli</charseq>
        </head>
      </entity_mention>
      <entity_mention ID="adige20040908_id405684-E9-8" TYPE="PRO" PRIMARY="false" METONYMY_MENTION="FALSE">
        <extent>
          <charseq START="2282" END="2284">che</charseq>
        </extent>
        <head>
          <charseq START="2282" END="2284">che</charseq>
        </head>
      </entity_mention>
      <entity_mention ID="adige20040908_id405684-E9-9" TYPE="NOM" PRIMARY="false" METONYMY_MENTION="FALSE">
        <extent>
          <charseq START="2262" END="2265">Papa</charseq>
        </extent>
        <head>
          <charseq START="2262" END="2265">Papa</charseq>
        </head>
      </entity_mention>
      <entity_mention ID="adige20040908_id405684-E9-10" TYPE="NOM" PRIMARY="false" METONYMY_MENTION="FALSE">
        <extent>
          <charseq START="2262" END="2320">Papa Giovanni XXIII che incoronò la statua della B.V. Maria</charseq>
        </extent>
        <head>
          <charseq START="2262" END="2320">Papa Giovanni XXIII che incoronò la statua della B.V. Maria</charseq>
        </head>
      </entity_mention>
      <entity_attributes>
        <name NAME="Giovanni XXIII">
          <charseq START="2267" END="2280">Giovanni XXIII</charseq>
        </name>
        <name NAME="Roncalli">
          <charseq START="2248" END="2255">Roncalli</charseq>
        </name>
      </entity_attributes>
    </entity>
    <entity ID="adige20040908_id405684-E10" TYPE="PER" SUBTYPE="Individual" CLASS="SPC">
      <entity_mention ID="adige20040908_id405684-E10-1" TYPE="NAM" PRIMARY="true" METONYMY_MENTION="FALSE">
        <extent>
          <charseq START="2561" END="2573">Carmine Abate</charseq>
        </extent>
        <head>
          <charseq START="2561" END="2573">Carmine Abate</charseq>
        </head>
      </entity_mention>
      <entity_mention ID="adige20040908_id405684-E10-2" TYPE="NOM" PRIMARY="false" METONYMY_MENTION="FALSE">
        <extent>
          <charseq START="2548" END="2559">lo scrittore</charseq>
        </extent>
        <head>
          <charseq START="2551" END="2559">scrittore</charseq>
        </head>
      </entity_mention>
      <entity_mention ID="adige20040908_id405684-E10-3" TYPE="NOM" PRIMARY="false" METONYMY_MENTION="FALSE">
        <extent>
          <charseq START="2575" END="2608">autore de « La festa del ritorno »</charseq>
        </extent>
        <head>
          <charseq START="2575" END="2608">autore de « La festa del ritorno »</charseq>
        </head>
      </entity_mention>
      <entity_mention ID="adige20040908_id405684-E10-4" TYPE="NOM" PRIMARY="false" METONYMY_MENTION="FALSE">
        <extent>
          <charseq START="2548" END="2608">lo scrittore Carmine Abate autore de « La festa del ritorno »</charseq>
        </extent>
        <head>
          <charseq START="2548" END="2608">lo scrittore Carmine Abate autore de « La festa del ritorno »</charseq>
        </head>
      </entity_mention>
      <entity_mention ID="adige20040908_id405684-E10-5" TYPE="NAM" PRIMARY="false" METONYMY_MENTION="FALSE">
        <extent>
          <charseq START="2367" END="2371">Abate</charseq>
        </extent>
        <head>
          <charseq START="2367" END="2371">Abate</charseq>
        </head>
      </entity_mention>
      <entity_attributes>
        <name NAME="Carmine Abate">
          <charseq START="2561" END="2573">Carmine Abate</charseq>
        </name>
        <name NAME="Abate">
          <charseq START="2367" END="2371">Abate</charseq>
        </name>
      </entity_attributes>
    </entity>
    <entity ID="adige20040908_id405684-E11" TYPE="PER" SUBTYPE="Individual" CLASS="SPC">
      <entity_mention ID="adige20040908_id405684-E11-1" TYPE="NAM" PRIMARY="true" METONYMY_MENTION="FALSE">
        <extent>
          <charseq START="2620" END="2632">Gigi Zoppello</charseq>
        </extent>
        <head>
          <charseq START="2620" END="2632">Gigi Zoppello</charseq>
        </head>
      </entity_mention>
      <entity_attributes>
        <name NAME="Gigi Zoppello">
          <charseq START="2620" END="2632">Gigi Zoppello</charseq>
        </name>
      </entity_attributes>
    </entity>
    <entity ID="adige20040908_id405684-E12" TYPE="PER" SUBTYPE="Individual" CLASS="SPC">
      <entity_mention ID="adige20040908_id405684-E12-1" TYPE="NAM" PRIMARY="true" METONYMY_MENTION="FALSE">
        <extent>
          <charseq START="2904" END="2920">Antonio Bergamini</charseq>
        </extent>
        <head>
          <charseq START="2904" END="2920">Antonio Bergamini</charseq>
        </head>
      </entity_mention>
      <entity_mention ID="adige20040908_id405684-E12-2" TYPE="NOM" PRIMARY="false" METONYMY_MENTION="FALSE">
        <extent>
          <charseq START="2895" END="2901">il prof</charseq>
        </extent>
        <head>
          <charseq START="2898" END="2901">prof</charseq>
        </head>
      </entity_mention>
      <entity_mention ID="adige20040908_id405684-E12-3" TYPE="NOM" PRIMARY="false" METONYMY_MENTION="FALSE">
        <extent>
          <charseq START="2895" END="2920">il prof. Antonio Bergamini</charseq>
        </extent>
        <head>
          <charseq START="2895" END="2920">il prof. Antonio Bergamini</charseq>
        </head>
      </entity_mention>
      <entity_attributes>
        <name NAME="Antonio Bergamini">
          <charseq START="2904" END="2920">Antonio Bergamini</charseq>
        </name>
      </entity_attributes>
    </entity>
    <entity ID="adige20040908_id405684-E13" TYPE="PER" SUBTYPE="Group" CLASS="SPC">
      <entity_mention ID="adige20040908_id405684-E13-1" TYPE="NOM" PRIMARY="true" METONYMY_MENTION="FALSE">
        <extent>
          <charseq START="3143" END="3197">vari dj. che propongono il meglio della musica mondiale</charseq>
        </extent>
        <head>
          <charseq START="3148" END="3150">dj.</charseq>
        </head>
      </entity_mention>
      <entity_mention ID="adige20040908_id405684-E13-2" TYPE="PRO" PRIMARY="false" METONYMY_MENTION="FALSE">
        <extent>
          <charseq START="3152" END="3154">che</charseq>
        </extent>
        <head>
          <charseq START="3152" END="3154">che</charseq>
        </head>
      </entity_mention>
    </entity>
    <entity ID="adige20040908_id405684-E14" TYPE="PER" SUBTYPE="Individual" CLASS="SPC">
      <entity_mention ID="adige20040908_id405684-E14-1" TYPE="NAM" PRIMARY="true" METONYMY_MENTION="FALSE">
        <extent>
          <charseq START="3212" END="3223">Poeta Ignoto</charseq>
        </extent>
        <head>
          <charseq START="3212" END="3223">Poeta Ignoto</charseq>
        </head>
      </entity_mention>
      <entity_mention ID="adige20040908_id405684-E14-2" TYPE="NOM" PRIMARY="false" METONYMY_MENTION="FALSE">
        <extent>
          <charseq START="3205" END="3209">il dj</charseq>
        </extent>
        <head>
          <charseq START="3208" END="3209">dj</charseq>
        </head>
      </entity_mention>
      <entity_mention ID="adige20040908_id405684-E14-3" TYPE="NOM" PRIMARY="false" METONYMY_MENTION="FALSE">
        <extent>
          <charseq START="3205" END="3223">il dj. Poeta Ignoto</charseq>
        </extent>
        <head>
          <charseq START="3205" END="3223">il dj. Poeta Ignoto</charseq>
        </head>
      </entity_mention>
      <entity_attributes>
        <name NAME="Poeta Ignoto">
          <charseq START="3212" END="3223">Poeta Ignoto</charseq>
        </name>
      </entity_attributes>
    </entity>
    <entity ID="adige20040908_id405684-E15" TYPE="PER" SUBTYPE="Individual" CLASS="SPC">
      <entity_mention ID="adige20040908_id405684-E15-1" TYPE="NAM" PRIMARY="true" METONYMY_MENTION="FALSE">
        <extent>
          <charseq START="2700" END="2713">Franco Cardini</charseq>
        </extent>
        <head>
          <charseq START="2700" END="2713">Franco Cardini</charseq>
        </head>
      </entity_mention>
      <entity_mention ID="adige20040908_id405684-E15-2" TYPE="NOM" PRIMARY="false" METONYMY_MENTION="FALSE">
        <extent>
          <charseq START="2686" END="2698">dello storico</charseq>
        </extent>
        <head>
          <charseq START="2692" END="2698">storico</charseq>
        </head>
      </entity_mention>
      <entity_mention ID="adige20040908_id405684-E15-3" TYPE="NAM" PRIMARY="false" METONYMY_MENTION="FALSE">
        <extent>
          <charseq START="2659" END="2665">Cardini</charseq>
        </extent>
        <head>
          <charseq START="2659" END="2665">Cardini</charseq>
        </head>
      </entity_mention>
      <entity_mention ID="adige20040908_id405684-E15-4" TYPE="NOM" PRIMARY="false" METONYMY_MENTION="FALSE">
        <extent>
          <charseq START="2686" END="2713">dello storico Franco Cardini</charseq>
        </extent>
        <head>
          <charseq START="2686" END="2713">dello storico Franco Cardini</charseq>
        </head>
      </entity_mention>
      <entity_attributes>
        <name NAME="Franco Cardini">
          <charseq START="2700" END="2713">Franco Cardini</charseq>
        </name>
        <name NAME="Cardini">
          <charseq START="2659" END="2665">Cardini</charseq>
        </name>
      </entity_attributes>
    </entity>
    <entity ID="adige20040908_id405684-E16" TYPE="PER" SUBTYPE="Individual" CLASS="SPC">
      <entity_mention ID="adige20040908_id405684-E16-1" TYPE="NAM" PRIMARY="true" METONYMY_MENTION="FALSE">
        <extent>
          <charseq START="3345" END="3358">Frankie Hi Nrg</charseq>
        </extent>
        <head>
          <charseq START="3345" END="3358">Frankie Hi Nrg</charseq>
        </head>
      </entity_mention>
      <entity_attributes>
        <name NAME="Frankie Hi Nrg">
          <charseq START="3345" END="3358">Frankie Hi Nrg</charseq>
        </name>
      </entity_attributes>
    </entity>
    <entity ID="adige20040908_id405684-E17" TYPE="PER" SUBTYPE="Individual" CLASS="SPC">
      <entity_mention ID="adige20040908_id405684-E17-1" TYPE="NAM" PRIMARY="true" METONYMY_MENTION="FALSE">
        <extent>
          <charseq START="3386" END="3391">Depero</charseq>
        </extent>
        <head>
          <charseq START="3386" END="3391">Depero</charseq>
        </head>
      </entity_mention>
      <entity_attributes>
        <name NAME="Depero">
          <charseq START="3386" END="3391">Depero</charseq>
        </name>
      </entity_attributes>
    </entity>
    <entity ID="adige20040908_id405684-E18" TYPE="PER" SUBTYPE="Individual" CLASS="SPC">
      <entity_mention ID="adige20040908_id405684-E18-1" TYPE="NAM" PRIMARY="true" METONYMY_MENTION="FALSE">
        <extent>
          <charseq START="3415" END="3419">Osaka</charseq>
        </extent>
        <head>
          <charseq START="3415" END="3419">Osaka</charseq>
        </head>
      </entity_mention>
      <entity_attributes>
        <name NAME="Osaka">
          <charseq START="3415" END="3419">Osaka</charseq>
        </name>
      </entity_attributes>
    </entity>
    <entity ID="adige20040908_id405684-E19" TYPE="PER" SUBTYPE="Individual" CLASS="SPC">
      <entity_mention ID="adige20040908_id405684-E19-1" TYPE="NAM" PRIMARY="true" METONYMY_MENTION="FALSE">
        <extent>
          <charseq START="3422" END="3449">Ezra Pound versione nu-metal</charseq>
        </extent>
        <head>
          <charseq START="3422" END="3431">Ezra Pound</charseq>
        </head>
      </entity_mention>
      <entity_attributes>
        <name NAME="Ezra Pound">
          <charseq START="3422" END="3431">Ezra Pound</charseq>
        </name>
      </entity_attributes>
    </entity>
    <entity ID="adige20040908_id405684-E20" TYPE="PER" SUBTYPE="Individual" CLASS="SPC">
      <entity_mention ID="adige20040908_id405684-E20-1" TYPE="NAM" PRIMARY="true" METONYMY_MENTION="FALSE">
        <extent>
          <charseq START="3924" END="3937">Bud Blumenthal</charseq>
        </extent>
        <head>
          <charseq START="3924" END="3937">Bud Blumenthal</charseq>
        </head>
      </entity_mention>
      <entity_attributes>
        <name NAME="Bud Blumenthal">
          <charseq START="3924" END="3937">Bud Blumenthal</charseq>
        </name>
      </entity_attributes>
    </entity>
    <entity ID="adige20040908_id405684-E21" TYPE="PER" SUBTYPE="Group" CLASS="SPC">
      <entity_mention ID="adige20040908_id405684-E21-1" TYPE="NOM" PRIMARY="true" METONYMY_MENTION="FALSE">
        <extent>
          <charseq START="4263" END="4282">i dj. di radiovivafm</charseq>
        </extent>
        <head>
          <charseq START="4265" END="4267">dj.</charseq>
        </head>
      </entity_mention>
    </entity>
    <entity ID="adige20040908_id405684-E22" TYPE="PER" SUBTYPE="Group" CLASS="SPC">
      <entity_mention ID="adige20040908_id405684-E22-1" TYPE="NOM" PRIMARY="true" METONYMY_MENTION="FALSE">
        <extent>
          <charseq START="4286" END="4319">gli artisti di Viavafm Compilation</charseq>
        </extent>
        <head>
          <charseq START="4290" END="4296">artisti</charseq>
        </head>
      </entity_mention>
    </entity>
    <entity ID="adige20040908_id405684-E23" TYPE="PER" SUBTYPE="Group" CLASS="GEN">
      <entity_mention ID="adige20040908_id405684-E23-1" TYPE="NOM" PRIMARY="true" METONYMY_MENTION="FALSE">
        <extent>
          <charseq START="4513" END="4514">dj</charseq>
        </extent>
        <head>
          <charseq START="4513" END="4514">dj</charseq>
        </head>
      </entity_mention>
    </entity>
    <entity ID="adige20040908_id405684-E24" TYPE="PER" SUBTYPE="Individual" CLASS="SPC">
      <entity_mention ID="adige20040908_id405684-E24-1" TYPE="NAM" PRIMARY="true" METONYMY_MENTION="FALSE">
        <extent>
          <charseq START="4635" END="4647">Stefano Benni</charseq>
        </extent>
        <head>
          <charseq START="4635" END="4647">Stefano Benni</charseq>
        </head>
      </entity_mention>
      <entity_attributes>
        <name NAME="Stefano Benni">
          <charseq START="4635" END="4647">Stefano Benni</charseq>
        </name>
      </entity_attributes>
    </entity>
    <entity ID="adige20040908_id405684-E25" TYPE="PER" SUBTYPE="Individual" CLASS="SPC">
      <entity_mention ID="adige20040908_id405684-E25-1" TYPE="NAM" PRIMARY="true" METONYMY_MENTION="FALSE">
        <extent>
          <charseq START="5007" END="5027">Louis-Philippe Demers</charseq>
        </extent>
        <head>
          <charseq START="5007" END="5027">Louis-Philippe Demers</charseq>
        </head>
      </entity_mention>
      <entity_attributes>
        <name NAME="Louis-Philippe Demers">
          <charseq START="5007" END="5027">Louis-Philippe Demers</charseq>
        </name>
      </entity_attributes>
    </entity>
    <entity ID="adige20040908_id405684-E26" TYPE="PER" SUBTYPE="Individual" CLASS="SPC">
      <entity_mention ID="adige20040908_id405684-E26-1" TYPE="NAM" PRIMARY="true" METONYMY_MENTION="FALSE">
        <extent>
          <charseq START="5031" END="5039">Bill Vorn</charseq>
        </extent>
        <head>
          <charseq START="5031" END="5039">Bill Vorn</charseq>
        </head>
      </entity_mention>
      <entity_attributes>
        <name NAME="Bill Vorn">
          <charseq START="5031" END="5039">Bill Vorn</charseq>
        </name>
      </entity_attributes>
    </entity>
    <entity ID="adige20040908_id405684-E27" TYPE="PER" SUBTYPE="Individual" CLASS="SPC">
      <entity_mention ID="adige20040908_id405684-E27-1" TYPE="NAM" PRIMARY="true" METONYMY_MENTION="FALSE">
        <extent>
          <charseq START="2105" END="2124">Madonna delle Grazie</charseq>
        </extent>
        <head>
          <charseq START="2105" END="2111">Madonna</charseq>
        </head>
      </entity_mention>
      <entity_mention ID="adige20040908_id405684-E27-2" TYPE="NOM" PRIMARY="false" METONYMY_MENTION="FALSE">
        <extent>
          <charseq START="2127" END="2148">patrona degli sciatori</charseq>
        </extent>
        <head>
          <charseq START="2127" END="2133">patrona</charseq>
        </head>
      </entity_mention>
      <entity_mention ID="adige20040908_id405684-E27-3" TYPE="NAM" PRIMARY="false" METONYMY_MENTION="FALSE">
        <extent>
          <charseq START="2105" END="2148">Madonna delle Grazie, patrona degli sciatori</charseq>
        </extent>
        <head>
          <charseq START="2105" END="2148">Madonna delle Grazie, patrona degli sciatori</charseq>
        </head>
      </entity_mention>
      <entity_attributes>
        <name NAME="Madonna">
          <charseq START="2105" END="2111">Madonna</charseq>
        </name>
        <name NAME="Madonna delle Grazie, patrona degli sciatori">
          <charseq START="2105" END="2148">Madonna delle Grazie, patrona degli sciatori</charseq>
        </name>
      </entity_attributes>
    </entity>
    <entity ID="adige20040908_id405684-E28" TYPE="PER" SUBTYPE="Group" CLASS="GEN">
      <entity_mention ID="adige20040908_id405684-E28-1" TYPE="NOM" PRIMARY="true" METONYMY_MENTION="FALSE">
        <extent>
          <charseq START="558" END="569">gli studiosi</charseq>
        </extent>
        <head>
          <charseq START="562" END="569">studiosi</charseq>
        </head>
      </entity_mention>
    </entity>
    <entity ID="adige20040908_id405684-E29" TYPE="PER" SUBTYPE="Group" CLASS="GEN">
      <entity_mention ID="adige20040908_id405684-E29-1" TYPE="NOM" PRIMARY="true" METONYMY_MENTION="FALSE">
        <extent>
          <charseq START="573" END="588">i professionisti</charseq>
        </extent>
        <head>
          <charseq START="575" END="588">professionisti</charseq>
        </head>
      </entity_mention>
    </entity>
    <entity ID="adige20040908_id405684-E30" TYPE="PER" SUBTYPE="Group" CLASS="GEN">
      <entity_mention ID="adige20040908_id405684-E30-1" TYPE="NOM" PRIMARY="true" METONYMY_MENTION="FALSE">
        <extent>
          <charseq START="558" END="616">gli studiosi e i professionisti delle discipline idrauliche</charseq>
        </extent>
        <head>
          <charseq START="558" END="616">gli studiosi e i professionisti delle discipline idrauliche</charseq>
        </head>
      </entity_mention>
    </entity>
    <entity ID="adige20040908_id405684-E31" TYPE="PER" SUBTYPE="Group" CLASS="SPC">
      <entity_mention ID="adige20040908_id405684-E31-1" TYPE="NOM" PRIMARY="true" METONYMY_MENTION="FALSE">
        <extent>
          <charseq START="4263" END="4319">i dj. di radiovivafm e gli artisti di Viavafm Compilation</charseq>
        </extent>
        <head>
          <charseq START="4263" END="4319">i dj. di radiovivafm e gli artisti di Viavafm Compilation</charseq>
        </head>
      </entity_mention>
    </entity>
    <entity ID="adige20040908_id405684-E32" TYPE="PER" SUBTYPE="Group" CLASS="SPC">
      <entity_mention ID="adige20040908_id405684-E32-1" TYPE="NAM" PRIMARY="true" METONYMY_MENTION="FALSE">
        <extent>
          <charseq START="5007" END="5039">Louis-Philippe Demers e Bill Vorn</charseq>
        </extent>
        <head>
          <charseq START="5007" END="5039">Louis-Philippe Demers e Bill Vorn</charseq>
        </head>
      </entity_mention>
      <entity_attributes>
        <name NAME="Louis-Philippe Demers e Bill Vorn">
          <charseq START="5007" END="5039">Louis-Philippe Demers e Bill Vorn</charseq>
        </name>
      </entity_attributes>
    </entity>
    <entity ID="adige20040908_id405684-E33" TYPE="ORG" SUBTYPE="Educational" CLASS="SPC">
      <entity_mention ID="adige20040908_id405684-E33-1" TYPE="NAM" PRIMARY="true" METONYMY_MENTION="FALSE">
        <extent>
          <charseq START="347" END="396">dal Dipartimento di Ingegneria civile e ambientale</charseq>
        </extent>
        <head>
          <charseq START="351" END="396">Dipartimento di Ingegneria civile e ambientale</charseq>
        </head>
      </entity_mention>
      <entity_attributes>
        <name NAME="Dipartimento di Ingegneria civile e ambientale">
          <charseq START="351" END="396">Dipartimento di Ingegneria civile e ambientale</charseq>
        </name>
      </entity_attributes>
    </entity>
    <entity ID="adige20040908_id405684-E34" TYPE="ORG" SUBTYPE="Educational" CLASS="SPC">
      <entity_mention ID="adige20040908_id405684-E34-1" TYPE="NAM" PRIMARY="true" METONYMY_MENTION="FALSE">
        <extent>
          <charseq START="400" END="473">dal Centro Universitario per la Difesa Idrogeologica dell'Ambiente Montano</charseq>
        </extent>
        <head>
          <charseq START="404" END="473">Centro Universitario per la Difesa Idrogeologica dell'Ambiente Montano</charseq>
        </head>
      </entity_mention>
      <entity_mention ID="adige20040908_id405684-E34-2" TYPE="NAM" PRIMARY="false" METONYMY_MENTION="FALSE">
        <extent>
          <charseq START="476" END="480">CUDAM</charseq>
        </extent>
        <head>
          <charseq START="476" END="480">CUDAM</charseq>
        </head>
      </entity_mention>
      <entity_attributes>
        <name NAME="Centro Universitario per la Difesa Idrogeologica dell'Ambiente Montano">
          <charseq START="404" END="473">Centro Universitario per la Difesa Idrogeologica dell'Ambiente Montano</charseq>
        </name>
        <name NAME="CUDAM">
          <charseq START="476" END="480">CUDAM</charseq>
        </name>
      </entity_attributes>
    </entity>
    <entity ID="adige20040908_id405684-E35" TYPE="ORG" SUBTYPE="Educational" CLASS="SPC">
      <entity_mention ID="adige20040908_id405684-E35-1" TYPE="NAM" PRIMARY="true" METONYMY_MENTION="FALSE">
        <extent>
          <charseq START="347" END="507">dal Dipartimento di Ingegneria civile e ambientale e dal Centro Universitario per la Difesa Idrogeologica dell'Ambiente Montano (CUDAM) dell'Università di Trento</charseq>
        </extent>
        <head>
          <charseq START="347" END="507">dal Dipartimento di Ingegneria civile e ambientale e dal Centro Universitario per la Difesa Idrogeologica dell'Ambiente Montano (CUDAM) dell'Università di Trento</charseq>
        </head>
      </entity_mention>
      <entity_attributes>
        <name NAME="dal Dipartimento di Ingegneria civile e ambientale e dal Centro Universitario per la Difesa Idrogeologica dell'Ambiente Montano (CUDAM) dell'Università di Trento">
          <charseq START="347" END="507">dal Dipartimento di Ingegneria civile e ambientale e dal Centro Universitario per la Difesa Idrogeologica dell'Ambiente Montano (CUDAM) dell'Università di Trento</charseq>
        </name>
      </entity_attributes>
    </entity>
    <entity ID="adige20040908_id405684-E36" TYPE="ORG" SUBTYPE="Medical-Science" CLASS="SPC">
      <entity_mention ID="adige20040908_id405684-E36-1" TYPE="NAM" PRIMARY="true" METONYMY_MENTION="FALSE">
        <extent>
          <charseq START="1162" END="1199">della Società Italiana di Biogeografia</charseq>
        </extent>
        <head>
          <charseq START="1168" END="1199">Società Italiana di Biogeografia</charseq>
        </head>
      </entity_mention>
      <entity_attributes>
        <name NAME="Società Italiana di Biogeografia">
          <charseq START="1168" END="1199">Società Italiana di Biogeografia</charseq>
        </name>
      </entity_attributes>
    </entity>
    <entity ID="adige20040908_id405684-E37" TYPE="ORG" SUBTYPE="Medical-Science" CLASS="SPC">
      <entity_mention ID="adige20040908_id405684-E37-1" TYPE="NAM" PRIMARY="true" METONYMY_MENTION="FALSE">
        <extent>
          <charseq START="1213" END="1241">dal Centro di Ecologia Alpina</charseq>
        </extent>
        <head>
          <charseq START="1217" END="1241">Centro di Ecologia Alpina</charseq>
        </head>
      </entity_mention>
      <entity_mention ID="adige20040908_id405684-E37-3" TYPE="NAM" PRIMARY="false" METONYMY_MENTION="FALSE">
        <extent>
          <charseq START="2013" END="2037">Centro di Ecologia Alpina</charseq>
        </extent>
        <head>
          <charseq START="2013" END="2037">Centro di Ecologia Alpina</charseq>
        </head>
      </entity_mention>
      <entity_attributes>
        <name NAME="Centro di Ecologia Alpina">
          <charseq START="1217" END="1241">Centro di Ecologia Alpina</charseq>
        </name>
        <name NAME="Centro di Ecologia Alpina">
          <charseq START="2013" END="2037">Centro di Ecologia Alpina</charseq>
        </name>
      </entity_attributes>
    </entity>
    <entity ID="adige20040908_id405684-E38" TYPE="ORG" SUBTYPE="Educational" CLASS="SPC">
      <entity_mention ID="adige20040908_id405684-E38-1" TYPE="NAM" PRIMARY="true" METONYMY_MENTION="FALSE">
        <extent>
          <charseq START="1245" END="1289">dal Museo Civico di Storia Naturale di Verona</charseq>
        </extent>
        <head>
          <charseq START="1249" END="1279">Museo Civico di Storia Naturale</charseq>
        </head>
      </entity_mention>
      <entity_attributes>
        <name NAME="Museo Civico di Storia Naturale">
          <charseq START="1249" END="1279">Museo Civico di Storia Naturale</charseq>
        </name>
      </entity_attributes>
    </entity>
    <entity ID="adige20040908_id405684-E39" TYPE="ORG" SUBTYPE="Government" CLASS="SPC">
      <entity_mention ID="adige20040908_id405684-E39-1" TYPE="NAM" PRIMARY="true" METONYMY_MENTION="FALSE">
        <extent>
          <charseq START="1307" END="1339">del Parco Nazionale dello Stelvio</charseq>
        </extent>
        <head>
          <charseq START="1311" END="1339">Parco Nazionale dello Stelvio</charseq>
        </head>
      </entity_mention>
      <entity_mention ID="adige20040908_id405684-E39-3" TYPE="NAM" PRIMARY="false" METONYMY_MENTION="FALSE">
        <extent>
          <charseq START="1946" END="1974">Parco Nazionale dello Stelvio</charseq>
        </extent>
        <head>
          <charseq START="1946" END="1974">Parco Nazionale dello Stelvio</charseq>
        </head>
      </entity_mention>
      <entity_attributes>
        <name NAME="Parco Nazionale dello Stelvio">
          <charseq START="1311" END="1339">Parco Nazionale dello Stelvio</charseq>
        </name>
        <name NAME="Parco Nazionale dello Stelvio">
          <charseq START="1946" END="1974">Parco Nazionale dello Stelvio</charseq>
        </name>
      </entity_attributes>
    </entity>
    <entity ID="adige20040908_id405684-E40" TYPE="ORG" SUBTYPE="Medical-Science" CLASS="SPC">
      <entity_mention ID="adige20040908_id405684-E40-1" TYPE="NAM" PRIMARY="true" METONYMY_MENTION="FALSE">
        <extent>
          <charseq START="1213" END="1289">dal Centro di Ecologia Alpina e dal Museo Civico di Storia Naturale di Verona</charseq>
        </extent>
        <head>
          <charseq START="1213" END="1289">dal Centro di Ecologia Alpina e dal Museo Civico di Storia Naturale di Verona</charseq>
        </head>
      </entity_mention>
      <entity_attributes>
        <name NAME="dal Centro di Ecologia Alpina e dal Museo Civico di Storia Naturale di Verona">
          <charseq START="1213" END="1289">dal Centro di Ecologia Alpina e dal Museo Civico di Storia Naturale di Verona</charseq>
        </name>
      </entity_attributes>
    </entity>
    <entity ID="adige20040908_id405684-E41" TYPE="ORG" SUBTYPE="Entertainment" CLASS="SPC">
      <entity_mention ID="adige20040908_id405684-E41-2" TYPE="NAM" PRIMARY="true" METONYMY_MENTION="FALSE">
        <extent>
          <charseq START="3487" END="3497">Duran Duran</charseq>
        </extent>
        <head>
          <charseq START="3487" END="3497">Duran Duran</charseq>
        </head>
      </entity_mention>
      <entity_attributes>
        <name NAME="Duran Duran">
          <charseq START="3487" END="3497">Duran Duran</charseq>
        </name>
      </entity_attributes>
    </entity>
    <entity ID="adige20040908_id405684-E42" TYPE="ORG" SUBTYPE="Entertainment" CLASS="SPC">
      <entity_mention ID="adige20040908_id405684-E42-2" TYPE="NAM" PRIMARY="true" METONYMY_MENTION="FALSE">
        <extent>
          <charseq START="3620" END="3637">« Tarantàs Borgo »</charseq>
        </extent>
        <head>
          <charseq START="3622" END="3635">Tarantàs Borgo</charseq>
        </head>
      </entity_mention>
      <entity_mention ID="adige20040908_id405684-E42-4" TYPE="NOM" PRIMARY="false" METONYMY_MENTION="FALSE">
        <extent>
          <charseq START="3600" END="3618">del gruppo teatrale</charseq>
        </extent>
        <head>
          <charseq START="3604" END="3609">gruppo</charseq>
        </head>
      </entity_mention>
      <entity_mention ID="adige20040908_id405684-E42-6" TYPE="NOM" PRIMARY="false" METONYMY_MENTION="FALSE">
        <extent>
          <charseq START="3600" END="3637">del gruppo teatrale « Tarantàs Borgo »</charseq>
        </extent>
        <head>
          <charseq START="3600" END="3637">del gruppo teatrale « Tarantàs Borgo »</charseq>
        </head>
      </entity_mention>
      <entity_attributes>
        <name NAME="Tarantàs Borgo">
          <charseq START="3622" END="3635">Tarantàs Borgo</charseq>
        </name>
      </entity_attributes>
    </entity>
    <entity ID="adige20040908_id405684-E43" TYPE="ORG" SUBTYPE="Entertainment" CLASS="SPC">
      <entity_mention ID="adige20040908_id405684-E43-2" TYPE="NAM" PRIMARY="true" METONYMY_MENTION="FALSE">
        <extent>
          <charseq START="3772" END="3817">dei « Cantori di Castelsardo e Sessa Aurunca »</charseq>
        </extent>
        <head>
          <charseq START="3778" END="3815">Cantori di Castelsardo e Sessa Aurunca</charseq>
        </head>
      </entity_mention>
      <entity_attributes>
        <name NAME="Cantori di Castelsardo e Sessa Aurunca">
          <charseq START="3778" END="3815">Cantori di Castelsardo e Sessa Aurunca</charseq>
        </name>
      </entity_attributes>
    </entity>
    <entity ID="adige20040908_id405684-E44" TYPE="ORG" SUBTYPE="Entertainment" CLASS="SPC">
      <entity_mention ID="adige20040908_id405684-E44-2" TYPE="NAM" PRIMARY="true" METONYMY_MENTION="FALSE">
        <extent>
          <charseq START="3943" END="3976">la Compagnia Bud Blumenthal/Hybrid</charseq>
        </extent>
        <head>
          <charseq START="3946" END="3976">Compagnia Bud Blumenthal/Hybrid</charseq>
        </head>
      </entity_mention>
      <entity_attributes>
        <name NAME="Compagnia Bud Blumenthal/Hybrid">
          <charseq START="3946" END="3976">Compagnia Bud Blumenthal/Hybrid</charseq>
        </name>
      </entity_attributes>
    </entity>
    <entity ID="adige20040908_id405684-E45" TYPE="ORG" SUBTYPE="Entertainment" CLASS="SPC">
      <entity_mention ID="adige20040908_id405684-E45-2" TYPE="NAM" PRIMARY="true" METONYMY_MENTION="FALSE">
        <extent>
          <charseq START="4063" END="4088">della banda di Dodiciville</charseq>
        </extent>
        <head>
          <charseq START="4069" END="4088">banda di Dodiciville</charseq>
        </head>
      </entity_mention>
      <entity_mention ID="adige20040908_id405684-E45-4" TYPE="NOM" PRIMARY="false" METONYMY_MENTION="FALSE">
        <extent>
          <charseq START="4037" END="4044">la Banda</charseq>
        </extent>
        <head>
          <charseq START="4040" END="4044">Banda</charseq>
        </head>
      </entity_mention>
      <entity_attributes>
        <name NAME="banda di Dodiciville">
          <charseq START="4069" END="4088">banda di Dodiciville</charseq>
        </name>
      </entity_attributes>
    </entity>
    <entity ID="adige20040908_id405684-E46" TYPE="ORG" SUBTYPE="Commercial" CLASS="SPC">
      <entity_mention ID="adige20040908_id405684-E46-2" TYPE="NAM" PRIMARY="true" METONYMY_MENTION="FALSE">
        <extent>
          <charseq START="4400" END="4421">Il Soultrain di Trento</charseq>
        </extent>
        <head>
          <charseq START="4403" END="4411">Soultrain</charseq>
        </head>
      </entity_mention>
      <entity_mention ID="adige20040908_id405684-E46-4" TYPE="NOM" PRIMARY="false" METONYMY_MENTION="FALSE">
        <extent>
          <charseq START="4425" END="4540">un pub dove assistere ad esibizioni di vario genere, dalla musica dal vivo, alla serata dj, allo spettacolo teatrale</charseq>
        </extent>
        <head>
          <charseq START="4428" END="4430">pub</charseq>
        </head>
      </entity_mention>
      <entity_mention ID="adige20040908_id405684-E46-5" TYPE="PRO" PRIMARY="false" METONYMY_MENTION="FALSE">
        <extent>
          <charseq START="4432" END="4435">dove</charseq>
        </extent>
        <head>
          <charseq START="4432" END="4435">dove</charseq>
        </head>
      </entity_mention>
      <entity_attributes>
        <name NAME="Soultrain">
          <charseq START="4403" END="4411">Soultrain</charseq>
        </name>
      </entity_attributes>
    </entity>
    <entity ID="adige20040908_id405684-E47" TYPE="ORG" SUBTYPE="Entertainment" CLASS="SPC">
      <entity_mention ID="adige20040908_id405684-E47-2" TYPE="NAM" PRIMARY="true" METONYMY_MENTION="FALSE">
        <extent>
          <charseq START="4568" END="4647">« Estroteatro » che stasera presenterà un divertente atto unico di Stefano Benni</charseq>
        </extent>
        <head>
          <charseq START="4570" END="4580">Estroteatro</charseq>
        </head>
      </entity_mention>
      <entity_mention ID="adige20040908_id405684-E47-4" TYPE="PRO" PRIMARY="false" METONYMY_MENTION="FALSE">
        <extent>
          <charseq START="4584" END="4586">che</charseq>
        </extent>
        <head>
          <charseq START="4584" END="4586">che</charseq>
        </head>
      </entity_mention>
      <entity_attributes>
        <name NAME="Estroteatro">
          <charseq START="4570" END="4580">Estroteatro</charseq>
        </name>
      </entity_attributes>
    </entity>
    <entity ID="adige20040908_id405684-E48" TYPE="ORG" SUBTYPE="Educational" CLASS="SPC">
      <entity_mention ID="adige20040908_id405684-E48-2" TYPE="NAM" PRIMARY="true" METONYMY_MENTION="FALSE">
        <extent>
          <charseq START="483" END="507">dell'Università di Trento</charseq>
        </extent>
        <head>
          <charseq START="488" END="507">Università di Trento</charseq>
        </head>
      </entity_mention>
      <entity_attributes>
        <name NAME="Università di Trento">
          <charseq START="488" END="507">Università di Trento</charseq>
        </name>
      </entity_attributes>
    </entity>
    <entity ID="adige20040908_id405684-E49" TYPE="ORG" SUBTYPE="Media" CLASS="SPC">
      <entity_mention ID="adige20040908_id405684-E49-1" TYPE="NAM" PRIMARY="true" METONYMY_MENTION="FALSE">
        <extent>
          <charseq START="1931" END="1974">Ufficio Stampa Parco Nazionale dello Stelvio</charseq>
        </extent>
        <head>
          <charseq START="1931" END="1944">Ufficio Stampa</charseq>
        </head>
      </entity_mention>
      <entity_attributes>
        <name NAME="Ufficio Stampa">
          <charseq START="1931" END="1944">Ufficio Stampa</charseq>
        </name>
      </entity_attributes>
    </entity>
    <entity ID="adige20040908_id405684-E51" TYPE="GPE" SUBTYPE="Population-Center" CLASS="SPC">
      <entity_mention ID="adige20040908_id405684-E51-1" TYPE="NAM" PRIMARY="true" ROLE="LOC" METONYMY_MENTION="FALSE">
        <extent>
          <charseq START="216" END="221">Trento</charseq>
        </extent>
        <head>
          <charseq START="216" END="221">Trento</charseq>
        </head>
      </entity_mention>
      <entity_mention ID="adige20040908_id405684-E51-2" TYPE="NAM" PRIMARY="false" ROLE="LOC" METONYMY_MENTION="FALSE">
        <extent>
          <charseq START="4122" END="4127">Trento</charseq>
        </extent>
        <head>
          <charseq START="4122" END="4127">Trento</charseq>
        </head>
      </entity_mention>
      <entity_mention ID="adige20040908_id405684-E51-3" TYPE="NAM" PRIMARY="false" ROLE="LOC" METONYMY_MENTION="FALSE">
        <extent>
          <charseq START="4362" END="4367">Trento</charseq>
        </extent>
        <head>
          <charseq START="4362" END="4367">Trento</charseq>
        </head>
      </entity_mention>
      <entity_mention ID="adige20040908_id405684-E51-4" TYPE="NAM" PRIMARY="false" ROLE="GPE" METONYMY_MENTION="FALSE">
        <extent>
          <charseq START="4416" END="4421">Trento</charseq>
        </extent>
        <head>
          <charseq START="4416" END="4421">Trento</charseq>
        </head>
      </entity_mention>
      <entity_attributes>
        <name NAME="Trento">
          <charseq START="216" END="221">Trento</charseq>
        </name>
        <name NAME="Trento">
          <charseq START="4122" END="4127">Trento</charseq>
        </name>
        <name NAME="Trento">
          <charseq START="4362" END="4367">Trento</charseq>
        </name>
        <name NAME="Trento">
          <charseq START="4416" END="4421">Trento</charseq>
        </name>
      </entity_attributes>
    </entity>
    <entity ID="adige20040908_id405684-E52" TYPE="GPE" SUBTYPE="Nation" CLASS="SPC">
      <entity_mention ID="adige20040908_id405684-E52-1" TYPE="NOM" PRIMARY="true" ROLE="ORG" METONYMY_MENTION="FALSE">
        <extent>
          <charseq START="918" END="943">i Paesi in via di sviluppo</charseq>
        </extent>
        <head>
          <charseq START="920" END="924">Paesi</charseq>
        </head>
      </entity_mention>
    </entity>
    <entity ID="adige20040908_id405684-E54" TYPE="GPE" SUBTYPE="Nation" CLASS="SPC">
      <entity_mention ID="adige20040908_id405684-E54-1" TYPE="NAM" PRIMARY="true" ROLE="GPE" METONYMY_MENTION="FALSE">
        <extent>
          <charseq START="1885" END="1896">tutta Italia</charseq>
        </extent>
        <head>
          <charseq START="1891" END="1896">Italia</charseq>
        </head>
      </entity_mention>
      <entity_attributes>
        <name NAME="Italia">
          <charseq START="1891" END="1896">Italia</charseq>
        </name>
      </entity_attributes>
    </entity>
    <entity ID="adige20040908_id405684-E56" TYPE="GPE" SUBTYPE="Population-Center" CLASS="SPC">
      <entity_mention ID="adige20040908_id405684-E56-1" TYPE="NAM" PRIMARY="true" ROLE="LOC" METONYMY_MENTION="FALSE">
        <extent>
          <charseq START="2055" END="2062">Folgaria</charseq>
        </extent>
        <head>
          <charseq START="2055" END="2062">Folgaria</charseq>
        </head>
      </entity_mention>
      <entity_attributes>
        <name NAME="Folgaria">
          <charseq START="2055" END="2062">Folgaria</charseq>
        </name>
      </entity_attributes>
    </entity>
    <entity ID="adige20040908_id405684-E57" TYPE="GPE" SUBTYPE="Population-Center" CLASS="SPC">
      <entity_mention ID="adige20040908_id405684-E57-1" TYPE="NAM" PRIMARY="true" ROLE="LOC" METONYMY_MENTION="FALSE">
        <extent>
          <charseq START="2358" END="2364">Pergine</charseq>
        </extent>
        <head>
          <charseq START="2358" END="2364">Pergine</charseq>
        </head>
      </entity_mention>
      <entity_mention ID="adige20040908_id405684-E57-2" TYPE="NAM" PRIMARY="false" ROLE="LOC" METONYMY_MENTION="FALSE">
        <extent>
          <charseq START="3706" END="3712">Pergine</charseq>
        </extent>
        <head>
          <charseq START="3706" END="3712">Pergine</charseq>
        </head>
      </entity_mention>
      <entity_attributes>
        <name NAME="Pergine">
          <charseq START="2358" END="2364">Pergine</charseq>
        </name>
        <name NAME="Pergine">
          <charseq START="3706" END="3712">Pergine</charseq>
        </name>
      </entity_attributes>
    </entity>
    <entity ID="adige20040908_id405684-E58" TYPE="GPE" SUBTYPE="Population-Center" CLASS="SPC">
      <entity_mention ID="adige20040908_id405684-E58-1" TYPE="NAM" PRIMARY="true" ROLE="LOC" METONYMY_MENTION="FALSE">
        <extent>
          <charseq START="2649" END="2656">Rovereto</charseq>
        </extent>
        <head>
          <charseq START="2649" END="2656">Rovereto</charseq>
        </head>
      </entity_mention>
      <entity_mention ID="adige20040908_id405684-E58-2" TYPE="NAM" PRIMARY="false" ROLE="LOC" METONYMY_MENTION="FALSE">
        <extent>
          <charseq START="3057" END="3064">Rovereto</charseq>
        </extent>
        <head>
          <charseq START="3057" END="3064">Rovereto</charseq>
        </head>
      </entity_mention>
      <entity_mention ID="adige20040908_id405684-E58-3" TYPE="NAM" PRIMARY="false" ROLE="LOC" METONYMY_MENTION="FALSE">
        <extent>
          <charseq START="3855" END="3862">Rovereto</charseq>
        </extent>
        <head>
          <charseq START="3855" END="3862">Rovereto</charseq>
        </head>
      </entity_mention>
      <entity_mention ID="adige20040908_id405684-E58-4" TYPE="NAM" PRIMARY="false" ROLE="LOC" METONYMY_MENTION="FALSE">
        <extent>
          <charseq START="4914" END="4921">Rovereto</charseq>
        </extent>
        <head>
          <charseq START="4914" END="4921">Rovereto</charseq>
        </head>
      </entity_mention>
      <entity_attributes>
        <name NAME="Rovereto">
          <charseq START="2649" END="2656">Rovereto</charseq>
        </name>
        <name NAME="Rovereto">
          <charseq START="3057" END="3064">Rovereto</charseq>
        </name>
        <name NAME="Rovereto">
          <charseq START="3855" END="3862">Rovereto</charseq>
        </name>
        <name NAME="Rovereto">
          <charseq START="4914" END="4921">Rovereto</charseq>
        </name>
      </entity_attributes>
    </entity>
    <entity ID="adige20040908_id405684-E59" TYPE="GPE" SUBTYPE="Population-Center" CLASS="SPC">
      <entity_mention ID="adige20040908_id405684-E59-1" TYPE="NAM" PRIMARY="true" ROLE="LOC" METONYMY_MENTION="FALSE">
        <extent>
          <charseq START="2786" END="2800">Baselga di Pinè</charseq>
        </extent>
        <head>
          <charseq START="2786" END="2800">Baselga di Pinè</charseq>
        </head>
      </entity_mention>
      <entity_attributes>
        <name NAME="Baselga di Pinè">
          <charseq START="2786" END="2800">Baselga di Pinè</charseq>
        </name>
      </entity_attributes>
    </entity>
    <entity ID="adige20040908_id405684-E60" TYPE="GPE" SUBTYPE="Population-Center" CLASS="SPC">
      <entity_mention ID="adige20040908_id405684-E60-1" TYPE="NAM" PRIMARY="true" ROLE="LOC" METONYMY_MENTION="FALSE">
        <extent>
          <charseq START="3554" END="3559">Levico</charseq>
        </extent>
        <head>
          <charseq START="3554" END="3559">Levico</charseq>
        </head>
      </entity_mention>
      <entity_attributes>
        <name NAME="Levico">
          <charseq START="3554" END="3559">Levico</charseq>
        </name>
      </entity_attributes>
    </entity>
    <entity ID="adige20040908_id405684-E61" TYPE="GPE" SUBTYPE="Population-Center" CLASS="SPC">
      <entity_mention ID="adige20040908_id405684-E61-1" TYPE="NAM" PRIMARY="true" ROLE="LOC" METONYMY_MENTION="FALSE">
        <extent>
          <charseq START="4029" END="4034">Tesero</charseq>
        </extent>
        <head>
          <charseq START="4029" END="4034">Tesero</charseq>
        </head>
      </entity_mention>
      <entity_attributes>
        <name NAME="Tesero">
          <charseq START="4029" END="4034">Tesero</charseq>
        </name>
      </entity_attributes>
    </entity>
    <entity ID="adige20040908_id405684-E62" TYPE="GPE" SUBTYPE="County-or-District" CLASS="SPC">
      <entity_mention ID="adige20040908_id405684-E62-1" TYPE="NAM" PRIMARY="true" ROLE="GPE" METONYMY_MENTION="FALSE">
        <extent>
          <charseq START="4091" END="4097">Bolzano</charseq>
        </extent>
        <head>
          <charseq START="4091" END="4097">Bolzano</charseq>
        </head>
      </entity_mention>
      <entity_mention ID="adige20040908_id405684-E62-2" TYPE="NAM" PRIMARY="false" ROLE="GPE" METONYMY_MENTION="FALSE">
        <extent>
          <charseq START="4111" END="4118">comunale</charseq>
        </extent>
        <head>
          <charseq START="4111" END="4118">comunale</charseq>
        </head>
      </entity_mention>
      <entity_attributes>
        <name NAME="Bolzano">
          <charseq START="4091" END="4097">Bolzano</charseq>
        </name>
      </entity_attributes>
    </entity>
    <entity ID="adige20040908_id405684-E63" TYPE="GPE" SUBTYPE="State-or-Province" CLASS="SPC">
      <entity_mention ID="adige20040908_id405684-E63-2" TYPE="NAM" PRIMARY="true" ROLE="GPE" METONYMY_MENTION="FALSE">
        <extent>
          <charseq START="4130" END="4136">Baviera</charseq>
        </extent>
        <head>
          <charseq START="4130" END="4136">Baviera</charseq>
        </head>
      </entity_mention>
      <entity_attributes>
        <name NAME="Baviera">
          <charseq START="4130" END="4136">Baviera</charseq>
        </name>
      </entity_attributes>
    </entity>
    <entity ID="adige20040908_id405684-E64" TYPE="GPE" SUBTYPE="Population-Center" CLASS="SPC">
      <entity_mention ID="adige20040908_id405684-E64-1" TYPE="NAM" PRIMARY="true" ROLE="LOC" METONYMY_MENTION="FALSE">
        <extent>
          <charseq START="30" END="39">Montagnaga</charseq>
        </extent>
        <head>
          <charseq START="30" END="39">Montagnaga</charseq>
        </head>
      </entity_mention>
      <entity_attributes>
        <name NAME="Montagnaga">
          <charseq START="30" END="39">Montagnaga</charseq>
        </name>
      </entity_attributes>
    </entity>
    <entity ID="adige20040908_id405684-E65" TYPE="GPE" SUBTYPE="Population-Center" CLASS="SPC">
      <entity_mention ID="adige20040908_id405684-E65-1" TYPE="NAM" PRIMARY="true" ROLE="LOC" METONYMY_MENTION="FALSE">
        <extent>
          <charseq START="968" END="972">Rabbi</charseq>
        </extent>
        <head>
          <charseq START="968" END="972">Rabbi</charseq>
        </head>
      </entity_mention>
      <entity_attributes>
        <name NAME="Rabbi">
          <charseq START="968" END="972">Rabbi</charseq>
        </name>
      </entity_attributes>
    </entity>
    <entity ID="adige20040908_id405684-E66" TYPE="GPE" SUBTYPE="Population-Center" CLASS="SPC">
      <entity_mention ID="adige20040908_id405684-E66-1" TYPE="NAM" PRIMARY="true" ROLE="GPE" METONYMY_MENTION="FALSE">
        <extent>
          <charseq START="1121" END="1132">San Bernardo</charseq>
        </extent>
        <head>
          <charseq START="1121" END="1132">San Bernardo</charseq>
        </head>
      </entity_mention>
      <entity_mention ID="adige20040908_id405684-E66-2" TYPE="NOM" PRIMARY="false" ROLE="LOC" METONYMY_MENTION="FALSE">
        <extent>
          <charseq START="1112" END="1119">frazione</charseq>
        </extent>
        <head>
          <charseq START="1112" END="1119">frazione</charseq>
        </head>
      </entity_mention>
      <entity_mention ID="adige20040908_id405684-E66-3" TYPE="NOM" PRIMARY="false" ROLE="LOC" METONYMY_MENTION="FALSE">
        <extent>
          <charseq START="1112" END="1132">frazione San Bernardo</charseq>
        </extent>
        <head>
          <charseq START="1112" END="1132">frazione San Bernardo</charseq>
        </head>
      </entity_mention>
      <entity_attributes>
        <name NAME="San Bernardo">
          <charseq START="1121" END="1132">San Bernardo</charseq>
        </name>
      </entity_attributes>
    </entity>
    <entity ID="adige20040908_id405684-E67" TYPE="GPE" SUBTYPE="Population-Center" CLASS="SPC">
      <entity_mention ID="adige20040908_id405684-E67-1" TYPE="NAM" PRIMARY="true" ROLE="GPE" METONYMY_MENTION="FALSE">
        <extent>
          <charseq START="1284" END="1289">Verona</charseq>
        </extent>
        <head>
          <charseq START="1284" END="1289">Verona</charseq>
        </head>
      </entity_mention>
      <entity_attributes>
        <name NAME="Verona">
          <charseq START="1284" END="1289">Verona</charseq>
        </name>
      </entity_attributes>
    </entity>
    <entity ID="adige20040908_id405684-E68" TYPE="LOC" SUBTYPE="Land-Region-Natural" CLASS="SPC">
      <entity_mention ID="adige20040908_id405684-E68-1" TYPE="NAM" PRIMARY="true" METONYMY_MENTION="FALSE">
        <extent>
          <charseq START="1503" END="1508">alpino</charseq>
        </extent>
        <head>
          <charseq START="1503" END="1508">alpino</charseq>
        </head>
      </entity_mention>
      <entity_mention ID="adige20040908_id405684-E68-2" TYPE="NAM" PRIMARY="false" METONYMY_MENTION="FALSE">
        <extent>
          <charseq START="1587" END="1592">alpina</charseq>
        </extent>
        <head>
          <charseq START="1587" END="1592">alpina</charseq>
        </head>
      </entity_mention>
    </entity>
    <entity ID="adige20040908_id405684-E69" TYPE="LOC" SUBTYPE="Land-Region-Natural" CLASS="SPC">
      <entity_mention ID="adige20040908_id405684-E69-1" TYPE="NAM" PRIMARY="true" METONYMY_MENTION="FALSE">
        <extent>
          <charseq START="1512" END="1521">pre-alpino</charseq>
        </extent>
        <head>
          <charseq START="1512" END="1521">pre-alpino</charseq>
        </head>
      </entity_mention>
    </entity>
    <entity ID="adige20040908_id405684-E70" TYPE="LOC" SUBTYPE="Land-Region-Natural" CLASS="SPC">
      <entity_mention ID="adige20040908_id405684-E70-1" TYPE="NOM" PRIMARY="true" METONYMY_MENTION="FALSE">
        <extent>
          <charseq START="1492" END="1521">territorio alpino e pre-alpino</charseq>
        </extent>
        <head>
          <charseq START="1492" END="1501">territorio</charseq>
        </head>
      </entity_mention>
    </entity>
    <entity ID="adige20040908_id405684-E71" TYPE="LOC" SUBTYPE="Land-Region-Natural" CLASS="SPC">
      <entity_mention ID="adige20040908_id405684-E71-1" TYPE="NOM" PRIMARY="true" METONYMY_MENTION="FALSE">
        <extent>
          <charseq START="1678" END="1698">sulle nostre montagne</charseq>
        </extent>
        <head>
          <charseq START="1691" END="1698">montagne</charseq>
        </head>
      </entity_mention>
    </entity>
    <entity ID="adige20040908_id405684-E72" TYPE="GPE" SUBTYPE="State-or-Province" CLASS="SPC">
      <entity_mention ID="adige20040908_id405684-E72-1" TYPE="PRO" PRIMARY="true" METONYMY_MENTION="FALSE">
        <extent>
          <charseq START="1684" END="1689">nostre</charseq>
        </extent>
        <head>
          <charseq START="1684" END="1689">nostre</charseq>
        </head>
      </entity_mention>
    </entity>
    <entity ID="adige20040908_id405684-E73" TYPE="GPE" SUBTYPE="Population-Center" CLASS="SPC">
      <entity_mention ID="adige20040908_id405684-E73-1" TYPE="NAM" PRIMARY="true" METONYMY_MENTION="FALSE">
        <extent>
          <charseq START="2338" END="2354">Costa di Folgaria</charseq>
        </extent>
        <head>
          <charseq START="2338" END="2354">Costa di Folgaria</charseq>
        </head>
      </entity_mention>
      <entity_attributes>
        <name NAME="Costa di Folgaria">
          <charseq START="2338" END="2354">Costa di Folgaria</charseq>
        </name>
      </entity_attributes>
    </entity>
    <entity ID="adige20040908_id405684-E74" TYPE="GPE" SUBTYPE="Population-Center" CLASS="SPC">
      <entity_mention ID="adige20040908_id405684-E74-1" TYPE="NAM" PRIMARY="true" METONYMY_MENTION="FALSE">
        <extent>
          <charseq START="4348" END="4358">alle Ghiaie</charseq>
        </extent>
        <head>
          <charseq START="4353" END="4358">Ghiaie</charseq>
        </head>
      </entity_mention>
      <entity_attributes>
        <name NAME="Ghiaie">
          <charseq START="4353" END="4358">Ghiaie</charseq>
        </name>
      </entity_attributes>
    </entity>
    <entity ID="adige20040908_id405684-E75" TYPE="LOC" SUBTYPE="Address" CLASS="SPC">
      <entity_mention ID="adige20040908_id405684-E75-1" TYPE="NAM" PRIMARY="true" METONYMY_MENTION="FALSE">
        <extent>
          <charseq START="4784" END="4799">via Briamasco, 2</charseq>
        </extent>
        <head>
          <charseq START="4784" END="4796">via Briamasco</charseq>
        </head>
      </entity_mention>
      <entity_attributes>
        <name NAME="via Briamasco">
          <charseq START="4784" END="4796">via Briamasco</charseq>
        </name>
      </entity_attributes>
    </entity>
    <entity ID="adige20040908_id405684-E76" TYPE="ORG" SUBTYPE="Government" CLASS="SPC">
      <entity_mention ID="adige20040908_id405684-E76-1" TYPE="NAM" PRIMARY="true" METONYMY_MENTION="FALSE">
        <extent>
          <charseq START="1819" END="1851">nei Siti di interesse comunitario</charseq>
        </extent>
        <head>
          <charseq START="1823" END="1851">Siti di interesse comunitario</charseq>
        </head>
      </entity_mention>
      <entity_mention ID="adige20040908_id405684-E76-2" TYPE="NAM" PRIMARY="false" METONYMY_MENTION="FALSE">
        <extent>
          <charseq START="1854" END="1856">SIC</charseq>
        </extent>
        <head>
          <charseq START="1854" END="1856">SIC</charseq>
        </head>
      </entity_mention>
      <entity_attributes>
        <name NAME="Siti di interesse comunitario">
          <charseq START="1823" END="1851">Siti di interesse comunitario</charseq>
        </name>
        <name NAME="SIC">
          <charseq START="1854" END="1856">SIC</charseq>
        </name>
      </entity_attributes>
    </entity>
  </document>
</source_file>
