<?xml version="1.0" encoding="UTF-8"?>
<!DOCTYPE source_file PUBLIC "SYSTEM" "apf.v5.2.0.dtd">

<source_file URI="adige20040908_id405690.txt" SOURCE="unknown" TYPE="text" VERSION="5.0" AUTHOR="Evalita" ENCODING="UTF-8">
  <document DOCID="adige20040908_id405690">
    <entity ID="adige20040908_id405690-E1" TYPE="PER" SUBTYPE="Group" CLASS="SPC">
      <entity_mention ID="adige20040908_id405690-E1-2" TYPE="NOM" PRIMARY="true" METONYMY_MENTION="FALSE">
        <extent>
          <charseq START="505" END="536">tutti gli appassionati di musica</charseq>
        </extent>
        <head>
          <charseq START="515" END="526">appassionati</charseq>
        </head>
      </entity_mention>
    </entity>
    <entity ID="adige20040908_id405690-E2" TYPE="PER" SUBTYPE="Group" CLASS="GEN">
      <entity_mention ID="adige20040908_id405690-E2-2" TYPE="NOM" PRIMARY="true" METONYMY_MENTION="FALSE">
        <extent>
          <charseq START="542" END="548">giovani</charseq>
        </extent>
        <head>
          <charseq START="542" END="548">giovani</charseq>
        </head>
      </entity_mention>
    </entity>
    <entity ID="adige20040908_id405690-E3" TYPE="PER" SUBTYPE="Group" CLASS="GEN">
      <entity_mention ID="adige20040908_id405690-E3-2" TYPE="NOM" PRIMARY="true" METONYMY_MENTION="FALSE">
        <extent>
          <charseq START="567" END="572">adulti</charseq>
        </extent>
        <head>
          <charseq START="567" END="572">adulti</charseq>
        </head>
      </entity_mention>
    </entity>
    <entity ID="adige20040908_id405690-E4" TYPE="PER" SUBTYPE="Group" CLASS="SPC">
      <entity_mention ID="adige20040908_id405690-E4-2" TYPE="NOM" PRIMARY="true" METONYMY_MENTION="FALSE">
        <extent>
          <charseq START="602" END="616">gli interessati</charseq>
        </extent>
        <head>
          <charseq START="606" END="616">interessati</charseq>
        </head>
      </entity_mention>
    </entity>
    <entity ID="adige20040908_id405690-E5" TYPE="PER" SUBTYPE="Individual" CLASS="SPC">
      <entity_mention ID="adige20040908_id405690-E5-2" TYPE="NAM" PRIMARY="true" METONYMY_MENTION="FALSE">
        <extent>
          <charseq START="655" END="671">Claudio Vadagnini</charseq>
        </extent>
        <head>
          <charseq START="655" END="671">Claudio Vadagnini</charseq>
        </head>
      </entity_mention>
      <entity_mention ID="adige20040908_id405690-E5-4" TYPE="NOM" PRIMARY="false" METONYMY_MENTION="FALSE">
        <extent>
          <charseq START="675" END="705">coordinatore dei corsi musicali</charseq>
        </extent>
        <head>
          <charseq START="675" END="686">coordinatore</charseq>
        </head>
      </entity_mention>
      <entity_attributes>
        <name NAME="Claudio Vadagnini">
          <charseq START="655" END="671">Claudio Vadagnini</charseq>
        </name>
      </entity_attributes>
    </entity>
    <entity ID="adige20040908_id405690-E6" TYPE="PER" SUBTYPE="Group" CLASS="GEN">
      <entity_mention ID="adige20040908_id405690-E6-1" TYPE="NOM" PRIMARY="true" METONYMY_MENTION="FALSE">
        <extent>
          <charseq START="542" END="572">giovani (dai 12 anni) ed adulti</charseq>
        </extent>
        <head>
          <charseq START="542" END="572">giovani (dai 12 anni) ed adulti</charseq>
        </head>
      </entity_mention>
    </entity>
    <entity ID="adige20040908_id405690-E9" TYPE="ORG" SUBTYPE="Entertainment" CLASS="SPC">
      <entity_mention ID="adige20040908_id405690-E9-1" TYPE="NAM" PRIMARY="true" METONYMY_MENTION="FALSE">
        <extent>
          <charseq START="183" END="218">dal Corpo musicale "Città di Trento"</charseq>
        </extent>
        <head>
          <charseq START="187" END="218">Corpo musicale "Città di Trento"</charseq>
        </head>
      </entity_mention>
      <entity_mention ID="adige20040908_id405690-E9-2" TYPE="NAM" PRIMARY="false" METONYMY_MENTION="FALSE">
        <extent>
          <charseq START="10" END="20">nella banda</charseq>
        </extent>
        <head>
          <charseq START="16" END="20">banda</charseq>
        </head>
      </entity_mention>
      <entity_mention ID="adige20040908_id405690-E9-3" TYPE="NAM" PRIMARY="false" METONYMY_MENTION="FALSE">
        <extent>
          <charseq START="92" END="112">della Banda cittadina</charseq>
        </extent>
        <head>
          <charseq START="98" END="112">Banda cittadina</charseq>
        </head>
      </entity_mention>
      <entity_mention ID="adige20040908_id405690-E9-4" TYPE="NAM" PRIMARY="false" METONYMY_MENTION="FALSE">
        <extent>
          <charseq START="463" END="473">della Banda</charseq>
        </extent>
        <head>
          <charseq START="469" END="473">Banda</charseq>
        </head>
      </entity_mention>
      <entity_attributes>
        <name NAME="Corpo musicale &quot;Città di Trento&quot;">
          <charseq START="187" END="218">Corpo musicale "Città di Trento"</charseq>
        </name>
        <name NAME="banda">
          <charseq START="16" END="20">banda</charseq>
        </name>
        <name NAME="Banda cittadina">
          <charseq START="98" END="112">Banda cittadina</charseq>
        </name>
        <name NAME="Banda">
          <charseq START="469" END="473">Banda</charseq>
        </name>
      </entity_attributes>
    </entity>
    <entity ID="adige20040908_id405690-E13" TYPE="ORG" SUBTYPE="Entertainment" CLASS="SPC">
      <entity_mention ID="adige20040908_id405690-E13-1" TYPE="NAM" PRIMARY="true" METONYMY_MENTION="FALSE">
        <extent>
          <charseq START="242" END="276">la Federazione delle bande trentine</charseq>
        </extent>
        <head>
          <charseq START="245" END="255">Federazione</charseq>
        </head>
      </entity_mention>
      <entity_attributes>
        <name NAME="Federazione">
          <charseq START="245" END="255">Federazione</charseq>
        </name>
      </entity_attributes>
    </entity>
    <entity ID="adige20040908_id405690-E14" TYPE="GPE" SUBTYPE="Population-Center" CLASS="SPC">
      <entity_mention ID="adige20040908_id405690-E14-1" TYPE="NAM" PRIMARY="true" ROLE="LOC" METONYMY_MENTION="FALSE">
        <extent>
          <charseq START="26" END="31">TRENTO</charseq>
        </extent>
        <head>
          <charseq START="26" END="31">TRENTO</charseq>
        </head>
      </entity_mention>
      <entity_mention ID="adige20040908_id405690-E14-3" TYPE="NAM" PRIMARY="false" ROLE="LOC" METONYMY_MENTION="FALSE">
        <extent>
          <charseq START="441" END="446">Trento</charseq>
        </extent>
        <head>
          <charseq START="441" END="446">Trento</charseq>
        </head>
      </entity_mention>
      <entity_attributes>
        <name NAME="TRENTO">
          <charseq START="26" END="31">TRENTO</charseq>
        </name>
        <name NAME="Trento">
          <charseq START="441" END="446">Trento</charseq>
        </name>
      </entity_attributes>
    </entity>
    <entity ID="adige20040908_id405690-E15" TYPE="GPE" SUBTYPE="State-or-Province" CLASS="SPC">
      <entity_mention ID="adige20040908_id405690-E15-1" TYPE="NAM" PRIMARY="true" ROLE="GPE" METONYMY_MENTION="FALSE">
        <extent>
          <charseq START="269" END="276">trentine</charseq>
        </extent>
        <head>
          <charseq START="269" END="276">trentine</charseq>
        </head>
      </entity_mention>
    </entity>
    <entity ID="adige20040908_id405690-E16" TYPE="LOC" SUBTYPE="Address" CLASS="SPC">
      <entity_mention ID="adige20040908_id405690-E16-1" TYPE="NAM" PRIMARY="true" METONYMY_MENTION="FALSE">
        <extent>
          <charseq START="478" END="487">viale Olmi</charseq>
        </extent>
        <head>
          <charseq START="478" END="487">viale Olmi</charseq>
        </head>
      </entity_mention>
      <entity_attributes>
        <name NAME="viale Olmi">
          <charseq START="478" END="487">viale Olmi</charseq>
        </name>
      </entity_attributes>
    </entity>
  </document>
</source_file>
