<?xml version="1.0" encoding="UTF-8"?>
<!DOCTYPE source_file PUBLIC "SYSTEM" "apf.v5.1.1.dtd">

<source_file URI="adige20040907_id405626.sgm" SOURCE="unknown" TYPE="text" VERSION="5.0" AUTHOR="romano" ENCODING="UTF-8">
  <document DOCID="adige20040907_id405626">
    <timex2 ID="adige20040907_id405626-T1" VAL="2004-09-09">
      <timex2_mention ID="adige20040907_id405626-T1-1">
        <extent>
          <charseq START="86" END="92">Giovedì</charseq>
        </extent>
      </timex2_mention>
    </timex2>
    <timex2 ID="adige20040907_id405626-T2" VAL="2004-09-07TEV">
      <timex2_mention ID="adige20040907_id405626-T2-1">
        <extent>
          <charseq START="357" END="367">questa sera</charseq>
        </extent>
      </timex2_mention>
    </timex2>
    <timex2 ID="adige20040907_id405626-T3" VAL="2004-09-09">
      <timex2_mention ID="adige20040907_id405626-T3-1">
        <extent>
          <charseq START="391" END="397">giovedì</charseq>
        </extent>
      </timex2_mention>
    </timex2>
    <timex2 ID="adige20040907_id405626-T4" VAL="2004-09-09T19:30">
      <timex2_mention ID="adige20040907_id405626-T4-1">
        <extent>
          <charseq START="418" END="427">alle 19.30</charseq>
        </extent>
      </timex2_mention>
    </timex2>
    <timex2 ID="adige20040907_id405626-T5" VAL="2004-09-06">
      <timex2_mention ID="adige20040907_id405626-T5-1">
        <extent>
          <charseq START="644" END="647">Ieri</charseq>
        </extent>
      </timex2_mention>
    </timex2>
    <timex2 ID="adige20040907_id405626-T6" VAL="2004-09-07" COMMENT="Oggi non PRESENT_REF in quanto lo intendiamo fortemente riferito all'evento di Beslan.">
      <timex2_mention ID="adige20040907_id405626-T6-1">
        <extent>
          <charseq START="1380" END="1383">oggi</charseq>
        </extent>
      </timex2_mention>
    </timex2>
  </document>
</source_file>
