<?xml version="1.0" encoding="UTF-8"?>
<!DOCTYPE source_file PUBLIC "SYSTEM" "apf.v5.1.1.dtd">

<source_file URI="adige20040907_id405603.sgm" SOURCE="unknown" TYPE="text" VERSION="5.0" AUTHOR="romano" ENCODING="UTF-8">
  <document DOCID="adige20040907_id405603">
    <timex2 ID="adige20040907_id405603-T1" VAL="1992">
      <timex2_mention ID="adige20040907_id405603-T1-1">
        <extent>
          <charseq START="130" END="137">dal 1992</charseq>
        </extent>
      </timex2_mention>
    </timex2>
    <timex2 ID="adige20040907_id405603-T7" VAL="PAST_REF" ANCHOR_VAL="2004-09-07" ANCHOR_DIR="BEFORE">
      <timex2_mention ID="adige20040907_id405603-T7-1">
        <extent>
          <charseq START="512" END="513">ex</charseq>
        </extent>
      </timex2_mention>
    </timex2>
    <timex2 ID="adige20040907_id405603-T3" VAL="2001">
      <timex2_mention ID="adige20040907_id405603-T3-1">
        <extent>
          <charseq START="211" END="218">nel 2001</charseq>
        </extent>
      </timex2_mention>
    </timex2>
    <timex2 ID="adige20040907_id405603-T2" VAL="1998">
      <timex2_mention ID="adige20040907_id405603-T2-1">
        <extent>
          <charseq START="140" END="147">Nel 1998</charseq>
        </extent>
      </timex2_mention>
    </timex2>
    <timex2 ID="adige20040907_id405603-T4" VAL="2001" MOD="END">
      <timex2_mention ID="adige20040907_id405603-T4-1">
        <extent>
          <charseq START="327" END="335">fine 2001</charseq>
        </extent>
      </timex2_mention>
    </timex2>
    <timex2 ID="adige20040907_id405603-T5" VAL="2001-12-21">
      <timex2_mention ID="adige20040907_id405603-T5-1">
        <extent>
          <charseq START="379" END="398">del 21 dicembre 2001</charseq>
        </extent>
      </timex2_mention>
    </timex2>
    <timex2 ID="adige20040907_id405603-T6" VAL="2001-02">
      <timex2_mention ID="adige20040907_id405603-T6-1">
        <extent>
          <charseq START="552" END="568">nel febbraio 2001</charseq>
        </extent>
      </timex2_mention>
    </timex2>
  </document>
</source_file>
