<?xml version="1.0" encoding="UTF-8"?>
<!DOCTYPE source_file PUBLIC "SYSTEM" "apf.v5.1.1.dtd">

<source_file URI="adige20040907_id405612.sgm" SOURCE="unknown" TYPE="text" VERSION="5.0" AUTHOR="romano" ENCODING="UTF-8">
  <document DOCID="adige20040907_id405612">
    <timex2 ID="adige20040907_id405612-T7" VAL="2004">
      <timex2_mention ID="adige20040907_id405612-T7-1">
        <extent>
          <charseq START="752" END="755">2004</charseq>
        </extent>
      </timex2_mention>
    </timex2>
    <timex2 ID="adige20040907_id405612-T12" VAL="1985">
      <timex2_mention ID="adige20040907_id405612-T12-1">
        <extent>
          <charseq START="618" END="625">del 1985</charseq>
        </extent>
      </timex2_mention>
    </timex2>
    <timex2 ID="adige20040907_id405612-T8" VAL="2006">
      <timex2_mention ID="adige20040907_id405612-T8-1">
        <extent>
          <charseq START="757" END="760">2006</charseq>
        </extent>
      </timex2_mention>
    </timex2>
    <timex2 ID="adige20040907_id405612-T9" VAL="2004">
      <timex2_mention ID="adige20040907_id405612-T9-1">
        <extent>
          <charseq START="865" END="871">il 2004</charseq>
        </extent>
      </timex2_mention>
    </timex2>
    <timex2 ID="adige20040907_id405612-T1" VAL="2004">
      <timex2_mention ID="adige20040907_id405612-T1-1">
        <extent>
          <charseq START="349" END="359">l'anno 2004</charseq>
        </extent>
      </timex2_mention>
    </timex2>
    <timex2 ID="adige20040907_id405612-T10" VAL="2004">
      <timex2_mention ID="adige20040907_id405612-T10-1">
        <extent>
          <charseq START="957" END="963">il 2004</charseq>
        </extent>
      </timex2_mention>
    </timex2>
    <timex2 ID="adige20040907_id405612-T2" VAL="2004-08-30">
      <timex2_mention ID="adige20040907_id405612-T2-1">
        <extent>
          <charseq START="412" END="431">del 30 agosto scorso</charseq>
        </extent>
      </timex2_mention>
    </timex2>
    <timex2 ID="adige20040907_id405612-T11" VAL="2003">
      <timex2_mention ID="adige20040907_id405612-T11-1">
        <extent>
          <charseq START="1249" END="1255">al 2003</charseq>
        </extent>
      </timex2_mention>
    </timex2>
    <timex2 ID="adige20040907_id405612-T3" VAL="2004">
      <timex2_mention ID="adige20040907_id405612-T3-1">
        <extent>
          <charseq START="649" END="652">2004</charseq>
        </extent>
      </timex2_mention>
    </timex2>
    <timex2 ID="adige20040907_id405612-T4" VAL="2004">
      <timex2_mention ID="adige20040907_id405612-T4-1">
        <extent>
          <charseq START="725" END="731">annuale</charseq>
        </extent>
      </timex2_mention>
    </timex2>
    <timex2 ID="adige20040907_id405612-T5" VAL="2004">
      <timex2_mention ID="adige20040907_id405612-T5-1">
        <extent>
          <charseq START="733" END="736">2004</charseq>
        </extent>
      </timex2_mention>
    </timex2>
    <timex2 ID="adige20040907_id405612-T13" VAL="PAST_REF" ANCHOR_VAL="2004-09-07" ANCHOR_DIR="BEFORE">
      <timex2_mention ID="adige20040907_id405612-T13-1">
        <extent>
          <charseq START="1050" END="1056">recente</charseq>
        </extent>
      </timex2_mention>
    </timex2>
    <timex2 ID="adige20040907_id405612-T6" VAL="PXY">
      <timex2_mention ID="adige20040907_id405612-T6-1">
        <extent>
          <charseq START="740" END="750">pluriennale</charseq>
        </extent>
      </timex2_mention>
    </timex2>
    <timex2 ID="adige20040907_id405612-T14" VAL="PRESENT_REF" ANCHOR_VAL="2004-09-07" ANCHOR_DIR="AS_OF">
      <timex2_mention ID="adige20040907_id405612-T14-1">
        <extent>
          <charseq START="1351" END="1358">correnti</charseq>
        </extent>
      </timex2_mention>
    </timex2>
  </document>
</source_file>
