<?xml version="1.0" encoding="UTF-8"?>
<!DOCTYPE source_file PUBLIC "SYSTEM" "apf.v5.1.1.dtd">

<source_file URI="adige20040907_id405619.sgm" SOURCE="unknown" TYPE="text" VERSION="5.0" AUTHOR="romano" ENCODING="UTF-8">
  <document DOCID="adige20040907_id405619">
    <timex2 ID="adige20040907_id405619-T8" VAL="1987">
      <timex2_mention ID="adige20040907_id405619-T8-1">
        <extent>
          <charseq START="1719" END="1725">al 1987</charseq>
        </extent>
      </timex2_mention>
    </timex2>
    <timex2 ID="adige20040907_id405619-T9" VAL="1987">
      <timex2_mention ID="adige20040907_id405619-T9-1">
        <extent>
          <charseq START="1728" END="1735">dal 1987</charseq>
        </extent>
      </timex2_mention>
    </timex2>
    <timex2 ID="adige20040907_id405619-T1" VAL="PXD" ANCHOR_VAL="2004-09-07" ANCHOR_DIR="AFTER">
      <timex2_mention ID="adige20040907_id405619-T1-1">
        <extent>
          <charseq START="51" END="69">nei prossimi giorni</charseq>
        </extent>
      </timex2_mention>
    </timex2>
    <timex2 ID="adige20040907_id405619-T10" VAL="1991">
      <timex2_mention ID="adige20040907_id405619-T10-1">
        <extent>
          <charseq START="1737" END="1743">al 1991</charseq>
        </extent>
      </timex2_mention>
    </timex2>
    <timex2 ID="adige20040907_id405619-T2" VAL="PRESENT_REF" ANCHOR_VAL="2004-09-07" ANCHOR_DIR="AS_OF">
      <timex2_mention ID="adige20040907_id405619-T2-1">
        <extent>
          <charseq START="240" END="242">ora</charseq>
        </extent>
      </timex2_mention>
    </timex2>
    <timex2 ID="adige20040907_id405619-T11" VAL="2000">
      <timex2_mention ID="adige20040907_id405619-T11-1">
        <extent>
          <charseq START="1790" END="1797">nel 2000</charseq>
        </extent>
      </timex2_mention>
    </timex2>
    <timex2 ID="adige20040907_id405619-T3" VAL="FUTURE_REF" ANCHOR_VAL="2004-09-07" ANCHOR_DIR="AFTER">
      <timex2_mention ID="adige20040907_id405619-T3-1">
        <extent>
          <charseq START="505" END="514">sul futuro</charseq>
        </extent>
      </timex2_mention>
    </timex2>
    <timex2 ID="adige20040907_id405619-T4" VAL="P45Y" ANCHOR_VAL="2004" ANCHOR_DIR="ENDING">
      <timex2_mention ID="adige20040907_id405619-T4-1">
        <extent>
          <charseq START="707" END="713">45 anni</charseq>
        </extent>
      </timex2_mention>
    </timex2>
    <timex2 ID="adige20040907_id405619-T5" VAL="1977">
      <timex2_mention ID="adige20040907_id405619-T5-1">
        <extent>
          <charseq START="1596" END="1599">1977</charseq>
        </extent>
      </timex2_mention>
    </timex2>
    <timex2 ID="adige20040907_id405619-T6" VAL="1981">
      <timex2_mention ID="adige20040907_id405619-T6-1">
        <extent>
          <charseq START="1657" END="1660">1981</charseq>
        </extent>
      </timex2_mention>
    </timex2>
    <timex2 ID="adige20040907_id405619-T7" VAL="1983">
      <timex2_mention ID="adige20040907_id405619-T7-1">
        <extent>
          <charseq START="1710" END="1717">dal 1983</charseq>
        </extent>
      </timex2_mention>
    </timex2>
    <timex2 ID="adige20040907_id405619-T12" VAL="2004-W38">
      <timex2_mention ID="adige20040907_id405619-T12-1">
        <extent>
          <charseq START="458" END="478">la prossima settimana</charseq>
        </extent>
      </timex2_mention>
    </timex2>
  </document>
</source_file>
