<?xml version="1.0" encoding="UTF-8"?>
<!DOCTYPE source_file PUBLIC "SYSTEM" "apf.v5.1.1.dtd">

<source_file URI="adige20040907_id405630.sgm" SOURCE="unknown" TYPE="text" VERSION="5.0" AUTHOR="romano" ENCODING="UTF-8">
  <document DOCID="adige20040907_id405630">
    <timex2 ID="adige20040907_id405630-T3" VAL="2004-09-22">
      <timex2_mention ID="adige20040907_id405630-T3-1">
        <extent>
          <charseq START="2929" END="2952">il prossimo 22 settembre</charseq>
        </extent>
      </timex2_mention>
    </timex2>
    <timex2 ID="adige20040907_id405630-T2" VAL="19">
      <timex2_mention ID="adige20040907_id405630-T2-1">
        <extent>
          <charseq START="1433" END="1440">del '900</charseq>
        </extent>
      </timex2_mention>
    </timex2>
    <timex2 ID="adige20040907_id405630-T1" VAL="P20Y" ANCHOR_VAL="2004" ANCHOR_DIR="ENDING">
      <timex2_mention ID="adige20040907_id405630-T1-1">
        <extent>
          <charseq START="485" END="504">negli ultimi 20 anni</charseq>
        </extent>
      </timex2_mention>
    </timex2>
  </document>
</source_file>
