<?xml version="1.0" encoding="UTF-8"?>
<!DOCTYPE source_file PUBLIC "SYSTEM" "apf.v5.1.1.dtd">

<source_file URI="adige20040907_id405631.sgm" SOURCE="unknown" TYPE="text" VERSION="5.0" AUTHOR="romano" ENCODING="UTF-8">
  <document DOCID="adige20040907_id405631">
    <timex2 ID="adige20040907_id405631-T1" VAL="2004-09-02">
      <timex2_mention ID="adige20040907_id405631-T1-1">
        <extent>
          <charseq START="513" END="524">giovedì sera</charseq>
        </extent>
      </timex2_mention>
    </timex2>
    <timex2 ID="adige20040907_id405631-T2" VAL="2004-06">
      <timex2_mention ID="adige20040907_id405631-T2-1">
        <extent>
          <charseq START="674" END="690">nel giugno scorso</charseq>
        </extent>
      </timex2_mention>
    </timex2>
    <timex2 ID="adige20040907_id405631-T3" COMMENT="NO calendario gregoriano.">
      <timex2_mention ID="adige20040907_id405631-T3-1">
        <extent>
          <charseq START="798" END="817">dell'anno scolastico</charseq>
        </extent>
      </timex2_mention>
    </timex2>
    <timex2 ID="adige20040907_id405631-T4" VAL="PRESENT_REF" ANCHOR_VAL="2004-09-07" ANCHOR_DIR="AS_OF">
      <timex2_mention ID="adige20040907_id405631-T4-1">
        <extent>
          <charseq START="82" END="84">Ora</charseq>
        </extent>
      </timex2_mention>
    </timex2>
  </document>
</source_file>
