<?xml version="1.0" encoding="UTF-8"?>
<!DOCTYPE source_file PUBLIC "SYSTEM" "apf.v5.1.1.dtd">

<source_file URI="adige20040907_id405627.sgm" SOURCE="unknown" TYPE="text" VERSION="5.0" AUTHOR="romano" ENCODING="UTF-8">
  <document DOCID="adige20040907_id405627">
    <timex2 ID="adige20040907_id405627-T5" VAL="PXD" ANCHOR_VAL="2004-09-07" ANCHOR_DIR="AFTER">
      <timex2_mention ID="adige20040907_id405627-T5-1">
        <extent>
          <charseq START="1579" END="1597">Nei prossimi giorni</charseq>
        </extent>
      </timex2_mention>
    </timex2>
    <timex2 ID="adige20040907_id405627-T11" VAL="PAST_REF" ANCHOR_VAL="2004-09-07" ANCHOR_DIR="BEFORE">
      <timex2_mention ID="adige20040907_id405627-T11-1">
        <extent>
          <charseq START="491" END="492">Ex</charseq>
        </extent>
      </timex2_mention>
    </timex2>
    <timex2 ID="adige20040907_id405627-T13">
      <timex2_mention ID="adige20040907_id405627-T13-1">
        <extent>
          <charseq START="2569" END="2594">nel primo giorno di scuola</charseq>
        </extent>
      </timex2_mention>
    </timex2>
    <timex2 ID="adige20040907_id405627-T12" VAL="PAST_REF" ANCHOR_VAL="2004-09-07" ANCHOR_DIR="BEFORE">
      <timex2_mention ID="adige20040907_id405627-T12-1">
        <extent>
          <charseq START="657" END="658">ex</charseq>
        </extent>
      </timex2_mention>
    </timex2>
    <timex2 ID="adige20040907_id405627-T14" VAL="PAST_REF" ANCHOR_VAL="2004-09-07" ANCHOR_DIR="BEFORE">
      <timex2_mention ID="adige20040907_id405627-T14-1">
        <extent>
          <charseq START="3814" END="3823">un passato</charseq>
        </extent>
      </timex2_mention>
    </timex2>
    <timex2 ID="adige20040907_id405627-T6" VAL="P47Y" ANCHOR_VAL="2004" ANCHOR_DIR="ENDING">
      <timex2_mention ID="adige20040907_id405627-T6-1">
        <extent>
          <charseq START="1672" END="1678">47 anni</charseq>
        </extent>
      </timex2_mention>
    </timex2>
    <timex2 ID="adige20040907_id405627-T7" VAL="P21Y" ANCHOR_VAL="2004" ANCHOR_DIR="ENDING">
      <timex2_mention ID="adige20040907_id405627-T7-1">
        <extent>
          <charseq START="1744" END="1750">21 anni</charseq>
        </extent>
      </timex2_mention>
    </timex2>
    <timex2 ID="adige20040907_id405627-T8" VAL="PRESENT_REF" ANCHOR_VAL="2004-09-07" ANCHOR_DIR="AS_OF">
      <timex2_mention ID="adige20040907_id405627-T8-1">
        <extent>
          <charseq START="1799" END="1811">questi giorni</charseq>
        </extent>
      </timex2_mention>
    </timex2>
    <timex2 ID="adige20040907_id405627-T9" VAL="XXXX-09-11">
      <timex2_mention ID="adige20040907_id405627-T9-1">
        <extent>
          <charseq START="2312" END="2323">11 settembre</charseq>
        </extent>
      </timex2_mention>
    </timex2>
    <timex2 ID="adige20040907_id405627-T1" VAL="PRESENT_REF" ANCHOR_VAL="2004-09-07" ANCHOR_DIR="AS_OF">
      <timex2_mention ID="adige20040907_id405627-T1-1">
        <extent>
          <charseq START="304" END="316">questi giorni</charseq>
        </extent>
      </timex2_mention>
    </timex2>
    <timex2 ID="adige20040907_id405627-T10" VAL="P10Y" ANCHOR_VAL="2004" ANCHOR_DIR="ENDING">
      <timex2_mention ID="adige20040907_id405627-T10-1">
        <extent>
          <charseq START="2966" END="2975">dieci anni</charseq>
        </extent>
      </timex2_mention>
    </timex2>
    <timex2 ID="adige20040907_id405627-T2" VAL="PRESENT_REF" ANCHOR_VAL="2004-09-07" ANCHOR_DIR="AS_OF">
      <timex2_mention ID="adige20040907_id405627-T2-1">
        <extent>
          <charseq START="792" END="804">questi giorni</charseq>
        </extent>
      </timex2_mention>
    </timex2>
    <timex2 ID="adige20040907_id405627-T3" VAL="PRESENT_REF" ANCHOR_VAL="2004-09-07" ANCHOR_DIR="AS_OF">
      <timex2_mention ID="adige20040907_id405627-T3-1">
        <extent>
          <charseq START="1174" END="1186">questi giorni</charseq>
        </extent>
      </timex2_mention>
    </timex2>
    <timex2 ID="adige20040907_id405627-T4" VAL="PXD" ANCHOR_VAL="2004-09-07" ANCHOR_DIR="AFTER">
      <timex2_mention ID="adige20040907_id405627-T4-1">
        <extent>
          <charseq START="1363" END="1381">Nei prossimi giorni</charseq>
        </extent>
      </timex2_mention>
    </timex2>
  </document>
</source_file>
