<?xml version="1.0" encoding="UTF-8"?>
<!DOCTYPE source_file PUBLIC "SYSTEM" "apf.v5.1.1.dtd">

<source_file URI="adige20040907_id405634.sgm" SOURCE="unknown" TYPE="text" VERSION="5.0" AUTHOR="romano" ENCODING="UTF-8">
  <document DOCID="adige20040907_id405634">
    <timex2 ID="adige20040907_id405634-T2" VAL="2004-09-27">
      <timex2_mention ID="adige20040907_id405634-T2-1">
        <extent>
          <charseq START="357" END="371">al 27 settembre</charseq>
        </extent>
      </timex2_mention>
    </timex2>
    <timex2 ID="adige20040907_id405634-T1" VAL="2004-09-08">
      <timex2_mention ID="adige20040907_id405634-T1-1">
        <extent>
          <charseq START="350" END="355">dall'8</charseq>
        </extent>
      </timex2_mention>
    </timex2>
    <timex2 ID="adige20040907_id405634-T3" VAL="2004-09-28">
      <timex2_mention ID="adige20040907_id405634-T3-1">
        <extent>
          <charseq START="374" END="393">Il giorno successivo</charseq>
        </extent>
      </timex2_mention>
    </timex2>
    <timex2 ID="adige20040907_id405634-T4" VAL="2004-09-28T10:00">
      <timex2_mention ID="adige20040907_id405634-T4-1">
        <extent>
          <charseq START="396" END="406">alle ore 10</charseq>
        </extent>
      </timex2_mention>
    </timex2>
  </document>
</source_file>
