<?xml version="1.0" encoding="UTF-8"?>
<!DOCTYPE source_file PUBLIC "SYSTEM" "apf.v5.1.1.dtd">

<source_file URI="adige20040907_id405620.sgm" SOURCE="unknown" TYPE="text" VERSION="5.0" AUTHOR="romano" ENCODING="UTF-8">
  <document DOCID="adige20040907_id405620">
    <timex2 ID="adige20040907_id405620-T5">
      <timex2_mention ID="adige20040907_id405620-T5-1">
        <extent>
          <charseq START="1747" END="1751">tempo</charseq>
        </extent>
      </timex2_mention>
    </timex2>
    <timex2 ID="adige20040907_id405620-T4" VAL="2004-09-30">
      <timex2_mention ID="adige20040907_id405620-T4-1">
        <extent>
          <charseq START="1773" END="1787">al 30 settembre</charseq>
        </extent>
      </timex2_mention>
    </timex2>
    <timex2 ID="adige20040907_id405620-T3" VAL="2004-09-06TMO">
      <timex2_mention ID="adige20040907_id405620-T3-1">
        <extent>
          <charseq START="1194" END="1213">la mattinata di ieri</charseq>
        </extent>
      </timex2_mention>
    </timex2>
    <timex2 ID="adige20040907_id405620-T6" VAL="PAST_REF" ANCHOR_VAL="2004-09-07" ANCHOR_DIR="BEFORE">
      <timex2_mention ID="adige20040907_id405620-T6-1">
        <extent>
          <charseq START="1311" END="1317">recente</charseq>
        </extent>
      </timex2_mention>
    </timex2>
    <timex2 ID="adige20040907_id405620-T1" VAL="2004-09-02">
      <timex2_mention ID="adige20040907_id405620-T1-1">
        <extent>
          <charseq START="390" END="403">giovedì scorso</charseq>
        </extent>
      </timex2_mention>
    </timex2>
    <timex2 ID="adige20040907_id405620-T2" VAL="2004-09-06TMO">
      <timex2_mention ID="adige20040907_id405620-T2-1">
        <extent>
          <charseq START="477" END="488">ieri mattina</charseq>
        </extent>
      </timex2_mention>
    </timex2>
  </document>
</source_file>
