<?xml version="1.0" encoding="UTF-8"?>
<!DOCTYPE source_file PUBLIC "SYSTEM" "apf.v5.1.1.dtd">

<source_file URI="adige20040907_id405613.sgm" SOURCE="unknown" TYPE="text" VERSION="5.0" AUTHOR="romano" ENCODING="UTF-8">
  <document DOCID="adige20040907_id405613">
    <timex2 ID="adige20040907_id405613-T2" VAL="2004-09-07">
      <timex2_mention ID="adige20040907_id405613-T2-1">
        <extent>
          <charseq START="168" END="171">oggi</charseq>
        </extent>
      </timex2_mention>
    </timex2>
    <timex2 ID="adige20040907_id405613-T10" VAL="PXY">
      <timex2_mention ID="adige20040907_id405613-T10-1">
        <extent>
          <charseq START="3322" END="3331">tanti anni</charseq>
        </extent>
      </timex2_mention>
    </timex2>
    <timex2 ID="adige20040907_id405613-T8" VAL="PRESENT_REF" ANCHOR_VAL="2004-09-07" ANCHOR_DIR="AS_OF">
      <timex2_mention ID="adige20040907_id405613-T8-1">
        <extent>
          <charseq START="2689" END="2691">ora</charseq>
        </extent>
      </timex2_mention>
    </timex2>
    <timex2 ID="adige20040907_id405613-T3" VAL="2004-09-07T15:00">
      <timex2_mention ID="adige20040907_id405613-T3-1">
        <extent>
          <charseq START="375" END="381">alle 15</charseq>
        </extent>
      </timex2_mention>
    </timex2>
    <timex2 ID="adige20040907_id405613-T4" VAL="2004-09-07">
      <timex2_mention ID="adige20040907_id405613-T4-1">
        <extent>
          <charseq START="439" END="448">del giorno</charseq>
        </extent>
      </timex2_mention>
    </timex2>
    <timex2 ID="adige20040907_id405613-T11" VAL="2004-09-07">
      <timex2_mention ID="adige20040907_id405613-T11-1">
        <extent>
          <charseq START="370" END="373">oggi</charseq>
        </extent>
      </timex2_mention>
    </timex2>
    <timex2 ID="adige20040907_id405613-T5" VAL="2004-09-13">
      <timex2_mention ID="adige20040907_id405613-T5-1">
        <extent>
          <charseq START="1015" END="1029">lunedì prossimo</charseq>
        </extent>
      </timex2_mention>
    </timex2>
    <timex2 ID="adige20040907_id405613-T12" VAL="2004-09-13">
      <timex2_mention ID="adige20040907_id405613-T12-1">
        <extent>
          <charseq START="1032" END="1043">13 settembre</charseq>
        </extent>
      </timex2_mention>
    </timex2>
    <timex2 ID="adige20040907_id405613-T6" VAL="PT6M">
      <timex2_mention ID="adige20040907_id405613-T6-1">
        <extent>
          <charseq START="1866" END="1873">sei mesi</charseq>
        </extent>
      </timex2_mention>
    </timex2>
    <timex2 ID="adige20040907_id405613-T7" VAL="2004-08-03">
      <timex2_mention ID="adige20040907_id405613-T7-1">
        <extent>
          <charseq START="4504" END="4522">del 3 agosto scorso</charseq>
        </extent>
      </timex2_mention>
    </timex2>
    <timex2 ID="adige20040907_id405613-T9" VAL="PRESENT_REF" ANCHOR_VAL="2004-09-07" ANCHOR_DIR="AS_OF">
      <timex2_mention ID="adige20040907_id405613-T9-1">
        <extent>
          <charseq START="3795" END="3798">oggi</charseq>
        </extent>
      </timex2_mention>
    </timex2>
    <timex2 ID="adige20040907_id405613-T1" VAL="2004-09-07TAF">
      <timex2_mention ID="adige20040907_id405613-T1-1">
        <extent>
          <charseq START="11" END="24">Nel pomeriggio</charseq>
        </extent>
      </timex2_mention>
    </timex2>
  </document>
</source_file>
