<?xml version="1.0" encoding="UTF-8"?>
<!DOCTYPE source_file PUBLIC "SYSTEM" "apf.v5.1.1.dtd">

<source_file URI="adige20040907_id405602.sgm" SOURCE="unknown" TYPE="text" VERSION="5.0" AUTHOR="romano" ENCODING="UTF-8">
  <document DOCID="adige20040907_id405602">
    <timex2 ID="adige20040907_id405602-T14" VAL="PAST_REF" ANCHOR_VAL="2004-09-07" ANCHOR_DIR="BEFORE">
      <timex2_mention ID="adige20040907_id405602-T14-1">
        <extent>
          <charseq START="2976" END="2977">ex</charseq>
        </extent>
      </timex2_mention>
    </timex2>
    <timex2 ID="adige20040907_id405602-T10" VAL="PAST_REF" ANCHOR_VAL="2004-09-07" ANCHOR_DIR="BEFORE">
      <timex2_mention ID="adige20040907_id405602-T10-1">
        <extent>
          <charseq START="158" END="159">ex</charseq>
        </extent>
      </timex2_mention>
    </timex2>
    <timex2 ID="adige20040907_id405602-T8" VAL="XXXX-XX" SET="YES" NON_SPECIFIC="YES">
      <timex2_mention ID="adige20040907_id405602-T8-1">
        <extent>
          <charseq START="4243" END="4249">mensile</charseq>
        </extent>
      </timex2_mention>
    </timex2>
    <timex2 ID="adige20040907_id405602-T6" VAL="1996">
      <timex2_mention ID="adige20040907_id405602-T6-1">
        <extent>
          <charseq START="4182" END="4189">nel 1996</charseq>
        </extent>
      </timex2_mention>
    </timex2>
    <timex2 ID="adige20040907_id405602-T11" VAL="PAST_REF" ANCHOR_VAL="2004-09-07" ANCHOR_DIR="BEFORE">
      <timex2_mention ID="adige20040907_id405602-T11-1">
        <extent>
          <charseq START="1397" END="1398">ex</charseq>
        </extent>
      </timex2_mention>
    </timex2>
    <timex2 ID="adige20040907_id405602-T9" VAL="PRESENT_REF" ANCHOR_VAL="2004-09-07" ANCHOR_DIR="AS_OF">
      <timex2_mention ID="adige20040907_id405602-T9-1">
        <extent>
          <charseq START="838" END="843">adesso</charseq>
        </extent>
      </timex2_mention>
    </timex2>
    <timex2 ID="adige20040907_id405602-T1" VAL="PXY" ANCHOR_VAL="2004" ANCHOR_DIR="BEFORE">
      <timex2_mention ID="adige20040907_id405602-T1-1">
        <extent>
          <charseq START="304" END="307">anni</charseq>
        </extent>
      </timex2_mention>
    </timex2>
    <timex2 ID="adige20040907_id405602-T2" VAL="PRESENT_REF" ANCHOR_VAL="2004-09-07" ANCHOR_DIR="AS_OF">
      <timex2_mention ID="adige20040907_id405602-T2-1">
        <extent>
          <charseq START="1017" END="1022">Adesso</charseq>
        </extent>
      </timex2_mention>
    </timex2>
    <timex2 ID="adige20040907_id405602-T12" VAL="PAST_REF" ANCHOR_VAL="2004-09-07" ANCHOR_DIR="BEFORE">
      <timex2_mention ID="adige20040907_id405602-T12-1">
        <extent>
          <charseq START="1450" END="1451">ex</charseq>
        </extent>
      </timex2_mention>
    </timex2>
    <timex2 ID="adige20040907_id405602-T3" VAL="P12Y" ANCHOR_VAL="2004" ANCHOR_DIR="ENDING">
      <timex2_mention ID="adige20040907_id405602-T3-1">
        <extent>
          <charseq START="1027" END="1037">dodici anni</charseq>
        </extent>
      </timex2_mention>
    </timex2>
    <timex2 ID="adige20040907_id405602-T4" VAL="2004-10-13">
      <timex2_mention ID="adige20040907_id405602-T4-1">
        <extent>
          <charseq START="1142" END="1163">il 13 ottobre prossimo</charseq>
        </extent>
      </timex2_mention>
    </timex2>
    <timex2 ID="adige20040907_id405602-T13" VAL="PAST_REF" ANCHOR_VAL="2004-09-07" ANCHOR_DIR="BEFORE">
      <timex2_mention ID="adige20040907_id405602-T13-1">
        <extent>
          <charseq START="1508" END="1509">ex</charseq>
        </extent>
      </timex2_mention>
    </timex2>
    <timex2 ID="adige20040907_id405602-T7" VAL="P6Y">
      <timex2_mention ID="adige20040907_id405602-T7-1">
        <extent>
          <charseq START="4272" END="4279">sei anni</charseq>
        </extent>
      </timex2_mention>
    </timex2>
    <timex2 ID="adige20040907_id405602-T5" VAL="P10Y">
      <timex2_mention ID="adige20040907_id405602-T5-1">
        <extent>
          <charseq START="4124" END="4135">i dieci anni</charseq>
        </extent>
      </timex2_mention>
    </timex2>
  </document>
</source_file>
