<?xml version="1.0" encoding="UTF-8"?>
<!DOCTYPE source_file PUBLIC "SYSTEM" "apf.v5.1.1.dtd">

<source_file URI="adige20040907_id405609.sgm" SOURCE="unknown" TYPE="text" VERSION="5.0" AUTHOR="romano" ENCODING="UTF-8">
  <document DOCID="adige20040907_id405609">
    <timex2 ID="adige20040907_id405609-T1" VAL="TMO" COMMENT="non ci sono elementi per determinare il giorno - RS">
      <timex2_mention ID="adige20040907_id405609-T1-1">
        <extent>
          <charseq START="369" END="377">mattinata</charseq>
        </extent>
      </timex2_mention>
    </timex2>
    <timex2 ID="adige20040907_id405609-T2" VAL="2004-10">
      <timex2_mention ID="adige20040907_id405609-T2-1">
        <extent>
          <charseq START="1057" END="1063">ottobre</charseq>
        </extent>
      </timex2_mention>
    </timex2>
    <timex2 ID="adige20040907_id405609-T3" VAL="2004-10-03">
      <timex2_mention ID="adige20040907_id405609-T3-1">
        <extent>
          <charseq START="1109" END="1113">Dal 3</charseq>
        </extent>
      </timex2_mention>
    </timex2>
    <timex2 ID="adige20040907_id405609-T4" VAL="2004-10-24">
      <timex2_mention ID="adige20040907_id405609-T4-1">
        <extent>
          <charseq START="1115" END="1119">al 24</charseq>
        </extent>
      </timex2_mention>
    </timex2>
    <timex2 ID="adige20040907_id405609-T5" VAL="2004-11-07">
      <timex2_mention ID="adige20040907_id405609-T5-1">
        <extent>
          <charseq START="1230" END="1242">Il 7 novembre</charseq>
        </extent>
      </timex2_mention>
    </timex2>
    <timex2 ID="adige20040907_id405609-T8" VAL="PAST_REF" ANCHOR_VAL="2004-09-07" ANCHOR_DIR="BEFORE">
      <timex2_mention ID="adige20040907_id405609-T8-1">
        <extent>
          <charseq START="242" END="246">tempo</charseq>
        </extent>
      </timex2_mention>
    </timex2>
    <timex2 ID="adige20040907_id405609-T6" VAL="2004-12" MOD="START">
      <timex2_mention ID="adige20040907_id405609-T6-1">
        <extent>
          <charseq START="1390" END="1409">Ai primi di dicembre</charseq>
        </extent>
      </timex2_mention>
    </timex2>
    <timex2 ID="adige20040907_id405609-T7" VAL="2004-09-06">
      <timex2_mention ID="adige20040907_id405609-T7-1">
        <extent>
          <charseq START="1565" END="1568">Ieri</charseq>
        </extent>
      </timex2_mention>
    </timex2>
  </document>
</source_file>
