<?xml version="1.0" encoding="UTF-8"?>
<!DOCTYPE source_file PUBLIC "SYSTEM" "apf.v5.1.1.dtd">

<source_file URI="adige20040907_id405610.sgm" SOURCE="unknown" TYPE="text" VERSION="5.0" AUTHOR="romano" ENCODING="UTF-8">
  <document DOCID="adige20040907_id405610">
    <timex2 ID="adige20040907_id405610-T12" VAL="PRESENT_REF" ANCHOR_VAL="2004-09-07" ANCHOR_DIR="AS_OF">
      <timex2_mention ID="adige20040907_id405610-T12-1">
        <extent>
          <charseq START="3028" END="3030">ora</charseq>
        </extent>
      </timex2_mention>
    </timex2>
    <timex2 ID="adige20040907_id405610-T1" VAL="2004-09-06TEV">
      <timex2_mention ID="adige20040907_id405610-T1-1">
        <extent>
          <charseq START="269" END="277">ieri sera</charseq>
        </extent>
      </timex2_mention>
    </timex2>
    <timex2 ID="adige20040907_id405610-T10" VAL="2004-09-06">
      <timex2_mention ID="adige20040907_id405610-T10-1">
        <extent>
          <charseq START="2665" END="2668">ieri</charseq>
        </extent>
      </timex2_mention>
    </timex2>
    <timex2 ID="adige20040907_id405610-T14" VAL="PRESENT_REF" ANCHOR_VAL="2004-09-07" ANCHOR_DIR="AS_OF">
      <timex2_mention ID="adige20040907_id405610-T14-1">
        <extent>
          <charseq START="2392" END="2394">ora</charseq>
        </extent>
      </timex2_mention>
    </timex2>
    <timex2 ID="adige20040907_id405610-T3" VAL="PXD" ANCHOR_VAL="2004-09-07" ANCHOR_DIR="AFTER">
      <timex2_mention ID="adige20040907_id405610-T3-1">
        <extent>
          <charseq START="615" END="633">nei prossimi giorni</charseq>
        </extent>
      </timex2_mention>
    </timex2>
    <timex2 ID="adige20040907_id405610-T4" VAL="PTXH">
      <timex2_mention ID="adige20040907_id405610-T4-1">
        <extent>
          <charseq START="821" END="829">poche ore</charseq>
        </extent>
      </timex2_mention>
    </timex2>
    <timex2 ID="adige20040907_id405610-T5" VAL="PRESENT_REF" ANCHOR_VAL="2004-09-07" ANCHOR_DIR="AS_OF">
      <timex2_mention ID="adige20040907_id405610-T5-1">
        <extent>
          <charseq START="1539" END="1541">ora</charseq>
        </extent>
      </timex2_mention>
    </timex2>
    <timex2 ID="adige20040907_id405610-T6" VAL="PRESENT_REF" ANCHOR_VAL="2004-09-07" ANCHOR_DIR="AS_OF">
      <timex2_mention ID="adige20040907_id405610-T6-1">
        <extent>
          <charseq START="1750" END="1752">Ora</charseq>
        </extent>
      </timex2_mention>
    </timex2>
    <timex2 ID="adige20040907_id405610-T7" VAL="PRESENT_REF" ANCHOR_VAL="2004-09-07" ANCHOR_DIR="AS_OF">
      <timex2_mention ID="adige20040907_id405610-T7-1">
        <extent>
          <charseq START="2121" END="2133">questi giorni</charseq>
        </extent>
      </timex2_mention>
    </timex2>
    <timex2 ID="adige20040907_id405610-T8" VAL="PRESENT_REF" ANCHOR_VAL="2004-09-07" ANCHOR_DIR="AS_OF">
      <timex2_mention ID="adige20040907_id405610-T8-1">
        <extent>
          <charseq START="2446" END="2458">questi giorni</charseq>
        </extent>
      </timex2_mention>
    </timex2>
    <timex2 ID="adige20040907_id405610-T13" VAL="PRESENT_REF" ANCHOR_VAL="2004-09-07" ANCHOR_DIR="AS_OF">
      <timex2_mention ID="adige20040907_id405610-T13-1">
        <extent>
          <charseq START="3079" END="3085">attuale</charseq>
        </extent>
      </timex2_mention>
    </timex2>
    <timex2 ID="adige20040907_id405610-T9" VAL="PRESENT_REF" ANCHOR_VAL="2004-09-07" ANCHOR_DIR="AS_OF">
      <timex2_mention ID="adige20040907_id405610-T9-1">
        <extent>
          <charseq START="2560" END="2562">ora</charseq>
        </extent>
      </timex2_mention>
    </timex2>
    <timex2 ID="adige20040907_id405610-T11" VAL="2004-SU">
      <timex2_mention ID="adige20040907_id405610-T11-1">
        <extent>
          <charseq START="507" END="512">estiva</charseq>
        </extent>
      </timex2_mention>
    </timex2>
  </document>
</source_file>
