<?xml version="1.0" encoding="UTF-8"?>
<!DOCTYPE source_file PUBLIC "SYSTEM" "apf.v5.1.1.dtd">

<source_file URI="adige20040907_id405625.sgm" SOURCE="unknown" TYPE="text" VERSION="5.0" AUTHOR="romano" ENCODING="UTF-8">
  <document DOCID="adige20040907_id405625">
    <timex2 ID="adige20040907_id405625-T1" VAL="P44Y" ANCHOR_VAL="2004" ANCHOR_DIR="ENDING">
      <timex2_mention ID="adige20040907_id405625-T1-1">
        <extent>
          <charseq START="456" END="461">44enne</charseq>
        </extent>
      </timex2_mention>
    </timex2>
    <timex2 ID="adige20040907_id405625-T2" VAL="2004-09-06TEV">
      <timex2_mention ID="adige20040907_id405625-T2-1">
        <extent>
          <charseq START="739" END="747">Ieri sera</charseq>
        </extent>
      </timex2_mention>
    </timex2>
    <timex2 ID="adige20040907_id405625-T3" VAL="PXY" ANCHOR_VAL="2004" ANCHOR_DIR="BEFORE">
      <timex2_mention ID="adige20040907_id405625-T3-1">
        <extent>
          <charseq START="4459" END="4475">negli ultimi anni</charseq>
        </extent>
      </timex2_mention>
    </timex2>
    <timex2 ID="adige20040907_id405625-T4" VAL="PRESENT_REF" ANCHOR_VAL="2004-09-07" ANCHOR_DIR="AS_OF">
      <timex2_mention ID="adige20040907_id405625-T4-1">
        <extent>
          <charseq START="3755" END="3761">attuale</charseq>
        </extent>
      </timex2_mention>
    </timex2>
  </document>
</source_file>
