<?xml version="1.0" encoding="UTF-8"?>
<!DOCTYPE source_file PUBLIC "SYSTEM" "apf.v5.1.1.dtd">

<source_file URI="adige20040907_id405624.sgm" SOURCE="unknown" TYPE="text" VERSION="5.0" AUTHOR="romano" ENCODING="UTF-8">
  <document DOCID="adige20040907_id405624">
    <timex2 ID="adige20040907_id405624-T5" VAL="XXXX-WXX" SET="YES">
      <timex2_mention ID="adige20040907_id405624-T5-1">
        <extent>
          <charseq START="955" END="965">settimanale</charseq>
        </extent>
      </timex2_mention>
    </timex2>
    <timex2 ID="adige20040907_id405624-T6" VAL="XXXX-XX" SET="YES">
      <timex2_mention ID="adige20040907_id405624-T6-1">
        <extent>
          <charseq START="968" END="974">mensile</charseq>
        </extent>
      </timex2_mention>
    </timex2>
    <timex2 ID="adige20040907_id405624-T15" VAL="2004-09-07T21:00">
      <timex2_mention ID="adige20040907_id405624-T15-1">
        <extent>
          <charseq START="2757" END="2771">alle 21 di oggi</charseq>
        </extent>
      </timex2_mention>
    </timex2>
    <timex2 ID="adige20040907_id405624-T7" VAL="XXXX" SET="YES">
      <timex2_mention ID="adige20040907_id405624-T7-1">
        <extent>
          <charseq START="978" END="984">annuale</charseq>
        </extent>
      </timex2_mention>
    </timex2>
    <timex2 ID="adige20040907_id405624-T19" VAL="XXXX-WXX" SET="YES">
      <timex2_mention ID="adige20040907_id405624-T19-1">
        <extent>
          <charseq START="2358" END="2368">settimanale</charseq>
        </extent>
      </timex2_mention>
    </timex2>
    <timex2 ID="adige20040907_id405624-T16" VAL="PT70M">
      <timex2_mention ID="adige20040907_id405624-T16-1">
        <extent>
          <charseq START="2880" END="2888">70 minuti</charseq>
        </extent>
      </timex2_mention>
    </timex2>
    <timex2 ID="adige20040907_id405624-T8" VAL="2004-06-11">
      <timex2_mention ID="adige20040907_id405624-T8-1">
        <extent>
          <charseq START="1102" END="1120">lo scorso 11 giugno</charseq>
        </extent>
      </timex2_mention>
    </timex2>
    <timex2 ID="adige20040907_id405624-T9" VAL="2000">
      <timex2_mention ID="adige20040907_id405624-T9-1">
        <extent>
          <charseq START="1271" END="1278">dal 2000</charseq>
        </extent>
      </timex2_mention>
    </timex2>
    <timex2 ID="adige20040907_id405624-T1" VAL="2004-09-01">
      <timex2_mention ID="adige20040907_id405624-T1-1">
        <extent>
          <charseq START="20" END="35">dal 1° settembre</charseq>
        </extent>
      </timex2_mention>
    </timex2>
    <timex2 ID="adige20040907_id405624-T20" VAL="XXXX-XX" SET="YES">
      <timex2_mention ID="adige20040907_id405624-T20-1">
        <extent>
          <charseq START="2410" END="2416">mensile</charseq>
        </extent>
      </timex2_mention>
    </timex2>
    <timex2 ID="adige20040907_id405624-T17" VAL="XXXX" SET="YES">
      <timex2_mention ID="adige20040907_id405624-T17-1">
        <extent>
          <charseq START="2143" END="2149">annuale</charseq>
        </extent>
      </timex2_mention>
    </timex2>
    <timex2 ID="adige20040907_id405624-T10" VAL="2000">
      <timex2_mention ID="adige20040907_id405624-T10-1">
        <extent>
          <charseq START="1431" END="1434">2000</charseq>
        </extent>
      </timex2_mention>
    </timex2>
    <timex2 ID="adige20040907_id405624-T2" VAL="2000">
      <timex2_mention ID="adige20040907_id405624-T2-1">
        <extent>
          <charseq START="275" END="281">al 2000</charseq>
        </extent>
      </timex2_mention>
    </timex2>
    <timex2 ID="adige20040907_id405624-T11" VAL="2004">
      <timex2_mention ID="adige20040907_id405624-T11-1">
        <extent>
          <charseq START="1436" END="1439">2004</charseq>
        </extent>
      </timex2_mention>
    </timex2>
    <timex2 ID="adige20040907_id405624-T3" VAL="2004-09-01">
      <timex2_mention ID="adige20040907_id405624-T3-1">
        <extent>
          <charseq START="354" END="368">il 1° settembre</charseq>
        </extent>
      </timex2_mention>
    </timex2>
    <timex2 ID="adige20040907_id405624-T21" VAL="XXXX" SET="YES">
      <timex2_mention ID="adige20040907_id405624-T21-1">
        <extent>
          <charseq START="2447" END="2453">annuale</charseq>
        </extent>
      </timex2_mention>
    </timex2>
    <timex2 ID="adige20040907_id405624-T12" VAL="XXXX-WXX" SET="YES">
      <timex2_mention ID="adige20040907_id405624-T12-1">
        <extent>
          <charseq START="1966" END="1976">settimanale</charseq>
        </extent>
      </timex2_mention>
    </timex2>
    <timex2 ID="adige20040907_id405624-T4" VAL="PRESENT_REF" ANCHOR_VAL="2004-09-07" ANCHOR_DIR="AS_OF">
      <timex2_mention ID="adige20040907_id405624-T4-1">
        <extent>
          <charseq START="900" END="912">questi giorni</charseq>
        </extent>
      </timex2_mention>
    </timex2>
    <timex2 ID="adige20040907_id405624-T13" VAL="XXXX-XX" SET="YES">
      <timex2_mention ID="adige20040907_id405624-T13-1">
        <extent>
          <charseq START="2084" END="2090">mensile</charseq>
        </extent>
      </timex2_mention>
    </timex2>
    <timex2 ID="adige20040907_id405624-T22" VAL="P52W">
      <timex2_mention ID="adige20040907_id405624-T22-1">
        <extent>
          <charseq START="2456" END="2467">52 settimane</charseq>
        </extent>
      </timex2_mention>
    </timex2>
    <timex2 ID="adige20040907_id405624-T18" VAL="XXXX-XX-XX" SET="YES">
      <timex2_mention ID="adige20040907_id405624-T18-1">
        <extent>
          <charseq START="2264" END="2274">ogni giorno</charseq>
        </extent>
      </timex2_mention>
    </timex2>
    <timex2 ID="adige20040907_id405624-T14" VAL="2004-09-06T21:00">
      <timex2_mention ID="adige20040907_id405624-T14-1">
        <extent>
          <charseq START="2730" END="2750">dalle 21 di ieri sera</charseq>
        </extent>
      </timex2_mention>
    </timex2>
  </document>
</source_file>
