<?xml version="1.0" encoding="UTF-8"?>
<!DOCTYPE source_file PUBLIC "SYSTEM" "apf.v5.1.1.dtd">

<source_file URI="adige20040907_id405611.sgm" SOURCE="unknown" TYPE="text" VERSION="5.0" AUTHOR="romano" ENCODING="UTF-8">
  <document DOCID="adige20040907_id405611">
    <timex2 ID="adige20040907_id405611-T1" VAL="PXY" ANCHOR_VAL="2004" ANCHOR_DIR="BEFORE">
      <timex2_mention ID="adige20040907_id405611-T1-1">
        <extent>
          <charseq START="830" END="847">questi ultimi anni</charseq>
        </extent>
      </timex2_mention>
    </timex2>
    <timex2 ID="adige20040907_id405611-T2" VAL="PXD" ANCHOR_VAL="2004-09-07" ANCHOR_DIR="BEFORE">
      <timex2_mention ID="adige20040907_id405611-T2-1">
        <extent>
          <charseq START="1200" END="1218">degli ultimi giorni</charseq>
        </extent>
      </timex2_mention>
    </timex2>
  </document>
</source_file>
