<?xml version="1.0" encoding="UTF-8"?>
<!DOCTYPE source_file PUBLIC "SYSTEM" "apf.v5.1.1.dtd">

<source_file URI="adige20040907_id405606.sgm" SOURCE="unknown" TYPE="text" VERSION="5.0" AUTHOR="romano" ENCODING="UTF-8">
  <document DOCID="adige20040907_id405606">
    <timex2 ID="adige20040907_id405606-T2" VAL="PRESENT_REF" ANCHOR_VAL="2004-09-07" ANCHOR_DIR="AS_OF">
      <timex2_mention ID="adige20040907_id405606-T2-1">
        <extent>
          <charseq START="743" END="748">Adesso</charseq>
        </extent>
      </timex2_mention>
    </timex2>
    <timex2 ID="adige20040907_id405606-T1" VAL="2004-09-06TMO">
      <timex2_mention ID="adige20040907_id405606-T1-1">
        <extent>
          <charseq START="515" END="526">ieri mattina</charseq>
        </extent>
      </timex2_mention>
    </timex2>
  </document>
</source_file>
