<?xml version="1.0" encoding="UTF-8"?>
<!DOCTYPE source_file PUBLIC "SYSTEM" "apf.v5.1.1.dtd">

<source_file URI="adige20040907_id405616.sgm" SOURCE="unknown" TYPE="text" VERSION="5.0" AUTHOR="romano" ENCODING="UTF-8">
  <document DOCID="adige20040907_id405616">
    <timex2 ID="adige20040907_id405616-T5" VAL="XXXX-XX" SET="YES">
      <timex2_mention ID="adige20040907_id405616-T5-1">
        <extent>
          <charseq START="814" END="822">Ogni mese</charseq>
        </extent>
      </timex2_mention>
    </timex2>
    <timex2 ID="adige20040907_id405616-T1" VAL="P365D">
      <timex2_mention ID="adige20040907_id405616-T1-1">
        <extent>
          <charseq START="205" END="214">365 giorni</charseq>
        </extent>
      </timex2_mention>
    </timex2>
    <timex2 ID="adige20040907_id405616-T2" VAL="XXXX-XX-XX">
      <timex2_mention ID="adige20040907_id405616-T2-1">
        <extent>
          <charseq START="615" END="625">le giornate</charseq>
        </extent>
      </timex2_mention>
    </timex2>
    <timex2 ID="adige20040907_id405616-T3" VAL="XXXX-09">
      <timex2_mention ID="adige20040907_id405616-T3-1">
        <extent>
          <charseq START="671" END="679">settembre</charseq>
        </extent>
      </timex2_mention>
    </timex2>
    <timex2 ID="adige20040907_id405616-T4" VAL="XXXX-08">
      <timex2_mention ID="adige20040907_id405616-T4-1">
        <extent>
          <charseq START="684" END="689">agosto</charseq>
        </extent>
      </timex2_mention>
    </timex2>
  </document>
</source_file>
