<?xml version="1.0" encoding="UTF-8"?>
<!DOCTYPE source_file PUBLIC "SYSTEM" "apf.v5.1.1.dtd">

<source_file URI="adige20040907_id405623.sgm" SOURCE="unknown" TYPE="text" VERSION="5.0" AUTHOR="romano" ENCODING="UTF-8">
  <document DOCID="adige20040907_id405623">
    <timex2 ID="adige20040907_id405623-T1" VAL="PAST_REF" ANCHOR_VAL="2004" ANCHOR_DIR="BEFORE">
      <timex2_mention ID="adige20040907_id405623-T1-1">
        <extent>
          <charseq START="28" END="42">qualche anno fa</charseq>
        </extent>
      </timex2_mention>
    </timex2>
    <timex2 ID="adige20040907_id405623-T2" VAL="PAST_REF" ANCHOR_VAL="2004-09-07" ANCHOR_DIR="BEFORE">
      <timex2_mention ID="adige20040907_id405623-T2-1">
        <extent>
          <charseq START="177" END="186">al passato</charseq>
        </extent>
      </timex2_mention>
    </timex2>
    <timex2 ID="adige20040907_id405623-T3" VAL="2001">
      <timex2_mention ID="adige20040907_id405623-T3-1">
        <extent>
          <charseq START="406" END="416">tre anni fa</charseq>
        </extent>
      </timex2_mention>
    </timex2>
  </document>
</source_file>
