<?xml version="1.0" encoding="UTF-8"?>
<!DOCTYPE source_file PUBLIC "SYSTEM" "apf.v5.1.1.dtd">

<source_file URI="adige20040907_id405633.sgm" SOURCE="unknown" TYPE="text" VERSION="5.0" AUTHOR="romano" ENCODING="UTF-8">
  <document DOCID="adige20040907_id405633">
    <timex2 ID="adige20040907_id405633-T1" VAL="2004">
      <timex2_mention ID="adige20040907_id405633-T1-1">
        <extent>
          <charseq START="65" END="72">nel 2004</charseq>
        </extent>
      </timex2_mention>
    </timex2>
    <timex2 ID="adige20040907_id405633-T2" VAL="2004">
      <timex2_mention ID="adige20040907_id405633-T2-1">
        <extent>
          <charseq START="159" END="162">2004</charseq>
        </extent>
      </timex2_mention>
    </timex2>
  </document>
</source_file>
