<?xml version="1.0" encoding="UTF-8"?>
<!DOCTYPE source_file PUBLIC "SYSTEM" "apf.v5.1.1.dtd">

<source_file URI="adige20040907_id405617.sgm" SOURCE="unknown" TYPE="text" VERSION="5.0" AUTHOR="romano" ENCODING="UTF-8">
  <document DOCID="adige20040907_id405617">
    <timex2 ID="adige20040907_id405617-T10" VAL="PRESENT_REF" ANCHOR_VAL="2004-09-07" ANCHOR_DIR="AS_OF">
      <timex2_mention ID="adige20040907_id405617-T10-1">
        <extent>
          <charseq START="1321" END="1323">ora</charseq>
        </extent>
      </timex2_mention>
    </timex2>
    <timex2 ID="adige20040907_id405617-T4" VAL="PXD" ANCHOR_VAL="2004-09-07" ANCHOR_DIR="BEFORE">
      <timex2_mention ID="adige20040907_id405617-T4-1">
        <extent>
          <charseq START="848" END="864">Nei giorni scorsi</charseq>
        </extent>
      </timex2_mention>
    </timex2>
    <timex2 ID="adige20040907_id405617-T5" VAL="FUTURE_REF" ANCHOR_VAL="2004-09-07" ANCHOR_DIR="AFTER">
      <timex2_mention ID="adige20040907_id405617-T5-1">
        <extent>
          <charseq START="1631" END="1640">del futuro</charseq>
        </extent>
      </timex2_mention>
    </timex2>
    <timex2 ID="adige20040907_id405617-T6" VAL="2004-07" MOD="END">
      <timex2_mention ID="adige20040907_id405617-T6-1">
        <extent>
          <charseq START="1936" END="1946">fine luglio</charseq>
        </extent>
      </timex2_mention>
    </timex2>
    <timex2 ID="adige20040907_id405617-T7" VAL="PXD">
      <timex2_mention ID="adige20040907_id405617-T7-1">
        <extent>
          <charseq START="2632" END="2643">pochi giorni</charseq>
        </extent>
      </timex2_mention>
    </timex2>
    <timex2 ID="adige20040907_id405617-T12" VAL="PAST_REF" ANCHOR_VAL="2004-09-07" ANCHOR_DIR="BEFORE">
      <timex2_mention ID="adige20040907_id405617-T12-1">
        <extent>
          <charseq START="1276" END="1280">tempo</charseq>
        </extent>
      </timex2_mention>
    </timex2>
    <timex2 ID="adige20040907_id405617-T8" VAL="FUTURE_REF" ANCHOR_VAL="2004-09-07" ANCHOR_DIR="AFTER">
      <timex2_mention ID="adige20040907_id405617-T8-1">
        <extent>
          <charseq START="2843" END="2855">Il suo futuro</charseq>
        </extent>
      </timex2_mention>
    </timex2>
    <timex2 ID="adige20040907_id405617-T9" VAL="PXD" ANCHOR_VAL="2004-09-07" ANCHOR_DIR="AFTER">
      <timex2_mention ID="adige20040907_id405617-T9-1">
        <extent>
          <charseq START="2917" END="2935">nei prossimi giorni</charseq>
        </extent>
      </timex2_mention>
    </timex2>
    <timex2 ID="adige20040907_id405617-T1" VAL="P8Y" ANCHOR_VAL="2004" ANCHOR_DIR="ENDING">
      <timex2_mention ID="adige20040907_id405617-T1-1">
        <extent>
          <charseq START="299" END="304">8 anni</charseq>
        </extent>
      </timex2_mention>
    </timex2>
    <timex2 ID="adige20040907_id405617-T13" VAL="PAST_REF" ANCHOR_VAL="2004-09-07" ANCHOR_DIR="BEFORE">
      <timex2_mention ID="adige20040907_id405617-T13-1">
        <extent>
          <charseq START="1427" END="1442">qualche tempo fa</charseq>
        </extent>
      </timex2_mention>
    </timex2>
    <timex2 ID="adige20040907_id405617-T2" VAL="PRESENT_REF" ANCHOR_VAL="2004-09-07" ANCHOR_DIR="AS_OF">
      <timex2_mention ID="adige20040907_id405617-T2-1">
        <extent>
          <charseq START="443" END="445">ora</charseq>
        </extent>
      </timex2_mention>
    </timex2>
    <timex2 ID="adige20040907_id405617-T11" VAL="FUTURE_REF" ANCHOR_VAL="2004-09-07" ANCHOR_DIR="AFTER">
      <timex2_mention ID="adige20040907_id405617-T11-1">
        <extent>
          <charseq START="933" END="938">futura</charseq>
        </extent>
      </timex2_mention>
    </timex2>
    <timex2 ID="adige20040907_id405617-T3" VAL="PXW" ANCHOR_VAL="2004-W37" ANCHOR_DIR="AFTER">
      <timex2_mention ID="adige20040907_id405617-T3-1">
        <extent>
          <charseq START="654" END="668">poche settimane</charseq>
        </extent>
      </timex2_mention>
    </timex2>
  </document>
</source_file>
