<?xml version="1.0" encoding="UTF-8"?>
<!DOCTYPE source_file PUBLIC "SYSTEM" "apf.v5.1.1.dtd">

<source_file URI="adige20040907_id405635.sgm" SOURCE="unknown" TYPE="text" VERSION="5.0" AUTHOR="romano" ENCODING="UTF-8">
  <document DOCID="adige20040907_id405635">
    <timex2 ID="adige20040907_id405635-T5" VAL="2004-09-13">
      <timex2_mention ID="adige20040907_id405635-T5-1">
        <extent>
          <charseq START="153" END="157">Il 13</charseq>
        </extent>
      </timex2_mention>
    </timex2>
    <timex2 ID="adige20040907_id405635-T14" VAL="PRESENT_REF" ANCHOR_VAL="2004-09-07" ANCHOR_DIR="AS_OF">
      <timex2_mention ID="adige20040907_id405635-T14-1">
        <extent>
          <charseq START="1538" END="1548">attualmente</charseq>
        </extent>
      </timex2_mention>
    </timex2>
    <timex2 ID="adige20040907_id405635-T6" VAL="PXY" ANCHOR_VAL="2004" ANCHOR_DIR="BEFORE">
      <timex2_mention ID="adige20040907_id405635-T6-1">
        <extent>
          <charseq START="478" END="481">anni</charseq>
        </extent>
      </timex2_mention>
    </timex2>
    <timex2 ID="adige20040907_id405635-T15" VAL="2004-09-13">
      <timex2_mention ID="adige20040907_id405635-T15-1">
        <extent>
          <charseq START="1627" END="1637">quel giorno</charseq>
        </extent>
      </timex2_mention>
    </timex2>
    <timex2 ID="adige20040907_id405635-T7" VAL="XXXX-XX-XX">
      <timex2_mention ID="adige20040907_id405635-T7-1">
        <extent>
          <charseq START="1000" END="1014">in certi giorni</charseq>
        </extent>
      </timex2_mention>
    </timex2>
    <timex2 ID="adige20040907_id405635-T16" VAL="2004-09-13T07:00">
      <timex2_mention ID="adige20040907_id405635-T16-1">
        <extent>
          <charseq START="1653" END="1674">alle sette del mattino</charseq>
        </extent>
      </timex2_mention>
    </timex2>
    <timex2 ID="adige20040907_id405635-T8" VAL="XXXX-WXX" COMMENT="Errore di stampa, sarebbe 'settimana'.">
      <timex2_mention ID="adige20040907_id405635-T8-1">
        <extent>
          <charseq START="1016" END="1030">della settimane</charseq>
        </extent>
      </timex2_mention>
    </timex2>
    <timex2 ID="adige20040907_id405635-T19" VAL="PXY">
      <timex2_mention ID="adige20040907_id405635-T19-1">
        <extent>
          <charseq START="1331" END="1334">anni</charseq>
        </extent>
      </timex2_mention>
    </timex2>
    <timex2 ID="adige20040907_id405635-T17" VAL="2004-09-13T18:00">
      <timex2_mention ID="adige20040907_id405635-T17-1">
        <extent>
          <charseq START="1684" END="1690">alle 18</charseq>
        </extent>
      </timex2_mention>
    </timex2>
    <timex2 ID="adige20040907_id405635-T9" VAL="XXXX-XX-XX">
      <timex2_mention ID="adige20040907_id405635-T9-1">
        <extent>
          <charseq START="1139" END="1153">un certo giorno</charseq>
        </extent>
      </timex2_mention>
    </timex2>
    <timex2 ID="adige20040907_id405635-T1" VAL="P1Y">
      <timex2_mention ID="adige20040907_id405635-T1-1">
        <extent>
          <charseq START="12" END="20">Un giorno</charseq>
        </extent>
      </timex2_mention>
    </timex2>
    <timex2 ID="adige20040907_id405635-T18" VAL="FUTURE_REF" ANCHOR_VAL="2004-09-13" ANCHOR_DIR="AFTER">
      <timex2_mention ID="adige20040907_id405635-T18-1">
        <extent>
          <charseq START="1762" END="1783">di lì a qualche giorno</charseq>
        </extent>
      </timex2_mention>
    </timex2>
    <timex2 ID="adige20040907_id405635-T10" VAL="XXXX-WXX" SET="YES">
      <timex2_mention ID="adige20040907_id405635-T10-1">
        <extent>
          <charseq START="1155" END="1168">alla settimana</charseq>
        </extent>
      </timex2_mention>
    </timex2>
    <timex2 ID="adige20040907_id405635-T2" VAL="XXXX-WXX" SET="YES">
      <timex2_mention ID="adige20040907_id405635-T2-1">
        <extent>
          <charseq START="22" END="35">alla settimana</charseq>
        </extent>
      </timex2_mention>
    </timex2>
    <timex2 ID="adige20040907_id405635-T11" VAL="2004-09-13">
      <timex2_mention ID="adige20040907_id405635-T11-1">
        <extent>
          <charseq START="1458" END="1478">il prossimo giorno 13</charseq>
        </extent>
      </timex2_mention>
    </timex2>
    <timex2 ID="adige20040907_id405635-T3" VAL="PAST_REF" ANCHOR_VAL="2004-09-07" ANCHOR_DIR="BEFORE">
      <timex2_mention ID="adige20040907_id405635-T3-1">
        <extent>
          <charseq START="64" END="70">passato</charseq>
        </extent>
      </timex2_mention>
    </timex2>
    <timex2 ID="adige20040907_id405635-T12" VAL="2004-09-13">
      <timex2_mention ID="adige20040907_id405635-T12-1">
        <extent>
          <charseq START="1481" END="1486">lunedì</charseq>
        </extent>
      </timex2_mention>
    </timex2>
    <timex2 ID="adige20040907_id405635-T13" VAL="P40Y" ANCHOR_VAL="2004" ANCHOR_DIR="ENDING">
      <timex2_mention ID="adige20040907_id405635-T13-1">
        <extent>
          <charseq START="1502" END="1508">40 anni</charseq>
        </extent>
      </timex2_mention>
    </timex2>
    <timex2 ID="adige20040907_id405635-T20">
      <timex2_mention ID="adige20040907_id405635-T20-1">
        <extent>
          <charseq START="1786" END="1793">il tempo</charseq>
        </extent>
      </timex2_mention>
    </timex2>
    <timex2 ID="adige20040907_id405635-T21" VAL="FUTURE_REF" ANCHOR_VAL="2004-09-07" ANCHOR_DIR="AFTER">
      <timex2_mention ID="adige20040907_id405635-T21-1">
        <extent>
          <charseq START="1902" END="1910">il futuro</charseq>
        </extent>
      </timex2_mention>
    </timex2>
    <timex2 ID="adige20040907_id405635-T4" VAL="FUTURE_REF" ANCHOR_VAL="2004-09-07" ANCHOR_DIR="AFTER">
      <timex2_mention ID="adige20040907_id405635-T4-1">
        <extent>
          <charseq START="74" END="79">futuro</charseq>
        </extent>
      </timex2_mention>
    </timex2>
  </document>
</source_file>
