<?xml version="1.0" encoding="UTF-8"?>
<!DOCTYPE source_file PUBLIC "SYSTEM" "apf.v5.1.1.dtd">

<source_file URI="adige20040907_id405622.sgm" SOURCE="unknown" TYPE="text" VERSION="5.0" AUTHOR="romano" ENCODING="UTF-8">
  <document DOCID="adige20040907_id405622">
    <timex2 ID="adige20040907_id405622-T1" VAL="2000">
      <timex2_mention ID="adige20040907_id405622-T1-1">
        <extent>
          <charseq START="418" END="430">all'anno 2000</charseq>
        </extent>
      </timex2_mention>
    </timex2>
    <timex2 ID="adige20040907_id405622-T2" VAL="2004-06">
      <timex2_mention ID="adige20040907_id405622-T2-1">
        <extent>
          <charseq START="458" END="474">nel giugno scorso</charseq>
        </extent>
      </timex2_mention>
    </timex2>
    <timex2 ID="adige20040907_id405622-T4" VAL="2004-08">
      <timex2_mention ID="adige20040907_id405622-T4-1">
        <extent>
          <charseq START="578" END="592">all'agosto 2004</charseq>
        </extent>
      </timex2_mention>
    </timex2>
    <timex2 ID="adige20040907_id405622-T3" VAL="2000-09">
      <timex2_mention ID="adige20040907_id405622-T3-1">
        <extent>
          <charseq START="559" END="576">dal settembre 2000</charseq>
        </extent>
      </timex2_mention>
    </timex2>
  </document>
</source_file>
