<?xml version="1.0" encoding="UTF-8"?>
<!DOCTYPE source_file PUBLIC "SYSTEM" "apf.v5.2.0.dtd">

<source_file URI="adige20041008_id414149.txt" SOURCE="unknown" TYPE="text" VERSION="5.0" AUTHOR="Evalita" ENCODING="UTF-8">
  <document DOCID="adige20041008_id414149">
    <entity ID="adige20041008_id414149-E1" TYPE="PER" SUBTYPE="Individual" CLASS="SPC">
      <entity_mention ID="adige20041008_id414149-E1-1" TYPE="NAM" PRIMARY="true" METONYMY_MENTION="FALSE">
        <extent>
          <charseq START="165" END="179">Claudio Gentile</charseq>
        </extent>
        <head>
          <charseq START="165" END="179">Claudio Gentile</charseq>
        </head>
      </entity_mention>
      <entity_mention ID="adige20041008_id414149-E1-2" TYPE="NOM" PRIMARY="false" METONYMY_MENTION="FALSE">
        <extent>
          <charseq START="303" END="307">Il ct</charseq>
        </extent>
        <head>
          <charseq START="306" END="307">ct</charseq>
        </head>
      </entity_mention>
      <entity_mention ID="adige20041008_id414149-E1-3" TYPE="NAM" PRIMARY="false" METONYMY_MENTION="FALSE">
        <extent>
          <charseq START="0" END="6">Gentile</charseq>
        </extent>
        <head>
          <charseq START="0" END="6">Gentile</charseq>
        </head>
      </entity_mention>
      <entity_attributes>
        <name NAME="Claudio Gentile">
          <charseq START="165" END="179">Claudio Gentile</charseq>
        </name>
        <name NAME="Gentile">
          <charseq START="0" END="6">Gentile</charseq>
        </name>
      </entity_attributes>
    </entity>
    <entity ID="adige20041008_id414149-E3" TYPE="PER" SUBTYPE="Group" CLASS="SPC">
      <entity_mention ID="adige20041008_id414149-E3-1" TYPE="NOM" PRIMARY="true" METONYMY_MENTION="FALSE">
        <extent>
          <charseq START="848" END="880">due punte molto forti fisicamente</charseq>
        </extent>
        <head>
          <charseq START="852" END="856">punte</charseq>
        </head>
      </entity_mention>
    </entity>
    <entity ID="adige20041008_id414149-E4" TYPE="ORG" SUBTYPE="Sports" CLASS="SPC">
      <entity_mention ID="adige20041008_id414149-E4-1" TYPE="NAM" PRIMARY="true" METONYMY_MENTION="TRUE">
        <extent>
          <charseq START="96" END="103">Slovenia</charseq>
        </extent>
        <head>
          <charseq START="96" END="103">Slovenia</charseq>
        </head>
      </entity_mention>
      <entity_mention ID="adige20041008_id414149-E4-2" TYPE="NAM" PRIMARY="false" METONYMY_MENTION="TRUE">
        <extent>
          <charseq START="258" END="268">la Slovenia</charseq>
        </extent>
        <head>
          <charseq START="261" END="268">Slovenia</charseq>
        </head>
      </entity_mention>
      <entity_mention ID="adige20041008_id414149-E4-3" TYPE="NAM" PRIMARY="false" METONYMY_MENTION="TRUE">
        <extent>
          <charseq START="643" END="653">la Slovenia</charseq>
        </extent>
        <head>
          <charseq START="646" END="653">Slovenia</charseq>
        </head>
      </entity_mention>
      <entity_mention ID="adige20041008_id414149-E4-4" TYPE="NOM" PRIMARY="false" METONYMY_MENTION="FALSE">
        <extent>
          <charseq START="625" END="640">Prima avversaria</charseq>
        </extent>
        <head>
          <charseq START="631" END="640">avversaria</charseq>
        </head>
      </entity_mention>
      <entity_mention ID="adige20041008_id414149-E4-5" TYPE="NOM" PRIMARY="false" METONYMY_MENTION="FALSE">
        <extent>
          <charseq START="625" END="653">Prima avversaria, la Slovenia</charseq>
        </extent>
        <head>
          <charseq START="625" END="653">Prima avversaria, la Slovenia</charseq>
        </head>
      </entity_mention>
      <entity_attributes>
        <name NAME="Slovenia">
          <charseq START="96" END="103">Slovenia</charseq>
        </name>
        <name NAME="Slovenia">
          <charseq START="261" END="268">Slovenia</charseq>
        </name>
        <name NAME="Slovenia">
          <charseq START="646" END="653">Slovenia</charseq>
        </name>
      </entity_attributes>
    </entity>
    <entity ID="adige20041008_id414149-E5" TYPE="ORG" SUBTYPE="Sports" CLASS="SPC">
      <entity_mention ID="adige20041008_id414149-E5-1" TYPE="NAM" PRIMARY="true" METONYMY_MENTION="TRUE">
        <extent>
          <charseq START="107" END="117">Bielorussia</charseq>
        </extent>
        <head>
          <charseq START="107" END="117">Bielorussia</charseq>
        </head>
      </entity_mention>
      <entity_mention ID="adige20041008_id414149-E5-2" TYPE="NAM" PRIMARY="false" METONYMY_MENTION="TRUE">
        <extent>
          <charseq START="286" END="299">la Bielorussia</charseq>
        </extent>
        <head>
          <charseq START="289" END="299">Bielorussia</charseq>
        </head>
      </entity_mention>
      <entity_attributes>
        <name NAME="Bielorussia">
          <charseq START="107" END="117">Bielorussia</charseq>
        </name>
        <name NAME="Bielorussia">
          <charseq START="289" END="299">Bielorussia</charseq>
        </name>
      </entity_attributes>
    </entity>
    <entity ID="adige20041008_id414149-E6" TYPE="ORG" SUBTYPE="Sports" CLASS="SPC">
      <entity_mention ID="adige20041008_id414149-E6-1" TYPE="NAM" PRIMARY="true" METONYMY_MENTION="TRUE">
        <extent>
          <charseq START="96" END="117">Slovenia e Bielorussia</charseq>
        </extent>
        <head>
          <charseq START="96" END="117">Slovenia e Bielorussia</charseq>
        </head>
      </entity_mention>
      <entity_attributes>
        <name NAME="Slovenia e Bielorussia">
          <charseq START="96" END="117">Slovenia e Bielorussia</charseq>
        </name>
      </entity_attributes>
    </entity>
    <entity ID="adige20041008_id414149-E7" TYPE="ORG" SUBTYPE="Sports" CLASS="SPC">
      <entity_mention ID="adige20041008_id414149-E7-1" TYPE="NOM" PRIMARY="true" METONYMY_MENTION="FALSE">
        <extent>
          <charseq START="526" END="548">dalle altre pretendenti</charseq>
        </extent>
        <head>
          <charseq START="538" END="548">pretendenti</charseq>
        </head>
      </entity_mention>
    </entity>
    <entity ID="adige20041008_id414149-E8" TYPE="ORG" SUBTYPE="Sports" CLASS="SPC">
      <entity_mention ID="adige20041008_id414149-E8-1" TYPE="NOM" PRIMARY="true" METONYMY_MENTION="FALSE">
        <extent>
          <charseq START="707" END="720">le due nazioni</charseq>
        </extent>
        <head>
          <charseq START="714" END="720">nazioni</charseq>
        </head>
      </entity_mention>
    </entity>
    <entity ID="adige20041008_id414149-E9" TYPE="PER" SUBTYPE="Group" CLASS="SPC">
      <entity_mention ID="adige20041008_id414149-E9-1" TYPE="NOM" PRIMARY="true" METONYMY_MENTION="FALSE">
        <extent>
          <charseq START="723" END="735">gli avversari</charseq>
        </extent>
        <head>
          <charseq START="727" END="735">avversari</charseq>
        </head>
      </entity_mention>
      <entity_mention ID="adige20041008_id414149-E9-2" TYPE="PRO" PRIMARY="false" METONYMY_MENTION="FALSE">
        <extent>
          <charseq START="784" END="787">Loro</charseq>
        </extent>
        <head>
          <charseq START="784" END="787">Loro</charseq>
        </head>
      </entity_mention>
    </entity>
    <entity ID="adige20041008_id414149-E10" TYPE="ORG" SUBTYPE="Sports" CLASS="SPC">
      <entity_mention ID="adige20041008_id414149-E10-1" TYPE="NAM" PRIMARY="true" METONYMY_MENTION="FALSE">
        <extent>
          <charseq START="231" END="243">dell'under 21</charseq>
        </extent>
        <head>
          <charseq START="236" END="243">under 21</charseq>
        </head>
      </entity_mention>
      <entity_mention ID="adige20041008_id414149-E10-2" TYPE="NAM" PRIMARY="false" METONYMY_MENTION="FALSE">
        <extent>
          <charseq START="26" END="47">L'Under 21 alla svolta</charseq>
        </extent>
        <head>
          <charseq START="28" END="35">Under 21</charseq>
        </head>
      </entity_mention>
      <entity_mention ID="adige20041008_id414149-E10-3" TYPE="PRO" PRIMARY="false" METONYMY_MENTION="FALSE">
        <extent>
          <charseq START="137" END="139">noi</charseq>
        </extent>
        <head>
          <charseq START="137" END="139">noi</charseq>
        </head>
      </entity_mention>
      <entity_mention ID="adige20041008_id414149-E10-5" TYPE="PRO" PRIMARY="false" METONYMY_MENTION="FALSE">
        <extent>
          <charseq START="959" END="961">Noi</charseq>
        </extent>
        <head>
          <charseq START="959" END="961">Noi</charseq>
        </head>
      </entity_mention>
      <entity_attributes>
        <name NAME="under 21">
          <charseq START="236" END="243">under 21</charseq>
        </name>
        <name NAME="Under 21">
          <charseq START="28" END="35">Under 21</charseq>
        </name>
      </entity_attributes>
    </entity>
    <entity ID="adige20041008_id414149-E11" TYPE="GPE" SUBTYPE="Population-Center" CLASS="SPC">
      <entity_mention ID="adige20041008_id414149-E11-1" TYPE="NAM" PRIMARY="true" ROLE="LOC" METONYMY_MENTION="FALSE">
        <extent>
          <charseq START="53" END="69">GRADISCA D'ISONZO</charseq>
        </extent>
        <head>
          <charseq START="53" END="69">GRADISCA D'ISONZO</charseq>
        </head>
      </entity_mention>
      <entity_attributes>
        <name NAME="GRADISCA D'ISONZO">
          <charseq START="53" END="69">GRADISCA D'ISONZO</charseq>
        </name>
      </entity_attributes>
    </entity>
    <entity ID="adige20041008_id414149-E12" TYPE="GPE" SUBTYPE="State-or-Province" CLASS="SPC">
      <entity_mention ID="adige20041008_id414149-E12-1" TYPE="NAM" PRIMARY="true" ROLE="LOC" METONYMY_MENTION="FALSE">
        <extent>
          <charseq START="72" END="78">Gorizia</charseq>
        </extent>
        <head>
          <charseq START="72" END="78">Gorizia</charseq>
        </head>
      </entity_mention>
      <entity_attributes>
        <name NAME="Gorizia">
          <charseq START="72" END="78">Gorizia</charseq>
        </name>
      </entity_attributes>
    </entity>
  </document>
</source_file>
