<?xml version="1.0" encoding="UTF-8"?>
<!DOCTYPE source_file PUBLIC "SYSTEM" "apf.v5.2.0.dtd">

<source_file URI="adige20041008_id414160.txt" SOURCE="unknown" TYPE="text" VERSION="5.0" AUTHOR="Evalita" ENCODING="UTF-8">
  <document DOCID="adige20041008_id414160">
    <entity ID="adige20041008_id414160-E2" TYPE="PER" SUBTYPE="Group" CLASS="SPC">
      <entity_mention ID="adige20041008_id414160-E2-2" TYPE="NOM" PRIMARY="true" METONYMY_MENTION="FALSE">
        <extent>
          <charseq START="296" END="329">ai ragazzi della società ospitante</charseq>
        </extent>
        <head>
          <charseq START="299" END="305">ragazzi</charseq>
        </head>
      </entity_mention>
    </entity>
    <entity ID="adige20041008_id414160-E3" TYPE="PER" SUBTYPE="Indefinite" CLASS="USP">
      <entity_mention ID="adige20041008_id414160-E3-2" TYPE="PRO" PRIMARY="true" METONYMY_MENTION="FALSE">
        <extent>
          <charseq START="134" END="135">si</charseq>
        </extent>
        <head>
          <charseq START="134" END="135">si</charseq>
        </head>
      </entity_mention>
    </entity>
    <entity ID="adige20041008_id414160-E4" TYPE="PER" SUBTYPE="Group" CLASS="GEN">
      <entity_mention ID="adige20041008_id414160-E4-2" TYPE="NOM" PRIMARY="true" METONYMY_MENTION="FALSE">
        <extent>
          <charseq START="712" END="739">coi ragazzi dai 7 ai 12 anni</charseq>
        </extent>
        <head>
          <charseq START="716" END="722">ragazzi</charseq>
        </head>
      </entity_mention>
    </entity>
    <entity ID="adige20041008_id414160-E5" TYPE="PER" SUBTYPE="Group" CLASS="SPC">
      <entity_mention ID="adige20041008_id414160-E5-2" TYPE="NOM" PRIMARY="true" METONYMY_MENTION="FALSE">
        <extent>
          <charseq START="742" END="795">I partecipanti alle scuole di Trento Nord e Trento Sud</charseq>
        </extent>
        <head>
          <charseq START="744" END="755">partecipanti</charseq>
        </head>
      </entity_mention>
      <entity_mention ID="adige20041008_id414160-E5-4" TYPE="PRO" PRIMARY="false" METONYMY_MENTION="FALSE">
        <extent>
          <charseq START="802" END="810">circa 170</charseq>
        </extent>
        <head>
          <charseq START="808" END="810">170</charseq>
        </head>
      </entity_mention>
    </entity>
    <entity ID="adige20041008_id414160-E6" TYPE="ORG" SUBTYPE="Sports" CLASS="SPC">
      <entity_mention ID="adige20041008_id414160-E6-1" TYPE="NAM" PRIMARY="true" METONYMY_MENTION="FALSE">
        <extent>
          <charseq START="252" END="272">dall'A.S. Promovolley</charseq>
        </extent>
        <head>
          <charseq START="257" END="272">A.S. Promovolley</charseq>
        </head>
      </entity_mention>
      <entity_mention ID="adige20041008_id414160-E6-2" TYPE="NOM" PRIMARY="false" METONYMY_MENTION="FALSE">
        <extent>
          <charseq START="307" END="329">della società ospitante</charseq>
        </extent>
        <head>
          <charseq START="313" END="319">società</charseq>
        </head>
      </entity_mention>
      <entity_mention ID="adige20041008_id414160-E6-3" TYPE="NAM" PRIMARY="false" METONYMY_MENTION="FALSE">
        <extent>
          <charseq START="674" END="684">Promovolley</charseq>
        </extent>
        <head>
          <charseq START="674" END="684">Promovolley</charseq>
        </head>
      </entity_mention>
      <entity_mention ID="adige20041008_id414160-E6-4" TYPE="NOM" PRIMARY="false" METONYMY_MENTION="FALSE">
        <extent>
          <charseq START="651" END="672">La scuola di pallavolo</charseq>
        </extent>
        <head>
          <charseq START="654" END="659">scuola</charseq>
        </head>
      </entity_mention>
      <entity_mention ID="adige20041008_id414160-E6-5" TYPE="NOM" PRIMARY="false" METONYMY_MENTION="FALSE">
        <extent>
          <charseq START="651" END="684">La scuola di pallavolo Promovolley</charseq>
        </extent>
        <head>
          <charseq START="651" END="684">La scuola di pallavolo Promovolley</charseq>
        </head>
      </entity_mention>
      <entity_attributes>
        <name NAME="A.S. Promovolley">
          <charseq START="257" END="272">A.S. Promovolley</charseq>
        </name>
        <name NAME="Promovolley">
          <charseq START="674" END="684">Promovolley</charseq>
        </name>
      </entity_attributes>
    </entity>
    <entity ID="adige20041008_id414160-E7" TYPE="ORG" SUBTYPE="Sports" CLASS="SPC">
      <entity_mention ID="adige20041008_id414160-E7-1" TYPE="NAM" PRIMARY="true" METONYMY_MENTION="FALSE">
        <extent>
          <charseq START="343" END="362">della Sisley Treviso</charseq>
        </extent>
        <head>
          <charseq START="349" END="362">Sisley Treviso</charseq>
        </head>
      </entity_mention>
      <entity_mention ID="adige20041008_id414160-E7-2" TYPE="NAM" PRIMARY="false" METONYMY_MENTION="FALSE">
        <extent>
          <charseq START="885" END="890">Sisley</charseq>
        </extent>
        <head>
          <charseq START="885" END="890">Sisley</charseq>
        </head>
      </entity_mention>
      <entity_mention ID="adige20041008_id414160-E7-3" TYPE="NAM" PRIMARY="false" METONYMY_MENTION="FALSE">
        <extent>
          <charseq START="939" END="944">Sisley</charseq>
        </extent>
        <head>
          <charseq START="939" END="944">Sisley</charseq>
        </head>
      </entity_mention>
      <entity_mention ID="adige20041008_id414160-E7-4" TYPE="NAM" PRIMARY="false" METONYMY_MENTION="FALSE">
        <extent>
          <charseq START="996" END="1001">Sisley</charseq>
        </extent>
        <head>
          <charseq START="996" END="1001">Sisley</charseq>
        </head>
      </entity_mention>
      <entity_attributes>
        <name NAME="Sisley Treviso">
          <charseq START="349" END="362">Sisley Treviso</charseq>
        </name>
        <name NAME="Sisley">
          <charseq START="885" END="890">Sisley</charseq>
        </name>
        <name NAME="Sisley">
          <charseq START="939" END="944">Sisley</charseq>
        </name>
        <name NAME="Sisley">
          <charseq START="996" END="1001">Sisley</charseq>
        </name>
      </entity_attributes>
    </entity>
    <entity ID="adige20041008_id414160-E8" TYPE="ORG" SUBTYPE="Sports" CLASS="SPC">
      <entity_mention ID="adige20041008_id414160-E8-1" TYPE="NAM" PRIMARY="true" METONYMY_MENTION="FALSE">
        <extent>
          <charseq START="365" END="380">della Api Verona</charseq>
        </extent>
        <head>
          <charseq START="371" END="380">Api Verona</charseq>
        </head>
      </entity_mention>
      <entity_mention ID="adige20041008_id414160-E8-2" TYPE="NAM" PRIMARY="false" METONYMY_MENTION="TRUE">
        <extent>
          <charseq START="860" END="865">Verona</charseq>
        </extent>
        <head>
          <charseq START="860" END="865">Verona</charseq>
        </head>
      </entity_mention>
      <entity_mention ID="adige20041008_id414160-E8-3" TYPE="NAM" PRIMARY="false" METONYMY_MENTION="TRUE">
        <extent>
          <charseq START="878" END="883">Verona</charseq>
        </extent>
        <head>
          <charseq START="878" END="883">Verona</charseq>
        </head>
      </entity_mention>
      <entity_mention ID="adige20041008_id414160-E8-4" TYPE="NAM" PRIMARY="false" METONYMY_MENTION="TRUE">
        <extent>
          <charseq START="957" END="962">Verona</charseq>
        </extent>
        <head>
          <charseq START="957" END="962">Verona</charseq>
        </head>
      </entity_mention>
      <entity_attributes>
        <name NAME="Api Verona">
          <charseq START="371" END="380">Api Verona</charseq>
        </name>
        <name NAME="Verona">
          <charseq START="860" END="865">Verona</charseq>
        </name>
        <name NAME="Verona">
          <charseq START="878" END="883">Verona</charseq>
        </name>
        <name NAME="Verona">
          <charseq START="957" END="962">Verona</charseq>
        </name>
      </entity_attributes>
    </entity>
    <entity ID="adige20041008_id414160-E9" TYPE="ORG" SUBTYPE="Sports" CLASS="SPC">
      <entity_mention ID="adige20041008_id414160-E9-1" TYPE="NAM" PRIMARY="true" METONYMY_MENTION="FALSE">
        <extent>
          <charseq START="384" END="417">della Sdp Anderlini Daytona Modena</charseq>
        </extent>
        <head>
          <charseq START="390" END="417">Sdp Anderlini Daytona Modena</charseq>
        </head>
      </entity_mention>
      <entity_mention ID="adige20041008_id414160-E9-2" TYPE="NAM" PRIMARY="false" METONYMY_MENTION="TRUE">
        <extent>
          <charseq START="917" END="922">Modena</charseq>
        </extent>
        <head>
          <charseq START="917" END="922">Modena</charseq>
        </head>
      </entity_mention>
      <entity_mention ID="adige20041008_id414160-E9-3" TYPE="NAM" PRIMARY="false" METONYMY_MENTION="TRUE">
        <extent>
          <charseq START="932" END="937">Modena</charseq>
        </extent>
        <head>
          <charseq START="932" END="937">Modena</charseq>
        </head>
      </entity_mention>
      <entity_mention ID="adige20041008_id414160-E9-4" TYPE="NAM" PRIMARY="false" METONYMY_MENTION="TRUE">
        <extent>
          <charseq START="964" END="969">Modena</charseq>
        </extent>
        <head>
          <charseq START="964" END="969">Modena</charseq>
        </head>
      </entity_mention>
      <entity_attributes>
        <name NAME="Sdp Anderlini Daytona Modena">
          <charseq START="390" END="417">Sdp Anderlini Daytona Modena</charseq>
        </name>
        <name NAME="Modena">
          <charseq START="917" END="922">Modena</charseq>
        </name>
        <name NAME="Modena">
          <charseq START="932" END="937">Modena</charseq>
        </name>
        <name NAME="Modena">
          <charseq START="964" END="969">Modena</charseq>
        </name>
      </entity_attributes>
    </entity>
    <entity ID="adige20041008_id414160-E11" TYPE="ORG" SUBTYPE="Sports" CLASS="SPC">
      <entity_mention ID="adige20041008_id414160-E11-1" TYPE="NOM" PRIMARY="true" METONYMY_MENTION="FALSE">
        <extent>
          <charseq START="332" END="341">le squadre</charseq>
        </extent>
        <head>
          <charseq START="335" END="341">squadre</charseq>
        </head>
      </entity_mention>
      <entity_mention ID="adige20041008_id414160-E11-2" TYPE="NAM" PRIMARY="false" METONYMY_MENTION="FALSE">
        <extent>
          <charseq START="343" END="417">della Sisley Treviso, della Api Verona e della Sdp Anderlini Daytona Modena</charseq>
        </extent>
        <head>
          <charseq START="343" END="417">della Sisley Treviso, della Api Verona e della Sdp Anderlini Daytona Modena</charseq>
        </head>
      </entity_mention>
      <entity_mention ID="adige20041008_id414160-E11-3" TYPE="NOM" PRIMARY="false" METONYMY_MENTION="FALSE">
        <extent>
          <charseq START="332" END="417">le squadre della Sisley Treviso, della Api Verona e della Sdp Anderlini Daytona Modena</charseq>
        </extent>
        <head>
          <charseq START="332" END="417">le squadre della Sisley Treviso, della Api Verona e della Sdp Anderlini Daytona Modena</charseq>
        </head>
      </entity_mention>
      <entity_attributes>
        <name NAME="della Sisley Treviso, della Api Verona e della Sdp Anderlini Daytona Modena">
          <charseq START="343" END="417">della Sisley Treviso, della Api Verona e della Sdp Anderlini Daytona Modena</charseq>
        </name>
      </entity_attributes>
    </entity>
    <entity ID="adige20041008_id414160-E12" TYPE="ORG" SUBTYPE="Educational" CLASS="SPC">
      <entity_mention ID="adige20041008_id414160-E12-1" TYPE="NOM" PRIMARY="true" METONYMY_MENTION="FALSE">
        <extent>
          <charseq START="757" END="795">alle scuole di Trento Nord e Trento Sud</charseq>
        </extent>
        <head>
          <charseq START="762" END="767">scuole</charseq>
        </head>
      </entity_mention>
    </entity>
    <entity ID="adige20041008_id414160-E13" TYPE="ORG" SUBTYPE="Sports" CLASS="SPC">
      <entity_mention ID="adige20041008_id414160-E13-1" TYPE="NAM" PRIMARY="true" METONYMY_MENTION="FALSE">
        <extent>
          <charseq START="846" END="858">Trentinalatte</charseq>
        </extent>
        <head>
          <charseq START="846" END="858">Trentinalatte</charseq>
        </head>
      </entity_mention>
      <entity_mention ID="adige20041008_id414160-E13-2" TYPE="NAM" PRIMARY="false" METONYMY_MENTION="FALSE">
        <extent>
          <charseq START="903" END="915">Trentinalatte</charseq>
        </extent>
        <head>
          <charseq START="903" END="915">Trentinalatte</charseq>
        </head>
      </entity_mention>
      <entity_mention ID="adige20041008_id414160-E13-3" TYPE="NAM" PRIMARY="false" METONYMY_MENTION="FALSE">
        <extent>
          <charseq START="982" END="994">Trentinalatte</charseq>
        </extent>
        <head>
          <charseq START="982" END="994">Trentinalatte</charseq>
        </head>
      </entity_mention>
      <entity_attributes>
        <name NAME="Trentinalatte">
          <charseq START="846" END="858">Trentinalatte</charseq>
        </name>
        <name NAME="Trentinalatte">
          <charseq START="903" END="915">Trentinalatte</charseq>
        </name>
        <name NAME="Trentinalatte">
          <charseq START="982" END="994">Trentinalatte</charseq>
        </name>
      </entity_attributes>
    </entity>
    <entity ID="adige20041008_id414160-E14" TYPE="ORG" SUBTYPE="Sports" CLASS="SPC">
      <entity_mention ID="adige20041008_id414160-E14-1" TYPE="NAM" PRIMARY="true" METONYMY_MENTION="FALSE">
        <extent>
          <charseq START="200" END="216">Under 14 maschile</charseq>
        </extent>
        <head>
          <charseq START="200" END="216">Under 14 maschile</charseq>
        </head>
      </entity_mention>
      <entity_mention ID="adige20041008_id414160-E14-2" TYPE="NOM" PRIMARY="false" METONYMY_MENTION="FALSE">
        <extent>
          <charseq START="187" END="198">la categoria</charseq>
        </extent>
        <head>
          <charseq START="190" END="198">categoria</charseq>
        </head>
      </entity_mention>
      <entity_mention ID="adige20041008_id414160-E14-3" TYPE="NOM" PRIMARY="false" METONYMY_MENTION="FALSE">
        <extent>
          <charseq START="187" END="216">la categoria Under 14 maschile</charseq>
        </extent>
        <head>
          <charseq START="187" END="216">la categoria Under 14 maschile</charseq>
        </head>
      </entity_mention>
      <entity_attributes>
        <name NAME="Under 14 maschile">
          <charseq START="200" END="216">Under 14 maschile</charseq>
        </name>
      </entity_attributes>
    </entity>
    <entity ID="adige20041008_id414160-E16" TYPE="ORG" SUBTYPE="Sports" CLASS="SPC">
      <entity_mention ID="adige20041008_id414160-E16-1" TYPE="NAM" PRIMARY="true" METONYMY_MENTION="FALSE">
        <extent>
          <charseq START="538" END="583">la Commissione Giovanile della Fipav di Trento</charseq>
        </extent>
        <head>
          <charseq START="541" END="561">Commissione Giovanile</charseq>
        </head>
      </entity_mention>
      <entity_attributes>
        <name NAME="Commissione Giovanile">
          <charseq START="541" END="561">Commissione Giovanile</charseq>
        </name>
      </entity_attributes>
    </entity>
    <entity ID="adige20041008_id414160-E17" TYPE="ORG" SUBTYPE="Sports" CLASS="SPC">
      <entity_mention ID="adige20041008_id414160-E17-1" TYPE="NAM" PRIMARY="true" METONYMY_MENTION="FALSE">
        <extent>
          <charseq START="563" END="583">della Fipav di Trento</charseq>
        </extent>
        <head>
          <charseq START="569" END="573">Fipav</charseq>
        </head>
      </entity_mention>
      <entity_attributes>
        <name NAME="Fipav">
          <charseq START="569" END="573">Fipav</charseq>
        </name>
      </entity_attributes>
    </entity>
    <entity ID="adige20041008_id414160-E18" TYPE="PER" SUBTYPE="Group" CLASS="SPC">
      <entity_mention ID="adige20041008_id414160-E18-1" TYPE="NOM" PRIMARY="true" METONYMY_MENTION="FALSE">
        <extent>
          <charseq START="50" END="61">gli under 14</charseq>
        </extent>
        <head>
          <charseq START="54" END="58">under</charseq>
        </head>
      </entity_mention>
    </entity>
    <entity ID="adige20041008_id414160-E19" TYPE="ORG" SUBTYPE="Sports" CLASS="SPC">
      <entity_mention ID="adige20041008_id414160-E19-1" TYPE="NAM" PRIMARY="true" METONYMY_MENTION="FALSE">
        <extent>
          <charseq START="609" END="625">under 13 maschile</charseq>
        </extent>
        <head>
          <charseq START="609" END="625">under 13 maschile</charseq>
        </head>
      </entity_mention>
      <entity_attributes>
        <name NAME="under 13 maschile">
          <charseq START="609" END="625">under 13 maschile</charseq>
        </name>
      </entity_attributes>
    </entity>
    <entity ID="adige20041008_id414160-E20" TYPE="PER" SUBTYPE="Indefinite" CLASS="USP">
      <entity_mention ID="adige20041008_id414160-E20-2" TYPE="PRO" PRIMARY="true" METONYMY_MENTION="FALSE">
        <extent>
          <charseq START="420" END="421">Si</charseq>
        </extent>
        <head>
          <charseq START="420" END="421">Si</charseq>
        </head>
      </entity_mention>
    </entity>
    <entity ID="adige20041008_id414160-E21" TYPE="GPE" SUBTYPE="Population-Center" CLASS="SPC">
      <entity_mention ID="adige20041008_id414160-E21-2" TYPE="NAM" PRIMARY="true" ROLE="LOC" METONYMY_MENTION="FALSE">
        <extent>
          <charseq START="18" END="23">Trento</charseq>
        </extent>
        <head>
          <charseq START="18" END="23">Trento</charseq>
        </head>
      </entity_mention>
      <entity_mention ID="adige20041008_id414160-E21-4" TYPE="NAM" PRIMARY="false" ROLE="LOC" METONYMY_MENTION="FALSE">
        <extent>
          <charseq START="67" END="72">TRENTO</charseq>
        </extent>
        <head>
          <charseq START="67" END="72">TRENTO</charseq>
        </head>
      </entity_mention>
      <entity_mention ID="adige20041008_id414160-E21-6" TYPE="NAM" PRIMARY="false" ROLE="GPE" METONYMY_MENTION="FALSE">
        <extent>
          <charseq START="578" END="583">Trento</charseq>
        </extent>
        <head>
          <charseq START="578" END="583">Trento</charseq>
        </head>
      </entity_mention>
      <entity_attributes>
        <name NAME="Trento">
          <charseq START="18" END="23">Trento</charseq>
        </name>
        <name NAME="TRENTO">
          <charseq START="67" END="72">TRENTO</charseq>
        </name>
        <name NAME="Trento">
          <charseq START="578" END="583">Trento</charseq>
        </name>
      </entity_attributes>
    </entity>
    <entity ID="adige20041008_id414160-E22" TYPE="GPE" SUBTYPE="Population-Center" CLASS="SPC">
      <entity_mention ID="adige20041008_id414160-E22-2" TYPE="NAM" PRIMARY="true" ROLE="LOC" METONYMY_MENTION="FALSE">
        <extent>
          <charseq START="508" END="514">Treviso</charseq>
        </extent>
        <head>
          <charseq START="508" END="514">Treviso</charseq>
        </head>
      </entity_mention>
      <entity_attributes>
        <name NAME="Treviso">
          <charseq START="508" END="514">Treviso</charseq>
        </name>
      </entity_attributes>
    </entity>
    <entity ID="adige20041008_id414160-E23" TYPE="GPE" SUBTYPE="Population-Center" CLASS="SPC">
      <entity_mention ID="adige20041008_id414160-E23-2" TYPE="NAM" PRIMARY="true" ROLE="LOC" METONYMY_MENTION="FALSE">
        <extent>
          <charseq START="517" END="522">Verona</charseq>
        </extent>
        <head>
          <charseq START="517" END="522">Verona</charseq>
        </head>
      </entity_mention>
      <entity_attributes>
        <name NAME="Verona">
          <charseq START="517" END="522">Verona</charseq>
        </name>
      </entity_attributes>
    </entity>
    <entity ID="adige20041008_id414160-E24" TYPE="GPE" SUBTYPE="Population-Center" CLASS="SPC">
      <entity_mention ID="adige20041008_id414160-E24-2" TYPE="NAM" PRIMARY="true" ROLE="LOC" METONYMY_MENTION="FALSE">
        <extent>
          <charseq START="526" END="531">Modena</charseq>
        </extent>
        <head>
          <charseq START="526" END="531">Modena</charseq>
        </head>
      </entity_mention>
      <entity_attributes>
        <name NAME="Modena">
          <charseq START="526" END="531">Modena</charseq>
        </name>
      </entity_attributes>
    </entity>
    <entity ID="adige20041008_id414160-E25" TYPE="GPE" SUBTYPE="Population-Center" CLASS="SPC">
      <entity_mention ID="adige20041008_id414160-E25-2" TYPE="NAM" PRIMARY="true" ROLE="LOC" METONYMY_MENTION="FALSE">
        <extent>
          <charseq START="508" END="531">Treviso, Verona e Modena</charseq>
        </extent>
        <head>
          <charseq START="508" END="531">Treviso, Verona e Modena</charseq>
        </head>
      </entity_mention>
      <entity_attributes>
        <name NAME="Treviso, Verona e Modena">
          <charseq START="508" END="531">Treviso, Verona e Modena</charseq>
        </name>
      </entity_attributes>
    </entity>
    <entity ID="adige20041008_id414160-E26" TYPE="LOC" SUBTYPE="Address" CLASS="SPC">
      <entity_mention ID="adige20041008_id414160-E26-1" TYPE="NAM" PRIMARY="true" METONYMY_MENTION="FALSE">
        <extent>
          <charseq START="120" END="132">via Lavisotto</charseq>
        </extent>
        <head>
          <charseq START="120" END="132">via Lavisotto</charseq>
        </head>
      </entity_mention>
      <entity_attributes>
        <name NAME="via Lavisotto">
          <charseq START="120" END="132">via Lavisotto</charseq>
        </name>
      </entity_attributes>
    </entity>
    <entity ID="adige20041008_id414160-E27" TYPE="LOC" SUBTYPE="Region-General" CLASS="SPC">
      <entity_mention ID="adige20041008_id414160-E27-1" TYPE="NAM" PRIMARY="true" METONYMY_MENTION="FALSE">
        <extent>
          <charseq START="772" END="782">Trento Nord</charseq>
        </extent>
        <head>
          <charseq START="772" END="782">Trento Nord</charseq>
        </head>
      </entity_mention>
      <entity_attributes>
        <name NAME="Trento Nord">
          <charseq START="772" END="782">Trento Nord</charseq>
        </name>
      </entity_attributes>
    </entity>
    <entity ID="adige20041008_id414160-E28" TYPE="LOC" SUBTYPE="Region-General" CLASS="SPC">
      <entity_mention ID="adige20041008_id414160-E28-1" TYPE="NAM" PRIMARY="true" METONYMY_MENTION="FALSE">
        <extent>
          <charseq START="786" END="795">Trento Sud</charseq>
        </extent>
        <head>
          <charseq START="786" END="795">Trento Sud</charseq>
        </head>
      </entity_mention>
      <entity_attributes>
        <name NAME="Trento Sud">
          <charseq START="786" END="795">Trento Sud</charseq>
        </name>
      </entity_attributes>
    </entity>
    <entity ID="adige20041008_id414160-E29" TYPE="LOC" SUBTYPE="Region-General" CLASS="SPC">
      <entity_mention ID="adige20041008_id414160-E29-1" TYPE="NAM" PRIMARY="true" METONYMY_MENTION="FALSE">
        <extent>
          <charseq START="772" END="795">Trento Nord e Trento Sud</charseq>
        </extent>
        <head>
          <charseq START="772" END="795">Trento Nord e Trento Sud</charseq>
        </head>
      </entity_mention>
      <entity_attributes>
        <name NAME="Trento Nord e Trento Sud">
          <charseq START="772" END="795">Trento Nord e Trento Sud</charseq>
        </name>
      </entity_attributes>
    </entity>
  </document>
</source_file>
