<?xml version="1.0" encoding="UTF-8"?>
<!DOCTYPE source_file PUBLIC "SYSTEM" "apf.v5.2.0.dtd">

<source_file URI="adige20041008_id414151.txt" SOURCE="unknown" TYPE="text" VERSION="5.0" AUTHOR="Evalita" ENCODING="UTF-8">
  <document DOCID="adige20041008_id414151">
    <entity ID="adige20041008_id414151-E1" TYPE="PER" SUBTYPE="Individual" CLASS="SPC">
      <entity_mention ID="adige20041008_id414151-E1-2" TYPE="NAM" PRIMARY="true" METONYMY_MENTION="FALSE">
        <extent>
          <charseq START="33" END="38">Simcic</charseq>
        </extent>
        <head>
          <charseq START="33" END="38">Simcic</charseq>
        </head>
      </entity_mention>
      <entity_attributes>
        <name NAME="Simcic">
          <charseq START="33" END="38">Simcic</charseq>
        </name>
      </entity_attributes>
    </entity>
    <entity ID="adige20041008_id414151-E2" TYPE="PER" SUBTYPE="Individual" CLASS="SPC">
      <entity_mention ID="adige20041008_id414151-E2-2" TYPE="NAM" PRIMARY="true" METONYMY_MENTION="FALSE">
        <extent>
          <charseq START="40" END="45">Brecko</charseq>
        </extent>
        <head>
          <charseq START="40" END="45">Brecko</charseq>
        </head>
      </entity_mention>
      <entity_attributes>
        <name NAME="Brecko">
          <charseq START="40" END="45">Brecko</charseq>
        </name>
      </entity_attributes>
    </entity>
    <entity ID="adige20041008_id414151-E3" TYPE="PER" SUBTYPE="Individual" CLASS="SPC">
      <entity_mention ID="adige20041008_id414151-E3-2" TYPE="NAM" PRIMARY="true" METONYMY_MENTION="FALSE">
        <extent>
          <charseq START="47" END="51">Berko</charseq>
        </extent>
        <head>
          <charseq START="47" END="51">Berko</charseq>
        </head>
      </entity_mention>
      <entity_attributes>
        <name NAME="Berko">
          <charseq START="47" END="51">Berko</charseq>
        </name>
      </entity_attributes>
    </entity>
    <entity ID="adige20041008_id414151-E4" TYPE="PER" SUBTYPE="Individual" CLASS="SPC">
      <entity_mention ID="adige20041008_id414151-E4-2" TYPE="NAM" PRIMARY="true" METONYMY_MENTION="FALSE">
        <extent>
          <charseq START="53" END="57">Suler</charseq>
        </extent>
        <head>
          <charseq START="53" END="57">Suler</charseq>
        </head>
      </entity_mention>
      <entity_attributes>
        <name NAME="Suler">
          <charseq START="53" END="57">Suler</charseq>
        </name>
      </entity_attributes>
    </entity>
    <entity ID="adige20041008_id414151-E5" TYPE="PER" SUBTYPE="Individual" CLASS="SPC">
      <entity_mention ID="adige20041008_id414151-E5-2" TYPE="NAM" PRIMARY="true" METONYMY_MENTION="FALSE">
        <extent>
          <charseq START="59" END="64">Hadzic</charseq>
        </extent>
        <head>
          <charseq START="59" END="64">Hadzic</charseq>
        </head>
      </entity_mention>
      <entity_attributes>
        <name NAME="Hadzic">
          <charseq START="59" END="64">Hadzic</charseq>
        </name>
      </entity_attributes>
    </entity>
    <entity ID="adige20041008_id414151-E6" TYPE="PER" SUBTYPE="Individual" CLASS="SPC">
      <entity_mention ID="adige20041008_id414151-E6-2" TYPE="NAM" PRIMARY="true" METONYMY_MENTION="FALSE">
        <extent>
          <charseq START="66" END="70">Bozic</charseq>
        </extent>
        <head>
          <charseq START="66" END="70">Bozic</charseq>
        </head>
      </entity_mention>
      <entity_attributes>
        <name NAME="Bozic">
          <charseq START="66" END="70">Bozic</charseq>
        </name>
      </entity_attributes>
    </entity>
    <entity ID="adige20041008_id414151-E7" TYPE="PER" SUBTYPE="Individual" CLASS="SPC">
      <entity_mention ID="adige20041008_id414151-E7-2" TYPE="NAM" PRIMARY="true" METONYMY_MENTION="FALSE">
        <extent>
          <charseq START="72" END="77">Urbanc</charseq>
        </extent>
        <head>
          <charseq START="72" END="77">Urbanc</charseq>
        </head>
      </entity_mention>
      <entity_attributes>
        <name NAME="Urbanc">
          <charseq START="72" END="77">Urbanc</charseq>
        </name>
      </entity_attributes>
    </entity>
    <entity ID="adige20041008_id414151-E8" TYPE="PER" SUBTYPE="Individual" CLASS="SPC">
      <entity_mention ID="adige20041008_id414151-E8-2" TYPE="NAM" PRIMARY="true" METONYMY_MENTION="FALSE">
        <extent>
          <charseq START="79" END="83">Matic</charseq>
        </extent>
        <head>
          <charseq START="79" END="83">Matic</charseq>
        </head>
      </entity_mention>
      <entity_attributes>
        <name NAME="Matic">
          <charseq START="79" END="83">Matic</charseq>
        </name>
      </entity_attributes>
    </entity>
    <entity ID="adige20041008_id414151-E9" TYPE="PER" SUBTYPE="Individual" CLASS="SPC">
      <entity_mention ID="adige20041008_id414151-E9-2" TYPE="NAM" PRIMARY="true" METONYMY_MENTION="FALSE">
        <extent>
          <charseq START="85" END="91">Bodicic</charseq>
        </extent>
        <head>
          <charseq START="85" END="91">Bodicic</charseq>
        </head>
      </entity_mention>
      <entity_attributes>
        <name NAME="Bodicic">
          <charseq START="85" END="91">Bodicic</charseq>
        </name>
      </entity_attributes>
    </entity>
    <entity ID="adige20041008_id414151-E10" TYPE="PER" SUBTYPE="Individual" CLASS="SPC">
      <entity_mention ID="adige20041008_id414151-E10-2" TYPE="NAM" PRIMARY="true" METONYMY_MENTION="FALSE">
        <extent>
          <charseq START="93" END="98">Semler</charseq>
        </extent>
        <head>
          <charseq START="93" END="98">Semler</charseq>
        </head>
      </entity_mention>
      <entity_attributes>
        <name NAME="Semler">
          <charseq START="93" END="98">Semler</charseq>
        </name>
      </entity_attributes>
    </entity>
    <entity ID="adige20041008_id414151-E11" TYPE="PER" SUBTYPE="Individual" CLASS="SPC">
      <entity_mention ID="adige20041008_id414151-E11-2" TYPE="NAM" PRIMARY="true" METONYMY_MENTION="FALSE">
        <extent>
          <charseq START="100" END="108">Stromajer</charseq>
        </extent>
        <head>
          <charseq START="100" END="108">Stromajer</charseq>
        </head>
      </entity_mention>
      <entity_attributes>
        <name NAME="Stromajer">
          <charseq START="100" END="108">Stromajer</charseq>
        </name>
      </entity_attributes>
    </entity>
    <entity ID="adige20041008_id414151-E12" TYPE="PER" SUBTYPE="Individual" CLASS="SPC">
      <entity_mention ID="adige20041008_id414151-E12-2" TYPE="NAM" PRIMARY="true" METONYMY_MENTION="FALSE">
        <extent>
          <charseq START="117" END="124">Agliardi</charseq>
        </extent>
        <head>
          <charseq START="117" END="124">Agliardi</charseq>
        </head>
      </entity_mention>
      <entity_attributes>
        <name NAME="Agliardi">
          <charseq START="117" END="124">Agliardi</charseq>
        </name>
      </entity_attributes>
    </entity>
    <entity ID="adige20041008_id414151-E13" TYPE="PER" SUBTYPE="Individual" CLASS="SPC">
      <entity_mention ID="adige20041008_id414151-E13-2" TYPE="NAM" PRIMARY="true" METONYMY_MENTION="FALSE">
        <extent>
          <charseq START="126" END="132">Potenza</charseq>
        </extent>
        <head>
          <charseq START="126" END="132">Potenza</charseq>
        </head>
      </entity_mention>
      <entity_attributes>
        <name NAME="Potenza">
          <charseq START="126" END="132">Potenza</charseq>
        </name>
      </entity_attributes>
    </entity>
    <entity ID="adige20041008_id414151-E14" TYPE="PER" SUBTYPE="Individual" CLASS="SPC">
      <entity_mention ID="adige20041008_id414151-E14-2" TYPE="NAM" PRIMARY="true" METONYMY_MENTION="FALSE">
        <extent>
          <charseq START="134" END="137">Bovo</charseq>
        </extent>
        <head>
          <charseq START="134" END="137">Bovo</charseq>
        </head>
      </entity_mention>
      <entity_attributes>
        <name NAME="Bovo">
          <charseq START="134" END="137">Bovo</charseq>
        </name>
      </entity_attributes>
    </entity>
    <entity ID="adige20041008_id414151-E15" TYPE="PER" SUBTYPE="Individual" CLASS="SPC">
      <entity_mention ID="adige20041008_id414151-E15-2" TYPE="NAM" PRIMARY="true" METONYMY_MENTION="FALSE">
        <extent>
          <charseq START="139" END="147">Mantovani</charseq>
        </extent>
        <head>
          <charseq START="139" END="147">Mantovani</charseq>
        </head>
      </entity_mention>
      <entity_attributes>
        <name NAME="Mantovani">
          <charseq START="139" END="147">Mantovani</charseq>
        </name>
      </entity_attributes>
    </entity>
    <entity ID="adige20041008_id414151-E16" TYPE="PER" SUBTYPE="Individual" CLASS="SPC">
      <entity_mention ID="adige20041008_id414151-E16-2" TYPE="NAM" PRIMARY="true" METONYMY_MENTION="FALSE">
        <extent>
          <charseq START="149" END="157">Chiellini</charseq>
        </extent>
        <head>
          <charseq START="149" END="157">Chiellini</charseq>
        </head>
      </entity_mention>
      <entity_attributes>
        <name NAME="Chiellini">
          <charseq START="149" END="157">Chiellini</charseq>
        </name>
      </entity_attributes>
    </entity>
    <entity ID="adige20041008_id414151-E17" TYPE="PER" SUBTYPE="Individual" CLASS="SPC">
      <entity_mention ID="adige20041008_id414151-E17-2" TYPE="NAM" PRIMARY="true" METONYMY_MENTION="FALSE">
        <extent>
          <charseq START="159" END="164">Rosina</charseq>
        </extent>
        <head>
          <charseq START="159" END="164">Rosina</charseq>
        </head>
      </entity_mention>
      <entity_attributes>
        <name NAME="Rosina">
          <charseq START="159" END="164">Rosina</charseq>
        </name>
      </entity_attributes>
    </entity>
    <entity ID="adige20041008_id414151-E18" TYPE="PER" SUBTYPE="Individual" CLASS="SPC">
      <entity_mention ID="adige20041008_id414151-E18-2" TYPE="NAM" PRIMARY="true" METONYMY_MENTION="FALSE">
        <extent>
          <charseq START="166" END="172">Donadel</charseq>
        </extent>
        <head>
          <charseq START="166" END="172">Donadel</charseq>
        </head>
      </entity_mention>
      <entity_attributes>
        <name NAME="Donadel">
          <charseq START="166" END="172">Donadel</charseq>
        </name>
      </entity_attributes>
    </entity>
    <entity ID="adige20041008_id414151-E19" TYPE="PER" SUBTYPE="Individual" CLASS="SPC">
      <entity_mention ID="adige20041008_id414151-E19-2" TYPE="NAM" PRIMARY="true" METONYMY_MENTION="FALSE">
        <extent>
          <charseq START="174" END="181">Aquilani</charseq>
        </extent>
        <head>
          <charseq START="174" END="181">Aquilani</charseq>
        </head>
      </entity_mention>
      <entity_attributes>
        <name NAME="Aquilani">
          <charseq START="174" END="181">Aquilani</charseq>
        </name>
      </entity_attributes>
    </entity>
    <entity ID="adige20041008_id414151-E20" TYPE="PER" SUBTYPE="Individual" CLASS="SPC">
      <entity_mention ID="adige20041008_id414151-E20-2" TYPE="NAM" PRIMARY="true" METONYMY_MENTION="FALSE">
        <extent>
          <charseq START="183" END="189">Lazzari</charseq>
        </extent>
        <head>
          <charseq START="183" END="189">Lazzari</charseq>
        </head>
      </entity_mention>
      <entity_attributes>
        <name NAME="Lazzari">
          <charseq START="183" END="189">Lazzari</charseq>
        </name>
      </entity_attributes>
    </entity>
    <entity ID="adige20041008_id414151-E21" TYPE="PER" SUBTYPE="Individual" CLASS="SPC">
      <entity_mention ID="adige20041008_id414151-E21-2" TYPE="NAM" PRIMARY="true" METONYMY_MENTION="FALSE">
        <extent>
          <charseq START="191" END="197">Bianchi</charseq>
        </extent>
        <head>
          <charseq START="191" END="197">Bianchi</charseq>
        </head>
      </entity_mention>
      <entity_attributes>
        <name NAME="Bianchi">
          <charseq START="191" END="197">Bianchi</charseq>
        </name>
      </entity_attributes>
    </entity>
    <entity ID="adige20041008_id414151-E22" TYPE="PER" SUBTYPE="Individual" CLASS="SPC">
      <entity_mention ID="adige20041008_id414151-E22-2" TYPE="NAM" PRIMARY="true" METONYMY_MENTION="FALSE">
        <extent>
          <charseq START="199" END="205">Pazzini</charseq>
        </extent>
        <head>
          <charseq START="199" END="205">Pazzini</charseq>
        </head>
      </entity_mention>
      <entity_attributes>
        <name NAME="Pazzini">
          <charseq START="199" END="205">Pazzini</charseq>
        </name>
      </entity_attributes>
    </entity>
    <entity ID="adige20041008_id414151-E23" TYPE="PER" SUBTYPE="Individual" CLASS="SPC">
      <entity_mention ID="adige20041008_id414151-E23-2" TYPE="NAM" PRIMARY="true" METONYMY_MENTION="FALSE">
        <extent>
          <charseq START="233" END="242">Ljubojevic</charseq>
        </extent>
        <head>
          <charseq START="233" END="242">Ljubojevic</charseq>
        </head>
      </entity_mention>
      <entity_attributes>
        <name NAME="Ljubojevic">
          <charseq START="233" END="242">Ljubojevic</charseq>
        </name>
      </entity_attributes>
    </entity>
    <entity ID="adige20041008_id414151-E24" TYPE="PER" SUBTYPE="Individual" CLASS="SPC">
      <entity_mention ID="adige20041008_id414151-E24-2" TYPE="NAM" PRIMARY="true" METONYMY_MENTION="FALSE">
        <extent>
          <charseq START="245" END="250">Beciri</charseq>
        </extent>
        <head>
          <charseq START="245" END="250">Beciri</charseq>
        </head>
      </entity_mention>
      <entity_attributes>
        <name NAME="Beciri">
          <charseq START="245" END="250">Beciri</charseq>
        </name>
      </entity_attributes>
    </entity>
    <entity ID="adige20041008_id414151-E25" TYPE="PER" SUBTYPE="Individual" CLASS="SPC">
      <entity_mention ID="adige20041008_id414151-E25-2" TYPE="NAM" PRIMARY="true" METONYMY_MENTION="FALSE">
        <extent>
          <charseq START="253" END="262">Jesenicnik</charseq>
        </extent>
        <head>
          <charseq START="253" END="262">Jesenicnik</charseq>
        </head>
      </entity_mention>
      <entity_attributes>
        <name NAME="Jesenicnik">
          <charseq START="253" END="262">Jesenicnik</charseq>
        </name>
      </entity_attributes>
    </entity>
    <entity ID="adige20041008_id414151-E26" TYPE="PER" SUBTYPE="Individual" CLASS="SPC">
      <entity_mention ID="adige20041008_id414151-E26-2" TYPE="NAM" PRIMARY="true" METONYMY_MENTION="FALSE">
        <extent>
          <charseq START="265" END="269">Kelar</charseq>
        </extent>
        <head>
          <charseq START="265" END="269">Kelar</charseq>
        </head>
      </entity_mention>
      <entity_attributes>
        <name NAME="Kelar">
          <charseq START="265" END="269">Kelar</charseq>
        </name>
      </entity_attributes>
    </entity>
    <entity ID="adige20041008_id414151-E27" TYPE="PER" SUBTYPE="Individual" CLASS="SPC">
      <entity_mention ID="adige20041008_id414151-E27-2" TYPE="NAM" PRIMARY="true" METONYMY_MENTION="FALSE">
        <extent>
          <charseq START="272" END="282">Ljubijankic</charseq>
        </extent>
        <head>
          <charseq START="272" END="282">Ljubijankic</charseq>
        </head>
      </entity_mention>
      <entity_attributes>
        <name NAME="Ljubijankic">
          <charseq START="272" END="282">Ljubijankic</charseq>
        </name>
      </entity_attributes>
    </entity>
    <entity ID="adige20041008_id414151-E28" TYPE="PER" SUBTYPE="Individual" CLASS="SPC">
      <entity_mention ID="adige20041008_id414151-E28-2" TYPE="NAM" PRIMARY="true" METONYMY_MENTION="FALSE">
        <extent>
          <charseq START="285" END="289">Vrsic</charseq>
        </extent>
        <head>
          <charseq START="285" END="289">Vrsic</charseq>
        </head>
      </entity_mention>
      <entity_attributes>
        <name NAME="Vrsic">
          <charseq START="285" END="289">Vrsic</charseq>
        </name>
      </entity_attributes>
    </entity>
    <entity ID="adige20041008_id414151-E29" TYPE="PER" SUBTYPE="Individual" CLASS="SPC">
      <entity_mention ID="adige20041008_id414151-E29-2" TYPE="NAM" PRIMARY="true" METONYMY_MENTION="FALSE">
        <extent>
          <charseq START="292" END="296">Birsa</charseq>
        </extent>
        <head>
          <charseq START="292" END="296">Birsa</charseq>
        </head>
      </entity_mention>
      <entity_attributes>
        <name NAME="Birsa">
          <charseq START="292" END="296">Birsa</charseq>
        </name>
      </entity_attributes>
    </entity>
    <entity ID="adige20041008_id414151-E30" TYPE="PER" SUBTYPE="Individual" CLASS="SPC">
      <entity_mention ID="adige20041008_id414151-E30-2" TYPE="NAM" PRIMARY="true" METONYMY_MENTION="FALSE">
        <extent>
          <charseq START="302" END="306">Zupan</charseq>
        </extent>
        <head>
          <charseq START="302" END="306">Zupan</charseq>
        </head>
      </entity_mention>
      <entity_mention ID="adige20041008_id414151-E30-4" TYPE="NOM" PRIMARY="false" METONYMY_MENTION="FALSE">
        <extent>
          <charseq START="299" END="306">Ct Zupan</charseq>
        </extent>
        <head>
          <charseq START="299" END="306">Ct Zupan</charseq>
        </head>
      </entity_mention>
      <entity_mention ID="adige20041008_id414151-E30-6" TYPE="NOM" PRIMARY="false" METONYMY_MENTION="FALSE">
        <extent>
          <charseq START="299" END="300">Ct</charseq>
        </extent>
        <head>
          <charseq START="299" END="300">Ct</charseq>
        </head>
      </entity_mention>
      <entity_attributes>
        <name NAME="Zupan">
          <charseq START="302" END="306">Zupan</charseq>
        </name>
      </entity_attributes>
    </entity>
    <entity ID="adige20041008_id414151-E32" TYPE="PER" SUBTYPE="Individual" CLASS="SPC">
      <entity_mention ID="adige20041008_id414151-E32-2" TYPE="NAM" PRIMARY="true" METONYMY_MENTION="FALSE">
        <extent>
          <charseq START="316" END="320">Berni</charseq>
        </extent>
        <head>
          <charseq START="316" END="320">Berni</charseq>
        </head>
      </entity_mention>
      <entity_attributes>
        <name NAME="Berni">
          <charseq START="316" END="320">Berni</charseq>
        </name>
      </entity_attributes>
    </entity>
    <entity ID="adige20041008_id414151-E33" TYPE="PER" SUBTYPE="Individual" CLASS="SPC">
      <entity_mention ID="adige20041008_id414151-E33-2" TYPE="NAM" PRIMARY="true" METONYMY_MENTION="FALSE">
        <extent>
          <charseq START="323" END="329">Piccolo</charseq>
        </extent>
        <head>
          <charseq START="323" END="329">Piccolo</charseq>
        </head>
      </entity_mention>
      <entity_attributes>
        <name NAME="Piccolo">
          <charseq START="323" END="329">Piccolo</charseq>
        </name>
      </entity_attributes>
    </entity>
    <entity ID="adige20041008_id414151-E34" TYPE="PER" SUBTYPE="Individual" CLASS="SPC">
      <entity_mention ID="adige20041008_id414151-E34-2" TYPE="NAM" PRIMARY="true" METONYMY_MENTION="FALSE">
        <extent>
          <charseq START="332" END="339">Zambelli</charseq>
        </extent>
        <head>
          <charseq START="332" END="339">Zambelli</charseq>
        </head>
      </entity_mention>
      <entity_attributes>
        <name NAME="Zambelli">
          <charseq START="332" END="339">Zambelli</charseq>
        </name>
      </entity_attributes>
    </entity>
    <entity ID="adige20041008_id414151-E35" TYPE="PER" SUBTYPE="Individual" CLASS="SPC">
      <entity_mention ID="adige20041008_id414151-E35-2" TYPE="NAM" PRIMARY="true" METONYMY_MENTION="FALSE">
        <extent>
          <charseq START="342" END="347">Loviso</charseq>
        </extent>
        <head>
          <charseq START="342" END="347">Loviso</charseq>
        </head>
      </entity_mention>
      <entity_attributes>
        <name NAME="Loviso">
          <charseq START="342" END="347">Loviso</charseq>
        </name>
      </entity_attributes>
    </entity>
    <entity ID="adige20041008_id414151-E36" TYPE="PER" SUBTYPE="Individual" CLASS="SPC">
      <entity_mention ID="adige20041008_id414151-E36-2" TYPE="NAM" PRIMARY="true" METONYMY_MENTION="FALSE">
        <extent>
          <charseq START="350" END="357">Nocerino</charseq>
        </extent>
        <head>
          <charseq START="350" END="357">Nocerino</charseq>
        </head>
      </entity_mention>
      <entity_attributes>
        <name NAME="Nocerino">
          <charseq START="350" END="357">Nocerino</charseq>
        </name>
      </entity_attributes>
    </entity>
    <entity ID="adige20041008_id414151-E37" TYPE="PER" SUBTYPE="Individual" CLASS="SPC">
      <entity_mention ID="adige20041008_id414151-E37-2" TYPE="NAM" PRIMARY="true" METONYMY_MENTION="FALSE">
        <extent>
          <charseq START="360" END="363">Pepe</charseq>
        </extent>
        <head>
          <charseq START="360" END="363">Pepe</charseq>
        </head>
      </entity_mention>
      <entity_attributes>
        <name NAME="Pepe">
          <charseq START="360" END="363">Pepe</charseq>
        </name>
      </entity_attributes>
    </entity>
    <entity ID="adige20041008_id414151-E38" TYPE="PER" SUBTYPE="Individual" CLASS="SPC">
      <entity_mention ID="adige20041008_id414151-E38-2" TYPE="NAM" PRIMARY="true" METONYMY_MENTION="FALSE">
        <extent>
          <charseq START="366" END="371">Corvia</charseq>
        </extent>
        <head>
          <charseq START="366" END="371">Corvia</charseq>
        </head>
      </entity_mention>
      <entity_attributes>
        <name NAME="Corvia">
          <charseq START="366" END="371">Corvia</charseq>
        </name>
      </entity_attributes>
    </entity>
    <entity ID="adige20041008_id414151-E39" TYPE="PER" SUBTYPE="Individual" CLASS="SPC">
      <entity_mention ID="adige20041008_id414151-E39-2" TYPE="NAM" PRIMARY="true" METONYMY_MENTION="FALSE">
        <extent>
          <charseq START="377" END="383">Gentile</charseq>
        </extent>
        <head>
          <charseq START="377" END="383">Gentile</charseq>
        </head>
      </entity_mention>
      <entity_mention ID="adige20041008_id414151-E39-4" TYPE="NOM" PRIMARY="false" METONYMY_MENTION="FALSE">
        <extent>
          <charseq START="374" END="375">Ct</charseq>
        </extent>
        <head>
          <charseq START="374" END="375">Ct</charseq>
        </head>
      </entity_mention>
      <entity_mention ID="adige20041008_id414151-E39-8" TYPE="NOM" PRIMARY="false" METONYMY_MENTION="FALSE">
        <extent>
          <charseq START="374" END="383">Ct Gentile</charseq>
        </extent>
        <head>
          <charseq START="374" END="383">Ct Gentile</charseq>
        </head>
      </entity_mention>
      <entity_attributes>
        <name NAME="Gentile">
          <charseq START="377" END="383">Gentile</charseq>
        </name>
      </entity_attributes>
    </entity>
    <entity ID="adige20041008_id414151-E40" TYPE="PER" SUBTYPE="Individual" CLASS="SPC">
      <entity_mention ID="adige20041008_id414151-E40-2" TYPE="NAM" PRIMARY="true" METONYMY_MENTION="FALSE">
        <extent>
          <charseq START="394" END="400">Briakos</charseq>
        </extent>
        <head>
          <charseq START="394" END="400">Briakos</charseq>
        </head>
      </entity_mention>
      <entity_mention ID="adige20041008_id414151-E40-4" TYPE="NOM" PRIMARY="false" METONYMY_MENTION="FALSE">
        <extent>
          <charseq START="385" END="391">ARBITRO</charseq>
        </extent>
        <head>
          <charseq START="385" END="391">ARBITRO</charseq>
        </head>
      </entity_mention>
      <entity_attributes>
        <name NAME="Briakos">
          <charseq START="394" END="400">Briakos</charseq>
        </name>
      </entity_attributes>
    </entity>
    <entity ID="adige20041008_id414151-E41" TYPE="PER" SUBTYPE="Group" CLASS="SPC">
      <entity_mention ID="adige20041008_id414151-E41-2" TYPE="NAM" PRIMARY="true" METONYMY_MENTION="FALSE">
        <extent>
          <charseq START="233" END="296">Ljubojevic, Beciri, Jesenicnik, Kelar, Ljubijankic, Vrsic, Birsa</charseq>
        </extent>
        <head>
          <charseq START="233" END="296">Ljubojevic, Beciri, Jesenicnik, Kelar, Ljubijankic, Vrsic, Birsa</charseq>
        </head>
      </entity_mention>
      <entity_attributes>
        <name NAME="Ljubojevic, Beciri, Jesenicnik, Kelar, Ljubijankic, Vrsic, Birsa">
          <charseq START="233" END="296">Ljubojevic, Beciri, Jesenicnik, Kelar, Ljubijankic, Vrsic, Birsa</charseq>
        </name>
      </entity_attributes>
    </entity>
    <entity ID="adige20041008_id414151-E42" TYPE="PER" SUBTYPE="Group" CLASS="SPC">
      <entity_mention ID="adige20041008_id414151-E42-2" TYPE="NAM" PRIMARY="true" METONYMY_MENTION="FALSE">
        <extent>
          <charseq START="316" END="371">Berni, Piccolo, Zambelli, Loviso, Nocerino, Pepe, Corvia</charseq>
        </extent>
        <head>
          <charseq START="316" END="371">Berni, Piccolo, Zambelli, Loviso, Nocerino, Pepe, Corvia</charseq>
        </head>
      </entity_mention>
      <entity_attributes>
        <name NAME="Berni, Piccolo, Zambelli, Loviso, Nocerino, Pepe, Corvia">
          <charseq START="316" END="371">Berni, Piccolo, Zambelli, Loviso, Nocerino, Pepe, Corvia</charseq>
        </name>
      </entity_attributes>
    </entity>
    <entity ID="adige20041008_id414151-E43" TYPE="ORG" SUBTYPE="Sports" CLASS="SPC">
      <entity_mention ID="adige20041008_id414151-E43-1" TYPE="NAM" PRIMARY="true" METONYMY_MENTION="TRUE">
        <extent>
          <charseq START="24" END="31">SLOVENIA</charseq>
        </extent>
        <head>
          <charseq START="24" END="31">SLOVENIA</charseq>
        </head>
      </entity_mention>
      <entity_mention ID="adige20041008_id414151-E43-2" TYPE="NAM" PRIMARY="false" METONYMY_MENTION="TRUE">
        <extent>
          <charseq START="223" END="230">SLOVENIA</charseq>
        </extent>
        <head>
          <charseq START="223" END="230">SLOVENIA</charseq>
        </head>
      </entity_mention>
      <entity_attributes>
        <name NAME="SLOVENIA">
          <charseq START="24" END="31">SLOVENIA</charseq>
        </name>
        <name NAME="SLOVENIA">
          <charseq START="223" END="230">SLOVENIA</charseq>
        </name>
      </entity_attributes>
    </entity>
    <entity ID="adige20041008_id414151-E44" TYPE="ORG" SUBTYPE="Sports" CLASS="SPC">
      <entity_mention ID="adige20041008_id414151-E44-1" TYPE="NAM" PRIMARY="true" METONYMY_MENTION="TRUE">
        <extent>
          <charseq START="110" END="115">ITALIA</charseq>
        </extent>
        <head>
          <charseq START="110" END="115">ITALIA</charseq>
        </head>
      </entity_mention>
      <entity_mention ID="adige20041008_id414151-E44-2" TYPE="NAM" PRIMARY="false" METONYMY_MENTION="TRUE">
        <extent>
          <charseq START="308" END="313">ITALIA</charseq>
        </extent>
        <head>
          <charseq START="308" END="313">ITALIA</charseq>
        </head>
      </entity_mention>
      <entity_attributes>
        <name NAME="ITALIA">
          <charseq START="110" END="115">ITALIA</charseq>
        </name>
        <name NAME="ITALIA">
          <charseq START="308" END="313">ITALIA</charseq>
        </name>
      </entity_attributes>
    </entity>
    <entity ID="adige20041008_id414151-E45" TYPE="GPE" SUBTYPE="Nation" CLASS="SPC">
      <entity_mention ID="adige20041008_id414151-E45-2" TYPE="NAM" PRIMARY="true" ROLE="GPE" METONYMY_MENTION="FALSE">
        <extent>
          <charseq START="403" END="408">Grecia</charseq>
        </extent>
        <head>
          <charseq START="403" END="408">Grecia</charseq>
        </head>
      </entity_mention>
      <entity_attributes>
        <name NAME="Grecia">
          <charseq START="403" END="408">Grecia</charseq>
        </name>
      </entity_attributes>
    </entity>
  </document>
</source_file>
