<?xml version="1.0" encoding="UTF-8"?>
<!DOCTYPE source_file PUBLIC "SYSTEM" "apf.v5.2.0.dtd">

<source_file URI="adige20041008_id414156.txt" SOURCE="unknown" TYPE="text" VERSION="5.0" AUTHOR="Evalita" ENCODING="UTF-8">
  <document DOCID="adige20041008_id414156">
    <entity ID="adige20041008_id414156-E2" TYPE="PER" SUBTYPE="Group" CLASS="SPC">
      <entity_mention ID="adige20041008_id414156-E2-2" TYPE="NOM" PRIMARY="true" METONYMY_MENTION="FALSE">
        <extent>
          <charseq START="398" END="419">ben 3.733 classificati</charseq>
        </extent>
        <head>
          <charseq START="408" END="419">classificati</charseq>
        </head>
      </entity_mention>
    </entity>
    <entity ID="adige20041008_id414156-E4" TYPE="PER" SUBTYPE="Individual" CLASS="SPC">
      <entity_mention ID="adige20041008_id414156-E4-2" TYPE="NAM" PRIMARY="true" METONYMY_MENTION="FALSE">
        <extent>
          <charseq START="505" END="521">Gabriella Paruzzi</charseq>
        </extent>
        <head>
          <charseq START="505" END="521">Gabriella Paruzzi</charseq>
        </head>
      </entity_mention>
      <entity_mention ID="adige20041008_id414156-E4-4" TYPE="NOM" PRIMARY="false" METONYMY_MENTION="FALSE">
        <extent>
          <charseq START="524" END="563">la vincitrice della Coppa del Mondo 2004</charseq>
        </extent>
        <head>
          <charseq START="527" END="536">vincitrice</charseq>
        </head>
      </entity_mention>
      <entity_mention ID="adige20041008_id414156-E4-6" TYPE="PRO" PRIMARY="false" METONYMY_MENTION="FALSE">
        <extent>
          <charseq START="565" END="572">la quale</charseq>
        </extent>
        <head>
          <charseq START="568" END="572">quale</charseq>
        </head>
      </entity_mention>
      <entity_mention ID="adige20041008_id414156-E4-8" TYPE="NAM" PRIMARY="false" METONYMY_MENTION="FALSE">
        <extent>
          <charseq START="505" END="682">Gabriella Paruzzi, la vincitrice della Coppa del Mondo 2004 la quale, grazie alla vittoria della scorsa Marcialonga, ha avuto gli stimoli per puntare al grande risultato in Coppa</charseq>
        </extent>
        <head>
          <charseq START="505" END="682">Gabriella Paruzzi, la vincitrice della Coppa del Mondo 2004 la quale, grazie alla vittoria della scorsa Marcialonga, ha avuto gli stimoli per puntare al grande risultato in Coppa</charseq>
        </head>
      </entity_mention>
      <entity_mention ID="adige20041008_id414156-E4-10" TYPE="NOM" PRIMARY="false" METONYMY_MENTION="FALSE">
        <extent>
          <charseq START="685" END="709">La campionessa tarvisiana</charseq>
        </extent>
        <head>
          <charseq START="688" END="698">campionessa</charseq>
        </head>
      </entity_mention>
      <entity_mention ID="adige20041008_id414156-E4-12" TYPE="NOM" PRIMARY="false" METONYMY_MENTION="FALSE">
        <extent>
          <charseq START="756" END="769">la testimonial</charseq>
        </extent>
        <head>
          <charseq START="759" END="769">testimonial</charseq>
        </head>
      </entity_mention>
      <entity_mention ID="adige20041008_id414156-E4-14" TYPE="NOM" PRIMARY="false" METONYMY_MENTION="FALSE">
        <extent>
          <charseq START="773" END="787">l'ambasciatrice</charseq>
        </extent>
        <head>
          <charseq START="775" END="787">ambasciatrice</charseq>
        </head>
      </entity_mention>
      <entity_mention ID="adige20041008_id414156-E4-16" TYPE="NOM" PRIMARY="false" METONYMY_MENTION="FALSE">
        <extent>
          <charseq START="756" END="858">la testimonial e l'ambasciatrice della granfondo sugli sci che ha fatto la storia del fondismo italiano</charseq>
        </extent>
        <head>
          <charseq START="756" END="858">la testimonial e l'ambasciatrice della granfondo sugli sci che ha fatto la storia del fondismo italiano</charseq>
        </head>
      </entity_mention>
      <entity_mention ID="adige20041008_id414156-E4-18" TYPE="NAM" PRIMARY="false" METONYMY_MENTION="FALSE">
        <extent>
          <charseq START="77" END="83">Paruzzi</charseq>
        </extent>
        <head>
          <charseq START="77" END="83">Paruzzi</charseq>
        </head>
      </entity_mention>
      <entity_mention ID="adige20041008_id414156-E4-20" TYPE="NOM" PRIMARY="false" METONYMY_MENTION="FALSE">
        <extent>
          <charseq START="85" END="91">madrina</charseq>
        </extent>
        <head>
          <charseq START="85" END="91">madrina</charseq>
        </head>
      </entity_mention>
      <entity_mention ID="adige20041008_id414156-E4-22" TYPE="NAM" PRIMARY="false" METONYMY_MENTION="FALSE">
        <extent>
          <charseq START="77" END="91">Paruzzi madrina</charseq>
        </extent>
        <head>
          <charseq START="77" END="91">Paruzzi madrina</charseq>
        </head>
      </entity_mention>
      <entity_attributes>
        <name NAME="Gabriella Paruzzi">
          <charseq START="505" END="521">Gabriella Paruzzi</charseq>
        </name>
        <name NAME="Gabriella Paruzzi, la vincitrice della Coppa del Mondo 2004 la quale, grazie alla vittoria della scorsa Marcialonga, ha avuto gli stimoli per puntare al grande risultato in Coppa">
          <charseq START="505" END="682">Gabriella Paruzzi, la vincitrice della Coppa del Mondo 2004 la quale, grazie alla vittoria della scorsa Marcialonga, ha avuto gli stimoli per puntare al grande risultato in Coppa</charseq>
        </name>
        <name NAME="Paruzzi">
          <charseq START="77" END="83">Paruzzi</charseq>
        </name>
        <name NAME="Paruzzi madrina">
          <charseq START="77" END="91">Paruzzi madrina</charseq>
        </name>
      </entity_attributes>
    </entity>
    <entity ID="adige20041008_id414156-E5" TYPE="PER" SUBTYPE="Individual" CLASS="SPC">
      <entity_mention ID="adige20041008_id414156-E5-2" TYPE="NAM" PRIMARY="true" METONYMY_MENTION="FALSE">
        <extent>
          <charseq START="1089" END="1107">Gianantonio Zanetel</charseq>
        </extent>
        <head>
          <charseq START="1089" END="1107">Gianantonio Zanetel</charseq>
        </head>
      </entity_mention>
      <entity_attributes>
        <name NAME="Gianantonio Zanetel">
          <charseq START="1089" END="1107">Gianantonio Zanetel</charseq>
        </name>
      </entity_attributes>
    </entity>
    <entity ID="adige20041008_id414156-E6" TYPE="PER" SUBTYPE="Individual" CLASS="SPC">
      <entity_mention ID="adige20041008_id414156-E6-2" TYPE="NAM" PRIMARY="true" METONYMY_MENTION="FALSE">
        <extent>
          <charseq START="1111" END="1128">Cristina Paluselli</charseq>
        </extent>
        <head>
          <charseq START="1111" END="1128">Cristina Paluselli</charseq>
        </head>
      </entity_mention>
      <entity_attributes>
        <name NAME="Cristina Paluselli">
          <charseq START="1111" END="1128">Cristina Paluselli</charseq>
        </name>
      </entity_attributes>
    </entity>
    <entity ID="adige20041008_id414156-E7" TYPE="PER" SUBTYPE="Group" CLASS="SPC">
      <entity_mention ID="adige20041008_id414156-E7-2" TYPE="NAM" PRIMARY="true" METONYMY_MENTION="FALSE">
        <extent>
          <charseq START="1089" END="1128">Gianantonio Zanetel e Cristina Paluselli</charseq>
        </extent>
        <head>
          <charseq START="1089" END="1128">Gianantonio Zanetel e Cristina Paluselli</charseq>
        </head>
      </entity_mention>
      <entity_mention ID="adige20041008_id414156-E7-4" TYPE="NOM" PRIMARY="false" METONYMY_MENTION="FALSE">
        <extent>
          <charseq START="1075" END="1086">due italiani</charseq>
        </extent>
        <head>
          <charseq START="1079" END="1086">italiani</charseq>
        </head>
      </entity_mention>
      <entity_mention ID="adige20041008_id414156-E7-6" TYPE="PRO" PRIMARY="false" METONYMY_MENTION="FALSE">
        <extent>
          <charseq START="1131" END="1133">che</charseq>
        </extent>
        <head>
          <charseq START="1131" END="1133">che</charseq>
        </head>
      </entity_mention>
      <entity_mention ID="adige20041008_id414156-E7-8" TYPE="NOM" PRIMARY="false" METONYMY_MENTION="FALSE">
        <extent>
          <charseq START="1075" END="1225">due italiani, Gianantonio Zanetel e Cristina Paluselli, che dovranno difendere il titolo della Coppa del Mondo lunghe distanze vinto la scorsa stagione</charseq>
        </extent>
        <head>
          <charseq START="1075" END="1225">due italiani, Gianantonio Zanetel e Cristina Paluselli, che dovranno difendere il titolo della Coppa del Mondo lunghe distanze vinto la scorsa stagione</charseq>
        </head>
      </entity_mention>
      <entity_attributes>
        <name NAME="Gianantonio Zanetel e Cristina Paluselli">
          <charseq START="1089" END="1128">Gianantonio Zanetel e Cristina Paluselli</charseq>
        </name>
      </entity_attributes>
    </entity>
    <entity ID="adige20041008_id414156-E8" TYPE="PER" SUBTYPE="Individual" CLASS="SPC">
      <entity_mention ID="adige20041008_id414156-E8-2" TYPE="NAM" PRIMARY="true" METONYMY_MENTION="FALSE">
        <extent>
          <charseq START="1385" END="1469">Giorgio Di Centa, secondo lo scorso gennaio "intrappolato" fra i due fratelli Aukland</charseq>
        </extent>
        <head>
          <charseq START="1385" END="1400">Giorgio Di Centa</charseq>
        </head>
      </entity_mention>
      <entity_mention ID="adige20041008_id414156-E8-4" TYPE="PRO" PRIMARY="false" METONYMY_MENTION="FALSE">
        <extent>
          <charseq START="1610" END="1611">me</charseq>
        </extent>
        <head>
          <charseq START="1610" END="1611">me</charseq>
        </head>
      </entity_mention>
      <entity_mention ID="adige20041008_id414156-E8-6" TYPE="NOM" PRIMARY="false" METONYMY_MENTION="FALSE">
        <extent>
          <charseq START="1630" END="1640">il friulano</charseq>
        </extent>
        <head>
          <charseq START="1633" END="1640">friulano</charseq>
        </head>
      </entity_mention>
      <entity_mention ID="adige20041008_id414156-E8-8" TYPE="NAM" PRIMARY="false" METONYMY_MENTION="FALSE">
        <extent>
          <charseq START="94" END="121">Giorgio Di Centa per vincere</charseq>
        </extent>
        <head>
          <charseq START="94" END="109">Giorgio Di Centa</charseq>
        </head>
      </entity_mention>
      <entity_attributes>
        <name NAME="Giorgio Di Centa">
          <charseq START="1385" END="1400">Giorgio Di Centa</charseq>
        </name>
        <name NAME="Giorgio Di Centa">
          <charseq START="94" END="109">Giorgio Di Centa</charseq>
        </name>
      </entity_attributes>
    </entity>
    <entity ID="adige20041008_id414156-E9" TYPE="PER" SUBTYPE="Individual" CLASS="SPC">
      <entity_mention ID="adige20041008_id414156-E9-2" TYPE="NAM" PRIMARY="true" METONYMY_MENTION="FALSE">
        <extent>
          <charseq START="1501" END="1508">Chenetti</charseq>
        </extent>
        <head>
          <charseq START="1501" END="1508">Chenetti</charseq>
        </head>
      </entity_mention>
      <entity_mention ID="adige20041008_id414156-E9-4" TYPE="NOM" PRIMARY="false" METONYMY_MENTION="FALSE">
        <extent>
          <charseq START="1488" END="1499">l'allenatore</charseq>
        </extent>
        <head>
          <charseq START="1490" END="1499">allenatore</charseq>
        </head>
      </entity_mention>
      <entity_mention ID="adige20041008_id414156-E9-6" TYPE="NOM" PRIMARY="false" METONYMY_MENTION="FALSE">
        <extent>
          <charseq START="1488" END="1508">l'allenatore Chenetti</charseq>
        </extent>
        <head>
          <charseq START="1488" END="1508">l'allenatore Chenetti</charseq>
        </head>
      </entity_mention>
      <entity_attributes>
        <name NAME="Chenetti">
          <charseq START="1501" END="1508">Chenetti</charseq>
        </name>
      </entity_attributes>
    </entity>
    <entity ID="adige20041008_id414156-E11" TYPE="PER" SUBTYPE="Group" CLASS="SPC">
      <entity_mention ID="adige20041008_id414156-E11-2" TYPE="NAM" PRIMARY="true" METONYMY_MENTION="FALSE">
        <extent>
          <charseq START="1463" END="1469">Aukland</charseq>
        </extent>
        <head>
          <charseq START="1463" END="1469">Aukland</charseq>
        </head>
      </entity_mention>
      <entity_mention ID="adige20041008_id414156-E11-6" TYPE="NOM" PRIMARY="false" METONYMY_MENTION="FALSE">
        <extent>
          <charseq START="1448" END="1461">i due fratelli</charseq>
        </extent>
        <head>
          <charseq START="1454" END="1461">fratelli</charseq>
        </head>
      </entity_mention>
      <entity_mention ID="adige20041008_id414156-E11-8" TYPE="NOM" PRIMARY="false" METONYMY_MENTION="FALSE">
        <extent>
          <charseq START="1448" END="1469">i due fratelli Aukland</charseq>
        </extent>
        <head>
          <charseq START="1448" END="1469">i due fratelli Aukland</charseq>
        </head>
      </entity_mention>
      <entity_attributes>
        <name NAME="Aukland">
          <charseq START="1463" END="1469">Aukland</charseq>
        </name>
      </entity_attributes>
    </entity>
    <entity ID="adige20041008_id414156-E12" TYPE="PER" SUBTYPE="Group" CLASS="SPC">
      <entity_mention ID="adige20041008_id414156-E12-2" TYPE="NOM" PRIMARY="true" METONYMY_MENTION="FALSE">
        <extent>
          <charseq START="62" END="74">1500 iscritti</charseq>
        </extent>
        <head>
          <charseq START="67" END="74">iscritti</charseq>
        </head>
      </entity_mention>
      <entity_mention ID="adige20041008_id414156-E12-4" TYPE="PRO" PRIMARY="false" METONYMY_MENTION="FALSE">
        <extent>
          <charseq START="236" END="240">1.500</charseq>
        </extent>
        <head>
          <charseq START="236" END="240">1.500</charseq>
        </head>
      </entity_mention>
    </entity>
    <entity ID="adige20041008_id414156-E13" TYPE="PER" SUBTYPE="Group" CLASS="SPC">
      <entity_mention ID="adige20041008_id414156-E13-2" TYPE="NOM" PRIMARY="true" METONYMY_MENTION="FALSE">
        <extent>
          <charseq START="435" END="446">gli iscritti</charseq>
        </extent>
        <head>
          <charseq START="439" END="446">iscritti</charseq>
        </head>
      </entity_mention>
      <entity_mention ID="adige20041008_id414156-E13-4" TYPE="PRO" PRIMARY="false" METONYMY_MENTION="FALSE">
        <extent>
          <charseq START="462" END="466">4.378</charseq>
        </extent>
        <head>
          <charseq START="462" END="466">4.378</charseq>
        </head>
      </entity_mention>
    </entity>
    <entity ID="adige20041008_id414156-E15" TYPE="PER" SUBTYPE="Group" CLASS="SPC">
      <entity_mention ID="adige20041008_id414156-E15-2" TYPE="NAM" PRIMARY="true" METONYMY_MENTION="FALSE">
        <extent>
          <charseq START="77" END="121">Paruzzi madrina, Giorgio Di Centa per vincere</charseq>
        </extent>
        <head>
          <charseq START="77" END="121">Paruzzi madrina, Giorgio Di Centa per vincere</charseq>
        </head>
      </entity_mention>
      <entity_attributes>
        <name NAME="Paruzzi madrina, Giorgio Di Centa per vincere">
          <charseq START="77" END="121">Paruzzi madrina, Giorgio Di Centa per vincere</charseq>
        </name>
      </entity_attributes>
    </entity>
    <entity ID="adige20041008_id414156-E16" TYPE="GPE" SUBTYPE="Population-Center" CLASS="SPC">
      <entity_mention ID="adige20041008_id414156-E16-2" TYPE="NAM" PRIMARY="true" ROLE="GPE" METONYMY_MENTION="FALSE">
        <extent>
          <charseq START="700" END="709">tarvisiana</charseq>
        </extent>
        <head>
          <charseq START="700" END="709">tarvisiana</charseq>
        </head>
      </entity_mention>
    </entity>
    <entity ID="adige20041008_id414156-E17" TYPE="LOC" SUBTYPE="Land-Region-Natural" CLASS="SPC">
      <entity_mention ID="adige20041008_id414156-E17-1" TYPE="NOM" PRIMARY="true" METONYMY_MENTION="FALSE">
        <extent>
          <charseq START="883" END="914">delle Valli di Fiemme e di Fassa</charseq>
        </extent>
        <head>
          <charseq START="889" END="893">Valli</charseq>
        </head>
      </entity_mention>
    </entity>
    <entity ID="adige20041008_id414156-E18" TYPE="GPE" SUBTYPE="Nation" CLASS="SPC">
      <entity_mention ID="adige20041008_id414156-E18-1" TYPE="NAM" PRIMARY="true" ROLE="GPE" METONYMY_MENTION="FALSE">
        <extent>
          <charseq START="851" END="858">italiano</charseq>
        </extent>
        <head>
          <charseq START="851" END="858">italiano</charseq>
        </head>
      </entity_mention>
    </entity>
  </document>
</source_file>
