<?xml version="1.0" encoding="UTF-8"?>
<!DOCTYPE source_file PUBLIC "SYSTEM" "apf.v5.2.0.dtd">

<source_file URI="adige20041008_id414147.txt" SOURCE="unknown" TYPE="text" VERSION="5.0" AUTHOR="Evalita" ENCODING="UTF-8">
  <document DOCID="adige20041008_id414147">
    <entity ID="adige20041008_id414147-E1" TYPE="PER" SUBTYPE="Individual" CLASS="SPC">
      <entity_mention ID="adige20041008_id414147-E1-2" TYPE="NAM" PRIMARY="true" METONYMY_MENTION="FALSE">
        <extent>
          <charseq START="172" END="184">Fabio Capello</charseq>
        </extent>
        <head>
          <charseq START="172" END="184">Fabio Capello</charseq>
        </head>
      </entity_mention>
      <entity_mention ID="adige20041008_id414147-E1-4" TYPE="NAM" PRIMARY="false" METONYMY_MENTION="FALSE">
        <extent>
          <charseq START="2108" END="2114">Capello</charseq>
        </extent>
        <head>
          <charseq START="2108" END="2114">Capello</charseq>
        </head>
      </entity_mention>
      <entity_mention ID="adige20041008_id414147-E1-6" TYPE="NOM" PRIMARY="false" METONYMY_MENTION="FALSE">
        <extent>
          <charseq START="2299" END="2313">dell'ex tecnico</charseq>
        </extent>
        <head>
          <charseq START="2307" END="2313">tecnico</charseq>
        </head>
      </entity_mention>
      <entity_attributes>
        <name NAME="Fabio Capello">
          <charseq START="172" END="184">Fabio Capello</charseq>
        </name>
        <name NAME="Capello">
          <charseq START="2108" END="2114">Capello</charseq>
        </name>
      </entity_attributes>
    </entity>
    <entity ID="adige20041008_id414147-E2" TYPE="PER" SUBTYPE="Individual" CLASS="SPC">
      <entity_mention ID="adige20041008_id414147-E2-2" TYPE="NAM" PRIMARY="true" METONYMY_MENTION="FALSE">
        <extent>
          <charseq START="244" END="248">Totti</charseq>
        </extent>
        <head>
          <charseq START="244" END="248">Totti</charseq>
        </head>
      </entity_mention>
      <entity_mention ID="adige20041008_id414147-E2-4" TYPE="NAM" PRIMARY="false" METONYMY_MENTION="FALSE">
        <extent>
          <charseq START="727" END="731">Totti</charseq>
        </extent>
        <head>
          <charseq START="727" END="731">Totti</charseq>
        </head>
      </entity_mention>
      <entity_mention ID="adige20041008_id414147-E2-6" TYPE="NAM" PRIMARY="false" METONYMY_MENTION="FALSE">
        <extent>
          <charseq START="1598" END="1624">il Totti di qualche anno fa</charseq>
        </extent>
        <head>
          <charseq START="1601" END="1605">Totti</charseq>
        </head>
      </entity_mention>
      <entity_mention ID="adige20041008_id414147-E2-8" TYPE="PRO" PRIMARY="false" METONYMY_MENTION="FALSE">
        <extent>
          <charseq START="1630" END="1632">suo</charseq>
        </extent>
        <head>
          <charseq START="1630" END="1632">suo</charseq>
        </head>
      </entity_mention>
      <entity_mention ID="adige20041008_id414147-E2-10" TYPE="NOM" PRIMARY="false" METONYMY_MENTION="FALSE">
        <extent>
          <charseq START="1703" END="1713">il capitano</charseq>
        </extent>
        <head>
          <charseq START="1706" END="1713">capitano</charseq>
        </head>
      </entity_mention>
      <entity_mention ID="adige20041008_id414147-E2-12" TYPE="NAM" PRIMARY="false" METONYMY_MENTION="FALSE">
        <extent>
          <charseq START="2102" END="2106">Totti</charseq>
        </extent>
        <head>
          <charseq START="2102" END="2106">Totti</charseq>
        </head>
      </entity_mention>
      <entity_mention ID="adige20041008_id414147-E2-14" TYPE="NOM" PRIMARY="false" METONYMY_MENTION="FALSE">
        <extent>
          <charseq START="2343" END="2354">il numero 10</charseq>
        </extent>
        <head>
          <charseq START="2346" END="2354">numero 10</charseq>
        </head>
      </entity_mention>
      <entity_mention ID="adige20041008_id414147-E2-16" TYPE="NAM" PRIMARY="false" METONYMY_MENTION="FALSE">
        <extent>
          <charseq START="2500" END="2504">Totti</charseq>
        </extent>
        <head>
          <charseq START="2500" END="2504">Totti</charseq>
        </head>
      </entity_mention>
      <entity_mention ID="adige20041008_id414147-E2-18" TYPE="NOM" PRIMARY="false" METONYMY_MENTION="FALSE">
        <extent>
          <charseq START="2510" END="2517">un amico</charseq>
        </extent>
        <head>
          <charseq START="2513" END="2517">amico</charseq>
        </head>
      </entity_mention>
      <entity_mention ID="adige20041008_id414147-E2-20" TYPE="PRO" PRIMARY="false" METONYMY_MENTION="FALSE">
        <extent>
          <charseq START="2532" END="2534">lui</charseq>
        </extent>
        <head>
          <charseq START="2532" END="2534">lui</charseq>
        </head>
      </entity_mention>
      <entity_attributes>
        <name NAME="Totti">
          <charseq START="244" END="248">Totti</charseq>
        </name>
        <name NAME="Totti">
          <charseq START="727" END="731">Totti</charseq>
        </name>
        <name NAME="Totti">
          <charseq START="1601" END="1605">Totti</charseq>
        </name>
        <name NAME="Totti">
          <charseq START="2102" END="2106">Totti</charseq>
        </name>
        <name NAME="Totti">
          <charseq START="2500" END="2504">Totti</charseq>
        </name>
      </entity_attributes>
    </entity>
    <entity ID="adige20041008_id414147-E3" TYPE="PER" SUBTYPE="Individual" CLASS="SPC">
      <entity_mention ID="adige20041008_id414147-E3-2" TYPE="NAM" PRIMARY="true" METONYMY_MENTION="FALSE">
        <extent>
          <charseq START="322" END="329">De Rossi</charseq>
        </extent>
        <head>
          <charseq START="322" END="329">De Rossi</charseq>
        </head>
      </entity_mention>
      <entity_mention ID="adige20041008_id414147-E3-4" TYPE="NAM" PRIMARY="false" METONYMY_MENTION="FALSE">
        <extent>
          <charseq START="253" END="259">Daniele</charseq>
        </extent>
        <head>
          <charseq START="253" END="259">Daniele</charseq>
        </head>
      </entity_mention>
      <entity_mention ID="adige20041008_id414147-E3-6" TYPE="PRO" PRIMARY="false" METONYMY_MENTION="FALSE">
        <extent>
          <charseq START="151" END="153">lui</charseq>
        </extent>
        <head>
          <charseq START="151" END="153">lui</charseq>
        </head>
      </entity_mention>
      <entity_mention ID="adige20041008_id414147-E3-8" TYPE="NOM" PRIMARY="false" METONYMY_MENTION="FALSE">
        <extent>
          <charseq START="332" END="352">l'ultimo crac azzurro</charseq>
        </extent>
        <head>
          <charseq START="341" END="344">crac</charseq>
        </head>
      </entity_mention>
      <entity_mention ID="adige20041008_id414147-E3-10" TYPE="NAM" PRIMARY="false" METONYMY_MENTION="FALSE">
        <extent>
          <charseq START="322" END="352">De Rossi, l'ultimo crac azzurro</charseq>
        </extent>
        <head>
          <charseq START="322" END="352">De Rossi, l'ultimo crac azzurro</charseq>
        </head>
      </entity_mention>
      <entity_mention ID="adige20041008_id414147-E3-12" TYPE="PRO" PRIMARY="false" METONYMY_MENTION="FALSE">
        <extent>
          <charseq START="494" END="496">lui</charseq>
        </extent>
        <head>
          <charseq START="494" END="496">lui</charseq>
        </head>
      </entity_mention>
      <entity_mention ID="adige20041008_id414147-E3-14" TYPE="PRO" PRIMARY="false" METONYMY_MENTION="FALSE">
        <extent>
          <charseq START="577" END="578">lo</charseq>
        </extent>
        <head>
          <charseq START="577" END="578">lo</charseq>
        </head>
      </entity_mention>
      <entity_mention ID="adige20041008_id414147-E3-16" TYPE="NOM" PRIMARY="false" METONYMY_MENTION="FALSE">
        <extent>
          <charseq START="618" END="634">il centrocampista</charseq>
        </extent>
        <head>
          <charseq START="621" END="634">centrocampista</charseq>
        </head>
      </entity_mention>
      <entity_mention ID="adige20041008_id414147-E3-18" TYPE="PRO" PRIMARY="false" METONYMY_MENTION="FALSE">
        <extent>
          <charseq START="637" END="646">il secondo</charseq>
        </extent>
        <head>
          <charseq START="640" END="646">secondo</charseq>
        </head>
      </entity_mention>
      <entity_mention ID="adige20041008_id414147-E3-20" TYPE="NAM" PRIMARY="false" METONYMY_MENTION="FALSE">
        <extent>
          <charseq START="703" END="731">De Rossi, in coppia con Totti</charseq>
        </extent>
        <head>
          <charseq START="703" END="710">De Rossi</charseq>
        </head>
      </entity_mention>
      <entity_mention ID="adige20041008_id414147-E3-22" TYPE="NOM" PRIMARY="false" METONYMY_MENTION="FALSE">
        <extent>
          <charseq START="734" END="745">il romanista</charseq>
        </extent>
        <head>
          <charseq START="737" END="745">romanista</charseq>
        </head>
      </entity_mention>
      <entity_mention ID="adige20041008_id414147-E3-24" TYPE="PRO" PRIMARY="false" METONYMY_MENTION="FALSE">
        <extent>
          <charseq START="805" END="807">suo</charseq>
        </extent>
        <head>
          <charseq START="805" END="807">suo</charseq>
        </head>
      </entity_mention>
      <entity_mention ID="adige20041008_id414147-E3-26" TYPE="PRO" PRIMARY="false" METONYMY_MENTION="FALSE">
        <extent>
          <charseq START="909" END="910">mi</charseq>
        </extent>
        <head>
          <charseq START="909" END="910">mi</charseq>
        </head>
      </entity_mention>
      <entity_mention ID="adige20041008_id414147-E3-28" TYPE="PRO" PRIMARY="false" METONYMY_MENTION="FALSE">
        <extent>
          <charseq START="1057" END="1058">Io</charseq>
        </extent>
        <head>
          <charseq START="1057" END="1058">Io</charseq>
        </head>
      </entity_mention>
      <entity_mention ID="adige20041008_id414147-E3-30" TYPE="NAM" PRIMARY="false" METONYMY_MENTION="FALSE">
        <extent>
          <charseq START="1082" END="1089">De Rossi</charseq>
        </extent>
        <head>
          <charseq START="1082" END="1089">De Rossi</charseq>
        </head>
      </entity_mention>
      <entity_mention ID="adige20041008_id414147-E3-32" TYPE="NOM" PRIMARY="false" METONYMY_MENTION="FALSE">
        <extent>
          <charseq START="1182" END="1198">un professionista</charseq>
        </extent>
        <head>
          <charseq START="1185" END="1198">professionista</charseq>
        </head>
      </entity_mention>
      <entity_mention ID="adige20041008_id414147-E3-34" TYPE="NOM" PRIMARY="false" METONYMY_MENTION="FALSE">
        <extent>
          <charseq START="1216" END="1227">un nazionale</charseq>
        </extent>
        <head>
          <charseq START="1219" END="1227">nazionale</charseq>
        </head>
      </entity_mention>
      <entity_mention ID="adige20041008_id414147-E3-36" TYPE="NOM" PRIMARY="false" METONYMY_MENTION="FALSE">
        <extent>
          <charseq START="1458" END="1507">figlio dell'allenatore delle giovanili giallorosse</charseq>
        </extent>
        <head>
          <charseq START="1458" END="1463">figlio</charseq>
        </head>
      </entity_mention>
      <entity_mention ID="adige20041008_id414147-E3-38" TYPE="NAM" PRIMARY="false" METONYMY_MENTION="FALSE">
        <extent>
          <charseq START="1430" END="1555">Romano di Ostia, romanista, figlio dell'allenatore delle giovanili giallorosse, fidanzato con una romanissima Tamara, De Rossi</charseq>
        </extent>
        <head>
          <charseq START="1548" END="1555">De Rossi</charseq>
        </head>
      </entity_mention>
      <entity_mention ID="adige20041008_id414147-E3-40" TYPE="PRO" PRIMARY="false" METONYMY_MENTION="FALSE">
        <extent>
          <charseq START="2117" END="2118">Io</charseq>
        </extent>
        <head>
          <charseq START="2117" END="2118">Io</charseq>
        </head>
      </entity_mention>
      <entity_mention ID="adige20041008_id414147-E3-42" TYPE="NAM" PRIMARY="false" METONYMY_MENTION="FALSE">
        <extent>
          <charseq START="2264" END="2271">De Rossi</charseq>
        </extent>
        <head>
          <charseq START="2264" END="2271">De Rossi</charseq>
        </head>
      </entity_mention>
      <entity_mention ID="adige20041008_id414147-E3-44" TYPE="NOM" PRIMARY="false" METONYMY_MENTION="FALSE">
        <extent>
          <charseq START="2461" END="2479">il ragazzo di Ostia</charseq>
        </extent>
        <head>
          <charseq START="2464" END="2470">ragazzo</charseq>
        </head>
      </entity_mention>
      <entity_mention ID="adige20041008_id414147-E3-46" TYPE="PRO" PRIMARY="false" METONYMY_MENTION="FALSE">
        <extent>
          <charseq START="2493" END="2495">sua</charseq>
        </extent>
        <head>
          <charseq START="2493" END="2495">sua</charseq>
        </head>
      </entity_mention>
      <entity_mention ID="adige20041008_id414147-E3-48" TYPE="NAM" PRIMARY="false" METONYMY_MENTION="FALSE">
        <extent>
          <charseq START="2976" END="2983">De Rossi</charseq>
        </extent>
        <head>
          <charseq START="2976" END="2983">De Rossi</charseq>
        </head>
      </entity_mention>
      <entity_mention ID="adige20041008_id414147-E3-50" TYPE="PRO" PRIMARY="false" METONYMY_MENTION="FALSE">
        <extent>
          <charseq START="3047" END="3051">farmi</charseq>
        </extent>
        <head>
          <charseq START="3050" END="3051">mi</charseq>
        </head>
      </entity_mention>
      <entity_mention ID="adige20041008_id414147-E3-52" TYPE="PRO" PRIMARY="false" METONYMY_MENTION="FALSE">
        <extent>
          <charseq START="3215" END="3216">Mi</charseq>
        </extent>
        <head>
          <charseq START="3215" END="3216">Mi</charseq>
        </head>
      </entity_mention>
      <entity_mention ID="adige20041008_id414147-E3-54" TYPE="PRO" PRIMARY="false" METONYMY_MENTION="FALSE">
        <extent>
          <charseq START="3337" END="3338">mi</charseq>
        </extent>
        <head>
          <charseq START="3337" END="3338">mi</charseq>
        </head>
      </entity_mention>
      <entity_mention ID="adige20041008_id414147-E3-56" TYPE="PRO" PRIMARY="false" METONYMY_MENTION="FALSE">
        <extent>
          <charseq START="3559" END="3561">mio</charseq>
        </extent>
        <head>
          <charseq START="3559" END="3561">mio</charseq>
        </head>
      </entity_mention>
      <entity_mention ID="adige20041008_id414147-E3-58" TYPE="NOM" PRIMARY="false" METONYMY_MENTION="FALSE">
        <extent>
          <charseq START="3572" END="3578">bambino</charseq>
        </extent>
        <head>
          <charseq START="3572" END="3578">bambino</charseq>
        </head>
      </entity_mention>
      <entity_mention ID="adige20041008_id414147-E3-60" TYPE="NAM" PRIMARY="false" METONYMY_MENTION="FALSE">
        <extent>
          <charseq START="34" END="41">De Rossi</charseq>
        </extent>
        <head>
          <charseq START="34" END="41">De Rossi</charseq>
        </head>
      </entity_mention>
      <entity_mention ID="adige20041008_id414147-E3-62" TYPE="NOM" PRIMARY="false" METONYMY_MENTION="FALSE">
        <extent>
          <charseq START="125" END="138">L'anti-Cassano</charseq>
        </extent>
        <head>
          <charseq START="127" END="138">anti-Cassano</charseq>
        </head>
      </entity_mention>
      <entity_attributes>
        <name NAME="De Rossi">
          <charseq START="322" END="329">De Rossi</charseq>
        </name>
        <name NAME="Daniele">
          <charseq START="253" END="259">Daniele</charseq>
        </name>
        <name NAME="De Rossi, l'ultimo crac azzurro">
          <charseq START="322" END="352">De Rossi, l'ultimo crac azzurro</charseq>
        </name>
        <name NAME="De Rossi">
          <charseq START="703" END="710">De Rossi</charseq>
        </name>
        <name NAME="De Rossi">
          <charseq START="1082" END="1089">De Rossi</charseq>
        </name>
        <name NAME="De Rossi">
          <charseq START="1548" END="1555">De Rossi</charseq>
        </name>
        <name NAME="De Rossi">
          <charseq START="2264" END="2271">De Rossi</charseq>
        </name>
        <name NAME="De Rossi">
          <charseq START="2976" END="2983">De Rossi</charseq>
        </name>
        <name NAME="De Rossi">
          <charseq START="34" END="41">De Rossi</charseq>
        </name>
      </entity_attributes>
    </entity>
    <entity ID="adige20041008_id414147-E4" TYPE="PER" SUBTYPE="Group" CLASS="USP">
      <entity_mention ID="adige20041008_id414147-E4-2" TYPE="NOM" PRIMARY="true" METONYMY_MENTION="FALSE">
        <extent>
          <charseq START="280" END="312">altri campioni di professionalità</charseq>
        </extent>
        <head>
          <charseq START="286" END="293">campioni</charseq>
        </head>
      </entity_mention>
    </entity>
    <entity ID="adige20041008_id414147-E7" TYPE="PER" SUBTYPE="Individual" CLASS="SPC">
      <entity_mention ID="adige20041008_id414147-E7-2" TYPE="NAM" PRIMARY="true" METONYMY_MENTION="FALSE">
        <extent>
          <charseq START="674" END="678">Lippi</charseq>
        </extent>
        <head>
          <charseq START="674" END="678">Lippi</charseq>
        </head>
      </entity_mention>
      <entity_mention ID="adige20041008_id414147-E7-4" TYPE="NAM" PRIMARY="false" METONYMY_MENTION="FALSE">
        <extent>
          <charseq START="3087" END="3091">Lippi</charseq>
        </extent>
        <head>
          <charseq START="3087" END="3091">Lippi</charseq>
        </head>
      </entity_mention>
      <entity_attributes>
        <name NAME="Lippi">
          <charseq START="674" END="678">Lippi</charseq>
        </name>
        <name NAME="Lippi">
          <charseq START="3087" END="3091">Lippi</charseq>
        </name>
      </entity_attributes>
    </entity>
    <entity ID="adige20041008_id414147-E8" TYPE="PER" SUBTYPE="Group" CLASS="SPC">
      <entity_mention ID="adige20041008_id414147-E8-2" TYPE="PRO" PRIMARY="true" METONYMY_MENTION="FALSE">
        <extent>
          <charseq START="945" END="974">quelli che dicono mai dire mai</charseq>
        </extent>
        <head>
          <charseq START="945" END="950">quelli</charseq>
        </head>
      </entity_mention>
      <entity_mention ID="adige20041008_id414147-E8-4" TYPE="PRO" PRIMARY="false" METONYMY_MENTION="FALSE">
        <extent>
          <charseq START="952" END="954">che</charseq>
        </extent>
        <head>
          <charseq START="952" END="954">che</charseq>
        </head>
      </entity_mention>
    </entity>
    <entity ID="adige20041008_id414147-E9" TYPE="PER" SUBTYPE="Individual" CLASS="SPC">
      <entity_mention ID="adige20041008_id414147-E9-2" TYPE="NOM" PRIMARY="true" METONYMY_MENTION="FALSE">
        <extent>
          <charseq START="1465" END="1507">dell'allenatore delle giovanili giallorosse</charseq>
        </extent>
        <head>
          <charseq START="1470" END="1479">allenatore</charseq>
        </head>
      </entity_mention>
    </entity>
    <entity ID="adige20041008_id414147-E10" TYPE="PER" SUBTYPE="Individual" CLASS="SPC">
      <entity_mention ID="adige20041008_id414147-E10-2" TYPE="NAM" PRIMARY="true" METONYMY_MENTION="FALSE">
        <extent>
          <charseq START="1524" END="1545">una romanissima Tamara</charseq>
        </extent>
        <head>
          <charseq START="1540" END="1545">Tamara</charseq>
        </head>
      </entity_mention>
      <entity_attributes>
        <name NAME="Tamara">
          <charseq START="1540" END="1545">Tamara</charseq>
        </name>
      </entity_attributes>
    </entity>
    <entity ID="adige20041008_id414147-E11" TYPE="PER" SUBTYPE="Individual" CLASS="SPC">
      <entity_mention ID="adige20041008_id414147-E11-2" TYPE="NAM" PRIMARY="true" METONYMY_MENTION="FALSE">
        <extent>
          <charseq START="1927" END="1933">Emerson</charseq>
        </extent>
        <head>
          <charseq START="1927" END="1933">Emerson</charseq>
        </head>
      </entity_mention>
      <entity_mention ID="adige20041008_id414147-E11-4" TYPE="NAM" PRIMARY="false" METONYMY_MENTION="FALSE">
        <extent>
          <charseq START="3399" END="3405">Emerson</charseq>
        </extent>
        <head>
          <charseq START="3399" END="3405">Emerson</charseq>
        </head>
      </entity_mention>
      <entity_attributes>
        <name NAME="Emerson">
          <charseq START="1927" END="1933">Emerson</charseq>
        </name>
        <name NAME="Emerson">
          <charseq START="3399" END="3405">Emerson</charseq>
        </name>
      </entity_attributes>
    </entity>
    <entity ID="adige20041008_id414147-E12" TYPE="PER" SUBTYPE="Group" CLASS="SPC">
      <entity_mention ID="adige20041008_id414147-E12-2" TYPE="NAM" PRIMARY="true" METONYMY_MENTION="FALSE">
        <extent>
          <charseq START="2102" END="2114">Totti-Capello</charseq>
        </extent>
        <head>
          <charseq START="2102" END="2114">Totti-Capello</charseq>
        </head>
      </entity_mention>
      <entity_mention ID="adige20041008_id414147-E12-6" TYPE="NOM" PRIMARY="false" METONYMY_MENTION="FALSE">
        <extent>
          <charseq START="2191" END="2201">due persone</charseq>
        </extent>
        <head>
          <charseq START="2195" END="2201">persone</charseq>
        </head>
      </entity_mention>
      <entity_attributes>
        <name NAME="Totti-Capello">
          <charseq START="2102" END="2114">Totti-Capello</charseq>
        </name>
      </entity_attributes>
    </entity>
   <entity ID="adige20041008_id414147-E15" TYPE="PER" SUBTYPE="Group" CLASS="SPC">
      <entity_mention ID="adige20041008_id414147-E15-2" TYPE="PRO" PRIMARY="true" METONYMY_MENTION="FALSE">
        <extent>
          <charseq START="2819" END="2821">Noi</charseq>
        </extent>
        <head>
          <charseq START="2819" END="2821">Noi</charseq>
        </head>
      </entity_mention>
      <entity_mention ID="adige20041008_id414147-E15-4" TYPE="NOM" PRIMARY="false" METONYMY_MENTION="FALSE">
        <extent>
          <charseq START="2823" END="2828">romani</charseq>
        </extent>
        <head>
          <charseq START="2823" END="2828">romani</charseq>
        </head>
      </entity_mention>
      <entity_mention ID="adige20041008_id414147-E15-6" TYPE="PRO" PRIMARY="false" METONYMY_MENTION="FALSE">
        <extent>
          <charseq START="2819" END="2828">Noi romani</charseq>
        </extent>
        <head>
          <charseq START="2819" END="2828">Noi romani</charseq>
        </head>
      </entity_mention>
    </entity>
    <entity ID="adige20041008_id414147-E17" TYPE="PER" SUBTYPE="Group" CLASS="USP">
      <entity_mention ID="adige20041008_id414147-E17-2" TYPE="NOM" PRIMARY="true" METONYMY_MENTION="FALSE">
        <extent>
          <charseq START="2998" END="3014">quanti allenatori</charseq>
        </extent>
        <head>
          <charseq START="3005" END="3014">allenatori</charseq>
        </head>
      </entity_mention>
    </entity>
    <entity ID="adige20041008_id414147-E18" TYPE="PER" SUBTYPE="Group" CLASS="SPC">
      <entity_mention ID="adige20041008_id414147-E18-2" TYPE="NOM" PRIMARY="true" METONYMY_MENTION="FALSE">
        <extent>
          <charseq START="3110" END="3143">i centrocampisti azzurri di sempre</charseq>
        </extent>
        <head>
          <charseq START="3112" END="3125">centrocampisti</charseq>
        </head>
      </entity_mention>
      <entity_mention ID="adige20041008_id414147-E18-4" TYPE="PRO" PRIMARY="false" METONYMY_MENTION="FALSE">
        <extent>
          <charseq START="3199" END="3203">pochi</charseq>
        </extent>
        <head>
          <charseq START="3199" END="3203">pochi</charseq>
        </head>
      </entity_mention>
    </entity>
    <entity ID="adige20041008_id414147-E19" TYPE="PER" SUBTYPE="Individual" CLASS="SPC">
      <entity_mention ID="adige20041008_id414147-E19-2" TYPE="NAM" PRIMARY="true" METONYMY_MENTION="FALSE">
        <extent>
          <charseq START="3228" END="3235">Tardelli</charseq>
        </extent>
        <head>
          <charseq START="3228" END="3235">Tardelli</charseq>
        </head>
      </entity_mention>
      <entity_mention ID="adige20041008_id414147-E19-4" TYPE="PRO" PRIMARY="false" METONYMY_MENTION="FALSE">
        <extent>
          <charseq START="3244" END="3246">lui</charseq>
        </extent>
        <head>
          <charseq START="3244" END="3246">lui</charseq>
        </head>
      </entity_mention>
      <entity_attributes>
        <name NAME="Tardelli">
          <charseq START="3228" END="3235">Tardelli</charseq>
        </name>
      </entity_attributes>
    </entity>
    <entity ID="adige20041008_id414147-E20" TYPE="PER" SUBTYPE="Individual" CLASS="SPC">
      <entity_mention ID="adige20041008_id414147-E20-2" TYPE="NAM" PRIMARY="true" METONYMY_MENTION="FALSE">
        <extent>
          <charseq START="3291" END="3299">Albertini</charseq>
        </extent>
        <head>
          <charseq START="3291" END="3299">Albertini</charseq>
        </head>
      </entity_mention>
      <entity_attributes>
        <name NAME="Albertini">
          <charseq START="3291" END="3299">Albertini</charseq>
        </name>
      </entity_attributes>
    </entity>
    <entity ID="adige20041008_id414147-E21" TYPE="PER" SUBTYPE="Individual" CLASS="SPC">
      <entity_mention ID="adige20041008_id414147-E21-2" TYPE="NAM" PRIMARY="true" METONYMY_MENTION="FALSE">
        <extent>
          <charseq START="3303" END="3310">Giannini</charseq>
        </extent>
        <head>
          <charseq START="3303" END="3310">Giannini</charseq>
        </head>
      </entity_mention>
      <entity_attributes>
        <name NAME="Giannini">
          <charseq START="3303" END="3310">Giannini</charseq>
        </name>
      </entity_attributes>
    </entity>
    <entity ID="adige20041008_id414147-E22" TYPE="PER" SUBTYPE="Group" CLASS="SPC">
      <entity_mention ID="adige20041008_id414147-E22-2" TYPE="NAM" PRIMARY="true" METONYMY_MENTION="FALSE">
        <extent>
          <charseq START="3291" END="3310">Albertini e Giannini</charseq>
        </extent>
        <head>
          <charseq START="3291" END="3310">Albertini e Giannini</charseq>
        </head>
      </entity_mention>
      <entity_attributes>
        <name NAME="Albertini e Giannini">
          <charseq START="3291" END="3310">Albertini e Giannini</charseq>
        </name>
      </entity_attributes>
    </entity>
    <entity ID="adige20041008_id414147-E23" TYPE="PER" SUBTYPE="Group" CLASS="SPC">
      <entity_mention ID="adige20041008_id414147-E23-2" TYPE="PRO" PRIMARY="true" METONYMY_MENTION="FALSE">
        <extent>
          <charseq START="3317" END="3335">quelli in giro oggi</charseq>
        </extent>
        <head>
          <charseq START="3317" END="3322">quelli</charseq>
        </head>
      </entity_mention>
    </entity>
    <entity ID="adige20041008_id414147-E24" TYPE="PER" SUBTYPE="Individual" CLASS="SPC">
      <entity_mention ID="adige20041008_id414147-E24-2" TYPE="NAM" PRIMARY="true" METONYMY_MENTION="FALSE">
        <extent>
          <charseq START="3350" END="3356">Lampard</charseq>
        </extent>
        <head>
          <charseq START="3350" END="3356">Lampard</charseq>
        </head>
      </entity_mention>
      <entity_attributes>
        <name NAME="Lampard">
          <charseq START="3350" END="3356">Lampard</charseq>
        </name>
      </entity_attributes>
    </entity>
    <entity ID="adige20041008_id414147-E25" TYPE="PER" SUBTYPE="Individual" CLASS="SPC">
      <entity_mention ID="adige20041008_id414147-E25-2" TYPE="NAM" PRIMARY="true" METONYMY_MENTION="FALSE">
        <extent>
          <charseq START="3360" END="3366">Gerrard</charseq>
        </extent>
        <head>
          <charseq START="3360" END="3366">Gerrard</charseq>
        </head>
      </entity_mention>
      <entity_attributes>
        <name NAME="Gerrard">
          <charseq START="3360" END="3366">Gerrard</charseq>
        </name>
      </entity_attributes>
    </entity>
    <entity ID="adige20041008_id414147-E26" TYPE="PER" SUBTYPE="Group" CLASS="SPC">
      <entity_mention ID="adige20041008_id414147-E26-2" TYPE="NAM" PRIMARY="true" METONYMY_MENTION="FALSE">
        <extent>
          <charseq START="3350" END="3366">Lampard e Gerrard</charseq>
        </extent>
        <head>
          <charseq START="3350" END="3366">Lampard e Gerrard</charseq>
        </head>
      </entity_mention>
      <entity_attributes>
        <name NAME="Lampard e Gerrard">
          <charseq START="3350" END="3366">Lampard e Gerrard</charseq>
        </name>
      </entity_attributes>
    </entity>
    <entity ID="adige20041008_id414147-E27" TYPE="PER" SUBTYPE="Individual" CLASS="SPC">
      <entity_mention ID="adige20041008_id414147-E27-2" TYPE="NAM" PRIMARY="true" METONYMY_MENTION="FALSE">
        <extent>
          <charseq START="3389" END="3394">Vieira</charseq>
        </extent>
        <head>
          <charseq START="3389" END="3394">Vieira</charseq>
        </head>
      </entity_mention>
      <entity_attributes>
        <name NAME="Vieira">
          <charseq START="3389" END="3394">Vieira</charseq>
        </name>
      </entity_attributes>
    </entity>
    <entity ID="adige20041008_id414147-E28" TYPE="PER" SUBTYPE="Group" CLASS="SPC">
      <entity_mention ID="adige20041008_id414147-E28-2" TYPE="NAM" PRIMARY="true" METONYMY_MENTION="FALSE">
        <extent>
          <charseq START="3389" END="3405">Vieira ed Emerson</charseq>
        </extent>
        <head>
          <charseq START="3389" END="3405">Vieira ed Emerson</charseq>
        </head>
      </entity_mention>
      <entity_mention ID="adige20041008_id414147-E28-6" TYPE="PRO" PRIMARY="false" METONYMY_MENTION="FALSE">
        <extent>
          <charseq START="3372" END="3382">i più forti</charseq>
        </extent>
        <head>
          <charseq START="3378" END="3382">forti</charseq>
        </head>
      </entity_mention>
      <entity_attributes>
        <name NAME="Vieira ed Emerson">
          <charseq START="3389" END="3405">Vieira ed Emerson</charseq>
        </name>
      </entity_attributes>
    </entity>
    <entity ID="adige20041008_id414147-E29" TYPE="PER" SUBTYPE="Group" CLASS="GEN">
      <entity_mention ID="adige20041008_id414147-E29-2" TYPE="NOM" PRIMARY="true" METONYMY_MENTION="FALSE">
        <extent>
          <charseq START="3531" END="3540">allenatori</charseq>
        </extent>
        <head>
          <charseq START="3531" END="3540">allenatori</charseq>
        </head>
      </entity_mention>
      <entity_mention ID="adige20041008_id414147-E29-4" TYPE="NOM" PRIMARY="false" METONYMY_MENTION="FALSE">
        <extent>
          <charseq START="3640" END="3648">i tecnici</charseq>
        </extent>
        <head>
          <charseq START="3642" END="3648">tecnici</charseq>
        </head>
      </entity_mention>
    </entity>
    <entity ID="adige20041008_id414147-E30" TYPE="PER" SUBTYPE="Individual" CLASS="SPC">
      <entity_mention ID="adige20041008_id414147-E30-2" TYPE="NAM" PRIMARY="true" METONYMY_MENTION="FALSE">
        <extent>
          <charseq START="3545" END="3550">Völler</charseq>
        </extent>
        <head>
          <charseq START="3545" END="3550">Völler</charseq>
        </head>
      </entity_mention>
      <entity_mention ID="adige20041008_id414147-E30-4" TYPE="NOM" PRIMARY="false" METONYMY_MENTION="FALSE">
        <extent>
          <charseq START="3614" END="3633">un uomo da 10 e lode</charseq>
        </extent>
        <head>
          <charseq START="3617" END="3620">uomo</charseq>
        </head>
      </entity_mention>
      <entity_mention ID="adige20041008_id414147-E30-6" TYPE="NOM" PRIMARY="false" METONYMY_MENTION="FALSE">
        <extent>
          <charseq START="3556" END="3567">il mio idolo</charseq>
        </extent>
        <head>
          <charseq START="3563" END="3567">idolo</charseq>
        </head>
      </entity_mention>
      <entity_attributes>
        <name NAME="Völler">
          <charseq START="3545" END="3550">Völler</charseq>
        </name>
      </entity_attributes>
    </entity>
    <entity ID="adige20041008_id414147-E31" TYPE="PER" SUBTYPE="Individual" CLASS="SPC">
      <entity_mention ID="adige20041008_id414147-E31-2" TYPE="NAM" PRIMARY="true" METONYMY_MENTION="FALSE">
        <extent>
          <charseq START="3658" END="3664">Mancini</charseq>
        </extent>
        <head>
          <charseq START="3658" END="3664">Mancini</charseq>
        </head>
      </entity_mention>
      <entity_attributes>
        <name NAME="Mancini">
          <charseq START="3658" END="3664">Mancini</charseq>
        </name>
      </entity_attributes>
    </entity>
    <entity ID="adige20041008_id414147-E32" TYPE="PER" SUBTYPE="Individual" CLASS="SPC">
      <entity_mention ID="adige20041008_id414147-E32-2" TYPE="NAM" PRIMARY="true" METONYMY_MENTION="FALSE">
        <extent>
          <charseq START="3672" END="3680">Prandelli</charseq>
        </extent>
        <head>
          <charseq START="3672" END="3680">Prandelli</charseq>
        </head>
      </entity_mention>
      <entity_mention ID="adige20041008_id414147-E32-4" TYPE="PRO" PRIMARY="false" METONYMY_MENTION="FALSE">
        <extent>
          <charseq START="3735" END="3737">lui</charseq>
        </extent>
        <head>
          <charseq START="3735" END="3737">lui</charseq>
        </head>
      </entity_mention>
      <entity_attributes>
        <name NAME="Prandelli">
          <charseq START="3672" END="3680">Prandelli</charseq>
        </name>
      </entity_attributes>
    </entity>
    <entity ID="adige20041008_id414147-E33" TYPE="PER" SUBTYPE="Group" CLASS="SPC">
      <entity_mention ID="adige20041008_id414147-E33-2" TYPE="NAM" PRIMARY="true" METONYMY_MENTION="FALSE">
        <extent>
          <charseq START="3658" END="3680">Mancini e poi Prandelli</charseq>
        </extent>
        <head>
          <charseq START="3658" END="3680">Mancini e poi Prandelli</charseq>
        </head>
      </entity_mention>
      <entity_attributes>
        <name NAME="Mancini e poi Prandelli">
          <charseq START="3658" END="3680">Mancini e poi Prandelli</charseq>
        </name>
      </entity_attributes>
    </entity>
    <entity ID="adige20041008_id414147-E34" TYPE="PER" SUBTYPE="Individual" CLASS="SPC">
      <entity_mention ID="adige20041008_id414147-E34-4" TYPE="NOM" PRIMARY="true" METONYMY_MENTION="FALSE">
        <extent>
          <charseq START="457" END="468">l'attaccante</charseq>
        </extent>
        <head>
          <charseq START="459" END="468">attaccante</charseq>
        </head>
      </entity_mention>
      <entity_mention ID="adige20041008_id414147-E34-6" TYPE="PRO" PRIMARY="false" METONYMY_MENTION="FALSE">
        <extent>
          <charseq START="540" END="547">il primo</charseq>
        </extent>
        <head>
          <charseq START="543" END="547">primo</charseq>
        </head>
      </entity_mention>
      <entity_mention ID="adige20041008_id414147-E34-8" TYPE="NAM" PRIMARY="false" METONYMY_MENTION="FALSE">
        <extent>
          <charseq START="2333" END="2339">Cassano</charseq>
        </extent>
        <head>
          <charseq START="2333" END="2339">Cassano</charseq>
        </head>
      </entity_mention>
      <entity_mention ID="adige20041008_id414147-E34-10" TYPE="NAM" PRIMARY="false" METONYMY_MENTION="FALSE">
        <extent>
          <charseq START="2610" END="2616">Cassano</charseq>
        </extent>
        <head>
          <charseq START="2610" END="2616">Cassano</charseq>
        </head>
      </entity_mention>
      <entity_attributes>
        <name NAME="Cassano">
          <charseq START="2333" END="2339">Cassano</charseq>
        </name>
        <name NAME="Cassano">
          <charseq START="2610" END="2616">Cassano</charseq>
        </name>
      </entity_attributes>
    </entity>
    <entity ID="adige20041008_id414147-E35" TYPE="ORG" SUBTYPE="Sports" CLASS="SPC">
      <entity_mention ID="adige20041008_id414147-E35-2" TYPE="NAM" PRIMARY="true" METONYMY_MENTION="TRUE">
        <extent>
          <charseq START="7" END="16">dalla Roma</charseq>
        </extent>
        <head>
          <charseq START="13" END="16">Roma</charseq>
        </head>
      </entity_mention>
      <entity_mention ID="adige20041008_id414147-E35-4" TYPE="NOM" PRIMARY="false" METONYMY_MENTION="FALSE">
        <extent>
          <charseq START="59" END="70">alla società</charseq>
        </extent>
        <head>
          <charseq START="64" END="70">società</charseq>
        </head>
      </entity_mention>
      <entity_mention ID="adige20041008_id414147-E35-6" TYPE="NAM" PRIMARY="false" METONYMY_MENTION="TRUE">
        <extent>
          <charseq START="994" END="1002">alla Roma</charseq>
        </extent>
        <head>
          <charseq START="999" END="1002">Roma</charseq>
        </head>
      </entity_mention>
      <entity_mention ID="adige20041008_id414147-E35-8" TYPE="NOM" PRIMARY="false" METONYMY_MENTION="FALSE">
        <extent>
          <charseq START="1108" END="1131">alla società giallorossa</charseq>
        </extent>
        <head>
          <charseq START="1113" END="1119">società</charseq>
        </head>
      </entity_mention>
      <entity_mention ID="adige20041008_id414147-E35-10" TYPE="NAM" PRIMARY="false" METONYMY_MENTION="TRUE">
        <extent>
          <charseq START="1955" END="1963">alla Roma</charseq>
        </extent>
        <head>
          <charseq START="1960" END="1963">Roma</charseq>
        </head>
      </entity_mention>
      <entity_mention ID="adige20041008_id414147-E35-12" TYPE="NAM" PRIMARY="false" METONYMY_MENTION="TRUE">
        <extent>
          <charseq START="2578" END="2587">della Roma</charseq>
        </extent>
        <head>
          <charseq START="2584" END="2587">Roma</charseq>
        </head>
      </entity_mention>
      <entity_mention ID="adige20041008_id414147-E35-14" TYPE="NAM" PRIMARY="false" METONYMY_MENTION="TRUE">
        <extent>
          <charseq START="3767" END="3770">Roma</charseq>
        </extent>
        <head>
          <charseq START="3767" END="3770">Roma</charseq>
        </head>
      </entity_mention>
      <entity_mention ID="adige20041008_id414147-E35-15" TYPE="NAM" PRIMARY="false" METONYMY_MENTION="TRUE">
        <extent>
          <charseq START="1636" END="1644">alla Roma</charseq>
        </extent>
        <head>
          <charseq START="1641" END="1644">Roma</charseq>
        </head>
      </entity_mention>
      <entity_attributes>
        <name NAME="Roma">
          <charseq START="13" END="16">Roma</charseq>
        </name>
        <name NAME="Roma">
          <charseq START="999" END="1002">Roma</charseq>
        </name>
        <name NAME="Roma">
          <charseq START="1960" END="1963">Roma</charseq>
        </name>
        <name NAME="Roma">
          <charseq START="2584" END="2587">Roma</charseq>
        </name>
        <name NAME="Roma">
          <charseq START="3767" END="3770">Roma</charseq>
        </name>
        <name NAME="Roma">
          <charseq START="1641" END="1644">Roma</charseq>
        </name>
      </entity_attributes>
    </entity>
    <entity ID="adige20041008_id414147-E37" TYPE="ORG" SUBTYPE="Sports" CLASS="SPC">
      <entity_mention ID="adige20041008_id414147-E37-2" TYPE="NAM" PRIMARY="true" METONYMY_MENTION="TRUE">
        <extent>
          <charseq START="662" END="678">l'Italia di Lippi</charseq>
        </extent>
        <head>
          <charseq START="664" END="669">Italia</charseq>
        </head>
      </entity_mention>
      <entity_mention ID="adige20041008_id414147-E37-4" TYPE="NAM" PRIMARY="false" METONYMY_MENTION="FALSE">
        <extent>
          <charseq START="2539" END="2547">nazionale</charseq>
        </extent>
        <head>
          <charseq START="2539" END="2547">nazionale</charseq>
        </head>
      </entity_mention>
      <entity_mention ID="adige20041008_id414147-E37-6" TYPE="NAM" PRIMARY="false" METONYMY_MENTION="FALSE">
        <extent>
          <charseq START="2934" END="2942">Nazionale</charseq>
        </extent>
        <head>
          <charseq START="2934" END="2942">Nazionale</charseq>
        </head>
      </entity_mention>
      <entity_attributes>
        <name NAME="Italia">
          <charseq START="664" END="669">Italia</charseq>
        </name>
        <name NAME="nazionale">
          <charseq START="2539" END="2547">nazionale</charseq>
        </name>
        <name NAME="Nazionale">
          <charseq START="2934" END="2942">Nazionale</charseq>
        </name>
      </entity_attributes>
    </entity>
    <entity ID="adige20041008_id414147-E38" TYPE="ORG" SUBTYPE="Sports" CLASS="SPC">
      <entity_mention ID="adige20041008_id414147-E38-2" TYPE="NAM" PRIMARY="true" METONYMY_MENTION="FALSE">
        <extent>
          <charseq START="1267" END="1273">l'Inter</charseq>
        </extent>
        <head>
          <charseq START="1269" END="1273">Inter</charseq>
        </head>
      </entity_mention>
      <entity_attributes>
        <name NAME="Inter">
          <charseq START="1269" END="1273">Inter</charseq>
        </name>
      </entity_attributes>
    </entity>
    <entity ID="adige20041008_id414147-E39" TYPE="ORG" SUBTYPE="Sports" CLASS="SPC">
      <entity_mention ID="adige20041008_id414147-E39-2" TYPE="NOM" PRIMARY="true" METONYMY_MENTION="FALSE">
        <extent>
          <charseq START="1481" END="1507">delle giovanili giallorosse</charseq>
        </extent>
        <head>
          <charseq START="1487" END="1495">giovanili</charseq>
        </head>
      </entity_mention>
    </entity>
    <entity ID="adige20041008_id414147-E40" TYPE="ORG" SUBTYPE="Sports" CLASS="SPC">
      <entity_mention ID="adige20041008_id414147-E40-2" TYPE="NAM" PRIMARY="true" METONYMY_MENTION="FALSE">
        <extent>
          <charseq START="1994" END="2000">la Juve</charseq>
        </extent>
        <head>
          <charseq START="1997" END="2000">Juve</charseq>
        </head>
      </entity_mention>
      <entity_mention ID="adige20041008_id414147-E40-3" TYPE="NAM" PRIMARY="false" METONYMY_MENTION="FALSE">
        <extent>
          <charseq START="3472" END="3475">Juve</charseq>
        </extent>
        <head>
          <charseq START="3472" END="3475">Juve</charseq>
        </head>
      </entity_mention>
      <entity_attributes>
        <name NAME="Juve">
          <charseq START="1997" END="2000">Juve</charseq>
        </name>
        <name NAME="Juve">
          <charseq START="3472" END="3475">Juve</charseq>
        </name>
      </entity_attributes>
    </entity>
    <entity ID="adige20041008_id414147-E41" TYPE="GPE" SUBTYPE="Population-Center" CLASS="SPC">
      <entity_mention ID="adige20041008_id414147-E41-1" TYPE="NAM" PRIMARY="true" ROLE="LOC" METONYMY_MENTION="FALSE">
        <extent>
          <charseq START="115" END="121">FIRENZE</charseq>
        </extent>
        <head>
          <charseq START="115" END="121">FIRENZE</charseq>
        </head>
      </entity_mention>
      <entity_attributes>
        <name NAME="FIRENZE">
          <charseq START="115" END="121">FIRENZE</charseq>
        </name>
      </entity_attributes>
    </entity>
    <entity ID="adige20041008_id414147-E42" TYPE="GPE" SUBTYPE="Population-Center" CLASS="SPC">
      <entity_mention ID="adige20041008_id414147-E42-1" TYPE="NAM" PRIMARY="true" ROLE="GPE" METONYMY_MENTION="FALSE">
        <extent>
          <charseq START="1430" END="1435">Romano</charseq>
        </extent>
        <head>
          <charseq START="1430" END="1435">Romano</charseq>
        </head>
      </entity_mention>
      <entity_mention ID="adige20041008_id414147-E42-2" TYPE="NAM" PRIMARY="false" ROLE="GPE" METONYMY_MENTION="FALSE">
        <extent>
          <charseq START="1528" END="1538">romanissima</charseq>
        </extent>
        <head>
          <charseq START="1528" END="1538">romanissima</charseq>
        </head>
      </entity_mention>
      <entity_mention ID="adige20041008_id414147-E42-3" TYPE="NAM" PRIMARY="false" ROLE="LOC" METONYMY_MENTION="FALSE">
        <extent>
          <charseq START="2655" END="2658">Roma</charseq>
        </extent>
        <head>
          <charseq START="2655" END="2658">Roma</charseq>
        </head>
      </entity_mention>
      <entity_mention ID="adige20041008_id414147-E42-4" TYPE="NAM" PRIMARY="false" ROLE="LOC" METONYMY_MENTION="FALSE">
        <extent>
          <charseq START="2873" END="2876">Roma</charseq>
        </extent>
        <head>
          <charseq START="2873" END="2876">Roma</charseq>
        </head>
      </entity_mention>
      <entity_attributes>
        <name NAME="Roma">
          <charseq START="2655" END="2658">Roma</charseq>
        </name>
        <name NAME="Roma">
          <charseq START="2873" END="2876">Roma</charseq>
        </name>
      </entity_attributes>
    </entity>
    <entity ID="adige20041008_id414147-E43" TYPE="GPE" SUBTYPE="Population-Center" CLASS="SPC">
      <entity_mention ID="adige20041008_id414147-E43-1" TYPE="NAM" PRIMARY="true" ROLE="GPE" METONYMY_MENTION="FALSE">
        <extent>
          <charseq START="1440" END="1444">Ostia</charseq>
        </extent>
        <head>
          <charseq START="1440" END="1444">Ostia</charseq>
        </head>
      </entity_mention>
      <entity_mention ID="adige20041008_id414147-E43-2" TYPE="NAM" PRIMARY="false" ROLE="GPE" METONYMY_MENTION="FALSE">
        <extent>
          <charseq START="2475" END="2479">Ostia</charseq>
        </extent>
        <head>
          <charseq START="2475" END="2479">Ostia</charseq>
        </head>
      </entity_mention>
      <entity_attributes>
        <name NAME="Ostia">
          <charseq START="1440" END="1444">Ostia</charseq>
        </name>
        <name NAME="Ostia">
          <charseq START="2475" END="2479">Ostia</charseq>
        </name>
      </entity_attributes>
    </entity>
    <entity ID="adige20041008_id414147-E44" TYPE="ORG" SUBTYPE="Sports" CLASS="SPC">
      <entity_mention ID="adige20041008_id414147-E44-1" TYPE="NAM" PRIMARY="true" METONYMY_MENTION="FALSE">
        <extent>
          <charseq START="1655" END="1655">C</charseq>
        </extent>
        <head>
          <charseq START="1655" END="1655">C</charseq>
        </head>
      </entity_mention>
      <entity_attributes>
        <name NAME="C">
          <charseq START="1655" END="1655">C</charseq>
        </name>
      </entity_attributes>
    </entity>
  </document>
</source_file>
