<?xml version="1.0" encoding="UTF-8"?>
<!DOCTYPE source_file PUBLIC "SYSTEM" "apf.v5.2.0.dtd">

<source_file URI="adige20041008_id414157.txt" SOURCE="unknown" TYPE="text" VERSION="5.0" AUTHOR="Evalita" ENCODING="UTF-8">
  <document DOCID="adige20041008_id414157">
    <entity ID="adige20041008_id414157-E1" TYPE="PER" SUBTYPE="Individual" CLASS="SPC">
      <entity_mention ID="adige20041008_id414157-E1-2" TYPE="NAM" PRIMARY="true" METONYMY_MENTION="FALSE">
        <extent>
          <charseq START="2283" END="2297">Davide Rebellin</charseq>
        </extent>
        <head>
          <charseq START="2283" END="2297">Davide Rebellin</charseq>
        </head>
      </entity_mention>
      <entity_mention ID="adige20041008_id414157-E1-4" TYPE="NOM" PRIMARY="false" METONYMY_MENTION="FALSE">
        <extent>
          <charseq START="2414" END="2429">l'attuale leader</charseq>
        </extent>
        <head>
          <charseq START="2424" END="2429">leader</charseq>
        </head>
      </entity_mention>
      <entity_mention ID="adige20041008_id414157-E1-6" TYPE="NOM" PRIMARY="false" METONYMY_MENTION="FALSE">
        <extent>
          <charseq START="2501" END="2530">il capitano della Gerolsteiner</charseq>
        </extent>
        <head>
          <charseq START="2504" END="2511">capitano</charseq>
        </head>
      </entity_mention>
      <entity_mention ID="adige20041008_id414157-E1-8" TYPE="PRO" PRIMARY="false" METONYMY_MENTION="FALSE">
        <extent>
          <charseq START="2608" END="2610">sua</charseq>
        </extent>
        <head>
          <charseq START="2608" END="2610">sua</charseq>
        </head>
      </entity_mention>
      <entity_mention ID="adige20041008_id414157-E1-10" TYPE="NAM" PRIMARY="false" METONYMY_MENTION="FALSE">
        <extent>
          <charseq START="2266" END="2279">REBELLIN TERZO</charseq>
        </extent>
        <head>
          <charseq START="2266" END="2273">REBELLIN</charseq>
        </head>
      </entity_mention>
      <entity_attributes>
        <name NAME="Davide Rebellin">
          <charseq START="2283" END="2297">Davide Rebellin</charseq>
        </name>
        <name NAME="REBELLIN">
          <charseq START="2266" END="2273">REBELLIN</charseq>
        </name>
      </entity_attributes>
    </entity>
    <entity ID="adige20041008_id414157-E2" TYPE="PER" SUBTYPE="Group" CLASS="SPC">
      <entity_mention ID="adige20041008_id414157-E2-2" TYPE="NOM" PRIMARY="true" METONYMY_MENTION="FALSE">
        <extent>
          <charseq START="2592" END="2600">il gruppo</charseq>
        </extent>
        <head>
          <charseq START="2595" END="2600">gruppo</charseq>
        </head>
      </entity_mention>
    </entity>
    <entity ID="adige20041008_id414157-E3" TYPE="PER" SUBTYPE="Group" CLASS="SPC">
      <entity_mention ID="adige20041008_id414157-E3-2" TYPE="NOM" PRIMARY="true" METONYMY_MENTION="FALSE">
        <extent>
          <charseq START="2634" END="2711">altri sei corridori che hanno poi disputato lo sprint sul traguardo di Bourges</charseq>
        </extent>
        <head>
          <charseq START="2644" END="2652">corridori</charseq>
        </head>
      </entity_mention>
      <entity_mention ID="adige20041008_id414157-E3-4" TYPE="PRO" PRIMARY="false" METONYMY_MENTION="FALSE">
        <extent>
          <charseq START="2654" END="2656">che</charseq>
        </extent>
        <head>
          <charseq START="2654" END="2656">che</charseq>
        </head>
      </entity_mention>
    </entity>
    <entity ID="adige20041008_id414157-E4" TYPE="PER" SUBTYPE="Individual" CLASS="SPC">
      <entity_mention ID="adige20041008_id414157-E4-2" TYPE="NAM" PRIMARY="true" METONYMY_MENTION="FALSE">
        <extent>
          <charseq START="2735" END="2759">al francese Jerome Pineau</charseq>
        </extent>
        <head>
          <charseq START="2747" END="2759">Jerome Pineau</charseq>
        </head>
      </entity_mention>
      <entity_attributes>
        <name NAME="Jerome Pineau">
          <charseq START="2747" END="2759">Jerome Pineau</charseq>
        </name>
      </entity_attributes>
    </entity>
    <entity ID="adige20041008_id414157-E5" TYPE="PER" SUBTYPE="Individual" CLASS="SPC">
      <entity_mention ID="adige20041008_id414157-E5-2" TYPE="NAM" PRIMARY="true" METONYMY_MENTION="FALSE">
        <extent>
          <charseq START="2769" END="2797">allo svizzero Martin Helmiger</charseq>
        </extent>
        <head>
          <charseq START="2783" END="2797">Martin Helmiger</charseq>
        </head>
      </entity_mention>
      <entity_attributes>
        <name NAME="Martin Helmiger">
          <charseq START="2783" END="2797">Martin Helmiger</charseq>
        </name>
      </entity_attributes>
    </entity>
    <entity ID="adige20041008_id414157-E6" TYPE="PER" SUBTYPE="Group" CLASS="USP">
      <entity_mention ID="adige20041008_id414157-E6-1" TYPE="NOM" PRIMARY="true" METONYMY_MENTION="FALSE">
        <extent>
          <charseq START="245" END="377">dei corridori che nella prossima stagione vestiranno la maglia della nuova creatura venuta alla luce dalla fusione tra Saeco e Lampre</charseq>
        </extent>
        <head>
          <charseq START="249" END="257">corridori</charseq>
        </head>
      </entity_mention>
      <entity_mention ID="adige20041008_id414157-E6-2" TYPE="PRO" PRIMARY="false" METONYMY_MENTION="FALSE">
        <extent>
          <charseq START="259" END="261">che</charseq>
        </extent>
        <head>
          <charseq START="259" END="261">che</charseq>
        </head>
      </entity_mention>
    </entity>
    <entity ID="adige20041008_id414157-E7" TYPE="PER" SUBTYPE="Individual" CLASS="SPC">
      <entity_mention ID="adige20041008_id414157-E7-1" TYPE="NAM" PRIMARY="true" METONYMY_MENTION="FALSE">
        <extent>
          <charseq START="500" END="506">Piccoli</charseq>
        </extent>
        <head>
          <charseq START="500" END="506">Piccoli</charseq>
        </head>
      </entity_mention>
      <entity_mention ID="adige20041008_id414157-E7-2" TYPE="NAM" PRIMARY="false" METONYMY_MENTION="FALSE">
        <extent>
          <charseq START="648" END="662">Mariano Piccoli</charseq>
        </extent>
        <head>
          <charseq START="648" END="662">Mariano Piccoli</charseq>
        </head>
      </entity_mention>
      <entity_mention ID="adige20041008_id414157-E7-3" TYPE="NAM" PRIMARY="false" METONYMY_MENTION="FALSE">
        <extent>
          <charseq START="1236" END="1242">Piccoli</charseq>
        </extent>
        <head>
          <charseq START="1236" END="1242">Piccoli</charseq>
        </head>
      </entity_mention>
      <entity_attributes>
        <name NAME="Piccoli">
          <charseq START="500" END="506">Piccoli</charseq>
        </name>
        <name NAME="Mariano Piccoli">
          <charseq START="648" END="662">Mariano Piccoli</charseq>
        </name>
        <name NAME="Piccoli">
          <charseq START="1236" END="1242">Piccoli</charseq>
        </name>
      </entity_attributes>
    </entity>
    <entity ID="adige20041008_id414157-E8" TYPE="PER" SUBTYPE="Individual" CLASS="SPC">
      <entity_mention ID="adige20041008_id414157-E8-1" TYPE="NAM" PRIMARY="true" METONYMY_MENTION="FALSE">
        <extent>
          <charseq START="510" END="518">Bertolini</charseq>
        </extent>
        <head>
          <charseq START="510" END="518">Bertolini</charseq>
        </head>
      </entity_mention>
      <entity_attributes>
        <name NAME="Bertolini">
          <charseq START="510" END="518">Bertolini</charseq>
        </name>
      </entity_attributes>
    </entity>
    <entity ID="adige20041008_id414157-E9" TYPE="PER" SUBTYPE="Individual" CLASS="SPC">
      <entity_mention ID="adige20041008_id414157-E9-1" TYPE="NAM" PRIMARY="true" METONYMY_MENTION="FALSE">
        <extent>
          <charseq START="524" END="533">Casagranda</charseq>
        </extent>
        <head>
          <charseq START="524" END="533">Casagranda</charseq>
        </head>
      </entity_mention>
      <entity_attributes>
        <name NAME="Casagranda">
          <charseq START="524" END="533">Casagranda</charseq>
        </name>
      </entity_attributes>
    </entity>
    <entity ID="adige20041008_id414157-E10" TYPE="PER" SUBTYPE="Individual" CLASS="SPC">
      <entity_mention ID="adige20041008_id414157-E10-1" TYPE="NAM" PRIMARY="true" METONYMY_MENTION="FALSE">
        <extent>
          <charseq START="537" END="547">Bertagnolli</charseq>
        </extent>
        <head>
          <charseq START="537" END="547">Bertagnolli</charseq>
        </head>
      </entity_mention>
      <entity_attributes>
        <name NAME="Bertagnolli">
          <charseq START="537" END="547">Bertagnolli</charseq>
        </name>
      </entity_attributes>
    </entity>
    <entity ID="adige20041008_id414157-E11" TYPE="PER" SUBTYPE="Individual" CLASS="SPC">
      <entity_mention ID="adige20041008_id414157-E11-1" TYPE="NAM" PRIMARY="true" METONYMY_MENTION="FALSE">
        <extent>
          <charseq START="748" END="763">Giuseppe Saronni</charseq>
        </extent>
        <head>
          <charseq START="748" END="763">Giuseppe Saronni</charseq>
        </head>
      </entity_mention>
      <entity_mention ID="adige20041008_id414157-E11-2" TYPE="NOM" PRIMARY="false" METONYMY_MENTION="FALSE">
        <extent>
          <charseq START="724" END="746">il « gran capo » Lampre</charseq>
        </extent>
        <head>
          <charseq START="734" END="737">capo</charseq>
        </head>
      </entity_mention>
      <entity_mention ID="adige20041008_id414157-E11-3" TYPE="NOM" PRIMARY="false" METONYMY_MENTION="FALSE">
        <extent>
          <charseq START="724" END="763">il « gran capo » Lampre Giuseppe Saronni</charseq>
        </extent>
        <head>
          <charseq START="724" END="763">il « gran capo » Lampre Giuseppe Saronni</charseq>
        </head>
      </entity_mention>
      <entity_mention ID="adige20041008_id414157-E11-4" TYPE="PRO" PRIMARY="false" METONYMY_MENTION="FALSE">
        <extent>
          <charseq START="783" END="785">suo</charseq>
        </extent>
        <head>
          <charseq START="783" END="785">suo</charseq>
        </head>
      </entity_mention>
      <entity_mention ID="adige20041008_id414157-E11-5" TYPE="NAM" PRIMARY="false" METONYMY_MENTION="FALSE">
        <extent>
          <charseq START="1009" END="1015">Saronni</charseq>
        </extent>
        <head>
          <charseq START="1009" END="1015">Saronni</charseq>
        </head>
      </entity_mention>
      <entity_mention ID="adige20041008_id414157-E11-6" TYPE="NAM" PRIMARY="false" METONYMY_MENTION="FALSE">
        <extent>
          <charseq START="1326" END="1332">Saronni</charseq>
        </extent>
        <head>
          <charseq START="1326" END="1332">Saronni</charseq>
        </head>
      </entity_mention>
      <entity_attributes>
        <name NAME="Giuseppe Saronni">
          <charseq START="748" END="763">Giuseppe Saronni</charseq>
        </name>
        <name NAME="Saronni">
          <charseq START="1009" END="1015">Saronni</charseq>
        </name>
        <name NAME="Saronni">
          <charseq START="1326" END="1332">Saronni</charseq>
        </name>
      </entity_attributes>
    </entity>
    <entity ID="adige20041008_id414157-E12" TYPE="PER" SUBTYPE="Individual" CLASS="SPC">
      <entity_mention ID="adige20041008_id414157-E12-1" TYPE="NAM" PRIMARY="true" METONYMY_MENTION="FALSE">
        <extent>
          <charseq START="878" END="890">Claudio Corti</charseq>
        </extent>
        <head>
          <charseq START="878" END="890">Claudio Corti</charseq>
        </head>
      </entity_mention>
      <entity_mention ID="adige20041008_id414157-E12-2" TYPE="PRO" PRIMARY="false" METONYMY_MENTION="FALSE">
        <extent>
          <charseq START="897" END="899">suo</charseq>
        </extent>
        <head>
          <charseq START="897" END="899">suo</charseq>
        </head>
      </entity_mention>
      <entity_mention ID="adige20041008_id414157-E12-3" TYPE="NAM" PRIMARY="false" METONYMY_MENTION="FALSE">
        <extent>
          <charseq START="44" END="48">Corti</charseq>
        </extent>
        <head>
          <charseq START="44" END="48">Corti</charseq>
        </head>
      </entity_mention>
      <entity_attributes>
        <name NAME="Claudio Corti">
          <charseq START="878" END="890">Claudio Corti</charseq>
        </name>
        <name NAME="Corti">
          <charseq START="44" END="48">Corti</charseq>
        </name>
      </entity_attributes>
    </entity>
    <entity ID="adige20041008_id414157-E13" TYPE="PER" SUBTYPE="Group" CLASS="SPC">
      <entity_mention ID="adige20041008_id414157-E13-1" TYPE="NOM" PRIMARY="true" METONYMY_MENTION="FALSE">
        <extent>
          <charseq START="894" END="909">il suo entourage</charseq>
        </extent>
        <head>
          <charseq START="901" END="909">entourage</charseq>
        </head>
      </entity_mention>
    </entity>
    <entity ID="adige20041008_id414157-E14" TYPE="PER" SUBTYPE="Group" CLASS="SPC">
      <entity_mention ID="adige20041008_id414157-E14-2" TYPE="PRO" PRIMARY="false" METONYMY_MENTION="FALSE">
        <extent>
          <charseq START="934" END="937">loro</charseq>
        </extent>
        <head>
          <charseq START="934" END="937">loro</charseq>
        </head>
      </entity_mention>
    </entity>
    <entity ID="adige20041008_id414157-E15" TYPE="PER" SUBTYPE="Indefinite" CLASS="USP">
      <entity_mention ID="adige20041008_id414157-E15-1" TYPE="PRO" PRIMARY="true" METONYMY_MENTION="FALSE">
        <extent>
          <charseq START="970" END="971">si</charseq>
        </extent>
        <head>
          <charseq START="970" END="971">si</charseq>
        </head>
      </entity_mention>
    </entity>
    <entity ID="adige20041008_id414157-E17" TYPE="PER" SUBTYPE="Group" CLASS="USP">
      <entity_mention ID="adige20041008_id414157-E17-1" TYPE="NOM" PRIMARY="true" METONYMY_MENTION="FALSE">
        <extent>
          <charseq START="1022" END="1031">sei pedine</charseq>
        </extent>
        <head>
          <charseq START="1026" END="1031">pedine</charseq>
        </head>
      </entity_mention>
    </entity>
    <entity ID="adige20041008_id414157-E18" TYPE="PER" SUBTYPE="Group" CLASS="SPC">
      <entity_mention ID="adige20041008_id414157-E18-1" TYPE="PRO" PRIMARY="true" METONYMY_MENTION="FALSE">
        <extent>
          <charseq START="1036" END="1041">Cinque</charseq>
        </extent>
        <head>
          <charseq START="1036" END="1041">Cinque</charseq>
        </head>
      </entity_mention>
    </entity>
    <entity ID="adige20041008_id414157-E19" TYPE="PER" SUBTYPE="Individual" CLASS="SPC">
      <entity_mention ID="adige20041008_id414157-E19-1" TYPE="NAM" PRIMARY="true" METONYMY_MENTION="FALSE">
        <extent>
          <charseq START="1099" END="1115">Alessandro Ballan</charseq>
        </extent>
        <head>
          <charseq START="1099" END="1115">Alessandro Ballan</charseq>
        </head>
      </entity_mention>
      <entity_attributes>
        <name NAME="Alessandro Ballan">
          <charseq START="1099" END="1115">Alessandro Ballan</charseq>
        </name>
      </entity_attributes>
    </entity>
    <entity ID="adige20041008_id414157-E20" TYPE="PER" SUBTYPE="Individual" CLASS="SPC">
      <entity_mention ID="adige20041008_id414157-E20-1" TYPE="NAM" PRIMARY="true" METONYMY_MENTION="FALSE">
        <extent>
          <charseq START="1118" END="1134">Oleksandr Kvachuk</charseq>
        </extent>
        <head>
          <charseq START="1118" END="1134">Oleksandr Kvachuk</charseq>
        </head>
      </entity_mention>
      <entity_attributes>
        <name NAME="Oleksandr Kvachuk">
          <charseq START="1118" END="1134">Oleksandr Kvachuk</charseq>
        </name>
      </entity_attributes>
    </entity>
    <entity ID="adige20041008_id414157-E21" TYPE="PER" SUBTYPE="Individual" CLASS="SPC">
      <entity_mention ID="adige20041008_id414157-E21-1" TYPE="NAM" PRIMARY="true" METONYMY_MENTION="FALSE">
        <extent>
          <charseq START="1137" END="1151">Samuele Marzoli</charseq>
        </extent>
        <head>
          <charseq START="1137" END="1151">Samuele Marzoli</charseq>
        </head>
      </entity_mention>
      <entity_attributes>
        <name NAME="Samuele Marzoli">
          <charseq START="1137" END="1151">Samuele Marzoli</charseq>
        </name>
      </entity_attributes>
    </entity>
    <entity ID="adige20041008_id414157-E22" TYPE="PER" SUBTYPE="Individual" CLASS="SPC">
      <entity_mention ID="adige20041008_id414157-E22-1" TYPE="NAM" PRIMARY="true" METONYMY_MENTION="FALSE">
        <extent>
          <charseq START="1154" END="1177">Michele Scotto d'Albusco</charseq>
        </extent>
        <head>
          <charseq START="1154" END="1177">Michele Scotto d'Albusco</charseq>
        </head>
      </entity_mention>
      <entity_attributes>
        <name NAME="Michele Scotto d'Albusco">
          <charseq START="1154" END="1177">Michele Scotto d'Albusco</charseq>
        </name>
      </entity_attributes>
    </entity>
    <entity ID="adige20041008_id414157-E23" TYPE="PER" SUBTYPE="Individual" CLASS="SPC">
      <entity_mention ID="adige20041008_id414157-E23-1" TYPE="NAM" PRIMARY="true" METONYMY_MENTION="FALSE">
        <extent>
          <charseq START="1434" END="1451">Emanuele Galbusera</charseq>
        </extent>
        <head>
          <charseq START="1434" END="1451">Emanuele Galbusera</charseq>
        </head>
      </entity_mention>
      <entity_mention ID="adige20041008_id414157-E23-2" TYPE="NOM" PRIMARY="false" METONYMY_MENTION="FALSE">
        <extent>
          <charseq START="1454" END="1466">patron Lampre</charseq>
        </extent>
        <head>
          <charseq START="1454" END="1459">patron</charseq>
        </head>
      </entity_mention>
      <entity_mention ID="adige20041008_id414157-E23-3" TYPE="NAM" PRIMARY="false" METONYMY_MENTION="FALSE">
        <extent>
          <charseq START="1434" END="1466">Emanuele Galbusera, patron Lampre</charseq>
        </extent>
        <head>
          <charseq START="1434" END="1466">Emanuele Galbusera, patron Lampre</charseq>
        </head>
      </entity_mention>
      <entity_attributes>
        <name NAME="Emanuele Galbusera">
          <charseq START="1434" END="1451">Emanuele Galbusera</charseq>
        </name>
        <name NAME="Emanuele Galbusera, patron Lampre">
          <charseq START="1434" END="1466">Emanuele Galbusera, patron Lampre</charseq>
        </name>
      </entity_attributes>
    </entity>
    <entity ID="adige20041008_id414157-E24" TYPE="PER" SUBTYPE="Individual" CLASS="SPC">
      <entity_mention ID="adige20041008_id414157-E24-1" TYPE="NAM" PRIMARY="true" METONYMY_MENTION="FALSE">
        <extent>
          <charseq START="1560" END="1574">Francesco Moser</charseq>
        </extent>
        <head>
          <charseq START="1560" END="1574">Francesco Moser</charseq>
        </head>
      </entity_mention>
      <entity_attributes>
        <name NAME="Francesco Moser">
          <charseq START="1560" END="1574">Francesco Moser</charseq>
        </name>
      </entity_attributes>
    </entity>
    <entity ID="adige20041008_id414157-E25" TYPE="PER" SUBTYPE="Individual" CLASS="SPC">
      <entity_mention ID="adige20041008_id414157-E25-1" TYPE="NOM" PRIMARY="true" METONYMY_MENTION="FALSE">
        <extent>
          <charseq START="1538" END="1574">del rivale storico di Francesco Moser</charseq>
        </extent>
        <head>
          <charseq START="1542" END="1547">rivale</charseq>
        </head>
      </entity_mention>
    </entity>
    <entity ID="adige20041008_id414157-E26" TYPE="PER" SUBTYPE="Group" CLASS="SPC">
      <entity_mention ID="adige20041008_id414157-E26-1" TYPE="NOM" PRIMARY="true" METONYMY_MENTION="FALSE">
        <extent>
          <charseq START="1863" END="1894">degli organici di Lampre e Saeco</charseq>
        </extent>
        <head>
          <charseq START="1869" END="1876">organici</charseq>
        </head>
      </entity_mention>
      <entity_mention ID="adige20041008_id414157-E26-2" TYPE="NOM" PRIMARY="false" METONYMY_MENTION="FALSE">
        <extent>
          <charseq START="138" END="151">sugli organici</charseq>
        </extent>
        <head>
          <charseq START="144" END="151">organici</charseq>
        </head>
      </entity_mention>
    </entity>
    <entity ID="adige20041008_id414157-E27" TYPE="PER" SUBTYPE="Group" CLASS="SPC">
      <entity_mention ID="adige20041008_id414157-E27-1" TYPE="NOM" PRIMARY="true" METONYMY_MENTION="FALSE">
        <extent>
          <charseq START="2204" END="2254">i professionisti trentini coinvolti nell'operazione</charseq>
        </extent>
        <head>
          <charseq START="2206" END="2219">professionisti</charseq>
        </head>
      </entity_mention>
      <entity_mention ID="adige20041008_id414157-E27-2" TYPE="PRO" PRIMARY="false" METONYMY_MENTION="FALSE">
        <extent>
          <charseq START="85" END="105">color che son sospesi</charseq>
        </extent>
        <head>
          <charseq START="85" END="89">color</charseq>
        </head>
      </entity_mention>
      <entity_mention ID="adige20041008_id414157-E27-3" TYPE="PRO" PRIMARY="false" METONYMY_MENTION="FALSE">
        <extent>
          <charseq START="91" END="93">che</charseq>
        </extent>
        <head>
          <charseq START="91" END="93">che</charseq>
        </head>
      </entity_mention>
    </entity>
    <entity ID="adige20041008_id414157-E28" TYPE="PER" SUBTYPE="Individual" CLASS="SPC">
      <entity_mention ID="adige20041008_id414157-E28-1" TYPE="NAM" PRIMARY="true" METONYMY_MENTION="FALSE">
        <extent>
          <charseq START="2257" END="2263">Le. Po.</charseq>
        </extent>
        <head>
          <charseq START="2257" END="2263">Le. Po.</charseq>
        </head>
      </entity_mention>
      <entity_attributes>
        <name NAME="Le. Po.">
          <charseq START="2257" END="2263">Le. Po.</charseq>
        </name>
      </entity_attributes>
    </entity>
    <entity ID="adige20041008_id414157-E29" TYPE="PER" SUBTYPE="Group" CLASS="SPC">
      <entity_mention ID="adige20041008_id414157-E29-1" TYPE="NOM" PRIMARY="true" METONYMY_MENTION="FALSE">
        <extent>
          <charseq START="462" END="494">parecchi nomi del pedale trentino</charseq>
        </extent>
        <head>
          <charseq START="471" END="474">nomi</charseq>
        </head>
      </entity_mention>
    </entity>
    <entity ID="adige20041008_id414157-E30" TYPE="PER" SUBTYPE="Group" CLASS="USP">
      <entity_mention ID="adige20041008_id414157-E30-2" TYPE="NOM" PRIMARY="true" METONYMY_MENTION="FALSE">
        <extent>
          <charseq START="985" END="993">18 atleti</charseq>
        </extent>
        <head>
          <charseq START="988" END="993">atleti</charseq>
        </head>
      </entity_mention>
      <entity_mention ID="adige20041008_id414157-E30-3" TYPE="NOM" PRIMARY="false" METONYMY_MENTION="FALSE">
        <extent>
          <charseq START="939" END="967">il grosso del futuro organico</charseq>
        </extent>
        <head>
          <charseq START="942" END="947">grosso</charseq>
        </head>
      </entity_mention>
      <entity_mention ID="adige20041008_id414157-E30-4" TYPE="NOM" PRIMARY="false" METONYMY_MENTION="FALSE">
        <extent>
          <charseq START="67" END="78">18 corridori</charseq>
        </extent>
        <head>
          <charseq START="70" END="78">corridori</charseq>
        </head>
      </entity_mention>
    </entity>
    <entity ID="adige20041008_id414157-E32" TYPE="PER" SUBTYPE="Group" CLASS="USP">
      <entity_mention ID="adige20041008_id414157-E32-1" TYPE="NOM" PRIMARY="true" METONYMY_MENTION="FALSE">
        <extent>
          <charseq START="949" END="967">del futuro organico</charseq>
        </extent>
        <head>
          <charseq START="960" END="967">organico</charseq>
        </head>
      </entity_mention>
    </entity>
    <entity ID="adige20041008_id414157-E33" TYPE="PER" SUBTYPE="Group" CLASS="USP">
      <entity_mention ID="adige20041008_id414157-E33-1" TYPE="PRO" PRIMARY="true" METONYMY_MENTION="FALSE">
        <extent>
          <charseq START="1221" END="1222">ci</charseq>
        </extent>
        <head>
          <charseq START="1221" END="1222">ci</charseq>
        </head>
      </entity_mention>
    </entity>
    <entity ID="adige20041008_id414157-E34" TYPE="PER" SUBTYPE="Group" CLASS="SPC">
      <entity_mention ID="adige20041008_id414157-E34-1" TYPE="NOM" PRIMARY="true" METONYMY_MENTION="FALSE">
        <extent>
          <charseq START="1925" END="1945">degli uomini in rosso</charseq>
        </extent>
        <head>
          <charseq START="1931" END="1936">uomini</charseq>
        </head>
      </entity_mention>
    </entity>
    <entity ID="adige20041008_id414157-E35" TYPE="PER" SUBTYPE="Group" CLASS="SPC">
      <entity_mention ID="adige20041008_id414157-E35-1" TYPE="NOM" PRIMARY="true" METONYMY_MENTION="FALSE">
        <extent>
          <charseq START="2020" END="2038">degli uomini Lampre</charseq>
        </extent>
        <head>
          <charseq START="2026" END="2031">uomini</charseq>
        </head>
      </entity_mention>
    </entity>
    <entity ID="adige20041008_id414157-E36" TYPE="ORG" SUBTYPE="Sports" CLASS="SPC">
      <entity_mention ID="adige20041008_id414157-E36-1" TYPE="NAM" PRIMARY="true" METONYMY_MENTION="FALSE">
        <extent>
          <charseq START="364" END="368">Saeco</charseq>
        </extent>
        <head>
          <charseq START="364" END="368">Saeco</charseq>
        </head>
      </entity_mention>
      <entity_mention ID="adige20041008_id414157-E36-2" TYPE="NAM" PRIMARY="false" METONYMY_MENTION="FALSE">
        <extent>
          <charseq START="1890" END="1894">Saeco</charseq>
        </extent>
        <head>
          <charseq START="1890" END="1894">Saeco</charseq>
        </head>
      </entity_mention>
      <entity_mention ID="adige20041008_id414157-E36-3" TYPE="NAM" PRIMARY="false" METONYMY_MENTION="FALSE">
        <extent>
          <charseq START="121" END="125">Saeco</charseq>
        </extent>
        <head>
          <charseq START="121" END="125">Saeco</charseq>
        </head>
      </entity_mention>
      <entity_attributes>
        <name NAME="Saeco">
          <charseq START="364" END="368">Saeco</charseq>
        </name>
        <name NAME="Saeco">
          <charseq START="1890" END="1894">Saeco</charseq>
        </name>
        <name NAME="Saeco">
          <charseq START="121" END="125">Saeco</charseq>
        </name>
      </entity_attributes>
    </entity>
    <entity ID="adige20041008_id414157-E37" TYPE="ORG" SUBTYPE="Sports" CLASS="SPC">
      <entity_mention ID="adige20041008_id414157-E37-1" TYPE="NAM" PRIMARY="true" METONYMY_MENTION="FALSE">
        <extent>
          <charseq START="372" END="377">Lampre</charseq>
        </extent>
        <head>
          <charseq START="372" END="377">Lampre</charseq>
        </head>
      </entity_mention>
      <entity_mention ID="adige20041008_id414157-E37-2" TYPE="NAM" PRIMARY="false" METONYMY_MENTION="FALSE">
        <extent>
          <charseq START="741" END="746">Lampre</charseq>
        </extent>
        <head>
          <charseq START="741" END="746">Lampre</charseq>
        </head>
      </entity_mention>
      <entity_mention ID="adige20041008_id414157-E37-3" TYPE="NAM" PRIMARY="false" METONYMY_MENTION="FALSE">
        <extent>
          <charseq START="1461" END="1466">Lampre</charseq>
        </extent>
        <head>
          <charseq START="1461" END="1466">Lampre</charseq>
        </head>
      </entity_mention>
      <entity_mention ID="adige20041008_id414157-E37-4" TYPE="NAM" PRIMARY="false" METONYMY_MENTION="FALSE">
        <extent>
          <charseq START="1881" END="1886">Lampre</charseq>
        </extent>
        <head>
          <charseq START="1881" END="1886">Lampre</charseq>
        </head>
      </entity_mention>
      <entity_mention ID="adige20041008_id414157-E37-5" TYPE="NAM" PRIMARY="false" METONYMY_MENTION="FALSE">
        <extent>
          <charseq START="2033" END="2038">Lampre</charseq>
        </extent>
        <head>
          <charseq START="2033" END="2038">Lampre</charseq>
        </head>
      </entity_mention>
      <entity_mention ID="adige20041008_id414157-E37-6" TYPE="NAM" PRIMARY="false" METONYMY_MENTION="FALSE">
        <extent>
          <charseq START="112" END="117">Lampre</charseq>
        </extent>
        <head>
          <charseq START="112" END="117">Lampre</charseq>
        </head>
      </entity_mention>
      <entity_attributes>
        <name NAME="Lampre">
          <charseq START="372" END="377">Lampre</charseq>
        </name>
        <name NAME="Lampre">
          <charseq START="741" END="746">Lampre</charseq>
        </name>
        <name NAME="Lampre">
          <charseq START="1461" END="1466">Lampre</charseq>
        </name>
        <name NAME="Lampre">
          <charseq START="1881" END="1886">Lampre</charseq>
        </name>
        <name NAME="Lampre">
          <charseq START="2033" END="2038">Lampre</charseq>
        </name>
        <name NAME="Lampre">
          <charseq START="112" END="117">Lampre</charseq>
        </name>
      </entity_attributes>
    </entity>
    <entity ID="adige20041008_id414157-E38" TYPE="ORG" SUBTYPE="Sports" CLASS="SPC">
      <entity_mention ID="adige20041008_id414157-E38-1" TYPE="NAM" PRIMARY="true" METONYMY_MENTION="FALSE">
        <extent>
          <charseq START="364" END="377">Saeco e Lampre</charseq>
        </extent>
        <head>
          <charseq START="364" END="377">Saeco e Lampre</charseq>
        </head>
      </entity_mention>
      <entity_mention ID="adige20041008_id414157-E38-2" TYPE="NOM" PRIMARY="false" METONYMY_MENTION="FALSE">
        <extent>
          <charseq START="831" END="852">le due realtà sportive</charseq>
        </extent>
        <head>
          <charseq START="838" END="843">realtà</charseq>
        </head>
      </entity_mention>
      <entity_mention ID="adige20041008_id414157-E38-3" TYPE="NAM" PRIMARY="false" METONYMY_MENTION="FALSE">
        <extent>
          <charseq START="1881" END="1894">Lampre e Saeco</charseq>
        </extent>
        <head>
          <charseq START="1881" END="1894">Lampre e Saeco</charseq>
        </head>
      </entity_mention>
      <entity_mention ID="adige20041008_id414157-E38-4" TYPE="NOM" PRIMARY="false" METONYMY_MENTION="FALSE">
        <extent>
          <charseq START="2132" END="2143">le due parti</charseq>
        </extent>
        <head>
          <charseq START="2139" END="2143">parti</charseq>
        </head>
      </entity_mention>
      <entity_mention ID="adige20041008_id414157-E38-5" TYPE="NAM" PRIMARY="false" METONYMY_MENTION="FALSE">
        <extent>
          <charseq START="112" END="125">Lampre e Saeco</charseq>
        </extent>
        <head>
          <charseq START="112" END="125">Lampre e Saeco</charseq>
        </head>
      </entity_mention>
      <entity_mention ID="adige20041008_id414157-E38-6" TYPE="PRO" PRIMARY="false" METONYMY_MENTION="FALSE">
        <extent>
          <charseq START="127" END="128">si</charseq>
        </extent>
        <head>
          <charseq START="127" END="128">si</charseq>
        </head>
      </entity_mention>
      <entity_attributes>
        <name NAME="Saeco e Lampre">
          <charseq START="364" END="377">Saeco e Lampre</charseq>
        </name>
        <name NAME="Lampre e Saeco">
          <charseq START="1881" END="1894">Lampre e Saeco</charseq>
        </name>
        <name NAME="Lampre e Saeco">
          <charseq START="112" END="125">Lampre e Saeco</charseq>
        </name>
      </entity_attributes>
    </entity>
    <entity ID="adige20041008_id414157-E40" TYPE="PER" SUBTYPE="Group" CLASS="SPC">
      <entity_mention ID="adige20041008_id414157-E40-1" TYPE="NAM" PRIMARY="true" METONYMY_MENTION="FALSE">
        <extent>
          <charseq START="500" END="547">Piccoli a Bertolini, da Casagranda a Bertagnolli</charseq>
        </extent>
        <head>
          <charseq START="500" END="547">Piccoli a Bertolini, da Casagranda a Bertagnolli</charseq>
        </head>
      </entity_mention>
      <entity_attributes>
        <name NAME="Piccoli a Bertolini, da Casagranda a Bertagnolli">
          <charseq START="500" END="547">Piccoli a Bertolini, da Casagranda a Bertagnolli</charseq>
        </name>
      </entity_attributes>
    </entity>
    <entity ID="adige20041008_id414157-E41" TYPE="PER" SUBTYPE="Individual" CLASS="SPC">
      <entity_mention ID="adige20041008_id414157-E41-1" TYPE="NAM" PRIMARY="true" METONYMY_MENTION="FALSE">
        <extent>
          <charseq START="1199" END="1211">Igor Astarloa</charseq>
        </extent>
        <head>
          <charseq START="1199" END="1211">Igor Astarloa</charseq>
        </head>
      </entity_mention>
      <entity_mention ID="adige20041008_id414157-E41-2" TYPE="NOM" PRIMARY="false" METONYMY_MENTION="FALSE">
        <extent>
          <charseq START="1181" END="1197">dell'iridato 2003</charseq>
        </extent>
        <head>
          <charseq START="1186" END="1192">iridato</charseq>
        </head>
      </entity_mention>
      <entity_mention ID="adige20041008_id414157-E41-3" TYPE="NOM" PRIMARY="false" METONYMY_MENTION="FALSE">
        <extent>
          <charseq START="1181" END="1211">dell'iridato 2003 Igor Astarloa</charseq>
        </extent>
        <head>
          <charseq START="1181" END="1211">dell'iridato 2003 Igor Astarloa</charseq>
        </head>
      </entity_mention>
      <entity_attributes>
        <name NAME="Igor Astarloa">
          <charseq START="1199" END="1211">Igor Astarloa</charseq>
        </name>
      </entity_attributes>
    </entity>
    <entity ID="adige20041008_id414157-E42" TYPE="ORG" SUBTYPE="Sports" CLASS="SPC">
      <entity_mention ID="adige20041008_id414157-E42-1" TYPE="NOM" PRIMARY="true" METONYMY_MENTION="FALSE">
        <extent>
          <charseq START="1410" END="1423">del nuovo team</charseq>
        </extent>
        <head>
          <charseq START="1420" END="1423">team</charseq>
        </head>
      </entity_mention>
      <entity_mention ID="adige20041008_id414157-E42-2" TYPE="NOM" PRIMARY="false" METONYMY_MENTION="FALSE">
        <extent>
          <charseq START="308" END="377">della nuova creatura venuta alla luce dalla fusione tra Saeco e Lampre</charseq>
        </extent>
        <head>
          <charseq START="320" END="327">creatura</charseq>
        </head>
      </entity_mention>
    </entity>
    <entity ID="adige20041008_id414157-E44" TYPE="ORG" SUBTYPE="Sports" CLASS="SPC">
      <entity_mention ID="adige20041008_id414157-E44-1" TYPE="NAM" PRIMARY="true" METONYMY_MENTION="FALSE">
        <extent>
          <charseq START="1509" END="1574">la « Bici club Azzurro srl » del rivale storico di Francesco Moser</charseq>
        </extent>
        <head>
          <charseq START="1514" END="1534">Bici club Azzurro srl</charseq>
        </head>
      </entity_mention>
      <entity_mention ID="adige20041008_id414157-E44-2" TYPE="NOM" PRIMARY="false" METONYMY_MENTION="FALSE">
        <extent>
          <charseq START="1473" END="1494">la società di gestione</charseq>
        </extent>
        <head>
          <charseq START="1476" END="1482">società</charseq>
        </head>
      </entity_mention>
      <entity_mention ID="adige20041008_id414157-E44-3" TYPE="PRO" PRIMARY="false" METONYMY_MENTION="FALSE">
        <extent>
          <charseq START="1577" END="1692">che oggi è stata ufficialmente « accolta » dall'Uci nel circuito Pro Tour assieme alle altre tre formazioni italiane</charseq>
        </extent>
        <head>
          <charseq START="1577" END="1579">che</charseq>
        </head>
      </entity_mention>
      <entity_attributes>
        <name NAME="Bici club Azzurro srl">
          <charseq START="1514" END="1534">Bici club Azzurro srl</charseq>
        </name>
      </entity_attributes>
    </entity>
    <entity ID="adige20041008_id414157-E45" TYPE="ORG" SUBTYPE="Sports" CLASS="SPC">
      <entity_mention ID="adige20041008_id414157-E45-1" TYPE="NAM" PRIMARY="true" METONYMY_MENTION="FALSE">
        <extent>
          <charseq START="1620" END="1627">dall'Uci</charseq>
        </extent>
        <head>
          <charseq START="1625" END="1627">Uci</charseq>
        </head>
      </entity_mention>
      <entity_attributes>
        <name NAME="Uci">
          <charseq START="1625" END="1627">Uci</charseq>
        </name>
      </entity_attributes>
    </entity>
    <entity ID="adige20041008_id414157-E46" TYPE="ORG" SUBTYPE="Sports" CLASS="SPC">
      <entity_mention ID="adige20041008_id414157-E46-1" TYPE="NAM" PRIMARY="true" METONYMY_MENTION="FALSE">
        <extent>
          <charseq START="1702" END="1778">la Ciclosport di Gianluigi Stanga che sarà sponsorizzata dalla Domina Vacanze</charseq>
        </extent>
        <head>
          <charseq START="1705" END="1714">Ciclosport</charseq>
        </head>
      </entity_mention>
      <entity_mention ID="adige20041008_id414157-E46-2" TYPE="PRO" PRIMARY="false" METONYMY_MENTION="FALSE">
        <extent>
          <charseq START="1736" END="1738">che</charseq>
        </extent>
        <head>
          <charseq START="1736" END="1738">che</charseq>
        </head>
      </entity_mention>
      <entity_attributes>
        <name NAME="Ciclosport">
          <charseq START="1705" END="1714">Ciclosport</charseq>
        </name>
      </entity_attributes>
    </entity>
    <entity ID="adige20041008_id414157-E47" TYPE="ORG" SUBTYPE="Sports" CLASS="SPC">
      <entity_mention ID="adige20041008_id414157-E47-1" TYPE="NAM" PRIMARY="true" METONYMY_MENTION="FALSE">
        <extent>
          <charseq START="1781" END="1796">la Fassa Bortolo</charseq>
        </extent>
        <head>
          <charseq START="1784" END="1796">Fassa Bortolo</charseq>
        </head>
      </entity_mention>
      <entity_attributes>
        <name NAME="Fassa Bortolo">
          <charseq START="1784" END="1796">Fassa Bortolo</charseq>
        </name>
      </entity_attributes>
    </entity>
    <entity ID="adige20041008_id414157-E48" TYPE="ORG" SUBTYPE="Sports" CLASS="SPC">
      <entity_mention ID="adige20041008_id414157-E48-1" TYPE="NAM" PRIMARY="true" METONYMY_MENTION="FALSE">
        <extent>
          <charseq START="1800" END="1818">la Liquigas Bianchi</charseq>
        </extent>
        <head>
          <charseq START="1803" END="1818">Liquigas Bianchi</charseq>
        </head>
      </entity_mention>
      <entity_attributes>
        <name NAME="Liquigas Bianchi">
          <charseq START="1803" END="1818">Liquigas Bianchi</charseq>
        </name>
      </entity_attributes>
    </entity>
    <entity ID="adige20041008_id414157-E49" TYPE="ORG" SUBTYPE="Sports" CLASS="SPC">
      <entity_mention ID="adige20041008_id414157-E49-1" TYPE="NAM" PRIMARY="true" METONYMY_MENTION="FALSE">
        <extent>
          <charseq START="1759" END="1778">dalla Domina Vacanze</charseq>
        </extent>
        <head>
          <charseq START="1765" END="1778">Domina Vacanze</charseq>
        </head>
      </entity_mention>
      <entity_attributes>
        <name NAME="Domina Vacanze">
          <charseq START="1765" END="1778">Domina Vacanze</charseq>
        </name>
      </entity_attributes>
    </entity>
    <entity ID="adige20041008_id414157-E51" TYPE="ORG" SUBTYPE="Sports" CLASS="SPC">
      <entity_mention ID="adige20041008_id414157-E51-1" TYPE="NOM" PRIMARY="true" METONYMY_MENTION="FALSE">
        <extent>
          <charseq START="1659" END="1692">alle altre tre formazioni italiane</charseq>
        </extent>
        <head>
          <charseq START="1674" END="1683">formazioni</charseq>
        </head>
      </entity_mention>
      <entity_mention ID="adige20041008_id414157-E51-2" TYPE="NAM" PRIMARY="false" METONYMY_MENTION="FALSE">
        <extent>
          <charseq START="1759" END="1818">dalla Domina Vacanze, la Fassa Bortolo e la Liquigas Bianchi</charseq>
        </extent>
        <head>
          <charseq START="1759" END="1818">dalla Domina Vacanze, la Fassa Bortolo e la Liquigas Bianchi</charseq>
        </head>
      </entity_mention>
      <entity_attributes>
        <name NAME="dalla Domina Vacanze, la Fassa Bortolo e la Liquigas Bianchi">
          <charseq START="1759" END="1818">dalla Domina Vacanze, la Fassa Bortolo e la Liquigas Bianchi</charseq>
        </name>
      </entity_attributes>
    </entity>
    <entity ID="adige20041008_id414157-E52" TYPE="PER" SUBTYPE="Group" CLASS="SPC">
      <entity_mention ID="adige20041008_id414157-E52-1" TYPE="NAM" PRIMARY="true" METONYMY_MENTION="FALSE">
        <extent>
          <charseq START="1099" END="1177">Alessandro Ballan, Oleksandr Kvachuk, Samuele Marzoli, Michele Scotto d'Albusco</charseq>
        </extent>
        <head>
          <charseq START="1099" END="1177">Alessandro Ballan, Oleksandr Kvachuk, Samuele Marzoli, Michele Scotto d'Albusco</charseq>
        </head>
      </entity_mention>
      <entity_mention ID="adige20041008_id414157-E52-2" TYPE="NOM" PRIMARY="false" METONYMY_MENTION="FALSE">
        <extent>
          <charseq START="1076" END="1097">dei neo professionisti</charseq>
        </extent>
        <head>
          <charseq START="1084" END="1097">professionisti</charseq>
        </head>
      </entity_mention>
      <entity_mention ID="adige20041008_id414157-E52-3" TYPE="NOM" PRIMARY="false" METONYMY_MENTION="FALSE">
        <extent>
          <charseq START="1076" END="1177">dei neo professionisti Alessandro Ballan, Oleksandr Kvachuk, Samuele Marzoli, Michele Scotto d'Albusco</charseq>
        </extent>
        <head>
          <charseq START="1076" END="1177">dei neo professionisti Alessandro Ballan, Oleksandr Kvachuk, Samuele Marzoli, Michele Scotto d'Albusco</charseq>
        </head>
      </entity_mention>
      <entity_attributes>
        <name NAME="Alessandro Ballan, Oleksandr Kvachuk, Samuele Marzoli, Michele Scotto d'Albusco">
          <charseq START="1099" END="1177">Alessandro Ballan, Oleksandr Kvachuk, Samuele Marzoli, Michele Scotto d'Albusco</charseq>
        </name>
      </entity_attributes>
    </entity>
    <entity ID="adige20041008_id414157-E53" TYPE="ORG" SUBTYPE="Sports" CLASS="SPC">
      <entity_mention ID="adige20041008_id414157-E53-1" TYPE="NAM" PRIMARY="true" METONYMY_MENTION="FALSE">
        <extent>
          <charseq START="2513" END="2530">della Gerolsteiner</charseq>
        </extent>
        <head>
          <charseq START="2519" END="2530">Gerolsteiner</charseq>
        </head>
      </entity_mention>
      <entity_attributes>
        <name NAME="Gerolsteiner">
          <charseq START="2519" END="2530">Gerolsteiner</charseq>
        </name>
      </entity_attributes>
    </entity>
    <entity ID="adige20041008_id414157-E54" TYPE="GPE" SUBTYPE="Population-Center" CLASS="SPC">
      <entity_mention ID="adige20041008_id414157-E54-2" TYPE="NAM" PRIMARY="true" ROLE="LOC" METONYMY_MENTION="FALSE">
        <extent>
          <charseq START="155" END="160">TRENTO</charseq>
        </extent>
        <head>
          <charseq START="155" END="160">TRENTO</charseq>
        </head>
      </entity_mention>
      <entity_attributes>
        <name NAME="TRENTO">
          <charseq START="155" END="160">TRENTO</charseq>
        </name>
      </entity_attributes>
    </entity>
    <entity ID="adige20041008_id414157-E55" TYPE="GPE" SUBTYPE="State-or-Province" CLASS="SPC">
      <entity_mention ID="adige20041008_id414157-E55-2" TYPE="NAM" PRIMARY="true" ROLE="GPE" METONYMY_MENTION="FALSE">
        <extent>
          <charseq START="487" END="494">trentino</charseq>
        </extent>
        <head>
          <charseq START="487" END="494">trentino</charseq>
        </head>
      </entity_mention>
      <entity_mention ID="adige20041008_id414157-E55-4" TYPE="NAM" PRIMARY="false" ROLE="GPE" METONYMY_MENTION="FALSE">
        <extent>
          <charseq START="2221" END="2228">trentini</charseq>
        </extent>
        <head>
          <charseq START="2221" END="2228">trentini</charseq>
        </head>
      </entity_mention>
    </entity>
    <entity ID="adige20041008_id414157-E56" TYPE="GPE" SUBTYPE="Nation" CLASS="SPC">
      <entity_mention ID="adige20041008_id414157-E56-2" TYPE="NAM" PRIMARY="true" ROLE="GPE" METONYMY_MENTION="FALSE">
        <extent>
          <charseq START="1685" END="1692">italiane</charseq>
        </extent>
        <head>
          <charseq START="1685" END="1692">italiane</charseq>
        </head>
      </entity_mention>
    </entity>
    <entity ID="adige20041008_id414157-E57" TYPE="GPE" SUBTYPE="Nation" CLASS="SPC">
      <entity_mention ID="adige20041008_id414157-E57-2" TYPE="NAM" PRIMARY="true" ROLE="GPE" METONYMY_MENTION="FALSE">
        <extent>
          <charseq START="2336" END="2343">francese</charseq>
        </extent>
        <head>
          <charseq START="2336" END="2343">francese</charseq>
        </head>
      </entity_mention>
      <entity_mention ID="adige20041008_id414157-E57-4" TYPE="NAM" PRIMARY="false" ROLE="GPE" METONYMY_MENTION="FALSE">
        <extent>
          <charseq START="2738" END="2745">francese</charseq>
        </extent>
        <head>
          <charseq START="2738" END="2745">francese</charseq>
        </head>
      </entity_mention>
    </entity>
    <entity ID="adige20041008_id414157-E58" TYPE="GPE" SUBTYPE="Population-Center" CLASS="SPC">
      <entity_mention ID="adige20041008_id414157-E58-2" TYPE="NAM" PRIMARY="true" ROLE="GPE" METONYMY_MENTION="FALSE">
        <extent>
          <charseq START="2705" END="2711">Bourges</charseq>
        </extent>
        <head>
          <charseq START="2705" END="2711">Bourges</charseq>
        </head>
      </entity_mention>
      <entity_attributes>
        <name NAME="Bourges">
          <charseq START="2705" END="2711">Bourges</charseq>
        </name>
      </entity_attributes>
    </entity>
    <entity ID="adige20041008_id414157-E59" TYPE="GPE" SUBTYPE="Nation" CLASS="SPC">
      <entity_mention ID="adige20041008_id414157-E59-2" TYPE="NAM" PRIMARY="true" ROLE="GPE" METONYMY_MENTION="FALSE">
        <extent>
          <charseq START="2774" END="2781">svizzero</charseq>
        </extent>
        <head>
          <charseq START="2774" END="2781">svizzero</charseq>
        </head>
      </entity_mention>
    </entity>
    <entity ID="adige20041008_id414157-E60" TYPE="PER" SUBTYPE="Individual" CLASS="SPC">
      <entity_mention ID="adige20041008_id414157-E60-1" TYPE="NAM" PRIMARY="true" METONYMY_MENTION="FALSE">
        <extent>
          <charseq START="1719" END="1734">Gianluigi Stanga</charseq>
        </extent>
        <head>
          <charseq START="1719" END="1734">Gianluigi Stanga</charseq>
        </head>
      </entity_mention>
      <entity_attributes>
        <name NAME="Gianluigi Stanga">
          <charseq START="1719" END="1734">Gianluigi Stanga</charseq>
        </name>
      </entity_attributes>
    </entity>
  </document>
</source_file>
