<?xml version="1.0" encoding="UTF-8"?>
<!DOCTYPE source_file PUBLIC "SYSTEM" "apf.v5.1.1.dtd">

<source_file URI="adige20041007_id413935.sgm" SOURCE="unknown" TYPE="text" VERSION="5.0" AUTHOR="romano" ENCODING="UTF-8">
  <document DOCID="adige20041007_id413935">
    <timex2 ID="adige20041007_id413935-T3" VAL="PAST_REF" ANCHOR_VAL="2004-10-07" ANCHOR_DIR="BEFORE">
      <timex2_mention ID="adige20041007_id413935-T3-1">
        <extent>
          <charseq START="1132" END="1133">ex</charseq>
        </extent>
      </timex2_mention>
    </timex2>
    <timex2 ID="adige20041007_id413935-T1" VAL="2004-10-07">
      <timex2_mention ID="adige20041007_id413935-T1-1">
        <extent>
          <charseq START="244" END="247">Oggi</charseq>
        </extent>
      </timex2_mention>
    </timex2>
    <timex2 ID="adige20041007_id413935-T2" VAL="2004-10-06TEV">
      <timex2_mention ID="adige20041007_id413935-T2-1">
        <extent>
          <charseq START="501" END="509">Ieri sera</charseq>
        </extent>
      </timex2_mention>
    </timex2>
    <timex2 ID="adige20041007_id413935-T4" VAL="XXXX-XX-XX">
      <timex2_mention ID="adige20041007_id413935-T4-1">
        <extent>
          <charseq START="1312" END="1321">del giorno</charseq>
        </extent>
      </timex2_mention>
    </timex2>
    <timex2 ID="adige20041007_id413935-T5" VAL="XXXX-XX-XX">
      <timex2_mention ID="adige20041007_id413935-T5-1">
        <extent>
          <charseq START="1914" END="1923">del giorno</charseq>
        </extent>
      </timex2_mention>
    </timex2>
  </document>
</source_file>
