<?xml version="1.0" encoding="UTF-8"?>
<!DOCTYPE source_file PUBLIC "SYSTEM" "apf.v5.1.1.dtd">

<source_file URI="adige20041007_id413932.sgm" SOURCE="unknown" TYPE="text" VERSION="5.0" AUTHOR="romano" ENCODING="UTF-8">
  <document DOCID="adige20041007_id413932">
    <timex2 ID="adige20041007_id413932-T5" VAL="2003-09-XX">
      <timex2_mention ID="adige20041007_id413932-T5-1">
        <extent>
          <charseq START="434" END="450">la prima giornata</charseq>
        </extent>
      </timex2_mention>
    </timex2>
    <timex2 ID="adige20041007_id413932-T9">
      <timex2_mention ID="adige20041007_id413932-T9-1">
        <extent>
          <charseq START="972" END="982">tempo reale</charseq>
        </extent>
      </timex2_mention>
    </timex2>
    <timex2 ID="adige20041007_id413932-T6" VAL="XXXX-XX-XX">
      <timex2_mention ID="adige20041007_id413932-T6-1">
        <extent>
          <charseq START="1140" END="1156">la prima giornata</charseq>
        </extent>
      </timex2_mention>
    </timex2>
    <timex2 ID="adige20041007_id413932-T1" VAL="P52Y" ANCHOR_VAL="2004" ANCHOR_DIR="ENDING">
      <timex2_mention ID="adige20041007_id413932-T1-1">
        <extent>
          <charseq START="262" END="268">52 anni</charseq>
        </extent>
      </timex2_mention>
    </timex2>
    <timex2 ID="adige20041007_id413932-T2" VAL="2003-09">
      <timex2_mention ID="adige20041007_id413932-T2-1">
        <extent>
          <charseq START="462" END="482">le settembre del 2003</charseq>
        </extent>
      </timex2_mention>
    </timex2>
    <timex2 ID="adige20041007_id413932-T3" VAL="XXXX-XX-XX">
      <timex2_mention ID="adige20041007_id413932-T3-1">
        <extent>
          <charseq START="736" END="750">al primo giorno</charseq>
        </extent>
      </timex2_mention>
    </timex2>
    <timex2 ID="adige20041007_id413932-T8" VAL="TMO">
      <timex2_mention ID="adige20041007_id413932-T8-1">
        <extent>
          <charseq START="1516" END="1532">alla sola mattina</charseq>
        </extent>
      </timex2_mention>
    </timex2>
    <timex2 ID="adige20041007_id413932-T4" VAL="2002">
      <timex2_mention ID="adige20041007_id413932-T4-1">
        <extent>
          <charseq START="1436" END="1452">l'anno precedente</charseq>
        </extent>
      </timex2_mention>
    </timex2>
  </document>
</source_file>
