<?xml version="1.0" encoding="UTF-8"?>
<!DOCTYPE source_file PUBLIC "SYSTEM" "apf.v5.1.1.dtd">

<source_file URI="adige20041007_id413923.sgm" SOURCE="unknown" TYPE="text" VERSION="5.0" AUTHOR="romano" ENCODING="UTF-8">
  <document DOCID="adige20041007_id413923">
    <timex2 ID="adige20041007_id413923-T13" VAL="PRESENT_REF" ANCHOR_VAL="2004-10-07" ANCHOR_DIR="AS_OF">
      <timex2_mention ID="adige20041007_id413923-T13-1">
        <extent>
          <charseq START="3275" END="3285">Attualmente</charseq>
        </extent>
      </timex2_mention>
    </timex2>
    <timex2 ID="adige20041007_id413923-T5" VAL="PRESENT_REF" ANCHOR_VAL="2004-10-07" ANCHOR_DIR="AS_OF">
      <timex2_mention ID="adige20041007_id413923-T5-1">
        <extent>
          <charseq START="804" END="807">Oggi</charseq>
        </extent>
      </timex2_mention>
    </timex2>
    <timex2 ID="adige20041007_id413923-T6" VAL="XXXX" SET="YES">
      <timex2_mention ID="adige20041007_id413923-T6-1">
        <extent>
          <charseq START="904" END="912">ogni anno</charseq>
        </extent>
      </timex2_mention>
    </timex2>
    <timex2 ID="adige20041007_id413923-T7" VAL="2004-10-06">
      <timex2_mention ID="adige20041007_id413923-T7-1">
        <extent>
          <charseq START="988" END="991">ieri</charseq>
        </extent>
      </timex2_mention>
    </timex2>
    <timex2 ID="adige20041007_id413923-T8" VAL="PXW" ANCHOR_VAL="2004-W41-3" ANCHOR_DIR="STARTING" COMMENT="Cioe' a partire da ieri.">
      <timex2_mention ID="adige20041007_id413923-T8-1">
        <extent>
          <charseq START="1435" END="1451">qualche settimana</charseq>
        </extent>
      </timex2_mention>
    </timex2>
    <timex2 ID="adige20041007_id413923-T9" VAL="2004-10-06">
      <timex2_mention ID="adige20041007_id413923-T9-1">
        <extent>
          <charseq START="1834" END="1837">ieri</charseq>
        </extent>
      </timex2_mention>
    </timex2>
    <timex2 ID="adige20041007_id413923-T1" VAL="2004">
      <timex2_mention ID="adige20041007_id413923-T1-1">
        <extent>
          <charseq START="121" END="126">l'anno</charseq>
        </extent>
      </timex2_mention>
    </timex2>
    <timex2 ID="adige20041007_id413923-T12" VAL="2004-10-06">
      <timex2_mention ID="adige20041007_id413923-T12-1">
        <extent>
          <charseq START="1295" END="1298">ieri</charseq>
        </extent>
      </timex2_mention>
    </timex2>
    <timex2 ID="adige20041007_id413923-T10" VAL="2004">
      <timex2_mention ID="adige20041007_id413923-T10-1">
        <extent>
          <charseq START="2758" END="2767">quest'anno</charseq>
        </extent>
      </timex2_mention>
    </timex2>
    <timex2 ID="adige20041007_id413923-T11" VAL="PRESENT_REF" ANCHOR_VAL="2004-10-07" ANCHOR_DIR="AS_OF">
      <timex2_mention ID="adige20041007_id413923-T11-1">
        <extent>
          <charseq START="3417" END="3420">Oggi</charseq>
        </extent>
      </timex2_mention>
    </timex2>
    <timex2 ID="adige20041007_id413923-T14" VAL="XXXX-XX-XX">
      <timex2_mention ID="adige20041007_id413923-T14-1">
        <extent>
          <charseq START="2793" END="2802">del giorno</charseq>
        </extent>
      </timex2_mention>
    </timex2>
    <timex2 ID="adige20041007_id413923-T2" VAL="2004-10-06">
      <timex2_mention ID="adige20041007_id413923-T2-1">
        <extent>
          <charseq START="566" END="569">ieri</charseq>
        </extent>
      </timex2_mention>
    </timex2>
    <timex2 ID="adige20041007_id413923-T3" VAL="2004">
      <timex2_mention ID="adige20041007_id413923-T3-1">
        <extent>
          <charseq START="675" END="680">l'anno</charseq>
        </extent>
      </timex2_mention>
    </timex2>
    <timex2 ID="adige20041007_id413923-T4" VAL="P5Y">
      <timex2_mention ID="adige20041007_id413923-T4-1">
        <extent>
          <charseq START="787" END="801">dei cinque anni</charseq>
        </extent>
      </timex2_mention>
    </timex2>
  </document>
</source_file>
