<?xml version="1.0" encoding="UTF-8"?>
<!DOCTYPE source_file PUBLIC "SYSTEM" "apf.v5.1.1.dtd">

<source_file URI="adige20041007_id413924.sgm" SOURCE="unknown" TYPE="text" VERSION="5.0" AUTHOR="romano" ENCODING="UTF-8">
  <document DOCID="adige20041007_id413924">
    <timex2 ID="adige20041007_id413924-T1" VAL="2004-10-06">
      <timex2_mention ID="adige20041007_id413924-T1-1">
        <extent>
          <charseq START="171" END="174">ieri</charseq>
        </extent>
      </timex2_mention>
    </timex2>
    <timex2 ID="adige20041007_id413924-T2" VAL="PRESENT_REF" ANCHOR_VAL="2004-10-07" ANCHOR_DIR="AS_OF">
      <timex2_mention ID="adige20041007_id413924-T2-1">
        <extent>
          <charseq START="576" END="579">oggi</charseq>
        </extent>
      </timex2_mention>
    </timex2>
    <timex2 ID="adige20041007_id413924-T3" VAL="2004-10-06">
      <timex2_mention ID="adige20041007_id413924-T3-1">
        <extent>
          <charseq START="1080" END="1083">ieri</charseq>
        </extent>
      </timex2_mention>
    </timex2>
    <timex2 ID="adige20041007_id413924-T5" VAL="PTXM" ANCHOR_VAL="2004-10-06TXX:XX" ANCHOR_DIR="WITHIN">
      <timex2_mention ID="adige20041007_id413924-T5-1">
        <extent>
          <charseq START="1244" END="1256">alcuni minuti</charseq>
        </extent>
      </timex2_mention>
    </timex2>
    <timex2 ID="adige20041007_id413924-T4" VAL="2004-10-07">
      <timex2_mention ID="adige20041007_id413924-T4-1">
        <extent>
          <charseq START="1400" END="1403">oggi</charseq>
        </extent>
      </timex2_mention>
    </timex2>
    <timex2 ID="adige20041007_id413924-T6" VAL="PAST_REF" ANCHOR_VAL="2004-10-07" ANCHOR_DIR="BEFORE">
      <timex2_mention ID="adige20041007_id413924-T6-1">
        <extent>
          <charseq START="570" END="571">ex</charseq>
        </extent>
      </timex2_mention>
    </timex2>
  </document>
</source_file>
