<?xml version="1.0" encoding="UTF-8"?>
<!DOCTYPE source_file PUBLIC "SYSTEM" "apf.v5.1.1.dtd">

<source_file URI="adige20041007_id413930.sgm" SOURCE="unknown" TYPE="text" VERSION="5.0" AUTHOR="romano" ENCODING="UTF-8">
  <document DOCID="adige20041007_id413930">
    <timex2 ID="adige20041007_id413930-T10" VAL="198">
      <timex2_mention ID="adige20041007_id413930-T10-1">
        <extent>
          <charseq START="1995" END="2008">degli anni '80</charseq>
        </extent>
      </timex2_mention>
    </timex2>
    <timex2 ID="adige20041007_id413930-T1" VAL="2005">
      <timex2_mention ID="adige20041007_id413930-T1-1">
        <extent>
          <charseq START="197" END="204">nel 2005</charseq>
        </extent>
      </timex2_mention>
    </timex2>
    <timex2 ID="adige20041007_id413930-T11" VAL="1986">
      <timex2_mention ID="adige20041007_id413930-T11-1">
        <extent>
          <charseq START="2013" END="2020">Nel 1986</charseq>
        </extent>
      </timex2_mention>
    </timex2>
    <timex2 ID="adige20041007_id413930-T12" VAL="P8M" ANCHOR_VAL="2004-10" ANCHOR_DIR="STARTING">
      <timex2_mention ID="adige20041007_id413930-T12-1">
        <extent>
          <charseq START="3757" END="3765">Otto mesi</charseq>
        </extent>
      </timex2_mention>
    </timex2>
    <timex2 ID="adige20041007_id413930-T2" VAL="2005">
      <timex2_mention ID="adige20041007_id413930-T2-1">
        <extent>
          <charseq START="394" END="401">nel 2005</charseq>
        </extent>
      </timex2_mention>
    </timex2>
    <timex2 ID="adige20041007_id413930-T4" VAL="2019">
      <timex2_mention ID="adige20041007_id413930-T4-1">
        <extent>
          <charseq START="856" END="857">15</charseq>
        </extent>
      </timex2_mention>
    </timex2>
    <timex2 ID="adige20041007_id413930-T5" VAL="2024">
      <timex2_mention ID="adige20041007_id413930-T5-1">
        <extent>
          <charseq START="859" END="865">20 anni</charseq>
        </extent>
      </timex2_mention>
    </timex2>
    <timex2 ID="adige20041007_id413930-T6" VAL="FUTURE_REF" ANCHOR_VAL="2004-10-07" ANCHOR_DIR="AFTER" COMMENT="Nella frase precedente non e' taggato perche' fa parte di un nome tra virgolette">
      <timex2_mention ID="adige20041007_id413930-T6-1">
        <extent>
          <charseq START="1095" END="1103">al futuro</charseq>
        </extent>
      </timex2_mention>
    </timex2>
    <timex2 ID="adige20041007_id413930-T7" VAL="1976">
      <timex2_mention ID="adige20041007_id413930-T7-1">
        <extent>
          <charseq START="1355" END="1362">nel 1976</charseq>
        </extent>
      </timex2_mention>
    </timex2>
    <timex2 ID="adige20041007_id413930-T8" VAL="1993">
      <timex2_mention ID="adige20041007_id413930-T8-1">
        <extent>
          <charseq START="1365" END="1371">Nel '93</charseq>
        </extent>
      </timex2_mention>
    </timex2>
    <timex2 ID="adige20041007_id413930-T13" VAL="PAST_REF" ANCHOR_VAL="2004" ANCHOR_DIR="BEFORE">
      <timex2_mention ID="adige20041007_id413930-T13-1">
        <extent>
          <charseq START="2126" END="2136">questi anni</charseq>
        </extent>
      </timex2_mention>
    </timex2>
    <timex2 ID="adige20041007_id413930-T9" VAL="198">
      <timex2_mention ID="adige20041007_id413930-T9-1">
        <extent>
          <charseq START="1791" END="1804">negli anni '80</charseq>
        </extent>
      </timex2_mention>
    </timex2>
  </document>
</source_file>
