<?xml version="1.0" encoding="UTF-8"?>
<!DOCTYPE source_file PUBLIC "SYSTEM" "apf.v5.1.1.dtd">

<source_file URI="adige20041007_id413921.sgm" SOURCE="unknown" TYPE="text" VERSION="5.0" AUTHOR="romano" ENCODING="UTF-8">
  <document DOCID="adige20041007_id413921">
    <timex2 ID="adige20041007_id413921-T1" VAL="2004-10-04TNI">
      <timex2_mention ID="adige20041007_id413921-T1-1">
        <extent>
          <charseq START="180" END="211">nella notte tra lunedì e martedì</charseq>
        </extent>
      </timex2_mention>
    </timex2>
    <timex2 ID="adige20041007_id413921-T2" VAL="2004-10-06TMO">
      <timex2_mention ID="adige20041007_id413921-T2-1">
        <extent>
          <charseq START="1019" END="1030">ieri mattina</charseq>
        </extent>
      </timex2_mention>
    </timex2>
    <timex2 ID="adige20041007_id413921-T3" VAL="2004-10-06TAF">
      <timex2_mention ID="adige20041007_id413921-T3-1">
        <extent>
          <charseq START="1074" END="1088">ieri pomeriggio</charseq>
        </extent>
      </timex2_mention>
    </timex2>
  </document>
</source_file>
