<?xml version="1.0" encoding="UTF-8"?>
<!DOCTYPE source_file PUBLIC "SYSTEM" "apf.v5.1.1.dtd">

<source_file URI="adige20041007_id413937.sgm" SOURCE="unknown" TYPE="text" VERSION="5.0" AUTHOR="romano" ENCODING="UTF-8">
  <document DOCID="adige20041007_id413937">
    <timex2 ID="adige20041007_id413937-T2" VAL="2004-10-04TEV">
      <timex2_mention ID="adige20041007_id413937-T2-1">
        <extent>
          <charseq START="261" END="271">lunedì sera</charseq>
        </extent>
      </timex2_mention>
    </timex2>
    <timex2 ID="adige20041007_id413937-T4" VAL="PRESENT_REF" ANCHOR_VAL="2004-10-07" ANCHOR_DIR="AS_OF">
      <timex2_mention ID="adige20041007_id413937-T4-1">
        <extent>
          <charseq START="1176" END="1178">ora</charseq>
        </extent>
      </timex2_mention>
    </timex2>
    <timex2 ID="adige20041007_id413937-T3" VAL="2004-10-04">
      <timex2_mention ID="adige20041007_id413937-T3-1">
        <extent>
          <charseq START="793" END="798">lunedì</charseq>
        </extent>
      </timex2_mention>
    </timex2>
    <timex2 ID="adige20041007_id413937-T5" VAL="2004">
      <timex2_mention ID="adige20041007_id413937-T5-1">
        <extent>
          <charseq START="1929" END="1932">2004</charseq>
        </extent>
      </timex2_mention>
    </timex2>
    <timex2 ID="adige20041007_id413937-T6" VAL="PRESENT_REF" ANCHOR_VAL="2004-10-07" ANCHOR_DIR="AS_OF">
      <timex2_mention ID="adige20041007_id413937-T6-1">
        <extent>
          <charseq START="667" END="677">attualmente</charseq>
        </extent>
      </timex2_mention>
    </timex2>
    <timex2 ID="adige20041007_id413937-T7" VAL="PRESENT_REF" ANCHOR_VAL="2004-10-07" ANCHOR_DIR="AS_OF">
      <timex2_mention ID="adige20041007_id413937-T7-1">
        <extent>
          <charseq START="3000" END="3003">oggi</charseq>
        </extent>
      </timex2_mention>
    </timex2>
    <timex2 ID="adige20041007_id413937-T1" VAL="2004-10-05">
      <timex2_mention ID="adige20041007_id413937-T1-1">
        <extent>
          <charseq START="208" END="219">All'indomani</charseq>
        </extent>
      </timex2_mention>
    </timex2>
  </document>
</source_file>
