<?xml version="1.0" encoding="UTF-8"?>
<!DOCTYPE source_file PUBLIC "SYSTEM" "apf.v5.1.1.dtd">

<source_file URI="adige20041007_id413925.sgm" SOURCE="unknown" TYPE="text" VERSION="5.0" AUTHOR="romano" ENCODING="UTF-8">
  <document DOCID="adige20041007_id413925">
    <timex2 ID="adige20041007_id413925-T1" VAL="2004-11">
      <timex2_mention ID="adige20041007_id413925-T1-1">
        <extent>
          <charseq START="182" END="189">novembre</charseq>
        </extent>
      </timex2_mention>
    </timex2>
    <timex2 ID="adige20041007_id413925-T2" VAL="2005">
      <timex2_mention ID="adige20041007_id413925-T2-1">
        <extent>
          <charseq START="203" END="206">2005</charseq>
        </extent>
      </timex2_mention>
    </timex2>
    <timex2 ID="adige20041007_id413925-T11" VAL="PXW" ANCHOR_VAL="2004-W41-3" ANCHOR_DIR="BEFORE">
      <timex2_mention ID="adige20041007_id413925-T11-1">
        <extent>
          <charseq START="1718" END="1739">Nelle settimane scorse</charseq>
        </extent>
      </timex2_mention>
    </timex2>
    <timex2 ID="adige20041007_id413925-T3" VAL="2004-10-06">
      <timex2_mention ID="adige20041007_id413925-T3-1">
        <extent>
          <charseq START="519" END="522">Ieri</charseq>
        </extent>
      </timex2_mention>
    </timex2>
    <timex2 ID="adige20041007_id413925-T12" VAL="PAST_REF" ANCHOR_VAL="2004-10-07" ANCHOR_DIR="BEFORE">
      <timex2_mention ID="adige20041007_id413925-T12-1">
        <extent>
          <charseq START="1913" END="1925">questi giorni</charseq>
        </extent>
      </timex2_mention>
    </timex2>
    <timex2 ID="adige20041007_id413925-T4" VAL="2005">
      <timex2_mention ID="adige20041007_id413925-T4-1">
        <extent>
          <charseq START="609" END="612">2005</charseq>
        </extent>
      </timex2_mention>
    </timex2>
    <timex2 ID="adige20041007_id413925-T18" VAL="2004">
      <timex2_mention ID="adige20041007_id413925-T18-1">
        <extent>
          <charseq START="421" END="424">2004</charseq>
        </extent>
      </timex2_mention>
    </timex2>
    <timex2 ID="adige20041007_id413925-T13" VAL="2004">
      <timex2_mention ID="adige20041007_id413925-T13-1">
        <extent>
          <charseq START="2112" END="2115">2004</charseq>
        </extent>
      </timex2_mention>
    </timex2>
    <timex2 ID="adige20041007_id413925-T5" VAL="2004-11" MOD="END">
      <timex2_mention ID="adige20041007_id413925-T5-1">
        <extent>
          <charseq START="679" END="691">fine novembre</charseq>
        </extent>
      </timex2_mention>
    </timex2>
    <timex2 ID="adige20041007_id413925-T19" VAL="2005">
      <timex2_mention ID="adige20041007_id413925-T19-1">
        <extent>
          <charseq START="1413" END="1430">dell'anno prossimo</charseq>
        </extent>
      </timex2_mention>
    </timex2>
    <timex2 ID="adige20041007_id413925-T14" VAL="2005">
      <timex2_mention ID="adige20041007_id413925-T14-1">
        <extent>
          <charseq START="3288" END="3294">il 2005</charseq>
        </extent>
      </timex2_mention>
    </timex2>
    <timex2 ID="adige20041007_id413925-T6" VAL="2004-10">
      <timex2_mention ID="adige20041007_id413925-T6-1">
        <extent>
          <charseq START="710" END="716">ottobre</charseq>
        </extent>
      </timex2_mention>
    </timex2>
    <timex2 ID="adige20041007_id413925-T15" VAL="2004">
      <timex2_mention ID="adige20041007_id413925-T15-1">
        <extent>
          <charseq START="3642" END="3645">2004</charseq>
        </extent>
      </timex2_mention>
    </timex2>
    <timex2 ID="adige20041007_id413925-T7" VAL="2005-01" MOD="MID">
      <timex2_mention ID="adige20041007_id413925-T7-1">
        <extent>
          <charseq START="815" END="826">metà gennaio</charseq>
        </extent>
      </timex2_mention>
    </timex2>
    <timex2 ID="adige20041007_id413925-T20" VAL="P4Y" ANCHOR_VAL="2004" ANCHOR_DIR="STARTING">
      <timex2_mention ID="adige20041007_id413925-T20-1">
        <extent>
          <charseq START="3458" END="3473">nei quattro anni</charseq>
        </extent>
      </timex2_mention>
    </timex2>
    <timex2 ID="adige20041007_id413925-T16" VAL="2004-09">
      <timex2_mention ID="adige20041007_id413925-T16-1">
        <extent>
          <charseq START="3926" END="3934">settembre</charseq>
        </extent>
      </timex2_mention>
    </timex2>
    <timex2 ID="adige20041007_id413925-T8" VAL="2005-02">
      <timex2_mention ID="adige20041007_id413925-T8-1">
        <extent>
          <charseq START="850" END="857">febbraio</charseq>
        </extent>
      </timex2_mention>
    </timex2>
    <timex2 ID="adige20041007_id413925-T17" VAL="PRESENT_REF" ANCHOR_VAL="2004-10-07" ANCHOR_DIR="AS_OF">
      <timex2_mention ID="adige20041007_id413925-T17-1">
        <extent>
          <charseq START="3947" END="3953">fin'ora</charseq>
        </extent>
      </timex2_mention>
    </timex2>
    <timex2 ID="adige20041007_id413925-T9" VAL="PRESENT_REF" ANCHOR_VAL="2004-10-07" ANCHOR_DIR="AS_OF">
      <timex2_mention ID="adige20041007_id413925-T9-1">
        <extent>
          <charseq START="1335" END="1338">oggi</charseq>
        </extent>
      </timex2_mention>
    </timex2>
    <timex2 ID="adige20041007_id413925-T10" VAL="2005-XX" MOD="START">
      <timex2_mention ID="adige20041007_id413925-T10-1">
        <extent>
          <charseq START="1481" END="1502">i primi mesi dell'anno</charseq>
        </extent>
      </timex2_mention>
    </timex2>
  </document>
</source_file>
