<?xml version="1.0" encoding="UTF-8"?>
<!DOCTYPE source_file PUBLIC "SYSTEM" "apf.v5.1.1.dtd">

<source_file URI="adige20041007_id413926.sgm" SOURCE="unknown" TYPE="text" VERSION="5.0" AUTHOR="romano" ENCODING="UTF-8">
  <document DOCID="adige20041007_id413926">
    <timex2 ID="adige20041007_id413926-T4" VAL="2004-02">
      <timex2_mention ID="adige20041007_id413926-T4-1">
        <extent>
          <charseq START="3103" END="3110">febbraio</charseq>
        </extent>
      </timex2_mention>
    </timex2>
    <timex2 ID="adige20041007_id413926-T1" VAL="2004-08">
      <timex2_mention ID="adige20041007_id413926-T1-1">
        <extent>
          <charseq START="698" END="703">agosto</charseq>
        </extent>
      </timex2_mention>
    </timex2>
    <timex2 ID="adige20041007_id413926-T2" VAL="PAST_REF" ANCHOR_VAL="2004-10-07" ANCHOR_DIR="BEFORE">
      <timex2_mention ID="adige20041007_id413926-T2-1">
        <extent>
          <charseq START="1433" END="1439">passato</charseq>
        </extent>
      </timex2_mention>
    </timex2>
    <timex2 ID="adige20041007_id413926-T3" VAL="2004-07">
      <timex2_mention ID="adige20041007_id413926-T3-1">
        <extent>
          <charseq START="2955" END="2968">luglio, scorso</charseq>
        </extent>
      </timex2_mention>
    </timex2>
  </document>
</source_file>
