<?xml version="1.0" encoding="UTF-8"?>
<!DOCTYPE source_file PUBLIC "SYSTEM" "apf.v5.1.1.dtd">

<source_file URI="adige20041007_id413917.sgm" SOURCE="unknown" TYPE="text" VERSION="5.0" AUTHOR="romano" ENCODING="UTF-8">
  <document DOCID="adige20041007_id413917">
    <timex2 ID="adige20041007_id413917-T1" VAL="2004-10-06TAF" MOD="START">
      <timex2_mention ID="adige20041007_id413917-T1-1">
        <extent>
          <charseq START="485" END="512">nel primo pomeriggio di ieri</charseq>
        </extent>
      </timex2_mention>
    </timex2>
    <timex2 ID="adige20041007_id413917-T2" VAL="PXM" ANCHOR_VAL="2004-10" ANCHOR_DIR="ENDING">
      <timex2_mention ID="adige20041007_id413917-T2-1">
        <extent>
          <charseq START="555" END="565">alcuni mesi</charseq>
        </extent>
      </timex2_mention>
    </timex2>
    <timex2 ID="adige20041007_id413917-T3" VAL="2004-10-06">
      <timex2_mention ID="adige20041007_id413917-T3-1">
        <extent>
          <charseq START="1302" END="1305">ieri</charseq>
        </extent>
      </timex2_mention>
    </timex2>
    <timex2 ID="adige20041007_id413917-T4" VAL="2004-10-06T14:00" MOD="AFTER">
      <timex2_mention ID="adige20041007_id413917-T4-1">
        <extent>
          <charseq START="1308" END="1330">pochi minuti dopo le 14</charseq>
        </extent>
      </timex2_mention>
    </timex2>
    <timex2 ID="adige20041007_id413917-T8" VAL="2004-10-06TAF">
      <timex2_mention ID="adige20041007_id413917-T8-1">
        <extent>
          <charseq START="1199" END="1212">nel pomeriggio</charseq>
        </extent>
      </timex2_mention>
    </timex2>
    <timex2 ID="adige20041007_id413917-T5" VAL="2004-07">
      <timex2_mention ID="adige20041007_id413917-T5-1">
        <extent>
          <charseq START="2281" END="2291">tre mesi fa</charseq>
        </extent>
      </timex2_mention>
    </timex2>
    <timex2 ID="adige20041007_id413917-T6" VAL="XXXX-WXX" SET="YES" NON_SPECIFIC="YES">
      <timex2_mention ID="adige20041007_id413917-T6-1">
        <extent>
          <charseq START="2658" END="2671">alla settimana</charseq>
        </extent>
      </timex2_mention>
    </timex2>
    <timex2 ID="adige20041007_id413917-T7" VAL="XXXX-WXX" SET="YES" NON_SPECIFIC="YES" COMMENT="Come dire 'alla settimana'.">
      <timex2_mention ID="adige20041007_id413917-T7-1">
        <extent>
          <charseq START="2703" END="2719">ogni sette giorni</charseq>
        </extent>
      </timex2_mention>
    </timex2>
  </document>
</source_file>
