<?xml version="1.0" encoding="UTF-8"?>
<!DOCTYPE source_file PUBLIC "SYSTEM" "apf.v5.1.1.dtd">

<source_file URI="adige20041007_id413944.sgm" SOURCE="unknown" TYPE="text" VERSION="5.0" AUTHOR="romano" ENCODING="UTF-8">
  <document DOCID="adige20041007_id413944">
    <timex2 ID="adige20041007_id413944-T2" VAL="2004-10-06">
      <timex2_mention ID="adige20041007_id413944-T2-1">
        <extent>
          <charseq START="398" END="401">ieri</charseq>
        </extent>
      </timex2_mention>
    </timex2>
    <timex2 ID="adige20041007_id413944-T3" VAL="XXXX-XX-XX">
      <timex2_mention ID="adige20041007_id413944-T3-1">
        <extent>
          <charseq START="1897" END="1906">del giorno</charseq>
        </extent>
      </timex2_mention>
    </timex2>
  </document>
</source_file>
