<?xml version="1.0" encoding="UTF-8"?>
<!DOCTYPE source_file PUBLIC "SYSTEM" "apf.v5.1.1.dtd">

<source_file URI="adige20041007_id413933.sgm" SOURCE="unknown" TYPE="text" VERSION="5.0" AUTHOR="romano" ENCODING="UTF-8">
  <document DOCID="adige20041007_id413933">
    <timex2 ID="adige20041007_id413933-T1" VAL="2004-10-06">
      <timex2_mention ID="adige20041007_id413933-T1-1">
        <extent>
          <charseq START="234" END="237">ieri</charseq>
        </extent>
      </timex2_mention>
    </timex2>
    <timex2 ID="adige20041007_id413933-T2" VAL="2004-10-05">
      <timex2_mention ID="adige20041007_id413933-T2-1">
        <extent>
          <charseq START="2164" END="2184">del giorno precedente</charseq>
        </extent>
      </timex2_mention>
    </timex2>
  </document>
</source_file>
