<?xml version="1.0" encoding="UTF-8"?>
<!DOCTYPE source_file PUBLIC "SYSTEM" "apf.v5.1.1.dtd">

<source_file URI="adige20041007_id413929.sgm" SOURCE="unknown" TYPE="text" VERSION="5.0" AUTHOR="romano" ENCODING="UTF-8">
  <document DOCID="adige20041007_id413929">
    <timex2 ID="adige20041007_id413929-T2" VAL="PRESENT_REF" ANCHOR_VAL="2004-10-07" ANCHOR_DIR="AS_OF">
      <timex2_mention ID="adige20041007_id413929-T2-1">
        <extent>
          <charseq START="1021" END="1024">oggi</charseq>
        </extent>
      </timex2_mention>
    </timex2>
    <timex2 ID="adige20041007_id413929-T1" VAL="2005">
      <timex2_mention ID="adige20041007_id413929-T1-1">
        <extent>
          <charseq START="188" END="191">2005</charseq>
        </extent>
      </timex2_mention>
    </timex2>
    <timex2 ID="adige20041007_id413929-T3" VAL="P3Y" ANCHOR_VAL="2004" ANCHOR_DIR="STARTING">
      <timex2_mention ID="adige20041007_id413929-T3-1">
        <extent>
          <charseq START="1297" END="1313">tre anni di tempo</charseq>
        </extent>
      </timex2_mention>
    </timex2>
  </document>
</source_file>
