<?xml version="1.0" encoding="UTF-8"?>
<!DOCTYPE source_file PUBLIC "SYSTEM" "apf.v5.1.1.dtd">

<source_file URI="adige20041007_id413922.sgm" SOURCE="unknown" TYPE="text" VERSION="5.0" AUTHOR="romano" ENCODING="UTF-8">
  <document DOCID="adige20041007_id413922">
    <timex2 ID="adige20041007_id413922-T1" VAL="2004-10-06">
      <timex2_mention ID="adige20041007_id413922-T1-1">
        <extent>
          <charseq START="14" END="17">ieri</charseq>
        </extent>
      </timex2_mention>
    </timex2>
    <timex2 ID="adige20041007_id413922-T3" VAL="2004-10-06TAF">
      <timex2_mention ID="adige20041007_id413922-T3-1">
        <extent>
          <charseq START="180" END="194">ieri pomeriggio</charseq>
        </extent>
      </timex2_mention>
    </timex2>
    <timex2 ID="adige20041007_id413922-T2" VAL="2004-10-06T17:00">
      <timex2_mention ID="adige20041007_id413922-T2-1">
        <extent>
          <charseq START="19" END="25">alle 17</charseq>
        </extent>
      </timex2_mention>
    </timex2>
    <timex2 ID="adige20041007_id413922-T6" VAL="2004-10-06TAF">
      <timex2_mention ID="adige20041007_id413922-T6-1">
        <extent>
          <charseq START="550" END="579">un'ora particolarmente "calda"</charseq>
        </extent>
      </timex2_mention>
    </timex2>
    <timex2 ID="adige20041007_id413922-T4" VAL="P56Y" ANCHOR_VAL="2004" ANCHOR_DIR="ENDING">
      <timex2_mention ID="adige20041007_id413922-T4-1">
        <extent>
          <charseq START="265" END="271">56 anni</charseq>
        </extent>
      </timex2_mention>
    </timex2>
    <timex2 ID="adige20041007_id413922-T5" VAL="P21Y" ANCHOR_VAL="2004" ANCHOR_DIR="ENDING">
      <timex2_mention ID="adige20041007_id413922-T5-1">
        <extent>
          <charseq START="738" END="744">21 anni</charseq>
        </extent>
      </timex2_mention>
    </timex2>
  </document>
</source_file>
