<?xml version="1.0" encoding="UTF-8"?>
<!DOCTYPE source_file PUBLIC "SYSTEM" "apf.v5.1.1.dtd">

<source_file URI="adige20041007_id413938.sgm" SOURCE="unknown" TYPE="text" VERSION="5.0" AUTHOR="romano" ENCODING="UTF-8">
  <document DOCID="adige20041007_id413938">
    <timex2 ID="adige20041007_id413938-T11" VAL="2002-07-31">
      <timex2_mention ID="adige20041007_id413938-T11-1">
        <extent>
          <charseq START="2197" END="2217">il 31 luglio del 2002</charseq>
        </extent>
      </timex2_mention>
    </timex2>
    <timex2 ID="adige20041007_id413938-T3" VAL="PXY" ANCHOR_VAL="2004" ANCHOR_DIR="BEFORE">
      <timex2_mention ID="adige20041007_id413938-T3-1">
        <extent>
          <charseq START="759" END="773">qualche anno fa</charseq>
        </extent>
      </timex2_mention>
    </timex2>
    <timex2 ID="adige20041007_id413938-T12" VAL="P3Y" MOD="MORE_THAN" ANCHOR_VAL="1999-03-14" ANCHOR_DIR="STARTING">
      <timex2_mention ID="adige20041007_id413938-T12-1">
        <extent>
          <charseq START="2227" END="2240">oltre tre anni</charseq>
        </extent>
      </timex2_mention>
    </timex2>
    <timex2 ID="adige20041007_id413938-T4" VAL="1999-03-14">
      <timex2_mention ID="adige20041007_id413938-T4-1">
        <extent>
          <charseq START="813" END="832">il 14 marzo del 1999</charseq>
        </extent>
      </timex2_mention>
    </timex2>
    <timex2 ID="adige20041007_id413938-T13" VAL="PXW" ANCHOR_VAL="1999-W10" ANCHOR_DIR="STARTING">
      <timex2_mention ID="adige20041007_id413938-T13-1">
        <extent>
          <charseq START="2415" END="2429">delle settimane</charseq>
        </extent>
      </timex2_mention>
    </timex2>
    <timex2 ID="adige20041007_id413938-T5" VAL="PRESENT_REF" ANCHOR_VAL="2004-10-07" ANCHOR_DIR="AS_OF">
      <timex2_mention ID="adige20041007_id413938-T5-1">
        <extent>
          <charseq START="875" END="878">oggi</charseq>
        </extent>
      </timex2_mention>
    </timex2>
    <timex2 ID="adige20041007_id413938-T17" VAL="PAST_REF" ANCHOR_VAL="2004-10-07" ANCHOR_DIR="BEFORE">
      <timex2_mention ID="adige20041007_id413938-T17-1">
        <extent>
          <charseq START="3011" END="3017">passato</charseq>
        </extent>
      </timex2_mention>
    </timex2>
    <timex2 ID="adige20041007_id413938-T14" VAL="PRESENT_REF" ANCHOR_VAL="2004-10-07" ANCHOR_DIR="AS_OF">
      <timex2_mention ID="adige20041007_id413938-T14-1">
        <extent>
          <charseq START="2466" END="2469">Oggi</charseq>
        </extent>
      </timex2_mention>
    </timex2>
    <timex2 ID="adige20041007_id413938-T6" VAL="P28Y" ANCHOR_VAL="2004" ANCHOR_DIR="ENDING">
      <timex2_mention ID="adige20041007_id413938-T6-1">
        <extent>
          <charseq START="883" END="889">28 anni</charseq>
        </extent>
      </timex2_mention>
    </timex2>
    <timex2 ID="adige20041007_id413938-T15" VAL="2004-10-06">
      <timex2_mention ID="adige20041007_id413938-T15-1">
        <extent>
          <charseq START="3269" END="3272">ieri</charseq>
        </extent>
      </timex2_mention>
    </timex2>
    <timex2 ID="adige20041007_id413938-T7" VAL="1999-03-15">
      <timex2_mention ID="adige20041007_id413938-T7-1">
        <extent>
          <charseq START="1089" END="1106">Il giorno seguente</charseq>
        </extent>
      </timex2_mention>
    </timex2>
    <timex2 ID="adige20041007_id413938-T8" VAL="1999-04-02">
      <timex2_mention ID="adige20041007_id413938-T8-1">
        <extent>
          <charseq START="1269" END="1279">Il 2 aprile</charseq>
        </extent>
      </timex2_mention>
    </timex2>
    <timex2 ID="adige20041007_id413938-T18" VAL="PRESENT_REF" ANCHOR_VAL="2004-10-07" ANCHOR_DIR="AS_OF">
      <timex2_mention ID="adige20041007_id413938-T18-1">
        <extent>
          <charseq START="3494" END="3495">ex</charseq>
        </extent>
      </timex2_mention>
    </timex2>
    <timex2 ID="adige20041007_id413938-T9" VAL="1999-06">
      <timex2_mention ID="adige20041007_id413938-T9-1">
        <extent>
          <charseq START="1370" END="1375">giugno</charseq>
        </extent>
      </timex2_mention>
    </timex2>
    <timex2 ID="adige20041007_id413938-T1" VAL="PXY" ANCHOR_VAL="2004" ANCHOR_DIR="ENDING">
      <timex2_mention ID="adige20041007_id413938-T1-1">
        <extent>
          <charseq START="464" END="467">anni</charseq>
        </extent>
      </timex2_mention>
    </timex2>
    <timex2 ID="adige20041007_id413938-T10" VAL="1999-07-29">
      <timex2_mention ID="adige20041007_id413938-T10-1">
        <extent>
          <charseq START="1413" END="1429">Il 29 luglio 1999</charseq>
        </extent>
      </timex2_mention>
    </timex2>
    <timex2 ID="adige20041007_id413938-T2" VAL="FUTURE_REF" ANCHOR_VAL="2004-10-07" ANCHOR_DIR="AFTER">
      <timex2_mention ID="adige20041007_id413938-T2-1">
        <extent>
          <charseq START="537" END="554">un futuro migliore</charseq>
        </extent>
      </timex2_mention>
    </timex2>
  </document>
</source_file>
