<?xml version="1.0" encoding="UTF-8"?>
<!DOCTYPE source_file PUBLIC "SYSTEM" "apf.v5.1.1.dtd">

<source_file URI="adige20041007_id413939.sgm" SOURCE="unknown" TYPE="text" VERSION="5.0" AUTHOR="romano" ENCODING="UTF-8">
  <document DOCID="adige20041007_id413939">
    <timex2 ID="adige20041007_id413939-T6" VAL="PRESENT_REF" ANCHOR_VAL="2004-10-07" ANCHOR_DIR="AS_OF">
      <timex2_mention ID="adige20041007_id413939-T6-1">
        <extent>
          <charseq START="1863" END="1866">oggi</charseq>
        </extent>
      </timex2_mention>
    </timex2>
    <timex2 ID="adige20041007_id413939-T1" VAL="PRESENT_REF" ANCHOR_VAL="2004-10-07" ANCHOR_DIR="AS_OF">
      <timex2_mention ID="adige20041007_id413939-T1-1">
        <extent>
          <charseq START="1696" END="1699">oggi</charseq>
        </extent>
      </timex2_mention>
    </timex2>
    <timex2 ID="adige20041007_id413939-T2" VAL="PRESENT_REF" ANCHOR_VAL="2004-10-07" ANCHOR_DIR="AS_OF">
      <timex2_mention ID="adige20041007_id413939-T2-1">
        <extent>
          <charseq START="1991" END="1994">oggi</charseq>
        </extent>
      </timex2_mention>
    </timex2>
    <timex2 ID="adige20041007_id413939-T3" VAL="FUTURE_REF" ANCHOR_VAL="2004-10-07" ANCHOR_DIR="AFTER">
      <timex2_mention ID="adige20041007_id413939-T3-1">
        <extent>
          <charseq START="37" END="45">il futuro</charseq>
        </extent>
      </timex2_mention>
    </timex2>
    <timex2 ID="adige20041007_id413939-T5" VAL="FUTURE_REF" ANCHOR_VAL="2004-10-07" ANCHOR_DIR="AFTER">
      <timex2_mention ID="adige20041007_id413939-T5-1">
        <extent>
          <charseq START="1812" END="1817">futuro</charseq>
        </extent>
      </timex2_mention>
    </timex2>
  </document>
</source_file>
