<?xml version="1.0" encoding="UTF-8"?>
<!DOCTYPE source_file PUBLIC "SYSTEM" "apf.v5.1.1.dtd">

<source_file URI="adige20041007_id413931.sgm" SOURCE="unknown" TYPE="text" VERSION="5.0" AUTHOR="romano" ENCODING="UTF-8">
  <document DOCID="adige20041007_id413931">
    <timex2 ID="adige20041007_id413931-T2" VAL="1994">
      <timex2_mention ID="adige20041007_id413931-T2-1">
        <extent>
          <charseq START="1606" END="1612">il 1994</charseq>
        </extent>
      </timex2_mention>
    </timex2>
    <timex2 ID="adige20041007_id413931-T3" VAL="2000">
      <timex2_mention ID="adige20041007_id413931-T3-1">
        <extent>
          <charseq START="1617" END="1623">il 2000</charseq>
        </extent>
      </timex2_mention>
    </timex2>
    <timex2 ID="adige20041007_id413931-T4" VAL="1995">
      <timex2_mention ID="adige20041007_id413931-T4-1">
        <extent>
          <charseq START="1730" END="1736">nel '95</charseq>
        </extent>
      </timex2_mention>
    </timex2>
    <timex2 ID="adige20041007_id413931-T5" VAL="2000">
      <timex2_mention ID="adige20041007_id413931-T5-1">
        <extent>
          <charseq START="1794" END="1801">del 2000</charseq>
        </extent>
      </timex2_mention>
    </timex2>
    <timex2 ID="adige20041007_id413931-T6" VAL="P7Y" ANCHOR_VAL="2004" ANCHOR_DIR="ENDING">
      <timex2_mention ID="adige20041007_id413931-T6-1">
        <extent>
          <charseq START="2409" END="2427">negli ultimi 7 anni</charseq>
        </extent>
      </timex2_mention>
    </timex2>
    <timex2 ID="adige20041007_id413931-T7" VAL="1994">
      <timex2_mention ID="adige20041007_id413931-T7-1">
        <extent>
          <charseq START="2430" END="2433">1994</charseq>
        </extent>
      </timex2_mention>
    </timex2>
    <timex2 ID="adige20041007_id413931-T8" VAL="2000">
      <timex2_mention ID="adige20041007_id413931-T8-1">
        <extent>
          <charseq START="2435" END="2438">2000</charseq>
        </extent>
      </timex2_mention>
    </timex2>
    <timex2 ID="adige20041007_id413931-T1" VAL="PAST_REF" ANCHOR_VAL="2004" ANCHOR_DIR="BEFORE">
      <timex2_mention ID="adige20041007_id413931-T1-1">
        <extent>
          <charseq START="713" END="722">negli anni</charseq>
        </extent>
      </timex2_mention>
    </timex2>
  </document>
</source_file>
