<?xml version="1.0" encoding="UTF-8"?>
<!DOCTYPE source_file PUBLIC "SYSTEM" "apf.v5.1.1.dtd">

<source_file URI="adige20041007_id413928.sgm" SOURCE="unknown" TYPE="text" VERSION="5.0" AUTHOR="romano" ENCODING="UTF-8">
  <document DOCID="adige20041007_id413928">
    <timex2 ID="adige20041007_id413928-T1" VAL="2004-10-06">
      <timex2_mention ID="adige20041007_id413928-T1-1">
        <extent>
          <charseq START="90" END="93">ieri</charseq>
        </extent>
      </timex2_mention>
    </timex2>
    <timex2 ID="adige20041007_id413928-T2" VAL="2004-10" MOD="END">
      <timex2_mention ID="adige20041007_id413928-T2-1">
        <extent>
          <charseq START="193" END="210">la fine di ottobre</charseq>
        </extent>
      </timex2_mention>
    </timex2>
    <timex2 ID="adige20041007_id413928-T3" VAL="2004-11">
      <timex2_mention ID="adige20041007_id413928-T3-1">
        <extent>
          <charseq START="214" END="221">novembre</charseq>
        </extent>
      </timex2_mention>
    </timex2>
    <timex2 ID="adige20041007_id413928-T4" VAL="2004-10">
      <timex2_mention ID="adige20041007_id413928-T4-1">
        <extent>
          <charseq START="314" END="331">il mese di ottobre</charseq>
        </extent>
      </timex2_mention>
    </timex2>
  </document>
</source_file>
