<?xml version="1.0" encoding="UTF-8"?>
<!DOCTYPE source_file PUBLIC "SYSTEM" "apf.v5.1.1.dtd">

<source_file URI="adige20041007_id413916.sgm" SOURCE="unknown" TYPE="text" VERSION="5.0" AUTHOR="romano" ENCODING="UTF-8">
  <document DOCID="adige20041007_id413916">
    <timex2 ID="adige20041007_id413916-T4" VAL="2004-10-06TMO">
      <timex2_mention ID="adige20041007_id413916-T4-1">
        <extent>
          <charseq START="215" END="226">Ieri mattina</charseq>
        </extent>
      </timex2_mention>
    </timex2>
    <timex2 ID="adige20041007_id413916-T5" VAL="P17Y" ANCHOR_VAL="2004" ANCHOR_DIR="ENDING">
      <timex2_mention ID="adige20041007_id413916-T5-1">
        <extent>
          <charseq START="243" END="249">17 anni</charseq>
        </extent>
      </timex2_mention>
    </timex2>
    <timex2 ID="adige20041007_id413916-T14" VAL="2004-09-27">
      <timex2_mention ID="adige20041007_id413916-T14-1">
        <extent>
          <charseq START="1641" END="1666">Al momento della scomparsa</charseq>
        </extent>
      </timex2_mention>
    </timex2>
    <timex2 ID="adige20041007_id413916-T6" VAL="2004-10-06TMO" MOD="START">
      <timex2_mention ID="adige20041007_id413916-T6-1">
        <extent>
          <charseq START="428" END="444">al mattino presto</charseq>
        </extent>
      </timex2_mention>
    </timex2>
    <timex2 ID="adige20041007_id413916-T7" VAL="2004-10-05TEV">
      <timex2_mention ID="adige20041007_id413916-T7-1">
        <extent>
          <charseq START="762" END="768">la sera</charseq>
        </extent>
      </timex2_mention>
    </timex2>
    <timex2 ID="adige20041007_id413916-T8" VAL="2004-10-05TNI">
      <timex2_mention ID="adige20041007_id413916-T8-1">
        <extent>
          <charseq START="771" END="783">Martedì notte</charseq>
        </extent>
      </timex2_mention>
    </timex2>
    <timex2 ID="adige20041007_id413916-T9" VAL="2004-10-06TMO">
      <timex2_mention ID="adige20041007_id413916-T9-1">
        <extent>
          <charseq START="1018" END="1029">ieri mattina</charseq>
        </extent>
      </timex2_mention>
    </timex2>
    <timex2 ID="adige20041007_id413916-T1" VAL="2004-10-06">
      <timex2_mention ID="adige20041007_id413916-T1-1">
        <extent>
          <charseq START="2" END="5">Ieri</charseq>
        </extent>
      </timex2_mention>
    </timex2>
    <timex2 ID="adige20041007_id413916-T10" VAL="2004-10-05TNI">
      <timex2_mention ID="adige20041007_id413916-T10-1">
        <extent>
          <charseq START="1080" END="1087">la notte</charseq>
        </extent>
      </timex2_mention>
    </timex2>
    <timex2 ID="adige20041007_id413916-T2" VAL="P17Y" ANCHOR_VAL="2004" ANCHOR_DIR="ENDING">
      <timex2_mention ID="adige20041007_id413916-T2-1">
        <extent>
          <charseq START="7" END="15">la 17enne</charseq>
        </extent>
      </timex2_mention>
    </timex2>
    <timex2 ID="adige20041007_id413916-T11" VAL="P16Y" ANCHOR_VAL="2004" ANCHOR_DIR="ENDING">
      <timex2_mention ID="adige20041007_id413916-T11-1">
        <extent>
          <charseq START="1301" END="1315">della sedicenne</charseq>
        </extent>
      </timex2_mention>
    </timex2>
    <timex2 ID="adige20041007_id413916-T3" VAL="2004-10-05">
      <timex2_mention ID="adige20041007_id413916-T3-1">
        <extent>
          <charseq START="206" END="212">martedì</charseq>
        </extent>
      </timex2_mention>
    </timex2>
    <timex2 ID="adige20041007_id413916-T12" VAL="2004-09-27">
      <timex2_mention ID="adige20041007_id413916-T12-1">
        <extent>
          <charseq START="1344" END="1365">il 27 settembre scorso</charseq>
        </extent>
      </timex2_mention>
    </timex2>
    <timex2 ID="adige20041007_id413916-T13" VAL="2004-09-27T14:00" MOD="APPROX">
      <timex2_mention ID="adige20041007_id413916-T13-1">
        <extent>
          <charseq START="1476" END="1486">verso le 14</charseq>
        </extent>
      </timex2_mention>
    </timex2>
  </document>
</source_file>
