<?xml version="1.0" encoding="UTF-8"?>
<!DOCTYPE source_file PUBLIC "SYSTEM" "apf.v5.1.1.dtd">

<source_file URI="adige20041007_id413918.sgm" SOURCE="unknown" TYPE="text" VERSION="5.0" AUTHOR="romano" ENCODING="UTF-8">
  <document DOCID="adige20041007_id413918">
    <timex2 ID="adige20041007_id413918-T1" VAL="2004-09-01">
      <timex2_mention ID="adige20041007_id413918-T1-1">
        <extent>
          <charseq START="131" END="155">il primo settembre scorso</charseq>
        </extent>
      </timex2_mention>
    </timex2>
    <timex2 ID="adige20041007_id413918-T2" VAL="FUTURE_REF" ANCHOR_VAL="2004-10" ANCHOR_DIR="AFTER">
      <timex2_mention ID="adige20041007_id413918-T2-1">
        <extent>
          <charseq START="731" END="742">qualche mese</charseq>
        </extent>
      </timex2_mention>
    </timex2>
  </document>
</source_file>
