<?xml version="1.0" encoding="UTF-8"?>
<!DOCTYPE source_file PUBLIC "SYSTEM" "apf.v5.2.0.dtd">

<source_file URI="adige20040908_id405890.txt" SOURCE="unknown" TYPE="text" VERSION="5.0" AUTHOR="Evalita" ENCODING="UTF-8">
  <document DOCID="adige20040908_id405890">
    <entity ID="adige20040908_id405890-E1" TYPE="PER" SUBTYPE="Individual" CLASS="SPC">
      <entity_mention ID="adige20040908_id405890-E1-1" TYPE="NAM" PRIMARY="true" METONYMY_MENTION="FALSE">
        <extent>
          <charseq START="153" END="164">Monica Baldo</charseq>
        </extent>
        <head>
          <charseq START="153" END="164">Monica Baldo</charseq>
        </head>
      </entity_mention>
      <entity_mention ID="adige20040908_id405890-E1-2" TYPE="NAM" PRIMARY="false" METONYMY_MENTION="FALSE">
        <extent>
          <charseq START="709" END="713">Baldo</charseq>
        </extent>
        <head>
          <charseq START="709" END="713">Baldo</charseq>
        </head>
      </entity_mention>
      <entity_mention ID="adige20040908_id405890-E1-4" TYPE="NAM" PRIMARY="false" METONYMY_MENTION="FALSE">
        <extent>
          <charseq START="153" END="302">Monica Baldo, una delle madri che si era schierata con N.D., l'insegnante di matematica e scienze, che ora andrà a fare sostegno alla scuola Pigarelli</charseq>
        </extent>
        <head>
          <charseq START="153" END="302">Monica Baldo, una delle madri che si era schierata con N.D., l'insegnante di matematica e scienze, che ora andrà a fare sostegno alla scuola Pigarelli</charseq>
        </head>
      </entity_mention>
      <entity_mention ID="adige20040908_id405890-E1-6" TYPE="PRO" PRIMARY="false" METONYMY_MENTION="FALSE">
        <extent>
          <charseq START="167" END="302">una delle madri che si era schierata con N.D., l'insegnante di matematica e scienze, che ora andrà a fare sostegno alla scuola Pigarelli</charseq>
        </extent>
        <head>
          <charseq START="167" END="169">una</charseq>
        </head>
      </entity_mention>
      <entity_mention ID="adige20040908_id405890-E1-8" TYPE="PRO" PRIMARY="false" METONYMY_MENTION="FALSE">
        <extent>
          <charseq START="183" END="185">che</charseq>
        </extent>
        <head>
          <charseq START="183" END="185">che</charseq>
        </head>
      </entity_mention>
      <entity_attributes>
        <name NAME="Monica Baldo">
          <charseq START="153" END="164">Monica Baldo</charseq>
        </name>
        <name NAME="Baldo">
          <charseq START="709" END="713">Baldo</charseq>
        </name>
        <name NAME="Monica Baldo, una delle madri che si era schierata con N.D., l'insegnante di matematica e scienze, che ora andrà a fare sostegno alla scuola Pigarelli">
          <charseq START="153" END="302">Monica Baldo, una delle madri che si era schierata con N.D., l'insegnante di matematica e scienze, che ora andrà a fare sostegno alla scuola Pigarelli</charseq>
        </name>
      </entity_attributes>
    </entity>
    <entity ID="adige20040908_id405890-E2" TYPE="PER" SUBTYPE="Group" CLASS="SPC">
      <entity_mention ID="adige20040908_id405890-E2-1" TYPE="NOM" PRIMARY="true" METONYMY_MENTION="FALSE">
        <extent>
          <charseq START="362" END="391">ai bambini della quarta classe</charseq>
        </extent>
        <head>
          <charseq START="365" END="371">bambini</charseq>
        </head>
      </entity_mention>
      <entity_mention ID="adige20040908_id405890-E2-2" TYPE="NOM" PRIMARY="false" METONYMY_MENTION="FALSE">
        <extent>
          <charseq START="1233" END="1272">ai bambini che ora avranno tre supplenti</charseq>
        </extent>
        <head>
          <charseq START="1236" END="1242">bambini</charseq>
        </head>
      </entity_mention>
      <entity_mention ID="adige20040908_id405890-E2-3" TYPE="NOM" PRIMARY="false" METONYMY_MENTION="FALSE">
        <extent>
          <charseq START="1714" END="1722">i bambini</charseq>
        </extent>
        <head>
          <charseq START="1716" END="1722">bambini</charseq>
        </head>
      </entity_mention>
      <entity_mention ID="adige20040908_id405890-E2-4" TYPE="PRO" PRIMARY="false" METONYMY_MENTION="FALSE">
        <extent>
          <charseq START="1791" END="1794">loro</charseq>
        </extent>
        <head>
          <charseq START="1791" END="1794">loro</charseq>
        </head>
      </entity_mention>
      <entity_mention ID="adige20040908_id405890-E2-5" TYPE="PRO" PRIMARY="false" METONYMY_MENTION="FALSE">
        <extent>
          <charseq START="1244" END="1246">che</charseq>
        </extent>
        <head>
          <charseq START="1244" END="1246">che</charseq>
        </head>
      </entity_mention>
    </entity>
    <entity ID="adige20040908_id405890-E3" TYPE="PER" SUBTYPE="Group" CLASS="SPC">
      <entity_mention ID="adige20040908_id405890-E3-1" TYPE="NOM" PRIMARY="true" METONYMY_MENTION="FALSE">
        <extent>
          <charseq START="431" END="440">i genitori</charseq>
        </extent>
        <head>
          <charseq START="433" END="440">genitori</charseq>
        </head>
      </entity_mention>
      <entity_mention ID="adige20040908_id405890-E3-2" TYPE="NOM" PRIMARY="false" METONYMY_MENTION="FALSE">
        <extent>
          <charseq START="960" END="969">i genitori</charseq>
        </extent>
        <head>
          <charseq START="962" END="969">genitori</charseq>
        </head>
      </entity_mention>
      <entity_mention ID="adige20040908_id405890-E3-3" TYPE="NOM" PRIMARY="false" METONYMY_MENTION="FALSE">
        <extent>
          <charseq START="1565" END="1574">i genitori</charseq>
        </extent>
        <head>
          <charseq START="1567" END="1574">genitori</charseq>
        </head>
      </entity_mention>
      <entity_mention ID="adige20040908_id405890-E3-4" TYPE="PRO" PRIMARY="false" METONYMY_MENTION="FALSE">
        <extent>
          <charseq START="993" END="994">ci</charseq>
        </extent>
        <head>
          <charseq START="993" END="994">ci</charseq>
        </head>
      </entity_mention>
    </entity>
    <entity ID="adige20040908_id405890-E5" TYPE="PER" SUBTYPE="Group" CLASS="GEN">
      <entity_mention ID="adige20040908_id405890-E5-1" TYPE="PRO" PRIMARY="true" METONYMY_MENTION="FALSE">
        <extent>
          <charseq START="614" END="627">ai più piccoli</charseq>
        </extent>
        <head>
          <charseq START="621" END="627">piccoli</charseq>
        </head>
      </entity_mention>
    </entity>
    <entity ID="adige20040908_id405890-E6" TYPE="PER" SUBTYPE="Indefinite" CLASS="NEG">
      <entity_mention ID="adige20040908_id405890-E6-1" TYPE="PRO" PRIMARY="true" METONYMY_MENTION="FALSE">
        <extent>
          <charseq START="976" END="982">Nessuno</charseq>
        </extent>
        <head>
          <charseq START="976" END="982">Nessuno</charseq>
        </head>
      </entity_mention>
    </entity>
    <entity ID="adige20040908_id405890-E8" TYPE="PER" SUBTYPE="Group" CLASS="SPC">
      <entity_mention ID="adige20040908_id405890-E8-1" TYPE="NOM" PRIMARY="true" METONYMY_MENTION="FALSE">
        <extent>
          <charseq START="1129" END="1207">un'altra famiglia preoccupata per il nuovo anno scolastico che sta per iniziare</charseq>
        </extent>
        <head>
          <charseq START="1138" END="1145">famiglia</charseq>
        </head>
      </entity_mention>
    </entity>
    <entity ID="adige20040908_id405890-E9" TYPE="PER" SUBTYPE="Individual" CLASS="SPC">
      <entity_mention ID="adige20040908_id405890-E9-1" TYPE="NAM" PRIMARY="true" METONYMY_MENTION="FALSE">
        <extent>
          <charseq START="1210" END="1225">Chiara Stefanini</charseq>
        </extent>
        <head>
          <charseq START="1210" END="1225">Chiara Stefanini</charseq>
        </head>
      </entity_mention>
      <entity_mention ID="adige20040908_id405890-E9-2" TYPE="NOM" PRIMARY="false" METONYMY_MENTION="FALSE">
        <extent>
          <charseq START="1113" END="1126">Un'altra madre</charseq>
        </extent>
        <head>
          <charseq START="1122" END="1126">madre</charseq>
        </head>
      </entity_mention>
      <entity_attributes>
        <name NAME="Chiara Stefanini">
          <charseq START="1210" END="1225">Chiara Stefanini</charseq>
        </name>
      </entity_attributes>
    </entity>
    <entity ID="adige20040908_id405890-E10" TYPE="PER" SUBTYPE="Group" CLASS="SPC">
      <entity_mention ID="adige20040908_id405890-E10-1" TYPE="NOM" PRIMARY="true" METONYMY_MENTION="FALSE">
        <extent>
          <charseq START="1260" END="1272">tre supplenti</charseq>
        </extent>
        <head>
          <charseq START="1264" END="1272">supplenti</charseq>
        </head>
      </entity_mention>
    </entity>
    <entity ID="adige20040908_id405890-E12" TYPE="PER" SUBTYPE="Individual" CLASS="SPC">
      <entity_mention ID="adige20040908_id405890-E12-1" TYPE="NAM" PRIMARY="true" METONYMY_MENTION="FALSE">
        <extent>
          <charseq START="1523" END="1525">N.D</charseq>
        </extent>
        <head>
          <charseq START="1523" END="1525">N.D</charseq>
        </head>
      </entity_mention>
      <entity_mention ID="adige20040908_id405890-E12-2" TYPE="NOM" PRIMARY="false" METONYMY_MENTION="FALSE">
        <extent>
          <charseq START="445" END="454">La maestra</charseq>
        </extent>
        <head>
          <charseq START="448" END="454">maestra</charseq>
        </head>
      </entity_mention>
      <entity_mention ID="adige20040908_id405890-E12-3" TYPE="NOM" PRIMARY="false" METONYMY_MENTION="FALSE">
        <extent>
          <charseq START="723" END="732">la maestra</charseq>
        </extent>
        <head>
          <charseq START="726" END="732">maestra</charseq>
        </head>
      </entity_mention>
      <entity_mention ID="adige20040908_id405890-E12-4" TYPE="NOM" PRIMARY="false" METONYMY_MENTION="FALSE">
        <extent>
          <charseq START="657" END="666">la docente</charseq>
        </extent>
        <head>
          <charseq START="660" END="666">docente</charseq>
        </head>
      </entity_mention>
      <entity_mention ID="adige20040908_id405890-E12-5" TYPE="PRO" PRIMARY="false" METONYMY_MENTION="FALSE">
        <extent>
          <charseq START="854" END="856">lei</charseq>
        </extent>
        <head>
          <charseq START="854" END="856">lei</charseq>
        </head>
      </entity_mention>
      <entity_mention ID="adige20040908_id405890-E12-6" TYPE="NOM" PRIMARY="false" METONYMY_MENTION="FALSE">
        <extent>
          <charseq START="1510" END="1525">Alla maestra N.D</charseq>
        </extent>
        <head>
          <charseq START="1510" END="1525">Alla maestra N.D</charseq>
        </head>
      </entity_mention>
      <entity_mention ID="adige20040908_id405890-E12-7" TYPE="PRO" PRIMARY="false" METONYMY_MENTION="FALSE">
        <extent>
          <charseq START="1582" END="1584">sua</charseq>
        </extent>
        <head>
          <charseq START="1582" END="1584">sua</charseq>
        </head>
      </entity_mention>
      <entity_mention ID="adige20040908_id405890-E12-8" TYPE="PRO" PRIMARY="false" METONYMY_MENTION="FALSE">
        <extent>
          <charseq START="1672" END="1674">sua</charseq>
        </extent>
        <head>
          <charseq START="1672" END="1674">sua</charseq>
        </head>
      </entity_mention>
      <entity_mention ID="adige20040908_id405890-E12-9" TYPE="NOM" PRIMARY="false" METONYMY_MENTION="FALSE">
        <extent>
          <charseq START="1788" END="1802">la loro maestra</charseq>
        </extent>
        <head>
          <charseq START="1796" END="1802">maestra</charseq>
        </head>
      </entity_mention>
      <entity_mention ID="adige20040908_id405890-E12-10" TYPE="NOM" PRIMARY="false" METONYMY_MENTION="FALSE">
        <extent>
          <charseq START="1510" END="1521">Alla maestra</charseq>
        </extent>
        <head>
          <charseq START="1515" END="1521">maestra</charseq>
        </head>
      </entity_mention>
      <entity_mention ID="adige20040908_id405890-E12-11" TYPE="NAM" PRIMARY="false" METONYMY_MENTION="FALSE">
        <extent>
          <charseq START="208" END="211">N.D.</charseq>
        </extent>
        <head>
          <charseq START="208" END="211">N.D.</charseq>
        </head>
      </entity_mention>
      <entity_mention ID="adige20040908_id405890-E12-12" TYPE="NOM" PRIMARY="false" METONYMY_MENTION="FALSE">
        <extent>
          <charseq START="214" END="249">l'insegnante di matematica e scienze</charseq>
        </extent>
        <head>
          <charseq START="216" END="225">insegnante</charseq>
        </head>
      </entity_mention>
      <entity_mention ID="adige20040908_id405890-E12-13" TYPE="PRO" PRIMARY="false" METONYMY_MENTION="FALSE">
        <extent>
          <charseq START="252" END="254">che</charseq>
        </extent>
        <head>
          <charseq START="252" END="254">che</charseq>
        </head>
      </entity_mention>
      <entity_mention ID="adige20040908_id405890-E12-14" TYPE="NAM" PRIMARY="false" METONYMY_MENTION="FALSE">
        <extent>
          <charseq START="208" END="302">N.D., l'insegnante di matematica e scienze, che ora andrà a fare sostegno alla scuola Pigarelli</charseq>
        </extent>
        <head>
          <charseq START="208" END="302">N.D., l'insegnante di matematica e scienze, che ora andrà a fare sostegno alla scuola Pigarelli</charseq>
        </head>
      </entity_mention>
      <entity_mention ID="adige20040908_id405890-E12-15" TYPE="PRO" PRIMARY="false" METONYMY_MENTION="FALSE">
        <extent>
          <charseq START="27" END="33">l'unica</charseq>
        </extent>
        <head>
          <charseq START="29" END="33">unica</charseq>
        </head>
      </entity_mention>
      <entity_attributes>
        <name NAME="N.D">
          <charseq START="1523" END="1525">N.D</charseq>
        </name>
        <name NAME="N.D.">
          <charseq START="208" END="211">N.D.</charseq>
        </name>
        <name NAME="N.D., l'insegnante di matematica e scienze, che ora andrà a fare sostegno alla scuola Pigarelli">
          <charseq START="208" END="302">N.D., l'insegnante di matematica e scienze, che ora andrà a fare sostegno alla scuola Pigarelli</charseq>
        </name>
      </entity_attributes>
    </entity>
    <entity ID="adige20040908_id405890-E14" TYPE="PER" SUBTYPE="Individual" CLASS="SPC">
      <entity_mention ID="adige20040908_id405890-E14-1" TYPE="NAM" PRIMARY="true" METONYMY_MENTION="FALSE">
        <extent>
          <charseq START="1859" END="1864">A.Tom.</charseq>
        </extent>
        <head>
          <charseq START="1859" END="1864">A.Tom.</charseq>
        </head>
      </entity_mention>
      <entity_attributes>
        <name NAME="A.Tom.">
          <charseq START="1859" END="1864">A.Tom.</charseq>
        </name>
      </entity_attributes>
    </entity>
    <entity ID="adige20040908_id405890-E15" TYPE="PER" SUBTYPE="Group" CLASS="SPC">
      <entity_mention ID="adige20040908_id405890-E15-1" TYPE="NOM" PRIMARY="true" METONYMY_MENTION="FALSE">
        <extent>
          <charseq START="0" END="18">I genitori a favore</charseq>
        </extent>
        <head>
          <charseq START="2" END="9">genitori</charseq>
        </head>
      </entity_mention>
    </entity>
    <entity ID="adige20040908_id405890-E16" TYPE="PER" SUBTYPE="Group" CLASS="SPC">
      <entity_mention ID="adige20040908_id405890-E16-1" TYPE="NOM" PRIMARY="true" METONYMY_MENTION="FALSE">
        <extent>
          <charseq START="671" END="685">alcune famiglie</charseq>
        </extent>
        <head>
          <charseq START="678" END="685">famiglie</charseq>
        </head>
      </entity_mention>
    </entity>
    <entity ID="adige20040908_id405890-E17" TYPE="PER" SUBTYPE="Group" CLASS="SPC">
      <entity_mention ID="adige20040908_id405890-E17-2" TYPE="NOM" PRIMARY="true" METONYMY_MENTION="FALSE">
        <extent>
          <charseq START="171" END="181">delle madri</charseq>
        </extent>
        <head>
          <charseq START="177" END="181">madri</charseq>
        </head>
      </entity_mention>
    </entity>
    <entity ID="adige20040908_id405890-E18" TYPE="PER" SUBTYPE="Indefinite" CLASS="USP">
      <entity_mention ID="adige20040908_id405890-E18-2" TYPE="PRO" PRIMARY="true" METONYMY_MENTION="FALSE">
        <extent>
          <charseq START="1084" END="1085">si</charseq>
        </extent>
        <head>
          <charseq START="1084" END="1085">si</charseq>
        </head>
      </entity_mention>
    </entity>
    <entity ID="adige20040908_id405890-E21" TYPE="PER" SUBTYPE="Group" CLASS="SPC">
      <entity_mention ID="adige20040908_id405890-E21-2" TYPE="NOM" PRIMARY="true" METONYMY_MENTION="FALSE">
        <extent>
          <charseq START="825" END="833">La classe</charseq>
        </extent>
        <head>
          <charseq START="828" END="833">classe</charseq>
        </head>
      </entity_mention>
      <entity_mention ID="adige20040908_id405890-E21-4" TYPE="NOM" PRIMARY="false" METONYMY_MENTION="FALSE">
        <extent>
          <charseq START="52" END="60">la classe</charseq>
        </extent>
        <head>
          <charseq START="55" END="60">classe</charseq>
        </head>
      </entity_mention>
      <entity_mention ID="adige20040908_id405890-E21-5" TYPE="PRO" PRIMARY="false" METONYMY_MENTION="FALSE">
        <extent>
          <charseq START="858" END="859">la</charseq>
        </extent>
        <head>
          <charseq START="858" END="859">la</charseq>
        </head>
      </entity_mention>
    </entity>
    <entity ID="adige20040908_id405890-E22" TYPE="PER" SUBTYPE="Group" CLASS="SPC">
      <entity_mention ID="adige20040908_id405890-E22-2" TYPE="NOM" PRIMARY="true" METONYMY_MENTION="FALSE">
        <extent>
          <charseq START="657" END="685">la docente ed alcune famiglie</charseq>
        </extent>
        <head>
          <charseq START="657" END="685">la docente ed alcune famiglie</charseq>
        </head>
      </entity_mention>
    </entity>
    <entity ID="adige20040908_id405890-E23" TYPE="ORG" SUBTYPE="Educational" CLASS="GEN">
      <entity_mention ID="adige20040908_id405890-E23-1" TYPE="NOM" PRIMARY="true" METONYMY_MENTION="FALSE">
        <extent>
          <charseq START="107" END="118">della scuola</charseq>
        </extent>
        <head>
          <charseq START="113" END="118">scuola</charseq>
        </head>
      </entity_mention>
    </entity>
    <entity ID="adige20040908_id405890-E24" TYPE="ORG" SUBTYPE="Educational" CLASS="SPC">
      <entity_mention ID="adige20040908_id405890-E24-1" TYPE="NAM" PRIMARY="true" METONYMY_MENTION="FALSE">
        <extent>
          <charseq START="282" END="302">alla scuola Pigarelli</charseq>
        </extent>
        <head>
          <charseq START="287" END="302">scuola Pigarelli</charseq>
        </head>
      </entity_mention>
      <entity_attributes>
        <name NAME="scuola Pigarelli">
          <charseq START="287" END="302">scuola Pigarelli</charseq>
        </name>
      </entity_attributes>
    </entity>
    <entity ID="adige20040908_id405890-E25" TYPE="ORG" SUBTYPE="Educational" CLASS="SPC">
      <entity_mention ID="adige20040908_id405890-E25-1" TYPE="NOM" PRIMARY="true" METONYMY_MENTION="FALSE">
        <extent>
          <charseq START="896" END="969">alla dirigenza scolastica, che « non ha informato correttamente i genitori</charseq>
        </extent>
        <head>
          <charseq START="901" END="909">dirigenza</charseq>
        </head>
      </entity_mention>
      <entity_mention ID="adige20040908_id405890-E25-2" TYPE="PRO" PRIMARY="false" METONYMY_MENTION="FALSE">
        <extent>
          <charseq START="923" END="925">che</charseq>
        </extent>
        <head>
          <charseq START="923" END="925">che</charseq>
        </head>
      </entity_mention>
      <entity_mention ID="adige20040908_id405890-E25-3" TYPE="NOM" PRIMARY="false" METONYMY_MENTION="FALSE">
        <extent>
          <charseq START="1411" END="1422">la dirigenza</charseq>
        </extent>
        <head>
          <charseq START="1414" END="1422">dirigenza</charseq>
        </head>
      </entity_mention>
    </entity>
  </document>
</source_file>
