<?xml version="1.0" encoding="UTF-8"?>
<!DOCTYPE source_file PUBLIC "SYSTEM" "apf.v5.2.0.dtd">

<source_file URI="adige20040908_id405889.txt" SOURCE="unknown" TYPE="text" VERSION="5.0" AUTHOR="Evalita" ENCODING="UTF-8">
  <document DOCID="adige20040908_id405889">
    <entity ID="adige20040908_id405889-E2" TYPE="PER" SUBTYPE="Group" CLASS="SPC">
      <entity_mention ID="adige20040908_id405889-E2-1" TYPE="NOM" PRIMARY="true" METONYMY_MENTION="FALSE">
        <extent>
          <charseq START="93" END="195">sette le famiglie che si erano fatte avanti per contestare il metodo di insegnamento della maestra N.D.</charseq>
        </extent>
        <head>
          <charseq START="102" END="109">famiglie</charseq>
        </head>
      </entity_mention>
      <entity_mention ID="adige20040908_id405889-E2-2" TYPE="PRO" PRIMARY="false" METONYMY_MENTION="FALSE">
        <extent>
          <charseq START="111" END="113">che</charseq>
        </extent>
        <head>
          <charseq START="111" END="113">che</charseq>
        </head>
      </entity_mention>
    </entity>
    <entity ID="adige20040908_id405889-E3" TYPE="PER" SUBTYPE="Group" CLASS="SPC">
      <entity_mention ID="adige20040908_id405889-E3-1" TYPE="PRO" PRIMARY="true" METONYMY_MENTION="FALSE">
        <extent>
          <charseq START="301" END="303">due</charseq>
        </extent>
        <head>
          <charseq START="301" END="303">due</charseq>
        </head>
      </entity_mention>
    </entity>
    <entity ID="adige20040908_id405889-E4" TYPE="PER" SUBTYPE="Individual" CLASS="SPC">
      <entity_mention ID="adige20040908_id405889-E4-1" TYPE="NAM" PRIMARY="true" METONYMY_MENTION="FALSE">
        <extent>
          <charseq START="555" END="571">Maria Luisa Burli</charseq>
        </extent>
        <head>
          <charseq START="555" END="571">Maria Luisa Burli</charseq>
        </head>
      </entity_mention>
      <entity_mention ID="adige20040908_id405889-E4-2" TYPE="NOM" PRIMARY="false" METONYMY_MENTION="FALSE">
        <extent>
          <charseq START="528" END="553">della dirigente scolastica</charseq>
        </extent>
        <head>
          <charseq START="534" END="542">dirigente</charseq>
        </head>
      </entity_mention>
      <entity_mention ID="adige20040908_id405889-E4-3" TYPE="NOM" PRIMARY="false" METONYMY_MENTION="FALSE">
        <extent>
          <charseq START="528" END="622">della dirigente scolastica Maria Luisa Burli, che ha sollecitato l'ispezione del Provveditorato</charseq>
        </extent>
        <head>
          <charseq START="528" END="622">della dirigente scolastica Maria Luisa Burli, che ha sollecitato l'ispezione del Provveditorato</charseq>
        </head>
      </entity_mention>
      <entity_mention ID="adige20040908_id405889-E4-4" TYPE="PRO" PRIMARY="false" METONYMY_MENTION="FALSE">
        <extent>
          <charseq START="574" END="576">che</charseq>
        </extent>
        <head>
          <charseq START="574" END="576">che</charseq>
        </head>
      </entity_mention>
      <entity_mention ID="adige20040908_id405889-E4-5" TYPE="NOM" PRIMARY="false" METONYMY_MENTION="FALSE">
        <extent>
          <charseq START="800" END="811">la dirigente</charseq>
        </extent>
        <head>
          <charseq START="803" END="811">dirigente</charseq>
        </head>
      </entity_mention>
      <entity_mention ID="adige20040908_id405889-E4-6" TYPE="PRO" PRIMARY="false" METONYMY_MENTION="FALSE">
        <extent>
          <charseq START="849" END="851">lei</charseq>
        </extent>
        <head>
          <charseq START="849" END="851">lei</charseq>
        </head>
      </entity_mention>
      <entity_mention ID="adige20040908_id405889-E4-7" TYPE="NOM" PRIMARY="false" METONYMY_MENTION="FALSE">
        <extent>
          <charseq START="869" END="880">la dirigente</charseq>
        </extent>
        <head>
          <charseq START="872" END="880">dirigente</charseq>
        </head>
      </entity_mention>
      <entity_mention ID="adige20040908_id405889-E4-8" TYPE="NOM" PRIMARY="false" METONYMY_MENTION="FALSE">
        <extent>
          <charseq START="1843" END="1854">la dirigente</charseq>
        </extent>
        <head>
          <charseq START="1846" END="1854">dirigente</charseq>
        </head>
      </entity_mention>
      <entity_attributes>
        <name NAME="Maria Luisa Burli">
          <charseq START="555" END="571">Maria Luisa Burli</charseq>
        </name>
      </entity_attributes>
    </entity>
    <entity ID="adige20040908_id405889-E5" TYPE="PER" SUBTYPE="Group" CLASS="SPC">
      <entity_mention ID="adige20040908_id405889-E5-1" TYPE="PRO" PRIMARY="true" METONYMY_MENTION="FALSE">
        <extent>
          <charseq START="1069" END="1074">alcuni</charseq>
        </extent>
        <head>
          <charseq START="1069" END="1074">alcuni</charseq>
        </head>
      </entity_mention>
    </entity>
    <entity ID="adige20040908_id405889-E6" TYPE="PER" SUBTYPE="Group" CLASS="SPC">
      <entity_mention ID="adige20040908_id405889-E6-1" TYPE="PRO" PRIMARY="true" METONYMY_MENTION="FALSE">
        <extent>
          <charseq START="1090" END="1094">altri</charseq>
        </extent>
        <head>
          <charseq START="1090" END="1094">altri</charseq>
        </head>
      </entity_mention>
    </entity>
    <entity ID="adige20040908_id405889-E7" TYPE="PER" SUBTYPE="Individual" CLASS="SPC">
      <entity_mention ID="adige20040908_id405889-E7-1" TYPE="NOM" PRIMARY="true" METONYMY_MENTION="FALSE">
        <extent>
          <charseq START="1139" END="1147">una madre</charseq>
        </extent>
        <head>
          <charseq START="1143" END="1147">madre</charseq>
        </head>
      </entity_mention>
      <entity_mention ID="adige20040908_id405889-E7-2" TYPE="PRO" PRIMARY="false" METONYMY_MENTION="FALSE">
        <extent>
          <charseq START="1154" END="1157">miei</charseq>
        </extent>
        <head>
          <charseq START="1154" END="1157">miei</charseq>
        </head>
      </entity_mention>
      <entity_mention ID="adige20040908_id405889-E7-3" TYPE="PRO" PRIMARY="false" METONYMY_MENTION="FALSE">
        <extent>
          <charseq START="1378" END="1380">mio</charseq>
        </extent>
        <head>
          <charseq START="1378" END="1380">mio</charseq>
        </head>
      </entity_mention>
      <entity_mention ID="adige20040908_id405889-E7-4" TYPE="PRO" PRIMARY="false" METONYMY_MENTION="FALSE">
        <extent>
          <charseq START="1885" END="1887">mio</charseq>
        </extent>
        <head>
          <charseq START="1885" END="1887">mio</charseq>
        </head>
      </entity_mention>
    </entity>
    <entity ID="adige20040908_id405889-E8" TYPE="PER" SUBTYPE="Group" CLASS="SPC">
      <entity_mention ID="adige20040908_id405889-E8-1" TYPE="NOM" PRIMARY="true" METONYMY_MENTION="FALSE">
        <extent>
          <charseq START="1152" END="1163">I miei figli</charseq>
        </extent>
        <head>
          <charseq START="1159" END="1163">figli</charseq>
        </head>
      </entity_mention>
    </entity>
    <entity ID="adige20040908_id405889-E9" TYPE="PER" SUBTYPE="Individual" CLASS="SPC">
      <entity_mention ID="adige20040908_id405889-E9-1" TYPE="NOM" PRIMARY="true" METONYMY_MENTION="FALSE">
        <extent>
          <charseq START="1288" END="1306">una nuova supplente</charseq>
        </extent>
        <head>
          <charseq START="1298" END="1306">supplente</charseq>
        </head>
      </entity_mention>
    </entity>
    <entity ID="adige20040908_id405889-E10" TYPE="PER" SUBTYPE="Individual" CLASS="SPC">
      <entity_mention ID="adige20040908_id405889-E10-1" TYPE="NOM" PRIMARY="true" METONYMY_MENTION="FALSE">
        <extent>
          <charseq START="1378" END="1387">mio figlio</charseq>
        </extent>
        <head>
          <charseq START="1382" END="1387">figlio</charseq>
        </head>
      </entity_mention>
      <entity_mention ID="adige20040908_id405889-E10-2" TYPE="NOM" PRIMARY="false" METONYMY_MENTION="FALSE">
        <extent>
          <charseq START="1885" END="1894">mio figlio</charseq>
        </extent>
        <head>
          <charseq START="1889" END="1894">figlio</charseq>
        </head>
      </entity_mention>
    </entity>
    <entity ID="adige20040908_id405889-E11" TYPE="PER" SUBTYPE="Group" CLASS="GEN">
      <entity_mention ID="adige20040908_id405889-E11-1" TYPE="NOM" PRIMARY="true" METONYMY_MENTION="FALSE">
        <extent>
          <charseq START="1754" END="1763">un bambino</charseq>
        </extent>
        <head>
          <charseq START="1757" END="1763">bambino</charseq>
        </head>
      </entity_mention>
    </entity>
    <entity ID="adige20040908_id405889-E12" TYPE="PER" SUBTYPE="Individual" CLASS="SPC">
      <entity_mention ID="adige20040908_id405889-E12-1" TYPE="NAM" PRIMARY="true" METONYMY_MENTION="FALSE">
        <extent>
          <charseq START="1899" END="1904">A.Tom.</charseq>
        </extent>
        <head>
          <charseq START="1899" END="1904">A.Tom.</charseq>
        </head>
      </entity_mention>
      <entity_attributes>
        <name NAME="A.Tom.">
          <charseq START="1899" END="1904">A.Tom.</charseq>
        </name>
      </entity_attributes>
    </entity>
    <entity ID="adige20040908_id405889-E13" TYPE="PER" SUBTYPE="Group" CLASS="SPC">
      <entity_mention ID="adige20040908_id405889-E13-1" TYPE="NOM" PRIMARY="true" METONYMY_MENTION="FALSE">
        <extent>
          <charseq START="396" END="484">quei genitori, a cui non era piaciuta la « lezione di educazione sessuale non richiesta »</charseq>
        </extent>
        <head>
          <charseq START="401" END="408">genitori</charseq>
        </head>
      </entity_mention>
      <entity_mention ID="adige20040908_id405889-E13-2" TYPE="NOM" PRIMARY="false" METONYMY_MENTION="FALSE">
        <extent>
          <charseq START="646" END="752">buona parte dei genitori, che si sono attivati per fare rimuovere la docente e destinarla ad altro incarico</charseq>
        </extent>
        <head>
          <charseq START="662" END="669">genitori</charseq>
        </head>
      </entity_mention>
      <entity_mention ID="adige20040908_id405889-E13-3" TYPE="PRO" PRIMARY="false" METONYMY_MENTION="FALSE">
        <extent>
          <charseq START="672" END="674">che</charseq>
        </extent>
        <head>
          <charseq START="672" END="674">che</charseq>
        </head>
      </entity_mention>
      <entity_mention ID="adige20040908_id405889-E13-4" TYPE="PRO" PRIMARY="false" METONYMY_MENTION="FALSE">
        <extent>
          <charseq START="835" END="837">noi</charseq>
        </extent>
        <head>
          <charseq START="835" END="837">noi</charseq>
        </head>
      </entity_mention>
      <entity_mention ID="adige20040908_id405889-E13-5" TYPE="NOM" PRIMARY="false" METONYMY_MENTION="FALSE">
        <extent>
          <charseq START="0" END="16">I genitori contro</charseq>
        </extent>
        <head>
          <charseq START="2" END="9">genitori</charseq>
        </head>
      </entity_mention>
      <entity_mention ID="adige20040908_id405889-E13-6" TYPE="NOM" PRIMARY="false" METONYMY_MENTION="FALSE">
        <extent>
          <charseq START="39" END="49">le famiglie</charseq>
        </extent>
        <head>
          <charseq START="42" END="49">famiglie</charseq>
        </head>
      </entity_mention>
      <entity_mention ID="adige20040908_id405889-E13-8" TYPE="PRO" PRIMARY="false" METONYMY_MENTION="FALSE">
        <extent>
          <charseq START="413" END="415">cui</charseq>
        </extent>
        <head>
          <charseq START="413" END="415">cui</charseq>
        </head>
      </entity_mention>
    </entity>
    <entity ID="adige20040908_id405889-E14" TYPE="PER" SUBTYPE="Indefinite" CLASS="NEG">
      <entity_mention ID="adige20040908_id405889-E14-1" TYPE="PRO" PRIMARY="true" METONYMY_MENTION="FALSE">
        <extent>
          <charseq START="977" END="983">Nessuno</charseq>
        </extent>
        <head>
          <charseq START="977" END="983">Nessuno</charseq>
        </head>
      </entity_mention>
    </entity>
    <entity ID="adige20040908_id405889-E15" TYPE="PER" SUBTYPE="Group" CLASS="SPC">
      <entity_mention ID="adige20040908_id405889-E15-1" TYPE="NOM" PRIMARY="true" METONYMY_MENTION="FALSE">
        <extent>
          <charseq START="1569" END="1576">famiglia</charseq>
        </extent>
        <head>
          <charseq START="1569" END="1576">famiglia</charseq>
        </head>
      </entity_mention>
      <entity_mention ID="adige20040908_id405889-E15-2" TYPE="NOM" PRIMARY="false" METONYMY_MENTION="FALSE">
        <extent>
          <charseq START="1561" END="1563">Noi</charseq>
        </extent>
        <head>
          <charseq START="1561" END="1563">Noi</charseq>
        </head>
      </entity_mention>
      <entity_mention ID="adige20040908_id405889-E15-3" TYPE="PRO" PRIMARY="false" METONYMY_MENTION="FALSE">
        <extent>
          <charseq START="1774" END="1776">noi</charseq>
        </extent>
        <head>
          <charseq START="1774" END="1776">noi</charseq>
        </head>
      </entity_mention>
    </entity>
    <entity ID="adige20040908_id405889-E16" TYPE="PER" SUBTYPE="Group" CLASS="SPC">
      <entity_mention ID="adige20040908_id405889-E16-1" TYPE="NOM" PRIMARY="true" METONYMY_MENTION="FALSE">
        <extent>
          <charseq START="646" END="669">buona parte dei genitori</charseq>
        </extent>
        <head>
          <charseq START="652" END="656">parte</charseq>
        </head>
      </entity_mention>
    </entity>
    <entity ID="adige20040908_id405889-E17" TYPE="PER" SUBTYPE="Group" CLASS="SPC">
      <entity_mention ID="adige20040908_id405889-E17-1" TYPE="NOM" PRIMARY="true" METONYMY_MENTION="FALSE">
        <extent>
          <charseq START="1405" END="1417">dei supplenti</charseq>
        </extent>
        <head>
          <charseq START="1409" END="1417">supplenti</charseq>
        </head>
      </entity_mention>
      <entity_mention ID="adige20040908_id405889-E17-3" TYPE="NAM" PRIMARY="false" METONYMY_MENTION="FALSE">
        <extent>
          <charseq START="192" END="195">N.D.</charseq>
        </extent>
        <head>
          <charseq START="192" END="195">N.D.</charseq>
        </head>
      </entity_mention>
      <entity_mention ID="adige20040908_id405889-E17-5" TYPE="NOM" PRIMARY="false" METONYMY_MENTION="FALSE">
        <extent>
          <charseq START="178" END="190">della maestra</charseq>
        </extent>
        <head>
          <charseq START="184" END="190">maestra</charseq>
        </head>
      </entity_mention>
      <entity_mention ID="adige20040908_id405889-E17-7" TYPE="NOM" PRIMARY="false" METONYMY_MENTION="FALSE">
        <extent>
          <charseq START="178" END="195">della maestra N.D.</charseq>
        </extent>
        <head>
          <charseq START="178" END="195">della maestra N.D.</charseq>
        </head>
      </entity_mention>
      <entity_mention ID="adige20040908_id405889-E17-9" TYPE="NOM" PRIMARY="false" METONYMY_MENTION="FALSE">
        <extent>
          <charseq START="1231" END="1244">quella maestra</charseq>
        </extent>
        <head>
          <charseq START="1238" END="1244">maestra</charseq>
        </head>
      </entity_mention>
      <entity_mention ID="adige20040908_id405889-E17-11" TYPE="NOM" PRIMARY="false" METONYMY_MENTION="FALSE">
        <extent>
          <charseq START="712" END="721">la docente</charseq>
        </extent>
        <head>
          <charseq START="715" END="721">docente</charseq>
        </head>
      </entity_mention>
      <entity_mention ID="adige20040908_id405889-E17-13" TYPE="PRO" PRIMARY="false" METONYMY_MENTION="FALSE">
        <extent>
          <charseq START="725" END="734">destinarla</charseq>
        </extent>
        <head>
          <charseq START="733" END="734">la</charseq>
        </head>
      </entity_mention>
      <entity_mention ID="adige20040908_id405889-E17-15" TYPE="NOM" PRIMARY="false" METONYMY_MENTION="FALSE">
        <extent>
          <charseq START="1424" END="1433">insegnanti</charseq>
        </extent>
        <head>
          <charseq START="1424" END="1433">insegnanti</charseq>
        </head>
      </entity_mention>
      <entity_attributes>
        <name NAME="N.D.">
          <charseq START="192" END="195">N.D.</charseq>
        </name>
      </entity_attributes>
    </entity>
    <entity ID="adige20040908_id405889-E18" TYPE="ORG" SUBTYPE="Government" CLASS="SPC">
      <entity_mention ID="adige20040908_id405889-E18-2" TYPE="NAM" PRIMARY="true" METONYMY_MENTION="FALSE">
        <extent>
          <charseq START="605" END="622">del Provveditorato</charseq>
        </extent>
        <head>
          <charseq START="609" END="622">Provveditorato</charseq>
        </head>
      </entity_mention>
      <entity_attributes>
        <name NAME="Provveditorato">
          <charseq START="609" END="622">Provveditorato</charseq>
        </name>
      </entity_attributes>
    </entity>
    <entity ID="adige20040908_id405889-E19" TYPE="ORG" SUBTYPE="Media" CLASS="SPC">
      <entity_mention ID="adige20040908_id405889-E19-2" TYPE="NOM" PRIMARY="true" METONYMY_MENTION="FALSE">
        <extent>
          <charseq START="999" END="1009">il giornale</charseq>
        </extent>
        <head>
          <charseq START="1002" END="1009">giornale</charseq>
        </head>
      </entity_mention>
    </entity>
  </document>
</source_file>
