<?xml version="1.0" encoding="UTF-8"?>
<!DOCTYPE source_file PUBLIC "SYSTEM" "apf.v5.2.0.dtd">

<source_file URI="adige20040908_id405882.txt" SOURCE="unknown" TYPE="text" VERSION="5.0" AUTHOR="Evalita" ENCODING="UTF-8">
  <document DOCID="adige20040908_id405882">
    <entity ID="adige20040908_id405882-E2" TYPE="ORG" SUBTYPE="Government" CLASS="USP">
      <entity_mention ID="adige20040908_id405882-E2-1" TYPE="NAM" PRIMARY="true" METONYMY_MENTION="FALSE">
        <extent>
          <charseq START="129" END="146">il Senato federale</charseq>
        </extent>
        <head>
          <charseq START="132" END="146">Senato federale</charseq>
        </head>
      </entity_mention>
      <entity_mention ID="adige20040908_id405882-E2-2" TYPE="NAM" PRIMARY="false" METONYMY_MENTION="FALSE">
        <extent>
          <charseq START="540" END="555">Nel nuovo Senato</charseq>
        </extent>
        <head>
          <charseq START="550" END="555">Senato</charseq>
        </head>
      </entity_mention>
      <entity_mention ID="adige20040908_id405882-E2-3" TYPE="NAM" PRIMARY="false" METONYMY_MENTION="FALSE">
        <extent>
          <charseq START="533" END="538">SENATO</charseq>
        </extent>
        <head>
          <charseq START="533" END="538">SENATO</charseq>
        </head>
      </entity_mention>
      <entity_attributes>
        <name NAME="Senato federale">
          <charseq START="132" END="146">Senato federale</charseq>
        </name>
        <name NAME="Senato">
          <charseq START="550" END="555">Senato</charseq>
        </name>
        <name NAME="SENATO">
          <charseq START="533" END="538">SENATO</charseq>
        </name>
      </entity_attributes>
    </entity>
    <entity ID="adige20040908_id405882-E3" TYPE="ORG" SUBTYPE="Government" CLASS="GEN">
      <entity_mention ID="adige20040908_id405882-E3-1" TYPE="NAM" PRIMARY="true" METONYMY_MENTION="FALSE">
        <extent>
          <charseq START="319" END="330">dalle Camere</charseq>
        </extent>
        <head>
          <charseq START="325" END="330">Camere</charseq>
        </head>
      </entity_mention>
      <entity_attributes>
        <name NAME="Camere">
          <charseq START="325" END="330">Camere</charseq>
        </name>
      </entity_attributes>
    </entity>
    <entity ID="adige20040908_id405882-E5" TYPE="ORG" SUBTYPE="Government" CLASS="SPC">
      <entity_mention ID="adige20040908_id405882-E5-1" TYPE="NOM" PRIMARY="true" METONYMY_MENTION="FALSE">
        <extent>
          <charseq START="620" END="653">agli organi politici delle Regioni</charseq>
        </extent>
        <head>
          <charseq START="625" END="630">organi</charseq>
        </head>
      </entity_mention>
    </entity>
    <entity ID="adige20040908_id405882-E6" TYPE="GPE" SUBTYPE="State-or-Province" CLASS="GEN">
      <entity_mention ID="adige20040908_id405882-E6-2" TYPE="NOM" PRIMARY="true" ROLE="ORG" METONYMY_MENTION="FALSE">
        <extent>
          <charseq START="15" END="38">delle autonomie speciali</charseq>
        </extent>
        <head>
          <charseq START="21" END="29">autonomie</charseq>
        </head>
      </entity_mention>
      <entity_mention ID="adige20040908_id405882-E6-4" TYPE="NOM" PRIMARY="false" ROLE="ORG" METONYMY_MENTION="FALSE">
        <extent>
          <charseq START="436" END="449">alle autonomie</charseq>
        </extent>
        <head>
          <charseq START="441" END="449">autonomie</charseq>
        </head>
      </entity_mention>
      <entity_mention ID="adige20040908_id405882-E6-5" TYPE="NOM" PRIMARY="false" ROLE="ORG" METONYMY_MENTION="FALSE">
        <extent>
          <charseq START="336" END="371">le regioni e le province interessate</charseq>
        </extent>
        <head>
          <charseq START="336" END="371">le regioni e le province interessate</charseq>
        </head>
      </entity_mention>
    </entity>
    <entity ID="adige20040908_id405882-E7" TYPE="GPE" SUBTYPE="State-or-Province" CLASS="SPC">
      <entity_mention ID="adige20040908_id405882-E7-2" TYPE="NAM" PRIMARY="true" ROLE="GPE" METONYMY_MENTION="FALSE">
        <extent>
          <charseq START="192" END="211">nella nostra regione</charseq>
        </extent>
        <head>
          <charseq START="205" END="211">regione</charseq>
        </head>
      </entity_mention>
      <entity_mention ID="adige20040908_id405882-E7-3" TYPE="PRO" PRIMARY="false" ROLE="GPE" METONYMY_MENTION="FALSE">
        <extent>
          <charseq START="198" END="203">nostra</charseq>
        </extent>
        <head>
          <charseq START="198" END="203">nostra</charseq>
        </head>
      </entity_mention>
      <entity_attributes>
        <name NAME="regione">
          <charseq START="205" END="211">regione</charseq>
        </name>
      </entity_attributes>
    </entity>
    <entity ID="adige20040908_id405882-E8" TYPE="GPE" SUBTYPE="State-or-Province" CLASS="GEN">
      <entity_mention ID="adige20040908_id405882-E8-2" TYPE="NOM" PRIMARY="true" ROLE="ORG" METONYMY_MENTION="FALSE">
        <extent>
          <charseq START="336" END="345">le regioni</charseq>
        </extent>
        <head>
          <charseq START="339" END="345">regioni</charseq>
        </head>
      </entity_mention>
      <entity_mention ID="adige20040908_id405882-E8-4" TYPE="NOM" PRIMARY="false" ROLE="ORG" METONYMY_MENTION="FALSE">
        <extent>
          <charseq START="641" END="653">delle Regioni</charseq>
        </extent>
        <head>
          <charseq START="647" END="653">Regioni</charseq>
        </head>
      </entity_mention>
    </entity>
    <entity ID="adige20040908_id405882-E9" TYPE="GPE" SUBTYPE="State-or-Province" CLASS="GEN">
      <entity_mention ID="adige20040908_id405882-E9-2" TYPE="NOM" PRIMARY="true" ROLE="ORG" METONYMY_MENTION="FALSE">
        <extent>
          <charseq START="349" END="359">le province</charseq>
        </extent>
        <head>
          <charseq START="352" END="359">province</charseq>
        </head>
      </entity_mention>
    </entity>
  </document>
</source_file>
