<?xml version="1.0" encoding="UTF-8"?>
<!DOCTYPE source_file PUBLIC "SYSTEM" "apf.v5.2.0.dtd">

<source_file URI="adige20040908_id405901.txt" SOURCE="unknown" TYPE="text" VERSION="5.0" AUTHOR="Evalita" ENCODING="UTF-8">
  <document DOCID="adige20040908_id405901">
    <entity ID="adige20040908_id405901-E1" TYPE="PER" SUBTYPE="Group" CLASS="SPC">
      <entity_mention ID="adige20040908_id405901-E1-1" TYPE="NOM" PRIMARY="true" METONYMY_MENTION="FALSE">
        <extent>
          <charseq START="193" END="214">turisti della Germania</charseq>
        </extent>
        <head>
          <charseq START="193" END="199">turisti</charseq>
        </head>
      </entity_mention>
      <entity_mention ID="adige20040908_id405901-E1-2" TYPE="NOM" PRIMARY="false" METONYMY_MENTION="FALSE">
        <extent>
          <charseq START="72" END="84">due germanici</charseq>
        </extent>
        <head>
          <charseq START="76" END="84">germanici</charseq>
        </head>
      </entity_mention>
    </entity>
    <entity ID="adige20040908_id405901-E3" TYPE="PER" SUBTYPE="Individual" CLASS="SPC">
      <entity_mention ID="adige20040908_id405901-E3-1" TYPE="NAM" PRIMARY="true" METONYMY_MENTION="FALSE">
        <extent>
          <charseq START="513" END="535">Richard Bodo di 42 anni</charseq>
        </extent>
        <head>
          <charseq START="513" END="524">Richard Bodo</charseq>
        </head>
      </entity_mention>
      <entity_mention ID="adige20040908_id405901-E3-2" TYPE="NOM" PRIMARY="false" METONYMY_MENTION="FALSE">
        <extent>
          <charseq START="496" END="510">il motociclista</charseq>
        </extent>
        <head>
          <charseq START="499" END="510">motociclista</charseq>
        </head>
      </entity_mention>
      <entity_mention ID="adige20040908_id405901-E3-3" TYPE="NOM" PRIMARY="false" METONYMY_MENTION="FALSE">
        <extent>
          <charseq START="496" END="535">il motociclista, Richard Bodo di 42 anni</charseq>
        </extent>
        <head>
          <charseq START="496" END="535">il motociclista, Richard Bodo di 42 anni</charseq>
        </head>
      </entity_mention>
      <entity_mention ID="adige20040908_id405901-E3-4" TYPE="PRO" PRIMARY="false" METONYMY_MENTION="FALSE">
        <extent>
          <charseq START="540" END="541">lo</charseq>
        </extent>
        <head>
          <charseq START="540" END="541">lo</charseq>
        </head>
      </entity_mention>
      <entity_attributes>
        <name NAME="Richard Bodo">
          <charseq START="513" END="524">Richard Bodo</charseq>
        </name>
      </entity_attributes>
    </entity>
    <entity ID="adige20040908_id405901-E4" TYPE="PER" SUBTYPE="Individual" CLASS="SPC">
      <entity_mention ID="adige20040908_id405901-E4-1" TYPE="NAM" PRIMARY="true" METONYMY_MENTION="FALSE">
        <extent>
          <charseq START="696" END="731">Francesco Campestrin 30 anni di Arco</charseq>
        </extent>
        <head>
          <charseq START="696" END="715">Francesco Campestrin</charseq>
        </head>
      </entity_mention>
      <entity_mention ID="adige20040908_id405901-E4-2" TYPE="NOM" PRIMARY="false" METONYMY_MENTION="FALSE">
        <extent>
          <charseq START="667" END="693">il conducente della vettura</charseq>
        </extent>
        <head>
          <charseq START="670" END="679">conducente</charseq>
        </head>
      </entity_mention>
      <entity_mention ID="adige20040908_id405901-E4-4" TYPE="PRO" PRIMARY="false" METONYMY_MENTION="FALSE">
        <extent>
          <charseq START="734" END="736">che</charseq>
        </extent>
        <head>
          <charseq START="734" END="736">che</charseq>
        </head>
      </entity_mention>
      <entity_mention ID="adige20040908_id405901-E4-5" TYPE="NOM" PRIMARY="false" METONYMY_MENTION="FALSE">
        <extent>
          <charseq START="667" END="809">il conducente della vettura, Francesco Campestrin 30 anni di Arco, che si trovava alla guida della sua Renault Megane e ha riportato contusioni</charseq>
        </extent>
        <head>
          <charseq START="667" END="809">il conducente della vettura, Francesco Campestrin 30 anni di Arco, che si trovava alla guida della sua Renault Megane e ha riportato contusioni</charseq>
        </head>
      </entity_mention>
      <entity_attributes>
        <name NAME="Francesco Campestrin">
          <charseq START="696" END="715">Francesco Campestrin</charseq>
        </name>
      </entity_attributes>
    </entity>
    <entity ID="adige20040908_id405901-E6" TYPE="PER" SUBTYPE="Individual" CLASS="SPC">
      <entity_mention ID="adige20040908_id405901-E6-1" TYPE="NAM" PRIMARY="true" METONYMY_MENTION="FALSE">
        <extent>
          <charseq START="1226" END="1250">Martin Nathues di 46 anni</charseq>
        </extent>
        <head>
          <charseq START="1226" END="1239">Martin Nathues</charseq>
        </head>
      </entity_mention>
      <entity_mention ID="adige20040908_id405901-E6-2" TYPE="NOM" PRIMARY="false" METONYMY_MENTION="FALSE">
        <extent>
          <charseq START="930" END="954">un motociclista germanico</charseq>
        </extent>
        <head>
          <charseq START="933" END="944">motociclista</charseq>
        </head>
      </entity_mention>
      <entity_mention ID="adige20040908_id405901-E6-3" TYPE="NOM" PRIMARY="false" METONYMY_MENTION="FALSE">
        <extent>
          <charseq START="1017" END="1031">Il motociclista</charseq>
        </extent>
        <head>
          <charseq START="1020" END="1031">motociclista</charseq>
        </head>
      </entity_mention>
      <entity_mention ID="adige20040908_id405901-E6-5" TYPE="NOM" PRIMARY="false" METONYMY_MENTION="FALSE">
        <extent>
          <charseq START="1218" END="1223">l'uomo</charseq>
        </extent>
        <head>
          <charseq START="1220" END="1223">uomo</charseq>
        </head>
      </entity_mention>
      <entity_mention ID="adige20040908_id405901-E6-6" TYPE="NOM" PRIMARY="false" METONYMY_MENTION="FALSE">
        <extent>
          <charseq START="1218" END="1250">l'uomo, Martin Nathues di 46 anni</charseq>
        </extent>
        <head>
          <charseq START="1218" END="1250">l'uomo, Martin Nathues di 46 anni</charseq>
        </head>
      </entity_mention>
      <entity_mention ID="adige20040908_id405901-E6-7" TYPE="NOM" PRIMARY="false" METONYMY_MENTION="FALSE">
        <extent>
          <charseq START="1322" END="1327">L'uomo</charseq>
        </extent>
        <head>
          <charseq START="1324" END="1327">uomo</charseq>
        </head>
      </entity_mention>
      <entity_attributes>
        <name NAME="Martin Nathues">
          <charseq START="1226" END="1239">Martin Nathues</charseq>
        </name>
      </entity_attributes>
    </entity>
    <entity ID="adige20040908_id405901-E7" TYPE="PER" SUBTYPE="Individual" CLASS="SPC">
      <entity_mention ID="adige20040908_id405901-E7-1" TYPE="NOM" PRIMARY="true" METONYMY_MENTION="FALSE">
        <extent>
          <charseq START="1296" END="1319">la passeggera della moto</charseq>
        </extent>
        <head>
          <charseq START="1299" END="1308">passeggera</charseq>
        </head>
      </entity_mention>
    </entity>
    <entity ID="adige20040908_id405901-E8" TYPE="ORG" SUBTYPE="Non-Governmental" CLASS="SPC">
      <entity_mention ID="adige20040908_id405901-E8-2" TYPE="NAM" PRIMARY="true" METONYMY_MENTION="FALSE">
        <extent>
          <charseq START="866" END="880">dell'Aiut Alpin</charseq>
        </extent>
        <head>
          <charseq START="871" END="880">Aiut Alpin</charseq>
        </head>
      </entity_mention>
      <entity_attributes>
        <name NAME="Aiut Alpin">
          <charseq START="871" END="880">Aiut Alpin</charseq>
        </name>
      </entity_attributes>
    </entity>
    <entity ID="adige20040908_id405901-E10" TYPE="GPE" SUBTYPE="State-or-Province" CLASS="SPC">
      <entity_mention ID="adige20040908_id405901-E10-2" TYPE="NAM" PRIMARY="true" ROLE="LOC" METONYMY_MENTION="FALSE">
        <extent>
          <charseq START="140" END="147">Trentino</charseq>
        </extent>
        <head>
          <charseq START="140" END="147">Trentino</charseq>
        </head>
      </entity_mention>
      <entity_attributes>
        <name NAME="Trentino">
          <charseq START="140" END="147">Trentino</charseq>
        </name>
      </entity_attributes>
    </entity>
    <entity ID="adige20040908_id405901-E11" TYPE="GPE" SUBTYPE="Nation" CLASS="SPC">
      <entity_mention ID="adige20040908_id405901-E11-2" TYPE="NAM" PRIMARY="true" ROLE="GPE" METONYMY_MENTION="FALSE">
        <extent>
          <charseq START="201" END="214">della Germania</charseq>
        </extent>
        <head>
          <charseq START="207" END="214">Germania</charseq>
        </head>
      </entity_mention>
      <entity_mention ID="adige20040908_id405901-E11-4" TYPE="NAM" PRIMARY="false" ROLE="GPE" METONYMY_MENTION="FALSE">
        <extent>
          <charseq START="305" END="311">tedesca</charseq>
        </extent>
        <head>
          <charseq START="305" END="311">tedesca</charseq>
        </head>
      </entity_mention>
      <entity_mention ID="adige20040908_id405901-E11-6" TYPE="NAM" PRIMARY="false" ROLE="GPE" METONYMY_MENTION="FALSE">
        <extent>
          <charseq START="946" END="954">germanico</charseq>
        </extent>
        <head>
          <charseq START="946" END="954">germanico</charseq>
        </head>
      </entity_mention>
      <entity_attributes>
        <name NAME="Germania">
          <charseq START="207" END="214">Germania</charseq>
        </name>
      </entity_attributes>
    </entity>
    <entity ID="adige20040908_id405901-E12" TYPE="GPE" SUBTYPE="Population-Center" CLASS="SPC">
      <entity_mention ID="adige20040908_id405901-E12-2" TYPE="NAM" PRIMARY="true" ROLE="LOC" METONYMY_MENTION="FALSE">
        <extent>
          <charseq START="248" END="254">Molveno</charseq>
        </extent>
        <head>
          <charseq START="248" END="254">Molveno</charseq>
        </head>
      </entity_mention>
      <entity_mention ID="adige20040908_id405901-E12-4" TYPE="NAM" PRIMARY="false" ROLE="LOC" METONYMY_MENTION="FALSE">
        <extent>
          <charseq START="15" END="21">Molveno</charseq>
        </extent>
        <head>
          <charseq START="15" END="21">Molveno</charseq>
        </head>
      </entity_mention>
      <entity_attributes>
        <name NAME="Molveno">
          <charseq START="248" END="254">Molveno</charseq>
        </name>
        <name NAME="Molveno">
          <charseq START="15" END="21">Molveno</charseq>
        </name>
      </entity_attributes>
    </entity>
    <entity ID="adige20040908_id405901-E13" TYPE="GPE" SUBTYPE="Population-Center" CLASS="SPC">
      <entity_mention ID="adige20040908_id405901-E13-2" TYPE="NAM" PRIMARY="true" ROLE="LOC" METONYMY_MENTION="FALSE">
        <extent>
          <charseq START="473" END="478">Trento</charseq>
        </extent>
        <head>
          <charseq START="473" END="478">Trento</charseq>
        </head>
      </entity_mention>
      <entity_mention ID="adige20040908_id405901-E13-4" TYPE="NAM" PRIMARY="false" ROLE="GPE" METONYMY_MENTION="FALSE">
        <extent>
          <charseq START="591" END="596">Trento</charseq>
        </extent>
        <head>
          <charseq START="591" END="596">Trento</charseq>
        </head>
      </entity_mention>
      <entity_attributes>
        <name NAME="Trento">
          <charseq START="473" END="478">Trento</charseq>
        </name>
        <name NAME="Trento">
          <charseq START="591" END="596">Trento</charseq>
        </name>
      </entity_attributes>
    </entity>
    <entity ID="adige20040908_id405901-E14" TYPE="GPE" SUBTYPE="Population-Center" CLASS="SPC">
      <entity_mention ID="adige20040908_id405901-E14-2" TYPE="NAM" PRIMARY="true" ROLE="GPE" METONYMY_MENTION="FALSE">
        <extent>
          <charseq START="728" END="731">Arco</charseq>
        </extent>
        <head>
          <charseq START="728" END="731">Arco</charseq>
        </head>
      </entity_mention>
      <entity_attributes>
        <name NAME="Arco">
          <charseq START="728" END="731">Arco</charseq>
        </name>
      </entity_attributes>
    </entity>
    <entity ID="adige20040908_id405901-E15" TYPE="GPE" SUBTYPE="Population-Center" CLASS="SPC">
      <entity_mention ID="adige20040908_id405901-E15-2" TYPE="NAM" PRIMARY="true" ROLE="LOC" METONYMY_MENTION="FALSE">
        <extent>
          <charseq START="1008" END="1014">Canazei</charseq>
        </extent>
        <head>
          <charseq START="1008" END="1014">Canazei</charseq>
        </head>
      </entity_mention>
      <entity_attributes>
        <name NAME="Canazei">
          <charseq START="1008" END="1014">Canazei</charseq>
        </name>
      </entity_attributes>
    </entity>
    <entity ID="adige20040908_id405901-E17" TYPE="GPE" SUBTYPE="Population-Center" CLASS="SPC">
      <entity_mention ID="adige20040908_id405901-E17-2" TYPE="NAM" PRIMARY="true" ROLE="LOC" METONYMY_MENTION="FALSE">
        <extent>
          <charseq START="1354" END="1360">Bolzano</charseq>
        </extent>
        <head>
          <charseq START="1354" END="1360">Bolzano</charseq>
        </head>
      </entity_mention>
      <entity_attributes>
        <name NAME="Bolzano">
          <charseq START="1354" END="1360">Bolzano</charseq>
        </name>
      </entity_attributes>
    </entity>
    <entity ID="adige20040908_id405901-E18" TYPE="LOC" SUBTYPE="Land-Region-Natural" CLASS="SPC">
      <entity_mention ID="adige20040908_id405901-E18-1" TYPE="NAM" PRIMARY="true" METONYMY_MENTION="FALSE">
        <extent>
          <charseq START="898" END="909">Passo Fedaia</charseq>
        </extent>
        <head>
          <charseq START="898" END="909">Passo Fedaia</charseq>
        </head>
      </entity_mention>
      <entity_mention ID="adige20040908_id405901-E18-2" TYPE="NAM" PRIMARY="false" METONYMY_MENTION="FALSE">
        <extent>
          <charseq START="978" END="986">dal Passo</charseq>
        </extent>
        <head>
          <charseq START="982" END="986">Passo</charseq>
        </head>
      </entity_mention>
      <entity_mention ID="adige20040908_id405901-E18-3" TYPE="NAM" PRIMARY="false" METONYMY_MENTION="FALSE">
        <extent>
          <charseq START="28" END="39">Passo Fedaia</charseq>
        </extent>
        <head>
          <charseq START="28" END="39">Passo Fedaia</charseq>
        </head>
      </entity_mention>
      <entity_attributes>
        <name NAME="Passo Fedaia">
          <charseq START="898" END="909">Passo Fedaia</charseq>
        </name>
        <name NAME="Passo">
          <charseq START="982" END="986">Passo</charseq>
        </name>
        <name NAME="Passo Fedaia">
          <charseq START="28" END="39">Passo Fedaia</charseq>
        </name>
      </entity_attributes>
    </entity>
  </document>
</source_file>
