<?xml version="1.0" encoding="UTF-8"?>
<!DOCTYPE source_file PUBLIC "SYSTEM" "apf.v5.2.0.dtd">

<source_file URI="adige20040908_id405907.txt" SOURCE="unknown" TYPE="text" VERSION="5.0" AUTHOR="Evalita" ENCODING="UTF-8">
  <document DOCID="adige20040908_id405907">
    <entity ID="adige20040908_id405907-E1" TYPE="PER" SUBTYPE="Group" CLASS="SPC">
      <entity_mention ID="adige20040908_id405907-E1-2" TYPE="NOM" PRIMARY="true" METONYMY_MENTION="FALSE">
        <extent>
          <charseq START="97" END="129">i ragazzi della Nuova casa Serena</charseq>
        </extent>
        <head>
          <charseq START="99" END="105">ragazzi</charseq>
        </head>
      </entity_mention>
    </entity>
    <entity ID="adige20040908_id405907-E2" TYPE="PER" SUBTYPE="Group" CLASS="SPC">
      <entity_mention ID="adige20040908_id405907-E2-2" TYPE="NOM" PRIMARY="true" METONYMY_MENTION="FALSE">
        <extent>
          <charseq START="371" END="394">Tutti i ragazzi presenti</charseq>
        </extent>
        <head>
          <charseq START="379" END="385">ragazzi</charseq>
        </head>
      </entity_mention>
      <entity_mention ID="adige20040908_id405907-E2-4" TYPE="PRO" PRIMARY="false" METONYMY_MENTION="FALSE">
        <extent>
          <charseq START="408" END="411">loro</charseq>
        </extent>
        <head>
          <charseq START="408" END="411">loro</charseq>
        </head>
      </entity_mention>
      <entity_mention ID="adige20040908_id405907-E2-6" TYPE="NOM" PRIMARY="false" METONYMY_MENTION="FALSE">
        <extent>
          <charseq START="620" END="826">i ragazzi che, salendo sulle moto, azionando le sirene o parlando alla radio dalla macchina, si sono sentiti attori importanti, valorizzati ed accolti con grande calore dagli operatori della Polizia di Stato</charseq>
        </extent>
        <head>
          <charseq START="622" END="628">ragazzi</charseq>
        </head>
      </entity_mention>
      <entity_mention ID="adige20040908_id405907-E2-8" TYPE="PRO" PRIMARY="false" METONYMY_MENTION="FALSE">
        <extent>
          <charseq START="630" END="632">che</charseq>
        </extent>
        <head>
          <charseq START="630" END="632">che</charseq>
        </head>
      </entity_mention>
      <entity_mention ID="adige20040908_id405907-E2-10" TYPE="NOM" PRIMARY="false" METONYMY_MENTION="FALSE">
        <extent>
          <charseq START="729" END="745">attori importanti</charseq>
        </extent>
        <head>
          <charseq START="729" END="734">attori</charseq>
        </head>
      </entity_mention>
    </entity>
    <entity ID="adige20040908_id405907-E5" TYPE="PER" SUBTYPE="Group" CLASS="SPC">
      <entity_mention ID="adige20040908_id405907-E5-2" TYPE="NOM" PRIMARY="true" METONYMY_MENTION="FALSE">
        <extent>
          <charseq START="789" END="826">dagli operatori della Polizia di Stato</charseq>
        </extent>
        <head>
          <charseq START="795" END="803">operatori</charseq>
        </head>
      </entity_mention>
      <entity_mention ID="adige20040908_id405907-E5-3" TYPE="NOM" PRIMARY="false" METONYMY_MENTION="FALSE">
        <extent>
          <charseq START="1073" END="1123">tutti gli operatori presenti della Polizia di Stato</charseq>
        </extent>
        <head>
          <charseq START="1083" END="1091">operatori</charseq>
        </head>
      </entity_mention>
    </entity>
    <entity ID="adige20040908_id405907-E6" TYPE="PER" SUBTYPE="Group" CLASS="SPC">
      <entity_mention ID="adige20040908_id405907-E6-2" TYPE="NOM" PRIMARY="true" METONYMY_MENTION="FALSE">
        <extent>
          <charseq START="1205" END="1231">al personale della questura</charseq>
        </extent>
        <head>
          <charseq START="1208" END="1216">personale</charseq>
        </head>
      </entity_mention>
    </entity>
    <entity ID="adige20040908_id405907-E7" TYPE="PER" SUBTYPE="Individual" CLASS="SPC">
      <entity_mention ID="adige20040908_id405907-E7-2" TYPE="NAM" PRIMARY="true" METONYMY_MENTION="FALSE">
        <extent>
          <charseq START="1301" END="1307">Morelli</charseq>
        </extent>
        <head>
          <charseq START="1301" END="1307">Morelli</charseq>
        </head>
      </entity_mention>
      <entity_mention ID="adige20040908_id405907-E7-4" TYPE="NOM" PRIMARY="false" METONYMY_MENTION="FALSE">
        <extent>
          <charseq START="1285" END="1299">alla dottoressa</charseq>
        </extent>
        <head>
          <charseq START="1290" END="1299">dottoressa</charseq>
        </head>
      </entity_mention>
      <entity_mention ID="adige20040908_id405907-E7-6" TYPE="NOM" PRIMARY="false" METONYMY_MENTION="FALSE">
        <extent>
          <charseq START="1285" END="1307">alla dottoressa Morelli</charseq>
        </extent>
        <head>
          <charseq START="1285" END="1307">alla dottoressa Morelli</charseq>
        </head>
      </entity_mention>
      <entity_attributes>
        <name NAME="Morelli">
          <charseq START="1301" END="1307">Morelli</charseq>
        </name>
      </entity_attributes>
    </entity>
    <entity ID="adige20040908_id405907-E8" TYPE="PER" SUBTYPE="Individual" CLASS="SPC">
      <entity_mention ID="adige20040908_id405907-E8-2" TYPE="NAM" PRIMARY="true" METONYMY_MENTION="FALSE">
        <extent>
          <charseq START="1326" END="1332">Spirali</charseq>
        </extent>
        <head>
          <charseq START="1326" END="1332">Spirali</charseq>
        </head>
      </entity_mention>
      <entity_mention ID="adige20040908_id405907-E8-4" TYPE="NOM" PRIMARY="false" METONYMY_MENTION="FALSE">
        <extent>
          <charseq START="1310" END="1324">alla dottoressa</charseq>
        </extent>
        <head>
          <charseq START="1315" END="1324">dottoressa</charseq>
        </head>
      </entity_mention>
      <entity_mention ID="adige20040908_id405907-E8-6" TYPE="NOM" PRIMARY="false" METONYMY_MENTION="FALSE">
        <extent>
          <charseq START="1310" END="1333">alla dottoressa Spirali,</charseq>
        </extent>
        <head>
          <charseq START="1310" END="1333">alla dottoressa Spirali,</charseq>
        </head>
      </entity_mention>
      <entity_attributes>
        <name NAME="Spirali">
          <charseq START="1326" END="1332">Spirali</charseq>
        </name>
      </entity_attributes>
    </entity>
    <entity ID="adige20040908_id405907-E9" TYPE="PER" SUBTYPE="Individual" CLASS="SPC">
      <entity_mention ID="adige20040908_id405907-E9-2" TYPE="NOM" PRIMARY="true" METONYMY_MENTION="FALSE">
        <extent>
          <charseq START="1335" END="1355">al questore di Trento</charseq>
        </extent>
        <head>
          <charseq START="1338" END="1345">questore</charseq>
        </head>
      </entity_mention>
    </entity>
    <entity ID="adige20040908_id405907-E11" TYPE="PER" SUBTYPE="Group" CLASS="SPC">
      <entity_mention ID="adige20040908_id405907-E11-2" TYPE="NOM" PRIMARY="true" METONYMY_MENTION="FALSE">
        <extent>
          <charseq START="897" END="923">nel vicinato di Casa Serena</charseq>
        </extent>
        <head>
          <charseq START="901" END="908">vicinato</charseq>
        </head>
      </entity_mention>
    </entity>
    <entity ID="adige20040908_id405907-E12" TYPE="PER" SUBTYPE="Group" CLASS="SPC">
      <entity_mention ID="adige20040908_id405907-E12-2" TYPE="NOM" PRIMARY="true" METONYMY_MENTION="FALSE">
        <extent>
          <charseq START="940" END="1038">le persone affacciate alle finestre che hanno potuto cogliere questo straordinario momento di festa</charseq>
        </extent>
        <head>
          <charseq START="943" END="949">persone</charseq>
        </head>
      </entity_mention>
      <entity_mention ID="adige20040908_id405907-E12-4" TYPE="PRO" PRIMARY="false" METONYMY_MENTION="FALSE">
        <extent>
          <charseq START="976" END="978">che</charseq>
        </extent>
        <head>
          <charseq START="976" END="978">che</charseq>
        </head>
      </entity_mention>
    </entity>
    <entity ID="adige20040908_id405907-E13" TYPE="PER" SUBTYPE="Group" CLASS="SPC">
      <entity_mention ID="adige20040908_id405907-E13-2" TYPE="PRO" PRIMARY="true" METONYMY_MENTION="FALSE">
        <extent>
          <charseq START="397" END="411">diversi di loro</charseq>
        </extent>
        <head>
          <charseq START="397" END="403">diversi</charseq>
        </head>
      </entity_mention>
    </entity>
    <entity ID="adige20040908_id405907-E14" TYPE="ORG" SUBTYPE="Non-Governmental" CLASS="SPC">
      <entity_mention ID="adige20040908_id405907-E14-1" TYPE="NAM" PRIMARY="true" METONYMY_MENTION="FALSE">
        <extent>
          <charseq START="152" END="172">Anffas Trentino onlus</charseq>
        </extent>
        <head>
          <charseq START="152" END="172">Anffas Trentino onlus</charseq>
        </head>
      </entity_mention>
      <entity_mention ID="adige20040908_id405907-E14-2" TYPE="NAM" PRIMARY="false" METONYMY_MENTION="FALSE">
        <extent>
          <charseq START="461" END="481">dell'Anffas di Trento</charseq>
        </extent>
        <head>
          <charseq START="466" END="471">Anffas</charseq>
        </head>
      </entity_mention>
      <entity_attributes>
        <name NAME="Anffas Trentino onlus">
          <charseq START="152" END="172">Anffas Trentino onlus</charseq>
        </name>
        <name NAME="Anffas">
          <charseq START="466" END="471">Anffas</charseq>
        </name>
      </entity_attributes>
    </entity>
    <entity ID="adige20040908_id405907-E15" TYPE="ORG" SUBTYPE="Government" CLASS="SPC">
      <entity_mention ID="adige20040908_id405907-E15-1" TYPE="NAM" PRIMARY="true" METONYMY_MENTION="FALSE">
        <extent>
          <charseq START="239" END="368">della Polizia di Stato che con un gruppo cinofilo, moto, automobili e pulmino ha animato e movimentato la mattinata di fine estate</charseq>
        </extent>
        <head>
          <charseq START="245" END="260">Polizia di Stato</charseq>
        </head>
      </entity_mention>
      <entity_mention ID="adige20040908_id405907-E15-2" TYPE="PRO" PRIMARY="false" METONYMY_MENTION="FALSE">
        <extent>
          <charseq START="262" END="264">che</charseq>
        </extent>
        <head>
          <charseq START="262" END="264">che</charseq>
        </head>
      </entity_mention>
      <entity_mention ID="adige20040908_id405907-E15-3" TYPE="NAM" PRIMARY="false" METONYMY_MENTION="FALSE">
        <extent>
          <charseq START="805" END="826">della Polizia di Stato</charseq>
        </extent>
        <head>
          <charseq START="811" END="826">Polizia di Stato</charseq>
        </head>
      </entity_mention>
      <entity_mention ID="adige20040908_id405907-E15-4" TYPE="NAM" PRIMARY="false" METONYMY_MENTION="FALSE">
        <extent>
          <charseq START="1102" END="1123">della Polizia di Stato</charseq>
        </extent>
        <head>
          <charseq START="1108" END="1123">Polizia di Stato</charseq>
        </head>
      </entity_mention>
      <entity_mention ID="adige20040908_id405907-E15-6" TYPE="NAM" PRIMARY="false" METONYMY_MENTION="FALSE">
        <extent>
          <charseq START="65" END="77">della polizia</charseq>
        </extent>
        <head>
          <charseq START="71" END="77">polizia</charseq>
        </head>
      </entity_mention>
      <entity_attributes>
        <name NAME="Polizia di Stato">
          <charseq START="245" END="260">Polizia di Stato</charseq>
        </name>
        <name NAME="Polizia di Stato">
          <charseq START="811" END="826">Polizia di Stato</charseq>
        </name>
        <name NAME="Polizia di Stato">
          <charseq START="1108" END="1123">Polizia di Stato</charseq>
        </name>
        <name NAME="polizia">
          <charseq START="71" END="77">polizia</charseq>
        </name>
      </entity_attributes>
    </entity>
    <entity ID="adige20040908_id405907-E17" TYPE="ORG" SUBTYPE="Government" CLASS="SPC">
      <entity_mention ID="adige20040908_id405907-E17-1" TYPE="NAM" PRIMARY="true" METONYMY_MENTION="FALSE">
        <extent>
          <charseq START="1172" END="1202">alla Polizia stradale di Trento</charseq>
        </extent>
        <head>
          <charseq START="1177" END="1192">Polizia stradale</charseq>
        </head>
      </entity_mention>
      <entity_attributes>
        <name NAME="Polizia stradale">
          <charseq START="1177" END="1192">Polizia stradale</charseq>
        </name>
      </entity_attributes>
    </entity>
    <entity ID="adige20040908_id405907-E18" TYPE="ORG" SUBTYPE="Government" CLASS="SPC">
      <entity_mention ID="adige20040908_id405907-E18-1" TYPE="NAM" PRIMARY="true" METONYMY_MENTION="FALSE">
        <extent>
          <charseq START="1218" END="1231">della questura</charseq>
        </extent>
        <head>
          <charseq START="1224" END="1231">questura</charseq>
        </head>
      </entity_mention>
      <entity_attributes>
        <name NAME="questura">
          <charseq START="1224" END="1231">questura</charseq>
        </name>
      </entity_attributes>
    </entity>
    <entity ID="adige20040908_id405907-E19" TYPE="ORG" SUBTYPE="Government" CLASS="SPC">
      <entity_mention ID="adige20040908_id405907-E19-1" TYPE="NOM" PRIMARY="true" METONYMY_MENTION="FALSE">
        <extent>
          <charseq START="1234" END="1258">alla polizia di quartiere</charseq>
        </extent>
        <head>
          <charseq START="1239" END="1245">polizia</charseq>
        </head>
      </entity_mention>
    </entity>
    <entity ID="adige20040908_id405907-E20" TYPE="ORG" SUBTYPE="Government" CLASS="SPC">
      <entity_mention ID="adige20040908_id405907-E20-1" TYPE="NAM" PRIMARY="true" METONYMY_MENTION="FALSE">
        <extent>
          <charseq START="1261" END="1282">al reparto Artificieri</charseq>
        </extent>
        <head>
          <charseq START="1264" END="1282">reparto Artificieri</charseq>
        </head>
      </entity_mention>
      <entity_attributes>
        <name NAME="reparto Artificieri">
          <charseq START="1264" END="1282">reparto Artificieri</charseq>
        </name>
      </entity_attributes>
    </entity>
    <entity ID="adige20040908_id405907-E22" TYPE="ORG" SUBTYPE="Government" CLASS="SPC">
      <entity_mention ID="adige20040908_id405907-E22-1" TYPE="NAM" PRIMARY="true" METONYMY_MENTION="FALSE">
        <extent>
          <charseq START="1126" END="1169">al Centro di addestramento cinofilo di Moena</charseq>
        </extent>
        <head>
          <charseq START="1129" END="1160">Centro di addestramento cinofilo</charseq>
        </head>
      </entity_mention>
      <entity_attributes>
        <name NAME="Centro di addestramento cinofilo">
          <charseq START="1129" END="1160">Centro di addestramento cinofilo</charseq>
        </name>
      </entity_attributes>
    </entity>
    <entity ID="adige20040908_id405907-E23" TYPE="PER" SUBTYPE="Group" CLASS="SPC">
      <entity_mention ID="adige20040908_id405907-E23-2" TYPE="NOM" PRIMARY="true" METONYMY_MENTION="FALSE">
        <extent>
          <charseq START="270" END="287">un gruppo cinofilo</charseq>
        </extent>
        <head>
          <charseq START="273" END="278">gruppo</charseq>
        </head>
      </entity_mention>
    </entity>
    <entity ID="adige20040908_id405907-E24" TYPE="GPE" SUBTYPE="Population-Center" CLASS="SPC">
      <entity_mention ID="adige20040908_id405907-E24-2" TYPE="NAM" PRIMARY="true" ROLE="GPE" METONYMY_MENTION="FALSE">
        <extent>
          <charseq START="476" END="481">Trento</charseq>
        </extent>
        <head>
          <charseq START="476" END="481">Trento</charseq>
        </head>
      </entity_mention>
      <entity_mention ID="adige20040908_id405907-E24-4" TYPE="NAM" PRIMARY="false" ROLE="ORG" METONYMY_MENTION="FALSE">
        <extent>
          <charseq START="1197" END="1202">Trento</charseq>
        </extent>
        <head>
          <charseq START="1197" END="1202">Trento</charseq>
        </head>
      </entity_mention>
      <entity_mention ID="adige20040908_id405907-E24-6" TYPE="NAM" PRIMARY="false" ROLE="GPE" METONYMY_MENTION="FALSE">
        <extent>
          <charseq START="1350" END="1355">Trento</charseq>
        </extent>
        <head>
          <charseq START="1350" END="1355">Trento</charseq>
        </head>
      </entity_mention>
      <entity_attributes>
        <name NAME="Trento">
          <charseq START="476" END="481">Trento</charseq>
        </name>
        <name NAME="Trento">
          <charseq START="1197" END="1202">Trento</charseq>
        </name>
        <name NAME="Trento">
          <charseq START="1350" END="1355">Trento</charseq>
        </name>
      </entity_attributes>
    </entity>
    <entity ID="adige20040908_id405907-E25" TYPE="GPE" SUBTYPE="Population-Center" CLASS="SPC">
      <entity_mention ID="adige20040908_id405907-E25-2" TYPE="NAM" PRIMARY="true" ROLE="ORG" METONYMY_MENTION="FALSE">
        <extent>
          <charseq START="1165" END="1169">Moena</charseq>
        </extent>
        <head>
          <charseq START="1165" END="1169">Moena</charseq>
        </head>
      </entity_mention>
      <entity_attributes>
        <name NAME="Moena">
          <charseq START="1165" END="1169">Moena</charseq>
        </name>
      </entity_attributes>
    </entity>
  </document>
</source_file>
