<?xml version="1.0" encoding="UTF-8"?>
<!DOCTYPE source_file PUBLIC "SYSTEM" "apf.v5.2.0.dtd">

<source_file URI="adige20040908_id405916.txt" SOURCE="unknown" TYPE="text" VERSION="5.0" AUTHOR="Evalita" ENCODING="UTF-8">
  <document DOCID="adige20040908_id405916">
    <entity ID="adige20040908_id405916-E2" TYPE="PER" SUBTYPE="Group" CLASS="SPC">
      <entity_mention ID="adige20040908_id405916-E2-2" TYPE="NOM" PRIMARY="true" METONYMY_MENTION="FALSE">
        <extent>
          <charseq START="142" END="174">del personale di Trentino Servizi</charseq>
        </extent>
        <head>
          <charseq START="146" END="154">personale</charseq>
        </head>
      </entity_mention>
    </entity>
    <entity ID="adige20040908_id405916-E3" TYPE="PER" SUBTYPE="Group" CLASS="SPC">
      <entity_mention ID="adige20040908_id405916-E3-2" TYPE="NOM" PRIMARY="true" METONYMY_MENTION="FALSE">
        <extent>
          <charseq START="176" END="233">i passeggeri che viaggiano a sbafo sugli autobus cittadini</charseq>
        </extent>
        <head>
          <charseq START="178" END="187">passeggeri</charseq>
        </head>
      </entity_mention>
      <entity_mention ID="adige20040908_id405916-E3-4" TYPE="PRO" PRIMARY="false" METONYMY_MENTION="FALSE">
        <extent>
          <charseq START="75" END="79">il 4%</charseq>
        </extent>
        <head>
          <charseq START="79" END="79">%</charseq>
        </head>
      </entity_mention>
      <entity_mention ID="adige20040908_id405916-E3-6" TYPE="PRO" PRIMARY="false" METONYMY_MENTION="FALSE">
        <extent>
          <charseq START="106" END="110">il 4%</charseq>
        </extent>
        <head>
          <charseq START="110" END="110">%</charseq>
        </head>
      </entity_mention>
      <entity_mention ID="adige20040908_id405916-E3-11" TYPE="NOM" PRIMARY="false" METONYMY_MENTION="FALSE">
        <extent>
          <charseq START="1635" END="1652">quel 4% di abusivi</charseq>
        </extent>
        <head>
          <charseq START="1646" END="1652">abusivi</charseq>
        </head>
      </entity_mention>
    </entity>
    <entity ID="adige20040908_id405916-E4" TYPE="PER" SUBTYPE="Individual" CLASS="SPC">
      <entity_mention ID="adige20040908_id405916-E4-2" TYPE="NAM" PRIMARY="true" METONYMY_MENTION="FALSE">
        <extent>
          <charseq START="387" END="397">Vanni Ceola</charseq>
        </extent>
        <head>
          <charseq START="387" END="397">Vanni Ceola</charseq>
        </head>
      </entity_mention>
      <entity_mention ID="adige20040908_id405916-E4-4" TYPE="NOM" PRIMARY="false" METONYMY_MENTION="FALSE">
        <extent>
          <charseq START="373" END="385">il presidente</charseq>
        </extent>
        <head>
          <charseq START="376" END="385">presidente</charseq>
        </head>
      </entity_mention>
      <entity_mention ID="adige20040908_id405916-E4-6" TYPE="NOM" PRIMARY="false" METONYMY_MENTION="FALSE">
        <extent>
          <charseq START="373" END="397">il presidente Vanni Ceola</charseq>
        </extent>
        <head>
          <charseq START="373" END="397">il presidente Vanni Ceola</charseq>
        </head>
      </entity_mention>
      <entity_mention ID="adige20040908_id405916-E4-8" TYPE="NAM" PRIMARY="false" METONYMY_MENTION="FALSE">
        <extent>
          <charseq START="0" END="4">Ceola</charseq>
        </extent>
        <head>
          <charseq START="0" END="4">Ceola</charseq>
        </head>
      </entity_mention>
      <entity_mention ID="adige20040908_id405916-E4-10" TYPE="NOM" PRIMARY="false" METONYMY_MENTION="FALSE">
        <extent>
          <charseq START="647" END="695">al numero uno della società di trasporto pubblico</charseq>
        </extent>
        <head>
          <charseq START="650" END="659">numero uno</charseq>
        </head>
      </entity_mention>
      <entity_mention ID="adige20040908_id405916-E4-12" TYPE="NAM" PRIMARY="false" METONYMY_MENTION="FALSE">
        <extent>
          <charseq START="1286" END="1290">Ceola</charseq>
        </extent>
        <head>
          <charseq START="1286" END="1290">Ceola</charseq>
        </head>
      </entity_mention>
      <entity_attributes>
        <name NAME="Vanni Ceola">
          <charseq START="387" END="397">Vanni Ceola</charseq>
        </name>
        <name NAME="Ceola">
          <charseq START="0" END="4">Ceola</charseq>
        </name>
        <name NAME="Ceola">
          <charseq START="1286" END="1290">Ceola</charseq>
        </name>
      </entity_attributes>
    </entity>
    <entity ID="adige20040908_id405916-E5" TYPE="PER" SUBTYPE="Individual" CLASS="SPC">
      <entity_mention ID="adige20040908_id405916-E5-2" TYPE="NOM" PRIMARY="true" METONYMY_MENTION="FALSE">
        <extent>
          <charseq START="421" END="520">del ragazzino che ha fornito al controllore che lo aveva beccato senza biglietto il nome di un altro</charseq>
        </extent>
        <head>
          <charseq START="425" END="433">ragazzino</charseq>
        </head>
      </entity_mention>
      <entity_mention ID="adige20040908_id405916-E5-4" TYPE="PRO" PRIMARY="false" METONYMY_MENTION="FALSE">
        <extent>
          <charseq START="435" END="437">che</charseq>
        </extent>
        <head>
          <charseq START="435" END="437">che</charseq>
        </head>
      </entity_mention>
      <entity_mention ID="adige20040908_id405916-E5-6" TYPE="PRO" PRIMARY="false" METONYMY_MENTION="FALSE">
        <extent>
          <charseq START="469" END="470">lo</charseq>
        </extent>
        <head>
          <charseq START="469" END="470">lo</charseq>
        </head>
      </entity_mention>
      <entity_mention ID="adige20040908_id405916-E5-8" TYPE="NOM" PRIMARY="false" METONYMY_MENTION="FALSE">
        <extent>
          <charseq START="1189" END="1201">dal ragazzino</charseq>
        </extent>
        <head>
          <charseq START="1193" END="1201">ragazzino</charseq>
        </head>
      </entity_mention>
      <entity_mention ID="adige20040908_id405916-E5-10" TYPE="NOM" PRIMARY="false" METONYMY_MENTION="FALSE">
        <extent>
          <charseq START="717" END="728">un ragazzino</charseq>
        </extent>
        <head>
          <charseq START="720" END="728">ragazzino</charseq>
        </head>
      </entity_mention>
    </entity>
    <entity ID="adige20040908_id405916-E7" TYPE="PER" SUBTYPE="Individual" CLASS="SPC">
      <entity_mention ID="adige20040908_id405916-E7-2" TYPE="NOM" PRIMARY="true" METONYMY_MENTION="FALSE">
        <extent>
          <charseq START="450" END="500">al controllore che lo aveva beccato senza biglietto</charseq>
        </extent>
        <head>
          <charseq START="453" END="463">controllore</charseq>
        </head>
      </entity_mention>
      <entity_mention ID="adige20040908_id405916-E7-6" TYPE="PRO" PRIMARY="false" METONYMY_MENTION="FALSE">
        <extent>
          <charseq START="465" END="467">che</charseq>
        </extent>
        <head>
          <charseq START="465" END="467">che</charseq>
        </head>
      </entity_mention>
      <entity_mention ID="adige20040908_id405916-E7-8" TYPE="NOM" PRIMARY="false" METONYMY_MENTION="FALSE">
        <extent>
          <charseq START="1143" END="1156">il controllore</charseq>
        </extent>
        <head>
          <charseq START="1146" END="1156">controllore</charseq>
        </head>
      </entity_mention>
    </entity>
    <entity ID="adige20040908_id405916-E8" TYPE="PER" SUBTYPE="Individual" CLASS="SPC">
      <entity_mention ID="adige20040908_id405916-E8-2" TYPE="PRO" PRIMARY="true" METONYMY_MENTION="FALSE">
        <extent>
          <charseq START="513" END="520">un altro</charseq>
        </extent>
        <head>
          <charseq START="516" END="520">altro</charseq>
        </head>
      </entity_mention>
      <entity_mention ID="adige20040908_id405916-E8-4" TYPE="PRO" PRIMARY="false" METONYMY_MENTION="FALSE">
        <extent>
          <charseq START="745" END="752">un altro</charseq>
        </extent>
        <head>
          <charseq START="748" END="752">altro</charseq>
        </head>
      </entity_mention>
    </entity>
    <entity ID="adige20040908_id405916-E11" TYPE="PER" SUBTYPE="Group" CLASS="GEN">
      <entity_mention ID="adige20040908_id405916-E11-2" TYPE="NOM" PRIMARY="true" METONYMY_MENTION="FALSE">
        <extent>
          <charseq START="1300" END="1313">un adolescente</charseq>
        </extent>
        <head>
          <charseq START="1303" END="1313">adolescente</charseq>
        </head>
      </entity_mention>
    </entity>
    <entity ID="adige20040908_id405916-E12" TYPE="PER" SUBTYPE="Group" CLASS="USP">
      <entity_mention ID="adige20040908_id405916-E12-2" TYPE="PRO" PRIMARY="true" METONYMY_MENTION="FALSE">
        <extent>
          <charseq START="1584" END="1588">tutti</charseq>
        </extent>
        <head>
          <charseq START="1584" END="1588">tutti</charseq>
        </head>
      </entity_mention>
    </entity>
    <entity ID="adige20040908_id405916-E13" TYPE="PER" SUBTYPE="Indefinite" CLASS="SPC">
      <entity_mention ID="adige20040908_id405916-E13-2" TYPE="PRO" PRIMARY="true" METONYMY_MENTION="FALSE">
        <extent>
          <charseq START="1522" END="1536">chi non c'entra</charseq>
        </extent>
        <head>
          <charseq START="1522" END="1524">chi</charseq>
        </head>
      </entity_mention>
    </entity>
    <entity ID="adige20040908_id405916-E15" TYPE="PER" SUBTYPE="Group" CLASS="SPC">
      <entity_mention ID="adige20040908_id405916-E15-2" TYPE="NOM" PRIMARY="true" METONYMY_MENTION="FALSE">
        <extent>
          <charseq START="1663" END="1699">gente che fornisce generalità fasulle</charseq>
        </extent>
        <head>
          <charseq START="1663" END="1667">gente</charseq>
        </head>
      </entity_mention>
      <entity_mention ID="adige20040908_id405916-E15-6" TYPE="PRO" PRIMARY="false" METONYMY_MENTION="FALSE">
        <extent>
          <charseq START="1669" END="1671">che</charseq>
        </extent>
        <head>
          <charseq START="1669" END="1671">che</charseq>
        </head>
      </entity_mention>
    </entity>
    <entity ID="adige20040908_id405916-E16" TYPE="PER" SUBTYPE="Group" CLASS="SPC">
      <entity_mention ID="adige20040908_id405916-E16-2" TYPE="NOM" PRIMARY="true" METONYMY_MENTION="FALSE">
        <extent>
          <charseq START="1716" END="1778">i nullatenenti che non possono temere ritorsioni e pignoramenti</charseq>
        </extent>
        <head>
          <charseq START="1718" END="1729">nullatenenti</charseq>
        </head>
      </entity_mention>
      <entity_mention ID="adige20040908_id405916-E16-4" TYPE="PRO" PRIMARY="false" METONYMY_MENTION="FALSE">
        <extent>
          <charseq START="1731" END="1733">che</charseq>
        </extent>
        <head>
          <charseq START="1731" END="1733">che</charseq>
        </head>
      </entity_mention>
      <entity_mention ID="adige20040908_id405916-E16-6" TYPE="PRO" PRIMARY="false" METONYMY_MENTION="FALSE">
        <extent>
          <charseq START="1787" END="1792">quelli</charseq>
        </extent>
        <head>
          <charseq START="1787" END="1792">quelli</charseq>
        </head>
      </entity_mention>
    </entity>
    <entity ID="adige20040908_id405916-E21" TYPE="PER" SUBTYPE="Group" CLASS="GEN">
      <entity_mention ID="adige20040908_id405916-E21-2" TYPE="PRO" PRIMARY="true" METONYMY_MENTION="FALSE">
        <extent>
          <charseq START="1435" END="1488">uno che può essere, come in questo caso, un truffatore</charseq>
        </extent>
        <head>
          <charseq START="1435" END="1437">uno</charseq>
        </head>
      </entity_mention>
      <entity_mention ID="adige20040908_id405916-E21-4" TYPE="PRO" PRIMARY="false" METONYMY_MENTION="FALSE">
        <extent>
          <charseq START="1439" END="1441">che</charseq>
        </extent>
        <head>
          <charseq START="1439" END="1441">che</charseq>
        </head>
      </entity_mention>
      <entity_mention ID="adige20040908_id405916-E21-6" TYPE="NOM" PRIMARY="false" METONYMY_MENTION="FALSE">
        <extent>
          <charseq START="1476" END="1488">un truffatore</charseq>
        </extent>
        <head>
          <charseq START="1479" END="1488">truffatore</charseq>
        </head>
      </entity_mention>
    </entity>
    <entity ID="adige20040908_id405916-E23" TYPE="PER" SUBTYPE="Indefinite" CLASS="USP">
      <entity_mention ID="adige20040908_id405916-E23-2" TYPE="PRO" PRIMARY="true" METONYMY_MENTION="FALSE">
        <extent>
          <charseq START="904" END="905">si</charseq>
        </extent>
        <head>
          <charseq START="904" END="905">si</charseq>
        </head>
      </entity_mention>
    </entity>
    <entity ID="adige20040908_id405916-E24" TYPE="PER" SUBTYPE="Group" CLASS="USP">
      <entity_mention ID="adige20040908_id405916-E24-1" TYPE="PRO" PRIMARY="true" METONYMY_MENTION="FALSE">
        <extent>
          <charseq START="348" END="349">ci</charseq>
        </extent>
        <head>
          <charseq START="348" END="349">ci</charseq>
        </head>
      </entity_mention>
    </entity>
    <entity ID="adige20040908_id405916-E25" TYPE="PER" SUBTYPE="Group" CLASS="GEN">
      <entity_mention ID="adige20040908_id405916-E25-1" TYPE="NOM" PRIMARY="true" METONYMY_MENTION="FALSE">
        <extent>
          <charseq START="1876" END="1890">dei controllori</charseq>
        </extent>
        <head>
          <charseq START="1880" END="1890">controllori</charseq>
        </head>
      </entity_mention>
    </entity>
    <entity ID="adige20040908_id405916-E26" TYPE="ORG" SUBTYPE="Commercial" CLASS="SPC">
      <entity_mention ID="adige20040908_id405916-E26-4" TYPE="NOM" PRIMARY="true" METONYMY_MENTION="FALSE">
        <extent>
          <charseq START="661" END="695">della società di trasporto pubblico</charseq>
        </extent>
        <head>
          <charseq START="667" END="673">società</charseq>
        </head>
      </entity_mention>
      <entity_mention ID="adige20040908_id405916-E26-6" TYPE="PRO" PRIMARY="false" METONYMY_MENTION="FALSE">
        <extent>
          <charseq START="980" END="985">nostri</charseq>
        </extent>
        <head>
          <charseq START="980" END="985">nostri</charseq>
        </head>
      </entity_mention>
    </entity>
    <entity ID="adige20040908_id405916-E27" TYPE="ORG" SUBTYPE="Media" CLASS="SPC">
      <entity_mention ID="adige20040908_id405916-E27-2" TYPE="NAM" PRIMARY="true" METONYMY_MENTION="FALSE">
        <extent>
          <charseq START="541" END="547">L'Adige</charseq>
        </extent>
        <head>
          <charseq START="541" END="547">L'Adige</charseq>
        </head>
      </entity_mention>
      <entity_attributes>
        <name NAME="L'Adige">
          <charseq START="541" END="547">L'Adige</charseq>
        </name>
      </entity_attributes>
    </entity>
    <entity ID="adige20040908_id405916-E28" TYPE="ORG" SUBTYPE="Commercial" CLASS="SPC">
      <entity_mention ID="adige20040908_id405916-E28-2" TYPE="NAM" PRIMARY="true" METONYMY_MENTION="FALSE">
        <extent>
          <charseq START="159" END="174">Trentino Servizi</charseq>
        </extent>
        <head>
          <charseq START="159" END="174">Trentino Servizi</charseq>
        </head>
      </entity_mention>
      <entity_attributes>
        <name NAME="Trentino Servizi">
          <charseq START="159" END="174">Trentino Servizi</charseq>
        </name>
      </entity_attributes>
    </entity>
    <entity ID="adige20040908_id405916-E30" TYPE="GPE" SUBTYPE="Population-Center" CLASS="SPC">
      <entity_mention ID="adige20040908_id405916-E30-2" TYPE="NAM" PRIMARY="true" ROLE="LOC" METONYMY_MENTION="FALSE">
        <extent>
          <charseq START="869" END="874">Verona</charseq>
        </extent>
        <head>
          <charseq START="869" END="874">Verona</charseq>
        </head>
      </entity_mention>
      <entity_attributes>
        <name NAME="Verona">
          <charseq START="869" END="874">Verona</charseq>
        </name>
      </entity_attributes>
    </entity>
    <entity ID="adige20040908_id405916-E31" TYPE="GPE" SUBTYPE="State-or-Province" CLASS="SPC">
      <entity_mention ID="adige20040908_id405916-E31-2" TYPE="NAM" PRIMARY="true" ROLE="GPE" METONYMY_MENTION="FALSE">
        <extent>
          <charseq START="1108" END="1118">provinciale</charseq>
        </extent>
        <head>
          <charseq START="1108" END="1118">provinciale</charseq>
        </head>
      </entity_mention>
    </entity>
  </document>
</source_file>
