<?xml version="1.0" encoding="UTF-8"?>
<!DOCTYPE source_file PUBLIC "SYSTEM" "apf.v5.2.0.dtd">

<source_file URI="adige20040908_id405914.txt" SOURCE="unknown" TYPE="text" VERSION="5.0" AUTHOR="Evalita" ENCODING="UTF-8">
  <document DOCID="adige20040908_id405914">
    <entity ID="adige20040908_id405914-E1" TYPE="PER" SUBTYPE="Group" CLASS="GEN">
      <entity_mention ID="adige20040908_id405914-E1-2" TYPE="NOM" PRIMARY="true" METONYMY_MENTION="FALSE">
        <extent>
          <charseq START="30" END="37">i minori</charseq>
        </extent>
        <head>
          <charseq START="32" END="37">minori</charseq>
        </head>
      </entity_mention>
    </entity>
    <entity ID="adige20040908_id405914-E3" TYPE="PER" SUBTYPE="Group" CLASS="SPC">
      <entity_mention ID="adige20040908_id405914-E3-2" TYPE="NOM" PRIMARY="true" METONYMY_MENTION="FALSE">
        <extent>
          <charseq START="352" END="443">Gli ospiti attualmente accolti e inviati dai servizi sociali e dal tribunale per i minorenni</charseq>
        </extent>
        <head>
          <charseq START="356" END="361">ospiti</charseq>
        </head>
      </entity_mention>
      <entity_mention ID="adige20040908_id405914-E3-4" TYPE="PRO" PRIMARY="false" METONYMY_MENTION="FALSE">
        <extent>
          <charseq START="510" END="511">li</charseq>
        </extent>
        <head>
          <charseq START="510" END="511">li</charseq>
        </head>
      </entity_mention>
      <entity_mention ID="adige20040908_id405914-E3-6" TYPE="PRO" PRIMARY="false" METONYMY_MENTION="FALSE">
        <extent>
          <charseq START="454" END="465">il centinaio</charseq>
        </extent>
        <head>
          <charseq START="457" END="465">centinaio</charseq>
        </head>
      </entity_mention>
    </entity>
    <entity ID="adige20040908_id405914-E5" TYPE="PER" SUBTYPE="Group" CLASS="SPC">
      <entity_mention ID="adige20040908_id405914-E5-2" TYPE="NOM" PRIMARY="true" METONYMY_MENTION="FALSE">
        <extent>
          <charseq START="478" END="593">gli educatori professionali che li seguono nelle oltre quindici realtà in cui si articola la struttura assistenziale</charseq>
        </extent>
        <head>
          <charseq START="482" END="490">educatori</charseq>
        </head>
      </entity_mention>
      <entity_mention ID="adige20040908_id405914-E5-4" TYPE="PRO" PRIMARY="false" METONYMY_MENTION="FALSE">
        <extent>
          <charseq START="506" END="508">che</charseq>
        </extent>
        <head>
          <charseq START="506" END="508">che</charseq>
        </head>
      </entity_mention>
    </entity>
    <entity ID="adige20040908_id405914-E6" TYPE="PER" SUBTYPE="Group" CLASS="SPC">
      <entity_mention ID="adige20040908_id405914-E6-2" TYPE="NOM" PRIMARY="true" METONYMY_MENTION="FALSE">
        <extent>
          <charseq START="214" END="232">dei gruppi famiglia</charseq>
        </extent>
        <head>
          <charseq START="225" END="232">famiglia</charseq>
        </head>
      </entity_mention>
    </entity>
    <entity ID="adige20040908_id405914-E7" TYPE="ORG" SUBTYPE="Non-Governmental" CLASS="SPC">
      <entity_mention ID="adige20040908_id405914-E7-2" TYPE="NAM" PRIMARY="true" METONYMY_MENTION="FALSE">
        <extent>
          <charseq START="72" END="132">dell'Associazione provinciale per i problemi dei minori onlus</charseq>
        </extent>
        <head>
          <charseq START="77" END="132">Associazione provinciale per i problemi dei minori onlus</charseq>
        </head>
      </entity_mention>
      <entity_mention ID="adige20040908_id405914-E7-4" TYPE="NAM" PRIMARY="false" METONYMY_MENTION="FALSE">
        <extent>
          <charseq START="596" END="601">L'Appm</charseq>
        </extent>
        <head>
          <charseq START="598" END="601">Appm</charseq>
        </head>
      </entity_mention>
      <entity_mention ID="adige20040908_id405914-E7-6" TYPE="NOM" PRIMARY="false" METONYMY_MENTION="FALSE">
        <extent>
          <charseq START="646" END="689">una onlus finanziata in toto dalla Provincia</charseq>
        </extent>
        <head>
          <charseq START="650" END="654">onlus</charseq>
        </head>
      </entity_mention>
      <entity_mention ID="adige20040908_id405914-E7-8" TYPE="NAM" PRIMARY="false" METONYMY_MENTION="FALSE">
        <extent>
          <charseq START="0" END="3">Appm</charseq>
        </extent>
        <head>
          <charseq START="0" END="3">Appm</charseq>
        </head>
      </entity_mention>
      <entity_attributes>
        <name NAME="Associazione provinciale per i problemi dei minori onlus">
          <charseq START="77" END="132">Associazione provinciale per i problemi dei minori onlus</charseq>
        </name>
        <name NAME="Appm">
          <charseq START="598" END="601">Appm</charseq>
        </name>
        <name NAME="Appm">
          <charseq START="0" END="3">Appm</charseq>
        </name>
      </entity_attributes>
    </entity>
    <entity ID="adige20040908_id405914-E8" TYPE="ORG" SUBTYPE="Government" CLASS="SPC">
      <entity_mention ID="adige20040908_id405914-E8-2" TYPE="NAM" PRIMARY="true" METONYMY_MENTION="FALSE">
        <extent>
          <charseq START="415" END="443">dal tribunale per i minorenni</charseq>
        </extent>
        <head>
          <charseq START="419" END="443">tribunale per i minorenni</charseq>
        </head>
      </entity_mention>
      <entity_attributes>
        <name NAME="tribunale per i minorenni">
          <charseq START="419" END="443">tribunale per i minorenni</charseq>
        </name>
      </entity_attributes>
    </entity>
    <entity ID="adige20040908_id405914-E10" TYPE="GPE" SUBTYPE="State-or-Province" CLASS="SPC">
      <entity_mention ID="adige20040908_id405914-E10-2" TYPE="NAM" PRIMARY="true" ROLE="ORG" METONYMY_MENTION="FALSE">
        <extent>
          <charseq START="675" END="689">dalla Provincia</charseq>
        </extent>
        <head>
          <charseq START="681" END="689">Provincia</charseq>
        </head>
      </entity_mention>
      <entity_mention ID="adige20040908_id405914-E10-4" TYPE="NAM" PRIMARY="false" ROLE="GPE" METONYMY_MENTION="FALSE">
        <extent>
          <charseq START="312" END="322">provinciale</charseq>
        </extent>
        <head>
          <charseq START="312" END="322">provinciale</charseq>
        </head>
      </entity_mention>
      <entity_mention ID="adige20040908_id405914-E10-6" TYPE="NAM" PRIMARY="false" ROLE="LOC" METONYMY_MENTION="FALSE">
        <extent>
          <charseq START="612" END="619">Trentino</charseq>
        </extent>
        <head>
          <charseq START="612" END="619">Trentino</charseq>
        </head>
      </entity_mention>
      <entity_mention ID="adige20040908_id405914-E10-7" TYPE="NOM" PRIMARY="false" ROLE="LOC" METONYMY_MENTION="FALSE">
        <extent>
          <charseq START="297" END="322">sul territorio provinciale</charseq>
        </extent>
        <head>
          <charseq START="301" END="310">territorio</charseq>
        </head>
      </entity_mention>
      <entity_attributes>
        <name NAME="Provincia">
          <charseq START="681" END="689">Provincia</charseq>
        </name>
        <name NAME="Trentino">
          <charseq START="612" END="619">Trentino</charseq>
        </name>
      </entity_attributes>
    </entity>
    <entity ID="adige20040908_id405914-E11" TYPE="ORG" SUBTYPE="Government" CLASS="SPC">
      <entity_mention ID="adige20040908_id405914-E11-1" TYPE="NAM" PRIMARY="true" METONYMY_MENTION="FALSE">
        <extent>
          <charseq START="393" END="411">dai servizi sociali</charseq>
        </extent>
        <head>
          <charseq START="397" END="411">servizi sociali</charseq>
        </head>
      </entity_mention>
      <entity_attributes>
        <name NAME="servizi sociali">
          <charseq START="397" END="411">servizi sociali</charseq>
        </name>
      </entity_attributes>
    </entity>
    <entity ID="adige20040908_id405914-E12" TYPE="ORG" SUBTYPE="Government" CLASS="SPC">
      <entity_mention ID="adige20040908_id405914-E12-1" TYPE="NAM" PRIMARY="true" METONYMY_MENTION="FALSE">
        <extent>
          <charseq START="393" END="443">dai servizi sociali e dal tribunale per i minorenni</charseq>
        </extent>
        <head>
          <charseq START="393" END="443">dai servizi sociali e dal tribunale per i minorenni</charseq>
        </head>
      </entity_mention>
      <entity_attributes>
        <name NAME="dai servizi sociali e dal tribunale per i minorenni">
          <charseq START="393" END="443">dai servizi sociali e dal tribunale per i minorenni</charseq>
        </name>
      </entity_attributes>
    </entity>
  </document>
</source_file>
