<?xml version="1.0" encoding="UTF-8"?>
<!DOCTYPE source_file PUBLIC "SYSTEM" "apf.v5.2.0.dtd">

<source_file URI="adige20040908_id405885.txt" SOURCE="unknown" TYPE="text" VERSION="5.0" AUTHOR="Evalita" ENCODING="UTF-8">
  <document DOCID="adige20040908_id405885">
    <entity ID="adige20040908_id405885-E1" TYPE="PER" SUBTYPE="Individual" CLASS="SPC">
      <entity_mention ID="adige20040908_id405885-E1-2" TYPE="NAM" PRIMARY="true" METONYMY_MENTION="FALSE">
        <extent>
          <charseq START="297" END="309">Giacomo Bezzi</charseq>
        </extent>
        <head>
          <charseq START="297" END="309">Giacomo Bezzi</charseq>
        </head>
      </entity_mention>
      <entity_mention ID="adige20040908_id405885-E1-3" TYPE="NOM" PRIMARY="false" METONYMY_MENTION="FALSE">
        <extent>
          <charseq START="257" END="295">Il presidente del consiglio provinciale</charseq>
        </extent>
        <head>
          <charseq START="260" END="269">presidente</charseq>
        </head>
      </entity_mention>
      <entity_mention ID="adige20040908_id405885-E1-4" TYPE="NOM" PRIMARY="false" METONYMY_MENTION="FALSE">
        <extent>
          <charseq START="257" END="309">Il presidente del consiglio provinciale Giacomo Bezzi</charseq>
        </extent>
        <head>
          <charseq START="257" END="309">Il presidente del consiglio provinciale Giacomo Bezzi</charseq>
        </head>
      </entity_mention>
      <entity_mention ID="adige20040908_id405885-E1-5" TYPE="NAM" PRIMARY="false" METONYMY_MENTION="FALSE">
        <extent>
          <charseq START="595" END="599">Bezzi</charseq>
        </extent>
        <head>
          <charseq START="595" END="599">Bezzi</charseq>
        </head>
      </entity_mention>
      <entity_mention ID="adige20040908_id405885-E1-6" TYPE="NAM" PRIMARY="false" METONYMY_MENTION="FALSE">
        <extent>
          <charseq START="1050" END="1054">Bezzi</charseq>
        </extent>
        <head>
          <charseq START="1050" END="1054">Bezzi</charseq>
        </head>
      </entity_mention>
      <entity_mention ID="adige20040908_id405885-E1-8" TYPE="NAM" PRIMARY="false" METONYMY_MENTION="FALSE">
        <extent>
          <charseq START="22" END="34">Giacomo Bezzi</charseq>
        </extent>
        <head>
          <charseq START="22" END="34">Giacomo Bezzi</charseq>
        </head>
      </entity_mention>
      <entity_attributes>
        <name NAME="Giacomo Bezzi">
          <charseq START="297" END="309">Giacomo Bezzi</charseq>
        </name>
        <name NAME="Bezzi">
          <charseq START="595" END="599">Bezzi</charseq>
        </name>
        <name NAME="Bezzi">
          <charseq START="1050" END="1054">Bezzi</charseq>
        </name>
        <name NAME="Giacomo Bezzi">
          <charseq START="22" END="34">Giacomo Bezzi</charseq>
        </name>
      </entity_attributes>
    </entity>
    <entity ID="adige20040908_id405885-E2" TYPE="PER" SUBTYPE="Individual" CLASS="SPC">
      <entity_mention ID="adige20040908_id405885-E2-2" TYPE="NAM" PRIMARY="true" METONYMY_MENTION="FALSE">
        <extent>
          <charseq START="1209" END="1221">Mario Magnani</charseq>
        </extent>
        <head>
          <charseq START="1209" END="1221">Mario Magnani</charseq>
        </head>
      </entity_mention>
      <entity_mention ID="adige20040908_id405885-E2-3" TYPE="NOM" PRIMARY="false" METONYMY_MENTION="FALSE">
        <extent>
          <charseq START="1170" END="1207">del presidente del consiglio regionale</charseq>
        </extent>
        <head>
          <charseq START="1174" END="1183">presidente</charseq>
        </head>
      </entity_mention>
      <entity_mention ID="adige20040908_id405885-E2-4" TYPE="NOM" PRIMARY="false" METONYMY_MENTION="FALSE">
        <extent>
          <charseq START="1170" END="1221">del presidente del consiglio regionale Mario Magnani</charseq>
        </extent>
        <head>
          <charseq START="1170" END="1221">del presidente del consiglio regionale Mario Magnani</charseq>
        </head>
      </entity_mention>
      <entity_mention ID="adige20040908_id405885-E2-5" TYPE="NOM" PRIMARY="false" METONYMY_MENTION="FALSE">
        <extent>
          <charseq START="1470" END="1506">il presidente del consiglio regionale</charseq>
        </extent>
        <head>
          <charseq START="1473" END="1482">presidente</charseq>
        </head>
      </entity_mention>
      <entity_mention ID="adige20040908_id405885-E2-6" TYPE="PRO" PRIMARY="false" METONYMY_MENTION="FALSE">
        <extent>
          <charseq START="1595" END="1597">mia</charseq>
        </extent>
        <head>
          <charseq START="1595" END="1597">mia</charseq>
        </head>
      </entity_mention>
      <entity_mention ID="adige20040908_id405885-E2-8" TYPE="PRO" PRIMARY="false" METONYMY_MENTION="FALSE">
        <extent>
          <charseq START="1735" END="1736">mi</charseq>
        </extent>
        <head>
          <charseq START="1735" END="1736">mi</charseq>
        </head>
      </entity_mention>
      <entity_mention ID="adige20040908_id405885-E2-10" TYPE="NAM" PRIMARY="false" METONYMY_MENTION="FALSE">
        <extent>
          <charseq START="38" END="50">Mario Magnani</charseq>
        </extent>
        <head>
          <charseq START="38" END="50">Mario Magnani</charseq>
        </head>
      </entity_mention>
      <entity_attributes>
        <name NAME="Mario Magnani">
          <charseq START="1209" END="1221">Mario Magnani</charseq>
        </name>
        <name NAME="Mario Magnani">
          <charseq START="38" END="50">Mario Magnani</charseq>
        </name>
      </entity_attributes>
    </entity>
    <entity ID="adige20040908_id405885-E4" TYPE="PER" SUBTYPE="Group" CLASS="SPC">
      <entity_mention ID="adige20040908_id405885-E4-1" TYPE="NOM" PRIMARY="true" METONYMY_MENTION="FALSE">
        <extent>
          <charseq START="101" END="121">i nostri parlamentari</charseq>
        </extent>
        <head>
          <charseq START="110" END="121">parlamentari</charseq>
        </head>
      </entity_mention>
      <entity_mention ID="adige20040908_id405885-E4-2" TYPE="NOM" PRIMARY="false" METONYMY_MENTION="FALSE">
        <extent>
          <charseq START="152" END="172">i nostri parlamentari</charseq>
        </extent>
        <head>
          <charseq START="161" END="172">parlamentari</charseq>
        </head>
      </entity_mention>
    </entity>
    <entity ID="adige20040908_id405885-E6" TYPE="PER" SUBTYPE="Individual" CLASS="SPC">
      <entity_mention ID="adige20040908_id405885-E6-1" TYPE="NOM" PRIMARY="true" METONYMY_MENTION="FALSE">
        <extent>
          <charseq START="403" END="414">del ministro</charseq>
        </extent>
        <head>
          <charseq START="407" END="414">ministro</charseq>
        </head>
      </entity_mention>
    </entity>
    <entity ID="adige20040908_id405885-E9" TYPE="PER" SUBTYPE="Individual" CLASS="SPC">
      <entity_mention ID="adige20040908_id405885-E9-1" TYPE="NAM" PRIMARY="true" METONYMY_MENTION="FALSE">
        <extent>
          <charseq START="1355" END="1363">Calderoli</charseq>
        </extent>
        <head>
          <charseq START="1355" END="1363">Calderoli</charseq>
        </head>
      </entity_mention>
      <entity_attributes>
        <name NAME="Calderoli">
          <charseq START="1355" END="1363">Calderoli</charseq>
        </name>
      </entity_attributes>
    </entity>
    <entity ID="adige20040908_id405885-E10" TYPE="PER" SUBTYPE="Individual" CLASS="SPC">
      <entity_mention ID="adige20040908_id405885-E10-1" TYPE="NAM" PRIMARY="true" METONYMY_MENTION="FALSE">
        <extent>
          <charseq START="1367" END="1375">La Loggia</charseq>
        </extent>
        <head>
          <charseq START="1367" END="1375">La Loggia</charseq>
        </head>
      </entity_mention>
      <entity_attributes>
        <name NAME="La Loggia">
          <charseq START="1367" END="1375">La Loggia</charseq>
        </name>
      </entity_attributes>
    </entity>
    <entity ID="adige20040908_id405885-E12" TYPE="PER" SUBTYPE="Group" CLASS="SPC">
      <entity_mention ID="adige20040908_id405885-E12-1" TYPE="NOM" PRIMARY="true" METONYMY_MENTION="FALSE">
        <extent>
          <charseq START="489" END="552">dai rappresentanti istituzionali delle realtà a statuto speciale</charseq>
        </extent>
        <head>
          <charseq START="493" END="506">rappresentanti</charseq>
        </head>
      </entity_mention>
      <entity_mention ID="adige20040908_id405885-E12-2" TYPE="PRO" PRIMARY="false" METONYMY_MENTION="FALSE">
        <extent>
          <charseq START="1377" END="1378">ci</charseq>
        </extent>
        <head>
          <charseq START="1377" END="1378">ci</charseq>
        </head>
      </entity_mention>
    </entity>
    <entity ID="adige20040908_id405885-E13" TYPE="PER" SUBTYPE="Indefinite" CLASS="USP">
      <entity_mention ID="adige20040908_id405885-E13-2" TYPE="PRO" PRIMARY="true" METONYMY_MENTION="FALSE">
        <extent>
          <charseq START="213" END="214">si</charseq>
        </extent>
        <head>
          <charseq START="213" END="214">si</charseq>
        </head>
      </entity_mention>
    </entity>
    <entity ID="adige20040908_id405885-E14" TYPE="PER" SUBTYPE="Indefinite" CLASS="USP">
      <entity_mention ID="adige20040908_id405885-E14-2" TYPE="PRO" PRIMARY="true" METONYMY_MENTION="FALSE">
        <extent>
          <charseq START="1853" END="1854">si</charseq>
        </extent>
        <head>
          <charseq START="1853" END="1854">si</charseq>
        </head>
      </entity_mention>
    </entity>
    <entity ID="adige20040908_id405885-E15" TYPE="PER" SUBTYPE="Indefinite" CLASS="USP">
      <entity_mention ID="adige20040908_id405885-E15-2" TYPE="PRO" PRIMARY="true" METONYMY_MENTION="FALSE">
        <extent>
          <charseq START="1548" END="1549">si</charseq>
        </extent>
        <head>
          <charseq START="1548" END="1549">si</charseq>
        </head>
      </entity_mention>
    </entity>
    <entity ID="adige20040908_id405885-E16" TYPE="PER" SUBTYPE="Indefinite" CLASS="USP">
      <entity_mention ID="adige20040908_id405885-E16-2" TYPE="PRO" PRIMARY="true" METONYMY_MENTION="FALSE">
        <extent>
          <charseq START="1403" END="1404">si</charseq>
        </extent>
        <head>
          <charseq START="1403" END="1404">si</charseq>
        </head>
      </entity_mention>
    </entity>
    <entity ID="adige20040908_id405885-E17" TYPE="PER" SUBTYPE="Group" CLASS="SPC">
      <entity_mention ID="adige20040908_id405885-E17-2" TYPE="NOM" PRIMARY="true" METONYMY_MENTION="FALSE">
        <extent>
          <charseq START="440" END="455">alla maggioranza</charseq>
        </extent>
        <head>
          <charseq START="445" END="455">maggioranza</charseq>
        </head>
      </entity_mention>
      <entity_mention ID="adige20040908_id405885-E17-4" TYPE="NOM" PRIMARY="false" METONYMY_MENTION="FALSE">
        <extent>
          <charseq START="1418" END="1434">nella maggioranza</charseq>
        </extent>
        <head>
          <charseq START="1424" END="1434">maggioranza</charseq>
        </head>
      </entity_mention>
    </entity>
    <entity ID="adige20040908_id405885-E19" TYPE="PER" SUBTYPE="Group" CLASS="SPC">
      <entity_mention ID="adige20040908_id405885-E19-2" TYPE="NAM" PRIMARY="true" METONYMY_MENTION="FALSE">
        <extent>
          <charseq START="22" END="50">Giacomo Bezzi e Mario Magnani</charseq>
        </extent>
        <head>
          <charseq START="22" END="50">Giacomo Bezzi e Mario Magnani</charseq>
        </head>
      </entity_mention>
      <entity_mention ID="adige20040908_id405885-E19-6" TYPE="NOM" PRIMARY="false" METONYMY_MENTION="FALSE">
        <extent>
          <charseq START="9" END="20">i presidenti</charseq>
        </extent>
        <head>
          <charseq START="11" END="20">presidenti</charseq>
        </head>
      </entity_mention>
      <entity_mention ID="adige20040908_id405885-E19-8" TYPE="NOM" PRIMARY="false" METONYMY_MENTION="FALSE">
        <extent>
          <charseq START="9" END="50">i presidenti Giacomo Bezzi e Mario Magnani</charseq>
        </extent>
        <head>
          <charseq START="9" END="50">i presidenti Giacomo Bezzi e Mario Magnani</charseq>
        </head>
      </entity_mention>
      <entity_attributes>
        <name NAME="Giacomo Bezzi e Mario Magnani">
          <charseq START="22" END="50">Giacomo Bezzi e Mario Magnani</charseq>
        </name>
      </entity_attributes>
    </entity>
    <entity ID="adige20040908_id405885-E20" TYPE="PER" SUBTYPE="Group" CLASS="SPC">
      <entity_mention ID="adige20040908_id405885-E20-2" TYPE="NAM" PRIMARY="true" METONYMY_MENTION="FALSE">
        <extent>
          <charseq START="1355" END="1375">Calderoli e La Loggia</charseq>
        </extent>
        <head>
          <charseq START="1355" END="1375">Calderoli e La Loggia</charseq>
        </head>
      </entity_mention>
      <entity_mention ID="adige20040908_id405885-E20-4" TYPE="NOM" PRIMARY="false" METONYMY_MENTION="FALSE">
        <extent>
          <charseq START="1344" END="1353">i ministri</charseq>
        </extent>
        <head>
          <charseq START="1346" END="1353">ministri</charseq>
        </head>
      </entity_mention>
      <entity_mention ID="adige20040908_id405885-E20-6" TYPE="NOM" PRIMARY="false" METONYMY_MENTION="FALSE">
        <extent>
          <charseq START="1344" END="1375">i ministri Calderoli e La Loggia</charseq>
        </extent>
        <head>
          <charseq START="1344" END="1375">i ministri Calderoli e La Loggia</charseq>
        </head>
      </entity_mention>
      <entity_attributes>
        <name NAME="Calderoli e La Loggia">
          <charseq START="1355" END="1375">Calderoli e La Loggia</charseq>
        </name>
      </entity_attributes>
    </entity>
    <entity ID="adige20040908_id405885-E21" TYPE="ORG" SUBTYPE="Government" CLASS="SPC">
      <entity_mention ID="adige20040908_id405885-E21-1" TYPE="NAM" PRIMARY="true" METONYMY_MENTION="FALSE">
        <extent>
          <charseq START="271" END="295">del consiglio provinciale</charseq>
        </extent>
        <head>
          <charseq START="275" END="295">consiglio provinciale</charseq>
        </head>
      </entity_mention>
      <entity_attributes>
        <name NAME="consiglio provinciale">
          <charseq START="275" END="295">consiglio provinciale</charseq>
        </name>
      </entity_attributes>
    </entity>
    <entity ID="adige20040908_id405885-E22" TYPE="ORG" SUBTYPE="Non-Governmental" CLASS="SPC">
      <entity_mention ID="adige20040908_id405885-E22-1" TYPE="NAM" PRIMARY="true" METONYMY_MENTION="FALSE">
        <extent>
          <charseq START="659" END="668">della Lega</charseq>
        </extent>
        <head>
          <charseq START="665" END="668">Lega</charseq>
        </head>
      </entity_mention>
      <entity_attributes>
        <name NAME="Lega">
          <charseq START="665" END="668">Lega</charseq>
        </name>
      </entity_attributes>
    </entity>
    <entity ID="adige20040908_id405885-E23" TYPE="ORG" SUBTYPE="Government" CLASS="SPC">
      <entity_mention ID="adige20040908_id405885-E23-1" TYPE="NAM" PRIMARY="true" METONYMY_MENTION="FALSE">
        <extent>
          <charseq START="1185" END="1207">del consiglio regionale</charseq>
        </extent>
        <head>
          <charseq START="1189" END="1207">consiglio regionale</charseq>
        </head>
      </entity_mention>
      <entity_mention ID="adige20040908_id405885-E23-2" TYPE="NAM" PRIMARY="false" METONYMY_MENTION="FALSE">
        <extent>
          <charseq START="1484" END="1506">del consiglio regionale</charseq>
        </extent>
        <head>
          <charseq START="1488" END="1506">consiglio regionale</charseq>
        </head>
      </entity_mention>
      <entity_attributes>
        <name NAME="consiglio regionale">
          <charseq START="1189" END="1207">consiglio regionale</charseq>
        </name>
        <name NAME="consiglio regionale">
          <charseq START="1488" END="1506">consiglio regionale</charseq>
        </name>
      </entity_attributes>
    </entity>
    <entity ID="adige20040908_id405885-E24" TYPE="GPE" SUBTYPE="State-or-Province" CLASS="SPC">
      <entity_mention ID="adige20040908_id405885-E24-2" TYPE="NOM" PRIMARY="true" ROLE="GPE" METONYMY_MENTION="FALSE">
        <extent>
          <charseq START="522" END="552">delle realtà a statuto speciale</charseq>
        </extent>
        <head>
          <charseq START="528" END="533">realtà</charseq>
        </head>
      </entity_mention>
    </entity>
    <entity ID="adige20040908_id405885-E25" TYPE="GPE" SUBTYPE="Population-Center" CLASS="SPC">
      <entity_mention ID="adige20040908_id405885-E25-2" TYPE="NAM" PRIMARY="true" ROLE="ORG" METONYMY_MENTION="FALSE">
        <extent>
          <charseq START="1619" END="1622">Roma</charseq>
        </extent>
        <head>
          <charseq START="1619" END="1622">Roma</charseq>
        </head>
      </entity_mention>
      <entity_attributes>
        <name NAME="Roma">
          <charseq START="1619" END="1622">Roma</charseq>
        </name>
      </entity_attributes>
    </entity>
    <entity ID="adige20040908_id405885-E26" TYPE="GPE" SUBTYPE="State-or-Province" CLASS="SPC">
      <entity_mention ID="adige20040908_id405885-E26-2" TYPE="NAM" PRIMARY="true" ROLE="GPE" METONYMY_MENTION="FALSE">
        <extent>
          <charseq START="1715" END="1726">sul Trentino</charseq>
        </extent>
        <head>
          <charseq START="1719" END="1726">Trentino</charseq>
        </head>
      </entity_mention>
      <entity_mention ID="adige20040908_id405885-E26-4" TYPE="NAM" PRIMARY="false" ROLE="GPE" METONYMY_MENTION="FALSE">
        <extent>
          <charseq START="1747" END="1758">del Trentino</charseq>
        </extent>
        <head>
          <charseq START="1751" END="1758">Trentino</charseq>
        </head>
      </entity_mention>
      <entity_mention ID="adige20040908_id405885-E26-6" TYPE="NAM" PRIMARY="false" ROLE="GPE" METONYMY_MENTION="FALSE">
        <extent>
          <charseq START="1828" END="1833">nostra</charseq>
        </extent>
        <head>
          <charseq START="1828" END="1833">nostra</charseq>
        </head>
      </entity_mention>
      <entity_mention ID="adige20040908_id405885-E26-8" TYPE="NAM" PRIMARY="false" ROLE="GPE" METONYMY_MENTION="FALSE">
        <extent>
          <charseq START="154" END="159">nostri</charseq>
        </extent>
        <head>
          <charseq START="154" END="159">nostri</charseq>
        </head>
      </entity_mention>
      <entity_mention ID="adige20040908_id405885-E26-10" TYPE="NAM" PRIMARY="false" ROLE="GPE" METONYMY_MENTION="FALSE">
        <extent>
          <charseq START="735" END="740">nostre</charseq>
        </extent>
        <head>
          <charseq START="735" END="740">nostre</charseq>
        </head>
      </entity_mention>
      <entity_mention ID="adige20040908_id405885-E26-12" TYPE="NAM" PRIMARY="false" ROLE="GPE" METONYMY_MENTION="FALSE">
        <extent>
          <charseq START="103" END="108">nostri</charseq>
        </extent>
        <head>
          <charseq START="103" END="108">nostri</charseq>
        </head>
      </entity_mention>
      <entity_mention ID="adige20040908_id405885-E26-14" TYPE="PRO" PRIMARY="false" ROLE="GPE" METONYMY_MENTION="FALSE">
        <extent>
          <charseq START="1125" END="1130">nostre</charseq>
        </extent>
        <head>
          <charseq START="1125" END="1130">nostre</charseq>
        </head>
      </entity_mention>
      <entity_mention ID="adige20040908_id405885-E26-16" TYPE="NOM" PRIMARY="false" ROLE="PER" METONYMY_MENTION="FALSE">
        <extent>
          <charseq START="1119" END="1142">delle nostre popolazioni</charseq>
        </extent>
        <head>
          <charseq START="1132" END="1142">popolazioni</charseq>
        </head>
      </entity_mention>
      <entity_attributes>
        <name NAME="Trentino">
          <charseq START="1719" END="1726">Trentino</charseq>
        </name>
        <name NAME="Trentino">
          <charseq START="1751" END="1758">Trentino</charseq>
        </name>
      </entity_attributes>
    </entity>
  </document>
</source_file>
