<?xml version="1.0" encoding="UTF-8"?>
<!DOCTYPE source_file PUBLIC "SYSTEM" "apf.v5.2.0.dtd">

<source_file URI="adige20040908_id405910.txt" SOURCE="unknown" TYPE="text" VERSION="5.0" AUTHOR="Evalita" ENCODING="UTF-8">
  <document DOCID="adige20040908_id405910">
    <entity ID="adige20040908_id405910-E1" TYPE="GPE" SUBTYPE="State-or-Province" CLASS="SPC">
      <entity_mention ID="adige20040908_id405910-E1-1" TYPE="NAM" PRIMARY="true" ROLE="GPE" METONYMY_MENTION="FALSE">
        <extent>
          <charseq START="138" END="148">provinciale</charseq>
        </extent>
        <head>
          <charseq START="138" END="148">provinciale</charseq>
        </head>
      </entity_mention>
    </entity>
    <entity ID="adige20040908_id405910-E3" TYPE="GPE" SUBTYPE="Population-Center" CLASS="SPC">
      <entity_mention ID="adige20040908_id405910-E3-1" TYPE="NAM" PRIMARY="true" ROLE="GPE" METONYMY_MENTION="FALSE">
        <extent>
          <charseq START="1374" END="1388">Grumo S.Michele</charseq>
        </extent>
        <head>
          <charseq START="1374" END="1388">Grumo S.Michele</charseq>
        </head>
      </entity_mention>
      <entity_attributes>
        <name NAME="Grumo S.Michele">
          <charseq START="1374" END="1388">Grumo S.Michele</charseq>
        </name>
      </entity_attributes>
    </entity>
    <entity ID="adige20040908_id405910-E4" TYPE="GPE" SUBTYPE="Population-Center" CLASS="SPC">
      <entity_mention ID="adige20040908_id405910-E4-1" TYPE="NAM" PRIMARY="true" ROLE="LOC" METONYMY_MENTION="FALSE">
        <extent>
          <charseq START="1556" END="1570">Borgo Valsugana</charseq>
        </extent>
        <head>
          <charseq START="1556" END="1570">Borgo Valsugana</charseq>
        </head>
      </entity_mention>
      <entity_mention ID="adige20040908_id405910-E4-2" TYPE="NAM" PRIMARY="false" ROLE="GPE" METONYMY_MENTION="FALSE">
        <extent>
          <charseq START="50" END="54">Borgo</charseq>
        </extent>
        <head>
          <charseq START="50" END="54">Borgo</charseq>
        </head>
      </entity_mention>
      <entity_mention ID="adige20040908_id405910-E4-3" TYPE="NOM" PRIMARY="false" ROLE="GPE" METONYMY_MENTION="FALSE">
        <extent>
          <charseq START="1579" END="1642">unico centro dove l'indice complessivo è rimasto inferiore a 100</charseq>
        </extent>
        <head>
          <charseq START="1585" END="1590">centro</charseq>
        </head>
      </entity_mention>
      <entity_mention ID="adige20040908_id405910-E4-4" TYPE="PRO" PRIMARY="false" ROLE="LOC" METONYMY_MENTION="FALSE">
        <extent>
          <charseq START="1592" END="1595">dove</charseq>
        </extent>
        <head>
          <charseq START="1592" END="1595">dove</charseq>
        </head>
      </entity_mention>
      <entity_attributes>
        <name NAME="Borgo Valsugana">
          <charseq START="1556" END="1570">Borgo Valsugana</charseq>
        </name>
        <name NAME="Borgo">
          <charseq START="50" END="54">Borgo</charseq>
        </name>
      </entity_attributes>
    </entity>
    <entity ID="adige20040908_id405910-E5" TYPE="GPE" SUBTYPE="Population-Center" CLASS="SPC">
      <entity_mention ID="adige20040908_id405910-E5-1" TYPE="NAM" PRIMARY="true" ROLE="GPE" METONYMY_MENTION="FALSE">
        <extent>
          <charseq START="1297" END="1302">Trento</charseq>
        </extent>
        <head>
          <charseq START="1297" END="1302">Trento</charseq>
        </head>
      </entity_mention>
      <entity_mention ID="adige20040908_id405910-E5-2" TYPE="NOM" PRIMARY="false" ROLE="GPE" METONYMY_MENTION="FALSE">
        <extent>
          <charseq START="1304" END="1308">città</charseq>
        </extent>
        <head>
          <charseq START="1304" END="1308">città</charseq>
        </head>
      </entity_mention>
      <entity_mention ID="adige20040908_id405910-E5-3" TYPE="NAM" PRIMARY="false" ROLE="GPE" METONYMY_MENTION="FALSE">
        <extent>
          <charseq START="1297" END="1308">Trento città</charseq>
        </extent>
        <head>
          <charseq START="1297" END="1308">Trento città</charseq>
        </head>
      </entity_mention>
      <entity_attributes>
        <name NAME="Trento">
          <charseq START="1297" END="1302">Trento</charseq>
        </name>
        <name NAME="Trento città">
          <charseq START="1297" END="1308">Trento città</charseq>
        </name>
      </entity_attributes>
    </entity>
    <entity ID="adige20040908_id405910-E6" TYPE="GPE" SUBTYPE="Population-Center" CLASS="SPC">
      <entity_mention ID="adige20040908_id405910-E6-1" TYPE="NOM" PRIMARY="true" ROLE="GPE" METONYMY_MENTION="FALSE">
        <extent>
          <charseq START="1455" END="1470">degli altri siti</charseq>
        </extent>
        <head>
          <charseq START="1467" END="1470">siti</charseq>
        </head>
      </entity_mention>
    </entity>
    <entity ID="adige20040908_id405910-E7" TYPE="GPE" SUBTYPE="Population-Center" CLASS="SPC">
      <entity_mention ID="adige20040908_id405910-E7-1" TYPE="NOM" PRIMARY="true" ROLE="LOC" METONYMY_MENTION="FALSE">
        <extent>
          <charseq START="1479" END="1500">negli altri tre centri</charseq>
        </extent>
        <head>
          <charseq START="1495" END="1500">centri</charseq>
        </head>
      </entity_mention>
    </entity>
  </document>
</source_file>
