<?xml version="1.0" encoding="UTF-8"?>
<!DOCTYPE source_file PUBLIC "SYSTEM" "apf.v5.2.0.dtd">

<source_file URI="adige20040908_id405915.txt" SOURCE="unknown" TYPE="text" VERSION="5.0" AUTHOR="Evalita" ENCODING="UTF-8">
  <document DOCID="adige20040908_id405915">
    <entity ID="adige20040908_id405915-E1" TYPE="ORG" SUBTYPE="Commercial" CLASS="SPC">
      <entity_mention ID="adige20040908_id405915-E1-2" TYPE="NAM" PRIMARY="true" METONYMY_MENTION="FALSE">
        <extent>
          <charseq START="84" END="90">Collini</charseq>
        </extent>
        <head>
          <charseq START="84" END="90">Collini</charseq>
        </head>
      </entity_mention>
      <entity_mention ID="adige20040908_id405915-E1-4" TYPE="NOM" PRIMARY="false" METONYMY_MENTION="FALSE">
        <extent>
          <charseq START="73" END="82">alla ditta</charseq>
        </extent>
        <head>
          <charseq START="78" END="82">ditta</charseq>
        </head>
      </entity_mention>
      <entity_mention ID="adige20040908_id405915-E1-6" TYPE="NOM" PRIMARY="false" METONYMY_MENTION="FALSE">
        <extent>
          <charseq START="73" END="90">alla ditta Collini</charseq>
        </extent>
        <head>
          <charseq START="73" END="90">alla ditta Collini</charseq>
        </head>
      </entity_mention>
      <entity_attributes>
        <name NAME="Collini">
          <charseq START="84" END="90">Collini</charseq>
        </name>
      </entity_attributes>
    </entity>
    <entity ID="adige20040908_id405915-E2" TYPE="GPE" SUBTYPE="Population-Center" CLASS="SPC">
      <entity_mention ID="adige20040908_id405915-E2-1" TYPE="NAM" PRIMARY="true" ROLE="GPE" METONYMY_MENTION="FALSE">
        <extent>
          <charseq START="140" END="145">Cadine</charseq>
        </extent>
        <head>
          <charseq START="140" END="145">Cadine</charseq>
        </head>
      </entity_mention>
      <entity_mention ID="adige20040908_id405915-E2-2" TYPE="NAM" PRIMARY="false" ROLE="LOC" METONYMY_MENTION="FALSE">
        <extent>
          <charseq START="34" END="39">Cadine</charseq>
        </extent>
        <head>
          <charseq START="34" END="39">Cadine</charseq>
        </head>
      </entity_mention>
      <entity_attributes>
        <name NAME="Cadine">
          <charseq START="140" END="145">Cadine</charseq>
        </name>
        <name NAME="Cadine">
          <charseq START="34" END="39">Cadine</charseq>
        </name>
      </entity_attributes>
    </entity>
  </document>
</source_file>
