<?xml version="1.0" encoding="UTF-8"?>
<!DOCTYPE source_file PUBLIC "SYSTEM" "apf.v5.2.0.dtd">

<source_file URI="adige20040908_id405894.txt" SOURCE="unknown" TYPE="text" VERSION="5.0" AUTHOR="Evalita" ENCODING="UTF-8">
  <document DOCID="adige20040908_id405894">
    <entity ID="adige20040908_id405894-E1" TYPE="PER" SUBTYPE="Individual" CLASS="SPC">
      <entity_mention ID="adige20040908_id405894-E1-1" TYPE="NAM" PRIMARY="true" METONYMY_MENTION="FALSE">
        <extent>
          <charseq START="128" END="146">Gianfranco Spagnolo</charseq>
        </extent>
        <head>
          <charseq START="128" END="146">Gianfranco Spagnolo</charseq>
        </head>
      </entity_mention>
      <entity_mention ID="adige20040908_id405894-E1-2" TYPE="NAM" PRIMARY="false" METONYMY_MENTION="FALSE">
        <extent>
          <charseq START="68" END="75">Spagnolo</charseq>
        </extent>
        <head>
          <charseq START="68" END="75">Spagnolo</charseq>
        </head>
      </entity_mention>
      <entity_mention ID="adige20040908_id405894-E1-3" TYPE="NAM" PRIMARY="false" METONYMY_MENTION="FALSE">
        <extent>
          <charseq START="382" END="389">Spagnolo</charseq>
        </extent>
        <head>
          <charseq START="382" END="389">Spagnolo</charseq>
        </head>
      </entity_mention>
      <entity_mention ID="adige20040908_id405894-E1-4" TYPE="NAM" PRIMARY="false" METONYMY_MENTION="FALSE">
        <extent>
          <charseq START="1124" END="1131">Spagnolo</charseq>
        </extent>
        <head>
          <charseq START="1124" END="1131">Spagnolo</charseq>
        </head>
      </entity_mention>
      <entity_attributes>
        <name NAME="Gianfranco Spagnolo">
          <charseq START="128" END="146">Gianfranco Spagnolo</charseq>
        </name>
        <name NAME="Spagnolo">
          <charseq START="68" END="75">Spagnolo</charseq>
        </name>
        <name NAME="Spagnolo">
          <charseq START="382" END="389">Spagnolo</charseq>
        </name>
        <name NAME="Spagnolo">
          <charseq START="1124" END="1131">Spagnolo</charseq>
        </name>
      </entity_attributes>
    </entity>
    <entity ID="adige20040908_id405894-E2" TYPE="PER" SUBTYPE="Individual" CLASS="SPC">
      <entity_mention ID="adige20040908_id405894-E2-1" TYPE="NAM" PRIMARY="true" METONYMY_MENTION="FALSE">
        <extent>
          <charseq START="150" END="164">Fulvio Trentini</charseq>
        </extent>
        <head>
          <charseq START="150" END="164">Fulvio Trentini</charseq>
        </head>
      </entity_mention>
      <entity_mention ID="adige20040908_id405894-E2-2" TYPE="NAM" PRIMARY="false" METONYMY_MENTION="FALSE">
        <extent>
          <charseq START="79" END="86">Trentini</charseq>
        </extent>
        <head>
          <charseq START="79" END="86">Trentini</charseq>
        </head>
      </entity_mention>
      <entity_mention ID="adige20040908_id405894-E2-3" TYPE="NAM" PRIMARY="false" METONYMY_MENTION="FALSE">
        <extent>
          <charseq START="245" END="252">Trentini</charseq>
        </extent>
        <head>
          <charseq START="245" END="252">Trentini</charseq>
        </head>
      </entity_mention>
      <entity_mention ID="adige20040908_id405894-E2-4" TYPE="NAM" PRIMARY="false" METONYMY_MENTION="FALSE">
        <extent>
          <charseq START="827" END="885">del Trentini che vi aveva svolto lavori di ristrutturazione</charseq>
        </extent>
        <head>
          <charseq START="831" END="838">Trentini</charseq>
        </head>
      </entity_mention>
      <entity_mention ID="adige20040908_id405894-E2-5" TYPE="PRO" PRIMARY="false" METONYMY_MENTION="FALSE">
        <extent>
          <charseq START="840" END="842">che</charseq>
        </extent>
        <head>
          <charseq START="840" END="842">che</charseq>
        </head>
      </entity_mention>
      <entity_mention ID="adige20040908_id405894-E2-6" TYPE="NAM" PRIMARY="false" METONYMY_MENTION="FALSE">
        <extent>
          <charseq START="1293" END="1300">Trentini</charseq>
        </extent>
        <head>
          <charseq START="1293" END="1300">Trentini</charseq>
        </head>
      </entity_mention>
      <entity_mention ID="adige20040908_id405894-E2-7" TYPE="PRO" PRIMARY="false" METONYMY_MENTION="FALSE">
        <extent>
          <charseq START="1440" END="1449">Lui stesso</charseq>
        </extent>
        <head>
          <charseq START="1440" END="1442">Lui</charseq>
        </head>
      </entity_mention>
      <entity_mention ID="adige20040908_id405894-E2-8" TYPE="NAM" PRIMARY="false" METONYMY_MENTION="FALSE">
        <extent>
          <charseq START="1554" END="1561">Trentini</charseq>
        </extent>
        <head>
          <charseq START="1554" END="1561">Trentini</charseq>
        </head>
      </entity_mention>
      <entity_mention ID="adige20040908_id405894-E2-9" TYPE="NAM" PRIMARY="false" METONYMY_MENTION="FALSE">
        <extent>
          <charseq START="1097" END="1104">Trentini</charseq>
        </extent>
        <head>
          <charseq START="1097" END="1104">Trentini</charseq>
        </head>
      </entity_mention>
      <entity_attributes>
        <name NAME="Fulvio Trentini">
          <charseq START="150" END="164">Fulvio Trentini</charseq>
        </name>
        <name NAME="Trentini">
          <charseq START="79" END="86">Trentini</charseq>
        </name>
        <name NAME="Trentini">
          <charseq START="245" END="252">Trentini</charseq>
        </name>
        <name NAME="Trentini">
          <charseq START="831" END="838">Trentini</charseq>
        </name>
        <name NAME="Trentini">
          <charseq START="1293" END="1300">Trentini</charseq>
        </name>
        <name NAME="Trentini">
          <charseq START="1554" END="1561">Trentini</charseq>
        </name>
        <name NAME="Trentini">
          <charseq START="1097" END="1104">Trentini</charseq>
        </name>
      </entity_attributes>
    </entity>
    <entity ID="adige20040908_id405894-E3" TYPE="PER" SUBTYPE="Individual" CLASS="SPC">
      <entity_mention ID="adige20040908_id405894-E3-1" TYPE="NAM" PRIMARY="true" METONYMY_MENTION="FALSE">
        <extent>
          <charseq START="276" END="286">Mario Murgo</charseq>
        </extent>
        <head>
          <charseq START="276" END="286">Mario Murgo</charseq>
        </head>
      </entity_mention>
      <entity_mention ID="adige20040908_id405894-E3-2" TYPE="NOM" PRIMARY="false" METONYMY_MENTION="FALSE">
        <extent>
          <charseq START="262" END="274">dall'avvocato</charseq>
        </extent>
        <head>
          <charseq START="267" END="274">avvocato</charseq>
        </head>
      </entity_mention>
      <entity_mention ID="adige20040908_id405894-E3-3" TYPE="NOM" PRIMARY="false" METONYMY_MENTION="FALSE">
        <extent>
          <charseq START="262" END="286">dall'avvocato Mario Murgo</charseq>
        </extent>
        <head>
          <charseq START="262" END="286">dall'avvocato Mario Murgo</charseq>
        </head>
      </entity_mention>
      <entity_attributes>
        <name NAME="Mario Murgo">
          <charseq START="276" END="286">Mario Murgo</charseq>
        </name>
      </entity_attributes>
    </entity>
    <entity ID="adige20040908_id405894-E4" TYPE="PER" SUBTYPE="Individual" CLASS="SPC">
      <entity_mention ID="adige20040908_id405894-E4-1" TYPE="NAM" PRIMARY="true" METONYMY_MENTION="FALSE">
        <extent>
          <charseq START="523" END="536">Walter Zanetti</charseq>
        </extent>
        <head>
          <charseq START="523" END="536">Walter Zanetti</charseq>
        </head>
      </entity_mention>
      <entity_attributes>
        <name NAME="Walter Zanetti">
          <charseq START="523" END="536">Walter Zanetti</charseq>
        </name>
      </entity_attributes>
    </entity>
    <entity ID="adige20040908_id405894-E5" TYPE="PER" SUBTYPE="Individual" CLASS="SPC">
      <entity_mention ID="adige20040908_id405894-E5-1" TYPE="NAM" PRIMARY="true" METONYMY_MENTION="FALSE">
        <extent>
          <charseq START="540" END="557">Paul John Pallaoro</charseq>
        </extent>
        <head>
          <charseq START="540" END="557">Paul John Pallaoro</charseq>
        </head>
      </entity_mention>
      <entity_attributes>
        <name NAME="Paul John Pallaoro">
          <charseq START="540" END="557">Paul John Pallaoro</charseq>
        </name>
      </entity_attributes>
    </entity>
    <entity ID="adige20040908_id405894-E6" TYPE="PER" SUBTYPE="Group" CLASS="SPC">
      <entity_mention ID="adige20040908_id405894-E6-1" TYPE="PRO" PRIMARY="true" METONYMY_MENTION="FALSE">
        <extent>
          <charseq START="448" END="452">I due</charseq>
        </extent>
        <head>
          <charseq START="450" END="452">due</charseq>
        </head>
      </entity_mention>
      <entity_mention ID="adige20040908_id405894-E6-2" TYPE="PRO" PRIMARY="false" METONYMY_MENTION="FALSE">
        <extent>
          <charseq START="600" END="604">i due</charseq>
        </extent>
        <head>
          <charseq START="602" END="604">due</charseq>
        </head>
      </entity_mention>
      <entity_mention ID="adige20040908_id405894-E6-5" TYPE="NOM" PRIMARY="false" METONYMY_MENTION="FALSE">
        <extent>
          <charseq START="109" END="122">due scarcerati</charseq>
        </extent>
        <head>
          <charseq START="113" END="122">scarcerati</charseq>
        </head>
      </entity_mention>
      <entity_mention ID="adige20040908_id405894-E6-6" TYPE="NAM" PRIMARY="false" METONYMY_MENTION="FALSE">
        <extent>
          <charseq START="68" END="86">Spagnolo e Trentini</charseq>
        </extent>
        <head>
          <charseq START="68" END="86">Spagnolo e Trentini</charseq>
        </head>
      </entity_mention>
      <entity_mention ID="adige20040908_id405894-E6-7" TYPE="NAM" PRIMARY="false" METONYMY_MENTION="FALSE">
        <extent>
          <charseq START="128" END="164">Gianfranco Spagnolo e Fulvio Trentini</charseq>
        </extent>
        <head>
          <charseq START="128" END="164">Gianfranco Spagnolo e Fulvio Trentini</charseq>
        </head>
      </entity_mention>
      <entity_attributes>
        <name NAME="Spagnolo e Trentini">
          <charseq START="68" END="86">Spagnolo e Trentini</charseq>
        </name>
        <name NAME="Gianfranco Spagnolo e Fulvio Trentini">
          <charseq START="128" END="164">Gianfranco Spagnolo e Fulvio Trentini</charseq>
        </name>
      </entity_attributes>
    </entity>
    <entity ID="adige20040908_id405894-E7" TYPE="PER" SUBTYPE="Group" CLASS="SPC">
      <entity_mention ID="adige20040908_id405894-E7-1" TYPE="NOM" PRIMARY="true" METONYMY_MENTION="FALSE">
        <extent>
          <charseq START="674" END="733">dai due complici, che sono stati riconosciuti da due persone</charseq>
        </extent>
        <head>
          <charseq START="682" END="689">complici</charseq>
        </head>
      </entity_mention>
      <entity_mention ID="adige20040908_id405894-E7-2" TYPE="PRO" PRIMARY="false" METONYMY_MENTION="FALSE">
        <extent>
          <charseq START="692" END="694">che</charseq>
        </extent>
        <head>
          <charseq START="692" END="694">che</charseq>
        </head>
      </entity_mention>
      <entity_mention ID="adige20040908_id405894-E7-3" TYPE="NOM" PRIMARY="false" METONYMY_MENTION="FALSE">
        <extent>
          <charseq START="1631" END="1643">ai rapinatori</charseq>
        </extent>
        <head>
          <charseq START="1634" END="1643">rapinatori</charseq>
        </head>
      </entity_mention>
      <entity_mention ID="adige20040908_id405894-E7-4" TYPE="NAM" PRIMARY="false" METONYMY_MENTION="FALSE">
        <extent>
          <charseq START="523" END="557">Walter Zanetti e Paul John Pallaoro</charseq>
        </extent>
        <head>
          <charseq START="523" END="557">Walter Zanetti e Paul John Pallaoro</charseq>
        </head>
      </entity_mention>
      <entity_mention ID="adige20040908_id405894-E7-5" TYPE="NOM" PRIMARY="false" METONYMY_MENTION="FALSE">
        <extent>
          <charseq START="930" END="945">i due rapinatori</charseq>
        </extent>
        <head>
          <charseq START="936" END="945">rapinatori</charseq>
        </head>
      </entity_mention>
      <entity_attributes>
        <name NAME="Walter Zanetti e Paul John Pallaoro">
          <charseq START="523" END="557">Walter Zanetti e Paul John Pallaoro</charseq>
        </name>
      </entity_attributes>
    </entity>
    <entity ID="adige20040908_id405894-E8" TYPE="PER" SUBTYPE="Group" CLASS="SPC">
      <entity_mention ID="adige20040908_id405894-E8-1" TYPE="NOM" PRIMARY="true" METONYMY_MENTION="FALSE">
        <extent>
          <charseq START="723" END="733">due persone</charseq>
        </extent>
        <head>
          <charseq START="727" END="733">persone</charseq>
        </head>
      </entity_mention>
    </entity>
    <entity ID="adige20040908_id405894-E9" TYPE="PER" SUBTYPE="Group" CLASS="SPC">
      <entity_mention ID="adige20040908_id405894-E9-1" TYPE="NOM" PRIMARY="true" METONYMY_MENTION="FALSE">
        <extent>
          <charseq START="1082" END="1095">gli inquirenti</charseq>
        </extent>
        <head>
          <charseq START="1086" END="1095">inquirenti</charseq>
        </head>
      </entity_mention>
    </entity>
    <entity ID="adige20040908_id405894-E10" TYPE="PER" SUBTYPE="Group" CLASS="SPC">
      <entity_mention ID="adige20040908_id405894-E10-1" TYPE="NOM" PRIMARY="true" METONYMY_MENTION="FALSE">
        <extent>
          <charseq START="1192" END="1226">i giudici del tribunale del riesame</charseq>
        </extent>
        <head>
          <charseq START="1194" END="1200">giudici</charseq>
        </head>
      </entity_mention>
      <entity_mention ID="adige20040908_id405894-E10-2" TYPE="NOM" PRIMARY="false" METONYMY_MENTION="FALSE">
        <extent>
          <charseq START="1269" END="1277">i giudici</charseq>
        </extent>
        <head>
          <charseq START="1271" END="1277">giudici</charseq>
        </head>
      </entity_mention>
      <entity_mention ID="adige20040908_id405894-E10-3" TYPE="NOM" PRIMARY="false" METONYMY_MENTION="FALSE">
        <extent>
          <charseq START="1531" END="1539">i giudici</charseq>
        </extent>
        <head>
          <charseq START="1533" END="1539">giudici</charseq>
        </head>
      </entity_mention>
    </entity>
    <entity ID="adige20040908_id405894-E12" TYPE="PER" SUBTYPE="Individual" CLASS="SPC">
      <entity_mention ID="adige20040908_id405894-E12-1" TYPE="NAM" PRIMARY="true" METONYMY_MENTION="FALSE">
        <extent>
          <charseq START="235" END="242">Dusevich</charseq>
        </extent>
        <head>
          <charseq START="235" END="242">Dusevich</charseq>
        </head>
      </entity_mention>
      <entity_mention ID="adige20040908_id405894-E12-2" TYPE="NAM" PRIMARY="false" METONYMY_MENTION="FALSE">
        <extent>
          <charseq START="95" END="106">dai Dusevich</charseq>
        </extent>
        <head>
          <charseq START="99" END="106">Dusevich</charseq>
        </head>
      </entity_mention>
      <entity_mention ID="adige20040908_id405894-E12-3" TYPE="NOM" PRIMARY="false" METONYMY_MENTION="FALSE">
        <extent>
          <charseq START="888" END="898">I testimoni</charseq>
        </extent>
        <head>
          <charseq START="890" END="898">testimoni</charseq>
        </head>
      </entity_mention>
      <entity_mention ID="adige20040908_id405894-E12-4" TYPE="PRO" PRIMARY="false" METONYMY_MENTION="FALSE">
        <extent>
          <charseq START="978" END="981">loro</charseq>
        </extent>
        <head>
          <charseq START="978" END="981">loro</charseq>
        </head>
      </entity_mention>
      <entity_mention ID="adige20040908_id405894-E12-5" TYPE="NAM" PRIMARY="false" METONYMY_MENTION="FALSE">
        <extent>
          <charseq START="1413" END="1420">Dusevich</charseq>
        </extent>
        <head>
          <charseq START="1413" END="1420">Dusevich</charseq>
        </head>
      </entity_mention>
      <entity_mention ID="adige20040908_id405894-E12-6" TYPE="NAM" PRIMARY="false" METONYMY_MENTION="FALSE">
        <extent>
          <charseq START="1694" END="1701">Dusevich</charseq>
        </extent>
        <head>
          <charseq START="1694" END="1701">Dusevich</charseq>
        </head>
      </entity_mention>
      <entity_attributes>
        <name NAME="Dusevich">
          <charseq START="235" END="242">Dusevich</charseq>
        </name>
        <name NAME="Dusevich">
          <charseq START="99" END="106">Dusevich</charseq>
        </name>
        <name NAME="Dusevich">
          <charseq START="1413" END="1420">Dusevich</charseq>
        </name>
        <name NAME="Dusevich">
          <charseq START="1694" END="1701">Dusevich</charseq>
        </name>
      </entity_attributes>
    </entity>
    <entity ID="adige20040908_id405894-E13" TYPE="ORG" SUBTYPE="Government" CLASS="SPC">
      <entity_mention ID="adige20040908_id405894-E13-2" TYPE="NAM" PRIMARY="true" METONYMY_MENTION="FALSE">
        <extent>
          <charseq START="188" END="212">dal tribunale del riesame</charseq>
        </extent>
        <head>
          <charseq START="192" END="212">tribunale del riesame</charseq>
        </head>
      </entity_mention>
      <entity_mention ID="adige20040908_id405894-E13-4" TYPE="NAM" PRIMARY="false" METONYMY_MENTION="FALSE">
        <extent>
          <charseq START="1202" END="1226">del tribunale del riesame</charseq>
        </extent>
        <head>
          <charseq START="1206" END="1226">tribunale del riesame</charseq>
        </head>
      </entity_mention>
      <entity_mention ID="adige20040908_id405894-E13-6" TYPE="NAM" PRIMARY="false" METONYMY_MENTION="FALSE">
        <extent>
          <charseq START="0" END="23">Il tribunale del riesame</charseq>
        </extent>
        <head>
          <charseq START="3" END="23">tribunale del riesame</charseq>
        </head>
      </entity_mention>
      <entity_attributes>
        <name NAME="tribunale del riesame">
          <charseq START="192" END="212">tribunale del riesame</charseq>
        </name>
        <name NAME="tribunale del riesame">
          <charseq START="1206" END="1226">tribunale del riesame</charseq>
        </name>
        <name NAME="tribunale del riesame">
          <charseq START="3" END="23">tribunale del riesame</charseq>
        </name>
      </entity_attributes>
    </entity>
    <entity ID="adige20040908_id405894-E14" TYPE="ORG" SUBTYPE="Government" CLASS="SPC">
      <entity_mention ID="adige20040908_id405894-E14-2" TYPE="NAM" PRIMARY="true" METONYMY_MENTION="FALSE">
        <extent>
          <charseq START="468" END="482">dai carabinieri</charseq>
        </extent>
        <head>
          <charseq START="472" END="482">carabinieri</charseq>
        </head>
      </entity_mention>
      <entity_attributes>
        <name NAME="carabinieri">
          <charseq START="472" END="482">carabinieri</charseq>
        </name>
      </entity_attributes>
    </entity>
    <entity ID="adige20040908_id405894-E15" TYPE="ORG" SUBTYPE="Government" CLASS="SPC">
      <entity_mention ID="adige20040908_id405894-E15-2" TYPE="NAM" PRIMARY="true" METONYMY_MENTION="FALSE">
        <extent>
          <charseq START="586" END="598">dalla Procura</charseq>
        </extent>
        <head>
          <charseq START="592" END="598">Procura</charseq>
        </head>
      </entity_mention>
      <entity_attributes>
        <name NAME="Procura">
          <charseq START="592" END="598">Procura</charseq>
        </name>
      </entity_attributes>
    </entity>
    <entity ID="adige20040908_id405894-E16" TYPE="PER" SUBTYPE="Individual" CLASS="SPC">
      <entity_mention ID="adige20040908_id405894-E16-2" TYPE="NOM" PRIMARY="true" METONYMY_MENTION="FALSE">
        <extent>
          <charseq START="1460" END="1465">al gip</charseq>
        </extent>
        <head>
          <charseq START="1463" END="1465">gip</charseq>
        </head>
      </entity_mention>
    </entity>
    <entity ID="adige20040908_id405894-E17" TYPE="GPE" SUBTYPE="Population-Center" CLASS="SPC">
      <entity_mention ID="adige20040908_id405894-E17-2" TYPE="NAM" PRIMARY="true" ROLE="GPE" METONYMY_MENTION="FALSE">
        <extent>
          <charseq START="329" END="335">Vicenza</charseq>
        </extent>
        <head>
          <charseq START="329" END="335">Vicenza</charseq>
        </head>
      </entity_mention>
      <entity_attributes>
        <name NAME="Vicenza">
          <charseq START="329" END="335">Vicenza</charseq>
        </name>
      </entity_attributes>
    </entity>
    <entity ID="adige20040908_id405894-E18" TYPE="GPE" SUBTYPE="Population-Center" CLASS="SPC">
      <entity_mention ID="adige20040908_id405894-E18-2" TYPE="NAM" PRIMARY="true" ROLE="LOC" METONYMY_MENTION="FALSE">
        <extent>
          <charseq START="413" END="420">Tolmezzo</charseq>
        </extent>
        <head>
          <charseq START="413" END="420">Tolmezzo</charseq>
        </head>
      </entity_mention>
      <entity_attributes>
        <name NAME="Tolmezzo">
          <charseq START="413" END="420">Tolmezzo</charseq>
        </name>
      </entity_attributes>
    </entity>
  </document>
</source_file>
