<?xml version="1.0" encoding="UTF-8"?>
<!DOCTYPE source_file PUBLIC "SYSTEM" "apf.v5.2.0.dtd">

<source_file URI="adige20040907_id405414.txt" SOURCE="unknown" TYPE="text" VERSION="5.0" AUTHOR="Evalita" ENCODING="UTF-8">
  <document DOCID="adige20040907_id405414">
    <entity ID="adige20040907_id405414-E1" TYPE="PER" SUBTYPE="Individual" CLASS="SPC">
      <entity_mention ID="adige20040907_id405414-E1-2" TYPE="NAM" PRIMARY="true" METONYMY_MENTION="FALSE">
        <extent>
          <charseq START="183" END="207">Ornella Rizzi di Rovereto</charseq>
        </extent>
        <head>
          <charseq START="183" END="195">Ornella Rizzi</charseq>
        </head>
      </entity_mention>
      <entity_mention ID="adige20040907_id405414-E1-4" TYPE="PRO" PRIMARY="false" METONYMY_MENTION="FALSE">
        <extent>
          <charseq START="1491" END="1493">sua</charseq>
        </extent>
        <head>
          <charseq START="1491" END="1493">sua</charseq>
        </head>
      </entity_mention>
      <entity_mention ID="adige20040907_id405414-E1-6" TYPE="NAM" PRIMARY="false" METONYMY_MENTION="FALSE">
        <extent>
          <charseq START="1505" END="1517">Ornella Rizzi</charseq>
        </extent>
        <head>
          <charseq START="1505" END="1517">Ornella Rizzi</charseq>
        </head>
      </entity_mention>
      <entity_mention ID="adige20040907_id405414-E1-8" TYPE="NOM" PRIMARY="false" METONYMY_MENTION="FALSE">
        <extent>
          <charseq START="1590" END="1598">L'artista</charseq>
        </extent>
        <head>
          <charseq START="1592" END="1598">artista</charseq>
        </head>
      </entity_mention>
      <entity_mention ID="adige20040907_id405414-E1-10" TYPE="PRO" PRIMARY="false" METONYMY_MENTION="FALSE">
        <extent>
          <charseq START="1609" END="1611">suo</charseq>
        </extent>
        <head>
          <charseq START="1609" END="1611">suo</charseq>
        </head>
      </entity_mention>
      <entity_mention ID="adige20040907_id405414-E1-12" TYPE="PRO" PRIMARY="false" METONYMY_MENTION="FALSE">
        <extent>
          <charseq START="1720" END="1722">sue</charseq>
        </extent>
        <head>
          <charseq START="1720" END="1722">sue</charseq>
        </head>
      </entity_mention>
      <entity_mention ID="adige20040907_id405414-E1-14" TYPE="NAM" PRIMARY="false" METONYMY_MENTION="FALSE">
        <extent>
          <charseq START="1833" END="1845">Ornella Rizzi</charseq>
        </extent>
        <head>
          <charseq START="1833" END="1845">Ornella Rizzi</charseq>
        </head>
      </entity_mention>
      <entity_mention ID="adige20040907_id405414-E1-16" TYPE="PRO" PRIMARY="false" METONYMY_MENTION="FALSE">
        <extent>
          <charseq START="1962" END="1964">sua</charseq>
        </extent>
        <head>
          <charseq START="1962" END="1964">sua</charseq>
        </head>
      </entity_mention>
      <entity_attributes>
        <name NAME="Ornella Rizzi">
          <charseq START="183" END="195">Ornella Rizzi</charseq>
        </name>
        <name NAME="Ornella Rizzi">
          <charseq START="1505" END="1517">Ornella Rizzi</charseq>
        </name>
        <name NAME="Ornella Rizzi">
          <charseq START="1833" END="1845">Ornella Rizzi</charseq>
        </name>
      </entity_attributes>
    </entity>
    <entity ID="adige20040907_id405414-E2" TYPE="PER" SUBTYPE="Individual" CLASS="SPC">
      <entity_mention ID="adige20040907_id405414-E2-2" TYPE="NAM" PRIMARY="true" METONYMY_MENTION="FALSE">
        <extent>
          <charseq START="264" END="284">Lorenzo Avi ai piatti</charseq>
        </extent>
        <head>
          <charseq START="264" END="274">Lorenzo Avi</charseq>
        </head>
      </entity_mention>
      <entity_attributes>
        <name NAME="Lorenzo Avi">
          <charseq START="264" END="274">Lorenzo Avi</charseq>
        </name>
      </entity_attributes>
    </entity>
    <entity ID="adige20040907_id405414-E3" TYPE="PER" SUBTYPE="Individual" CLASS="SPC">
      <entity_mention ID="adige20040907_id405414-E3-2" TYPE="NAM" PRIMARY="true" METONYMY_MENTION="FALSE">
        <extent>
          <charseq START="288" END="314">Mattia Cappelletti ai fiati</charseq>
        </extent>
        <head>
          <charseq START="288" END="305">Mattia Cappelletti</charseq>
        </head>
      </entity_mention>
      <entity_attributes>
        <name NAME="Mattia Cappelletti">
          <charseq START="288" END="305">Mattia Cappelletti</charseq>
        </name>
      </entity_attributes>
    </entity>
    <entity ID="adige20040907_id405414-E4" TYPE="PER" SUBTYPE="Group" CLASS="SPC">
      <entity_mention ID="adige20040907_id405414-E4-2" TYPE="NAM" PRIMARY="true" METONYMY_MENTION="FALSE">
        <extent>
          <charseq START="264" END="314">Lorenzo Avi ai piatti e Mattia Cappelletti ai fiati</charseq>
        </extent>
        <head>
          <charseq START="264" END="314">Lorenzo Avi ai piatti e Mattia Cappelletti ai fiati</charseq>
        </head>
      </entity_mention>
      <entity_attributes>
        <name NAME="Lorenzo Avi ai piatti e Mattia Cappelletti ai fiati">
          <charseq START="264" END="314">Lorenzo Avi ai piatti e Mattia Cappelletti ai fiati</charseq>
        </name>
      </entity_attributes>
    </entity>
    <entity ID="adige20040907_id405414-E6" TYPE="PER" SUBTYPE="Individual" CLASS="SPC">
      <entity_mention ID="adige20040907_id405414-E6-2" TYPE="NAM" PRIMARY="true" METONYMY_MENTION="FALSE">
        <extent>
          <charseq START="470" END="474">Paolo</charseq>
        </extent>
        <head>
          <charseq START="470" END="474">Paolo</charseq>
        </head>
      </entity_mention>
      <entity_attributes>
        <name NAME="Paolo">
          <charseq START="470" END="474">Paolo</charseq>
        </name>
      </entity_attributes>
    </entity>
    <entity ID="adige20040907_id405414-E7" TYPE="PER" SUBTYPE="Individual" CLASS="SPC">
      <entity_mention ID="adige20040907_id405414-E7-2" TYPE="NAM" PRIMARY="true" METONYMY_MENTION="FALSE">
        <extent>
          <charseq START="477" END="481">Maura</charseq>
        </extent>
        <head>
          <charseq START="477" END="481">Maura</charseq>
        </head>
      </entity_mention>
      <entity_mention ID="adige20040907_id405414-E7-4" TYPE="NAM" PRIMARY="false" METONYMY_MENTION="FALSE">
        <extent>
          <charseq START="1454" END="1458">Maura</charseq>
        </extent>
        <head>
          <charseq START="1454" END="1458">Maura</charseq>
        </head>
      </entity_mention>
      <entity_attributes>
        <name NAME="Maura">
          <charseq START="477" END="481">Maura</charseq>
        </name>
        <name NAME="Maura">
          <charseq START="1454" END="1458">Maura</charseq>
        </name>
      </entity_attributes>
    </entity>
    <entity ID="adige20040907_id405414-E8" TYPE="PER" SUBTYPE="Individual" CLASS="SPC">
      <entity_mention ID="adige20040907_id405414-E8-2" TYPE="NAM" PRIMARY="true" METONYMY_MENTION="FALSE">
        <extent>
          <charseq START="485" END="489">Marco</charseq>
        </extent>
        <head>
          <charseq START="485" END="489">Marco</charseq>
        </head>
      </entity_mention>
      <entity_attributes>
        <name NAME="Marco">
          <charseq START="485" END="489">Marco</charseq>
        </name>
      </entity_attributes>
    </entity>
    <entity ID="adige20040907_id405414-E9" TYPE="PER" SUBTYPE="Group" CLASS="SPC">
      <entity_mention ID="adige20040907_id405414-E9-2" TYPE="NAM" PRIMARY="true" METONYMY_MENTION="FALSE">
        <extent>
          <charseq START="470" END="489">Paolo, Maura e Marco</charseq>
        </extent>
        <head>
          <charseq START="470" END="489">Paolo, Maura e Marco</charseq>
        </head>
      </entity_mention>
      <entity_mention ID="adige20040907_id405414-E9-4" TYPE="NOM" PRIMARY="false" METONYMY_MENTION="FALSE">
        <extent>
          <charseq START="448" END="467">tre amici buongustai</charseq>
        </extent>
        <head>
          <charseq START="452" END="456">amici</charseq>
        </head>
      </entity_mention>
      <entity_mention ID="adige20040907_id405414-E9-6" TYPE="NOM" PRIMARY="false" METONYMY_MENTION="FALSE">
        <extent>
          <charseq START="360" END="381">i fondatori del locale</charseq>
        </extent>
        <head>
          <charseq START="362" END="370">fondatori</charseq>
        </head>
      </entity_mention>
      <entity_mention ID="adige20040907_id405414-E9-8" TYPE="PRO" PRIMARY="false" METONYMY_MENTION="FALSE">
        <extent>
          <charseq START="723" END="728">nostra</charseq>
        </extent>
        <head>
          <charseq START="723" END="728">nostra</charseq>
        </head>
      </entity_mention>
      <entity_mention ID="adige20040907_id405414-E9-10" TYPE="PRO" PRIMARY="false" METONYMY_MENTION="FALSE">
        <extent>
          <charseq START="996" END="1001">nostro</charseq>
        </extent>
        <head>
          <charseq START="996" END="1001">nostro</charseq>
        </head>
      </entity_mention>
      <entity_attributes>
        <name NAME="Paolo, Maura e Marco">
          <charseq START="470" END="489">Paolo, Maura e Marco</charseq>
        </name>
      </entity_attributes>
    </entity>
    <entity ID="adige20040907_id405414-E10" TYPE="PER" SUBTYPE="Group" CLASS="GEN">
      <entity_mention ID="adige20040907_id405414-E10-2" TYPE="PRO" PRIMARY="true" METONYMY_MENTION="FALSE">
        <extent>
          <charseq START="557" END="561">tutti</charseq>
        </extent>
        <head>
          <charseq START="557" END="561">tutti</charseq>
        </head>
      </entity_mention>
    </entity>
    <entity ID="adige20040907_id405414-E11" TYPE="PER" SUBTYPE="Group" CLASS="GEN">
      <entity_mention ID="adige20040907_id405414-E11-2" TYPE="NOM" PRIMARY="true" METONYMY_MENTION="FALSE">
        <extent>
          <charseq START="677" END="681">amici</charseq>
        </extent>
        <head>
          <charseq START="677" END="681">amici</charseq>
        </head>
      </entity_mention>
    </entity>
    <entity ID="adige20040907_id405414-E12" TYPE="PER" SUBTYPE="Individual" CLASS="SPC">
      <entity_mention ID="adige20040907_id405414-E12-2" TYPE="NAM" PRIMARY="true" METONYMY_MENTION="FALSE">
        <extent>
          <charseq START="1009" END="1026">Lanfranconi Angelo</charseq>
        </extent>
        <head>
          <charseq START="1009" END="1026">Lanfranconi Angelo</charseq>
        </head>
      </entity_mention>
      <entity_mention ID="adige20040907_id405414-E12-4" TYPE="NOM" PRIMARY="false" METONYMY_MENTION="FALSE">
        <extent>
          <charseq START="992" END="1007">dal nostro cuoco</charseq>
        </extent>
        <head>
          <charseq START="1003" END="1007">cuoco</charseq>
        </head>
      </entity_mention>
      <entity_mention ID="adige20040907_id405414-E12-6" TYPE="NOM" PRIMARY="false" METONYMY_MENTION="FALSE">
        <extent>
          <charseq START="992" END="1026">dal nostro cuoco Lanfranconi Angelo</charseq>
        </extent>
        <head>
          <charseq START="992" END="1026">dal nostro cuoco Lanfranconi Angelo</charseq>
        </head>
      </entity_mention>
      <entity_attributes>
        <name NAME="Lanfranconi Angelo">
          <charseq START="1009" END="1026">Lanfranconi Angelo</charseq>
        </name>
      </entity_attributes>
    </entity>
    <entity ID="adige20040907_id405414-E13" TYPE="PER" SUBTYPE="Indefinite" CLASS="USP">
      <entity_mention ID="adige20040907_id405414-E13-2" TYPE="NOM" PRIMARY="true" METONYMY_MENTION="FALSE">
        <extent>
          <charseq START="1347" END="1348">dj</charseq>
        </extent>
        <head>
          <charseq START="1347" END="1348">dj</charseq>
        </head>
      </entity_mention>
    </entity>
    <entity ID="adige20040907_id405414-E16" TYPE="PER" SUBTYPE="Group" CLASS="SPC">
      <entity_mention ID="adige20040907_id405414-E16-2" TYPE="NOM" PRIMARY="true" METONYMY_MENTION="FALSE">
        <extent>
          <charseq START="1400" END="1410">gli artisti</charseq>
        </extent>
        <head>
          <charseq START="1404" END="1410">artisti</charseq>
        </head>
      </entity_mention>
    </entity>
    <entity ID="adige20040907_id405414-E17" TYPE="PER" SUBTYPE="Group" CLASS="SPC">
      <entity_mention ID="adige20040907_id405414-E17-2" TYPE="NOM" PRIMARY="true" METONYMY_MENTION="FALSE">
        <extent>
          <charseq START="1714" END="1730">delle sue clienti</charseq>
        </extent>
        <head>
          <charseq START="1724" END="1730">clienti</charseq>
        </head>
      </entity_mention>
    </entity>
    <entity ID="adige20040907_id405414-E18" TYPE="ORG" SUBTYPE="Entertainment" CLASS="SPC">
      <entity_mention ID="adige20040907_id405414-E18-2" TYPE="NAM" PRIMARY="true" METONYMY_MENTION="FALSE">
        <extent>
          <charseq START="245" END="261">« Ipotesi Simpa »</charseq>
        </extent>
        <head>
          <charseq START="247" END="259">Ipotesi Simpa</charseq>
        </head>
      </entity_mention>
      <entity_attributes>
        <name NAME="Ipotesi Simpa">
          <charseq START="247" END="259">Ipotesi Simpa</charseq>
        </name>
      </entity_attributes>
    </entity>
    <entity ID="adige20040907_id405414-E19" TYPE="ORG" SUBTYPE="Entertainment" CLASS="SPC">
      <entity_mention ID="adige20040907_id405414-E19-2" TYPE="NOM" PRIMARY="true" METONYMY_MENTION="FALSE">
        <extent>
          <charseq START="1352" END="1366">gruppi acustici</charseq>
        </extent>
        <head>
          <charseq START="1352" END="1357">gruppi</charseq>
        </head>
      </entity_mention>
    </entity>
    <entity ID="adige20040907_id405414-E21" TYPE="ORG" SUBTYPE="Educational" CLASS="SPC">
      <entity_mention ID="adige20040907_id405414-E21-2" TYPE="NOM" PRIMARY="true" METONYMY_MENTION="FALSE">
        <extent>
          <charseq START="1873" END="1908">una scuola professionale di sartoria</charseq>
        </extent>
        <head>
          <charseq START="1877" END="1882">scuola</charseq>
        </head>
      </entity_mention>
    </entity>
    <entity ID="adige20040907_id405414-E22" TYPE="ORG" SUBTYPE="Educational" CLASS="SPC">
      <entity_mention ID="adige20040907_id405414-E22-2" TYPE="NOM" PRIMARY="true" METONYMY_MENTION="FALSE">
        <extent>
          <charseq START="1912" END="1940">l'Istituto d'arte del tessuto</charseq>
        </extent>
        <head>
          <charseq START="1914" END="1921">Istituto</charseq>
        </head>
      </entity_mention>
    </entity>
    <entity ID="adige20040907_id405414-E23" TYPE="ORG" SUBTYPE="Educational" CLASS="SPC">
      <entity_mention ID="adige20040907_id405414-E23-2" TYPE="NOM" PRIMARY="true" METONYMY_MENTION="FALSE">
        <extent>
          <charseq START="1873" END="1940">una scuola professionale di sartoria e l'Istituto d'arte del tessuto</charseq>
        </extent>
        <head>
          <charseq START="1873" END="1940">una scuola professionale di sartoria e l'Istituto d'arte del tessuto</charseq>
        </head>
      </entity_mention>
    </entity>
    <entity ID="adige20040907_id405414-E24" TYPE="ORG" SUBTYPE="Educational" CLASS="SPC">
      <entity_mention ID="adige20040907_id405414-E24-2" TYPE="NOM" PRIMARY="true" METONYMY_MENTION="FALSE">
        <extent>
          <charseq START="1997" END="2017">una scuola di Bolzano</charseq>
        </extent>
        <head>
          <charseq START="2001" END="2006">scuola</charseq>
        </head>
      </entity_mention>
    </entity>
    <entity ID="adige20040907_id405414-E25" TYPE="ORG" SUBTYPE="Educational" CLASS="SPC">
      <entity_mention ID="adige20040907_id405414-E25-2" TYPE="NOM" PRIMARY="true" METONYMY_MENTION="FALSE">
        <extent>
          <charseq START="2126" END="2160">alle scuole medie di Riva del Garda</charseq>
        </extent>
        <head>
          <charseq START="2131" END="2136">scuole</charseq>
        </head>
      </entity_mention>
    </entity>
    <entity ID="adige20040907_id405414-E26" TYPE="ORG" SUBTYPE="Commercial" CLASS="SPC">
      <entity_mention ID="adige20040907_id405414-E26-2" TYPE="NAM" PRIMARY="true" METONYMY_MENTION="FALSE">
        <extent>
          <charseq START="338" END="348">Il Simposio</charseq>
        </extent>
        <head>
          <charseq START="338" END="348">Il Simposio</charseq>
        </head>
      </entity_mention>
      <entity_mention ID="adige20040907_id405414-E26-4" TYPE="NOM" PRIMARY="false" METONYMY_MENTION="FALSE">
        <extent>
          <charseq START="317" END="334">il locale trentino</charseq>
        </extent>
        <head>
          <charseq START="320" END="325">locale</charseq>
        </head>
      </entity_mention>
      <entity_mention ID="adige20040907_id405414-E26-6" TYPE="NOM" PRIMARY="false" METONYMY_MENTION="FALSE">
        <extent>
          <charseq START="317" END="350">il locale trentino « Il Simposio »</charseq>
        </extent>
        <head>
          <charseq START="317" END="350">il locale trentino « Il Simposio »</charseq>
        </head>
      </entity_mention>
      <entity_mention ID="adige20040907_id405414-E26-7" TYPE="NOM" PRIMARY="false" METONYMY_MENTION="FALSE">
        <extent>
          <charseq START="372" END="381">del locale</charseq>
        </extent>
        <head>
          <charseq START="376" END="381">locale</charseq>
        </head>
      </entity_mention>
      <entity_mention ID="adige20040907_id405414-E26-8" TYPE="NAM" PRIMARY="false" METONYMY_MENTION="FALSE">
        <extent>
          <charseq START="386" END="396">Il Simposio</charseq>
        </extent>
        <head>
          <charseq START="389" END="396">Simposio</charseq>
        </head>
      </entity_mention>
      <entity_mention ID="adige20040907_id405414-E26-9" TYPE="NOM" PRIMARY="false" METONYMY_MENTION="FALSE">
        <extent>
          <charseq START="22" END="30">il locale</charseq>
        </extent>
        <head>
          <charseq START="25" END="30">locale</charseq>
        </head>
      </entity_mention>
      <entity_attributes>
        <name NAME="Il Simposio">
          <charseq START="338" END="348">Il Simposio</charseq>
        </name>
        <name NAME="Simposio">
          <charseq START="389" END="396">Simposio</charseq>
        </name>
      </entity_attributes>
    </entity>
    <entity ID="adige20040907_id405414-E27" TYPE="GPE" SUBTYPE="Population-Center" CLASS="SPC">
      <entity_mention ID="adige20040907_id405414-E27-1" TYPE="NAM" PRIMARY="true" ROLE="LOC" METONYMY_MENTION="FALSE">
        <extent>
          <charseq START="110" END="115">TRENTO</charseq>
        </extent>
        <head>
          <charseq START="110" END="115">TRENTO</charseq>
        </head>
      </entity_mention>
      <entity_mention ID="adige20040907_id405414-E27-2" TYPE="NAM" PRIMARY="false" ROLE="GPE" METONYMY_MENTION="FALSE">
        <extent>
          <charseq START="327" END="334">trentino</charseq>
        </extent>
        <head>
          <charseq START="327" END="334">trentino</charseq>
        </head>
      </entity_mention>
      <entity_mention ID="adige20040907_id405414-E27-3" TYPE="NAM" PRIMARY="false" ROLE="GPE" METONYMY_MENTION="FALSE">
        <extent>
          <charseq START="85" END="90">Trento</charseq>
        </extent>
        <head>
          <charseq START="85" END="90">Trento</charseq>
        </head>
      </entity_mention>
      <entity_attributes>
        <name NAME="TRENTO">
          <charseq START="110" END="115">TRENTO</charseq>
        </name>
        <name NAME="Trento">
          <charseq START="85" END="90">Trento</charseq>
        </name>
      </entity_attributes>
    </entity>
    <entity ID="adige20040907_id405414-E28" TYPE="GPE" SUBTYPE="Population-Center" CLASS="SPC">
      <entity_mention ID="adige20040907_id405414-E28-1" TYPE="NAM" PRIMARY="true" ROLE="GPE" METONYMY_MENTION="FALSE">
        <extent>
          <charseq START="200" END="207">Rovereto</charseq>
        </extent>
        <head>
          <charseq START="200" END="207">Rovereto</charseq>
        </head>
      </entity_mention>
      <entity_mention ID="adige20040907_id405414-E28-2" TYPE="NAM" PRIMARY="false" ROLE="LOC" METONYMY_MENTION="FALSE">
        <extent>
          <charseq START="1864" END="1871">Rovereto</charseq>
        </extent>
        <head>
          <charseq START="1864" END="1871">Rovereto</charseq>
        </head>
      </entity_mention>
      <entity_mention ID="adige20040907_id405414-E28-3" TYPE="NAM" PRIMARY="false" ROLE="GPE" METONYMY_MENTION="FALSE">
        <extent>
          <charseq START="2065" END="2072">Rovereto</charseq>
        </extent>
        <head>
          <charseq START="2065" END="2072">Rovereto</charseq>
        </head>
      </entity_mention>
      <entity_attributes>
        <name NAME="Rovereto">
          <charseq START="200" END="207">Rovereto</charseq>
        </name>
        <name NAME="Rovereto">
          <charseq START="1864" END="1871">Rovereto</charseq>
        </name>
        <name NAME="Rovereto">
          <charseq START="2065" END="2072">Rovereto</charseq>
        </name>
      </entity_attributes>
    </entity>
    <entity ID="adige20040907_id405414-E29" TYPE="GPE" SUBTYPE="Population-Center" CLASS="SPC">
      <entity_mention ID="adige20040907_id405414-E29-1" TYPE="NAM" PRIMARY="true" ROLE="GPE" METONYMY_MENTION="FALSE">
        <extent>
          <charseq START="2011" END="2017">Bolzano</charseq>
        </extent>
        <head>
          <charseq START="2011" END="2017">Bolzano</charseq>
        </head>
      </entity_mention>
      <entity_attributes>
        <name NAME="Bolzano">
          <charseq START="2011" END="2017">Bolzano</charseq>
        </name>
      </entity_attributes>
    </entity>
    <entity ID="adige20040907_id405414-E30" TYPE="GPE" SUBTYPE="Population-Center" CLASS="SPC">
      <entity_mention ID="adige20040907_id405414-E30-1" TYPE="NAM" PRIMARY="true" ROLE="GPE" METONYMY_MENTION="FALSE">
        <extent>
          <charseq START="2147" END="2160">Riva del Garda</charseq>
        </extent>
        <head>
          <charseq START="2147" END="2160">Riva del Garda</charseq>
        </head>
      </entity_mention>
      <entity_attributes>
        <name NAME="Riva del Garda">
          <charseq START="2147" END="2160">Riva del Garda</charseq>
        </name>
      </entity_attributes>
    </entity>
  </document>
</source_file>
