<?xml version="1.0" encoding="UTF-8"?>
<!DOCTYPE source_file PUBLIC "SYSTEM" "apf.v5.2.0.dtd">

<source_file URI="adige20040907_id405418.txt" SOURCE="unknown" TYPE="text" VERSION="5.0" AUTHOR="Evalita" ENCODING="UTF-8">
  <document DOCID="adige20040907_id405418">
    <entity ID="adige20040907_id405418-E1" TYPE="PER" SUBTYPE="Individual" CLASS="SPC">
      <entity_mention ID="adige20040907_id405418-E1-2" TYPE="NAM" PRIMARY="true" METONYMY_MENTION="FALSE">
        <extent>
          <charseq START="56" END="70">Andrea Castelli</charseq>
        </extent>
        <head>
          <charseq START="56" END="70">Andrea Castelli</charseq>
        </head>
      </entity_mention>
      <entity_mention ID="adige20040907_id405418-E1-4" TYPE="NAM" PRIMARY="false" METONYMY_MENTION="FALSE">
        <extent>
          <charseq START="589" END="603">Andrea Castelli</charseq>
        </extent>
        <head>
          <charseq START="589" END="603">Andrea Castelli</charseq>
        </head>
      </entity_mention>
      <entity_mention ID="adige20040907_id405418-E1-6" TYPE="NAM" PRIMARY="false" METONYMY_MENTION="FALSE">
        <extent>
          <charseq START="2" END="9">Castelli</charseq>
        </extent>
        <head>
          <charseq START="2" END="9">Castelli</charseq>
        </head>
      </entity_mention>
      <entity_attributes>
        <name NAME="Andrea Castelli">
          <charseq START="56" END="70">Andrea Castelli</charseq>
        </name>
        <name NAME="Andrea Castelli">
          <charseq START="589" END="603">Andrea Castelli</charseq>
        </name>
        <name NAME="Castelli">
          <charseq START="2" END="9">Castelli</charseq>
        </name>
      </entity_attributes>
    </entity>
    <entity ID="adige20040907_id405418-E2" TYPE="PER" SUBTYPE="Individual" CLASS="SPC">
      <entity_mention ID="adige20040907_id405418-E2-2" TYPE="NAM" PRIMARY="true" METONYMY_MENTION="FALSE">
        <extent>
          <charseq START="177" END="190">Pino Loperfido</charseq>
        </extent>
        <head>
          <charseq START="177" END="190">Pino Loperfido</charseq>
        </head>
      </entity_mention>
      <entity_attributes>
        <name NAME="Pino Loperfido">
          <charseq START="177" END="190">Pino Loperfido</charseq>
        </name>
      </entity_attributes>
    </entity>
    <entity ID="adige20040907_id405418-E3" TYPE="PER" SUBTYPE="Individual" CLASS="SPC">
      <entity_mention ID="adige20040907_id405418-E3-2" TYPE="NAM" PRIMARY="true" METONYMY_MENTION="FALSE">
        <extent>
          <charseq START="219" END="235">Alcide De Gasperi</charseq>
        </extent>
        <head>
          <charseq START="219" END="235">Alcide De Gasperi</charseq>
        </head>
      </entity_mention>
      <entity_mention ID="adige20040907_id405418-E3-4" TYPE="NAM" PRIMARY="false" METONYMY_MENTION="FALSE">
        <extent>
          <charseq START="16" END="25">De Gasperi</charseq>
        </extent>
        <head>
          <charseq START="16" END="25">De Gasperi</charseq>
        </head>
      </entity_mention>
      <entity_mention ID="adige20040907_id405418-E3-6" TYPE="NAM" PRIMARY="false" METONYMY_MENTION="FALSE">
        <extent>
          <charseq START="675" END="691">Alcide De Gasperi</charseq>
        </extent>
        <head>
          <charseq START="675" END="691">Alcide De Gasperi</charseq>
        </head>
      </entity_mention>
      <entity_mention ID="adige20040907_id405418-E3-8" TYPE="NOM" PRIMARY="false" METONYMY_MENTION="FALSE">
        <extent>
          <charseq START="895" END="903">suo padre</charseq>
        </extent>
        <head>
          <charseq START="899" END="903">padre</charseq>
        </head>
      </entity_mention>
      <entity_attributes>
        <name NAME="Alcide De Gasperi">
          <charseq START="219" END="235">Alcide De Gasperi</charseq>
        </name>
        <name NAME="De Gasperi">
          <charseq START="16" END="25">De Gasperi</charseq>
        </name>
        <name NAME="Alcide De Gasperi">
          <charseq START="675" END="691">Alcide De Gasperi</charseq>
        </name>
      </entity_attributes>
    </entity>
    <entity ID="adige20040907_id405418-E4" TYPE="PER" SUBTYPE="Group" CLASS="GEN">
      <entity_mention ID="adige20040907_id405418-E4-2" TYPE="NOM" PRIMARY="true" METONYMY_MENTION="FALSE">
        <extent>
          <charseq START="268" END="280">della critica</charseq>
        </extent>
        <head>
          <charseq START="274" END="280">critica</charseq>
        </head>
      </entity_mention>
    </entity>
    <entity ID="adige20040907_id405418-E5" TYPE="PER" SUBTYPE="Group" CLASS="GEN">
      <entity_mention ID="adige20040907_id405418-E5-2" TYPE="NOM" PRIMARY="true" METONYMY_MENTION="FALSE">
        <extent>
          <charseq START="293" END="304">del pubblico</charseq>
        </extent>
        <head>
          <charseq START="297" END="304">pubblico</charseq>
        </head>
      </entity_mention>
    </entity>
    <entity ID="adige20040907_id405418-E6" TYPE="PER" SUBTYPE="Group" CLASS="SPC">
      <entity_mention ID="adige20040907_id405418-E6-2" TYPE="NOM" PRIMARY="true" METONYMY_MENTION="FALSE">
        <extent>
          <charseq START="606" END="612">il cast</charseq>
        </extent>
        <head>
          <charseq START="609" END="612">cast</charseq>
        </head>
      </entity_mention>
    </entity>
    <entity ID="adige20040907_id405418-E8" TYPE="PER" SUBTYPE="Individual" CLASS="SPC">
      <entity_mention ID="adige20040907_id405418-E8-2" TYPE="NAM" PRIMARY="true" METONYMY_MENTION="FALSE">
        <extent>
          <charseq START="714" END="726">Carlo Marzani</charseq>
        </extent>
        <head>
          <charseq START="714" END="726">Carlo Marzani</charseq>
        </head>
      </entity_mention>
      <entity_attributes>
        <name NAME="Carlo Marzani">
          <charseq START="714" END="726">Carlo Marzani</charseq>
        </name>
      </entity_attributes>
    </entity>
    <entity ID="adige20040907_id405418-E9" TYPE="PER" SUBTYPE="Individual" CLASS="SPC">
      <entity_mention ID="adige20040907_id405418-E9-2" TYPE="NAM" PRIMARY="true" METONYMY_MENTION="FALSE">
        <extent>
          <charseq START="794" END="804">Bruno Vanzo</charseq>
        </extent>
        <head>
          <charseq START="794" END="804">Bruno Vanzo</charseq>
        </head>
      </entity_mention>
      <entity_attributes>
        <name NAME="Bruno Vanzo">
          <charseq START="794" END="804">Bruno Vanzo</charseq>
        </name>
      </entity_attributes>
    </entity>
    <entity ID="adige20040907_id405418-E10" TYPE="PER" SUBTYPE="Individual" CLASS="SPC">
      <entity_mention ID="adige20040907_id405418-E10-2" TYPE="NAM" PRIMARY="true" METONYMY_MENTION="FALSE">
        <extent>
          <charseq START="808" END="818">Mario Cagol</charseq>
        </extent>
        <head>
          <charseq START="808" END="818">Mario Cagol</charseq>
        </head>
      </entity_mention>
      <entity_attributes>
        <name NAME="Mario Cagol">
          <charseq START="808" END="818">Mario Cagol</charseq>
        </name>
      </entity_attributes>
    </entity>
    <entity ID="adige20040907_id405418-E11" TYPE="PER" SUBTYPE="Group" CLASS="SPC">
      <entity_mention ID="adige20040907_id405418-E11-2" TYPE="NAM" PRIMARY="true" METONYMY_MENTION="FALSE">
        <extent>
          <charseq START="794" END="818">Bruno Vanzo e Mario Cagol</charseq>
        </extent>
        <head>
          <charseq START="794" END="818">Bruno Vanzo e Mario Cagol</charseq>
        </head>
      </entity_mention>
      <entity_attributes>
        <name NAME="Bruno Vanzo e Mario Cagol">
          <charseq START="794" END="818">Bruno Vanzo e Mario Cagol</charseq>
        </name>
      </entity_attributes>
    </entity>
    <entity ID="adige20040907_id405418-E12" TYPE="PER" SUBTYPE="Individual" CLASS="SPC">
      <entity_mention ID="adige20040907_id405418-E12-2" TYPE="NAM" PRIMARY="true" METONYMY_MENTION="FALSE">
        <extent>
          <charseq START="821" END="833">Cecilia Ruele</charseq>
        </extent>
        <head>
          <charseq START="821" END="833">Cecilia Ruele</charseq>
        </head>
      </entity_mention>
      <entity_attributes>
        <name NAME="Cecilia Ruele">
          <charseq START="821" END="833">Cecilia Ruele</charseq>
        </name>
      </entity_attributes>
    </entity>
    <entity ID="adige20040907_id405418-E13" TYPE="PER" SUBTYPE="Individual" CLASS="SPC">
      <entity_mention ID="adige20040907_id405418-E13-2" TYPE="NAM" PRIMARY="true" METONYMY_MENTION="FALSE">
        <extent>
          <charseq START="853" END="868">Lucia De Gasperi</charseq>
        </extent>
        <head>
          <charseq START="853" END="868">Lucia De Gasperi</charseq>
        </head>
      </entity_mention>
      <entity_mention ID="adige20040907_id405418-E13-4" TYPE="NOM" PRIMARY="false" METONYMY_MENTION="FALSE">
        <extent>
          <charseq START="848" END="851">suor</charseq>
        </extent>
        <head>
          <charseq START="848" END="851">suor</charseq>
        </head>
      </entity_mention>
      <entity_mention ID="adige20040907_id405418-E13-6" TYPE="NOM" PRIMARY="false" METONYMY_MENTION="FALSE">
        <extent>
          <charseq START="848" END="868">suor Lucia De Gasperi</charseq>
        </extent>
        <head>
          <charseq START="848" END="868">suor Lucia De Gasperi</charseq>
        </head>
      </entity_mention>
      <entity_mention ID="adige20040907_id405418-E13-8" TYPE="PRO" PRIMARY="false" METONYMY_MENTION="FALSE">
        <extent>
          <charseq START="895" END="897">suo</charseq>
        </extent>
        <head>
          <charseq START="895" END="897">suo</charseq>
        </head>
      </entity_mention>
      <entity_attributes>
        <name NAME="Lucia De Gasperi">
          <charseq START="853" END="868">Lucia De Gasperi</charseq>
        </name>
      </entity_attributes>
    </entity>
    <entity ID="adige20040907_id405418-E14" TYPE="PER" SUBTYPE="Group" CLASS="SPC">
      <entity_mention ID="adige20040907_id405418-E14-2" TYPE="NOM" PRIMARY="true" METONYMY_MENTION="FALSE">
        <extent>
          <charseq START="928" END="972">le due ipotetiche abitanti di Sella Valsugana</charseq>
        </extent>
        <head>
          <charseq START="946" END="953">abitanti</charseq>
        </head>
      </entity_mention>
    </entity>
    <entity ID="adige20040907_id405418-E15" TYPE="PER" SUBTYPE="Indefinite" CLASS="USP">
      <entity_mention ID="adige20040907_id405418-E15-2" TYPE="PRO" PRIMARY="true" METONYMY_MENTION="FALSE">
        <extent>
          <charseq START="975" END="976">si</charseq>
        </extent>
        <head>
          <charseq START="975" END="976">si</charseq>
        </head>
      </entity_mention>
    </entity>
    <entity ID="adige20040907_id405418-E16" TYPE="PER" SUBTYPE="Individual" CLASS="SPC">
      <entity_mention ID="adige20040907_id405418-E16-2" TYPE="NAM" PRIMARY="true" METONYMY_MENTION="FALSE">
        <extent>
          <charseq START="1003" END="1016">Giovanna Rosso</charseq>
        </extent>
        <head>
          <charseq START="1003" END="1016">Giovanna Rosso</charseq>
        </head>
      </entity_mention>
      <entity_attributes>
        <name NAME="Giovanna Rosso">
          <charseq START="1003" END="1016">Giovanna Rosso</charseq>
        </name>
      </entity_attributes>
    </entity>
    <entity ID="adige20040907_id405418-E17" TYPE="PER" SUBTYPE="Individual" CLASS="SPC">
      <entity_mention ID="adige20040907_id405418-E17-2" TYPE="NAM" PRIMARY="true" METONYMY_MENTION="FALSE">
        <extent>
          <charseq START="1020" END="1035">Claudia Tomasini</charseq>
        </extent>
        <head>
          <charseq START="1020" END="1035">Claudia Tomasini</charseq>
        </head>
      </entity_mention>
      <entity_attributes>
        <name NAME="Claudia Tomasini">
          <charseq START="1020" END="1035">Claudia Tomasini</charseq>
        </name>
      </entity_attributes>
    </entity>
    <entity ID="adige20040907_id405418-E18" TYPE="PER" SUBTYPE="Group" CLASS="SPC">
      <entity_mention ID="adige20040907_id405418-E18-2" TYPE="NAM" PRIMARY="true" METONYMY_MENTION="FALSE">
        <extent>
          <charseq START="1003" END="1074">Giovanna Rosso e Claudia Tomasini della filodrammatica di Olle Valsugana</charseq>
        </extent>
        <head>
          <charseq START="1003" END="1074">Giovanna Rosso e Claudia Tomasini della filodrammatica di Olle Valsugana</charseq>
        </head>
      </entity_mention>
      <entity_attributes>
        <name NAME="Giovanna Rosso e Claudia Tomasini della filodrammatica di Olle Valsugana">
          <charseq START="1003" END="1074">Giovanna Rosso e Claudia Tomasini della filodrammatica di Olle Valsugana</charseq>
        </name>
      </entity_attributes>
    </entity>
    <entity ID="adige20040907_id405418-E19" TYPE="PER" SUBTYPE="Individual" CLASS="SPC">
      <entity_mention ID="adige20040907_id405418-E19-2" TYPE="NAM" PRIMARY="true" METONYMY_MENTION="FALSE">
        <extent>
          <charseq START="1107" END="1120">Italo Salvador</charseq>
        </extent>
        <head>
          <charseq START="1107" END="1120">Italo Salvador</charseq>
        </head>
      </entity_mention>
      <entity_attributes>
        <name NAME="Italo Salvador">
          <charseq START="1107" END="1120">Italo Salvador</charseq>
        </name>
      </entity_attributes>
    </entity>
    <entity ID="adige20040907_id405418-E20" TYPE="PER" SUBTYPE="Individual" CLASS="SPC">
      <entity_mention ID="adige20040907_id405418-E20-2" TYPE="NAM" PRIMARY="true" METONYMY_MENTION="FALSE">
        <extent>
          <charseq START="1138" END="1154">Maria Serena Tait</charseq>
        </extent>
        <head>
          <charseq START="1138" END="1154">Maria Serena Tait</charseq>
        </head>
      </entity_mention>
      <entity_attributes>
        <name NAME="Maria Serena Tait">
          <charseq START="1138" END="1154">Maria Serena Tait</charseq>
        </name>
      </entity_attributes>
    </entity>
    <entity ID="adige20040907_id405418-E21" TYPE="ORG" SUBTYPE="Commercial" CLASS="SPC">
      <entity_mention ID="adige20040907_id405418-E21-1" TYPE="NAM" PRIMARY="true" METONYMY_MENTION="FALSE">
        <extent>
          <charseq START="132" END="156">Edizioni Curcu &amp; Genovese</charseq>
        </extent>
        <head>
          <charseq START="132" END="156">Edizioni Curcu &amp; Genovese</charseq>
        </head>
      </entity_mention>
      <entity_attributes>
        <name NAME="Edizioni Curcu &amp; Genovese">
          <charseq START="132" END="156">Edizioni Curcu &amp; Genovese</charseq>
        </name>
      </entity_attributes>
    </entity>
    <entity ID="adige20040907_id405418-E22" TYPE="ORG" SUBTYPE="Media" CLASS="SPC">
      <entity_mention ID="adige20040907_id405418-E22-1" TYPE="NOM" PRIMARY="true" METONYMY_MENTION="FALSE">
        <extent>
          <charseq START="334" END="383">dalla Struttura Programmi della Sede Rai di Trento</charseq>
        </extent>
        <head>
          <charseq START="340" END="348">Struttura</charseq>
        </head>
      </entity_mention>
    </entity>
    <entity ID="adige20040907_id405418-E23" TYPE="ORG" SUBTYPE="Commercial" CLASS="SPC">
      <entity_mention ID="adige20040907_id405418-E23-1" TYPE="NAM" PRIMARY="true" METONYMY_MENTION="FALSE">
        <extent>
          <charseq START="371" END="373">Rai</charseq>
        </extent>
        <head>
          <charseq START="371" END="373">Rai</charseq>
        </head>
      </entity_mention>
      <entity_attributes>
        <name NAME="Rai">
          <charseq START="371" END="373">Rai</charseq>
        </name>
      </entity_attributes>
    </entity>
    <entity ID="adige20040907_id405418-E24" TYPE="GPE" SUBTYPE="Population-Center" CLASS="SPC">
      <entity_mention ID="adige20040907_id405418-E24-1" TYPE="NAM" PRIMARY="true" ROLE="LOC" METONYMY_MENTION="FALSE">
        <extent>
          <charseq START="31" END="36">TRENTO</charseq>
        </extent>
        <head>
          <charseq START="31" END="36">TRENTO</charseq>
        </head>
      </entity_mention>
      <entity_mention ID="adige20040907_id405418-E24-2" TYPE="NAM" PRIMARY="false" ROLE="GPE" METONYMY_MENTION="FALSE">
        <extent>
          <charseq START="378" END="383">Trento</charseq>
        </extent>
        <head>
          <charseq START="378" END="383">Trento</charseq>
        </head>
      </entity_mention>
      <entity_attributes>
        <name NAME="TRENTO">
          <charseq START="31" END="36">TRENTO</charseq>
        </name>
        <name NAME="Trento">
          <charseq START="378" END="383">Trento</charseq>
        </name>
      </entity_attributes>
    </entity>
    <entity ID="adige20040907_id405418-E25" TYPE="GPE" SUBTYPE="State-or-Province" CLASS="SPC">
      <entity_mention ID="adige20040907_id405418-E25-1" TYPE="NAM" PRIMARY="true" ROLE="GPE" METONYMY_MENTION="FALSE">
        <extent>
          <charseq START="665" END="672">trentina</charseq>
        </extent>
        <head>
          <charseq START="665" END="672">trentina</charseq>
        </head>
      </entity_mention>
    </entity>
    <entity ID="adige20040907_id405418-E26" TYPE="GPE" SUBTYPE="Population-Center" CLASS="SPC">
      <entity_mention ID="adige20040907_id405418-E26-1" TYPE="NAM" PRIMARY="true" ROLE="GPE" METONYMY_MENTION="FALSE">
        <extent>
          <charseq START="958" END="972">Sella Valsugana</charseq>
        </extent>
        <head>
          <charseq START="958" END="972">Sella Valsugana</charseq>
        </head>
      </entity_mention>
      <entity_attributes>
        <name NAME="Sella Valsugana">
          <charseq START="958" END="972">Sella Valsugana</charseq>
        </name>
      </entity_attributes>
    </entity>
    <entity ID="adige20040907_id405418-E27" TYPE="GPE" SUBTYPE="Population-Center" CLASS="SPC">
      <entity_mention ID="adige20040907_id405418-E27-1" TYPE="NAM" PRIMARY="true" ROLE="GPE" METONYMY_MENTION="FALSE">
        <extent>
          <charseq START="1061" END="1074">Olle Valsugana</charseq>
        </extent>
        <head>
          <charseq START="1061" END="1074">Olle Valsugana</charseq>
        </head>
      </entity_mention>
      <entity_attributes>
        <name NAME="Olle Valsugana">
          <charseq START="1061" END="1074">Olle Valsugana</charseq>
        </name>
      </entity_attributes>
    </entity>
    <entity ID="adige20040907_id405418-E28" TYPE="ORG" SUBTYPE="Entertainment" CLASS="SPC">
      <entity_mention ID="adige20040907_id405418-E28-1" TYPE="NAM" PRIMARY="true" METONYMY_MENTION="FALSE">
        <extent>
          <charseq START="1037" END="1074">della filodrammatica di Olle Valsugana</charseq>
        </extent>
        <head>
          <charseq START="1043" END="1056">filodrammatica</charseq>
        </head>
      </entity_mention>
      <entity_attributes>
        <name NAME="filodrammatica">
          <charseq START="1043" END="1056">filodrammatica</charseq>
        </name>
      </entity_attributes>
    </entity>
  </document>
</source_file>
