<?xml version="1.0" encoding="UTF-8"?>
<!DOCTYPE source_file PUBLIC "SYSTEM" "apf.v5.2.0.dtd">

<source_file URI="adige20040907_id405417.txt" SOURCE="unknown" TYPE="text" VERSION="5.0" AUTHOR="Evalita" ENCODING="UTF-8">
  <document DOCID="adige20040907_id405417">
    <entity ID="adige20040907_id405417-E1" TYPE="PER" SUBTYPE="Individual" CLASS="SPC">
      <entity_mention ID="adige20040907_id405417-E1-2" TYPE="NAM" PRIMARY="true" METONYMY_MENTION="FALSE">
        <extent>
          <charseq START="243" END="255">Michael Stipe</charseq>
        </extent>
        <head>
          <charseq START="243" END="255">Michael Stipe</charseq>
        </head>
      </entity_mention>
      <entity_mention ID="adige20040907_id405417-E1-4" TYPE="NOM" PRIMARY="false" METONYMY_MENTION="FALSE">
        <extent>
          <charseq START="225" END="241">del loro cantante</charseq>
        </extent>
        <head>
          <charseq START="234" END="241">cantante</charseq>
        </head>
      </entity_mention>
      <entity_mention ID="adige20040907_id405417-E1-6" TYPE="NOM" PRIMARY="false" METONYMY_MENTION="FALSE">
        <extent>
          <charseq START="225" END="255">del loro cantante Michael Stipe</charseq>
        </extent>
        <head>
          <charseq START="225" END="255">del loro cantante Michael Stipe</charseq>
        </head>
      </entity_mention>
      <entity_mention ID="adige20040907_id405417-E1-8" TYPE="NAM" PRIMARY="false" METONYMY_MENTION="FALSE">
        <extent>
          <charseq START="1149" END="1161">Michael Stipe</charseq>
        </extent>
        <head>
          <charseq START="1149" END="1161">Michael Stipe</charseq>
        </head>
      </entity_mention>
      <entity_mention ID="adige20040907_id405417-E1-10" TYPE="NAM" PRIMARY="false" METONYMY_MENTION="FALSE">
        <extent>
          <charseq START="1640" END="1644">Stipe</charseq>
        </extent>
        <head>
          <charseq START="1640" END="1644">Stipe</charseq>
        </head>
      </entity_mention>
      <entity_mention ID="adige20040907_id405417-E1-12" TYPE="NAM" PRIMARY="false" METONYMY_MENTION="FALSE">
        <extent>
          <charseq START="2159" END="2163">Stipe</charseq>
        </extent>
        <head>
          <charseq START="2159" END="2163">Stipe</charseq>
        </head>
      </entity_mention>
      <entity_mention ID="adige20040907_id405417-E1-14" TYPE="NOM" PRIMARY="false" METONYMY_MENTION="FALSE">
        <extent>
          <charseq START="2165" END="2250">cantante politicamente impegnato su temi come la difesa dell'ambiente e la solidarietà</charseq>
        </extent>
        <head>
          <charseq START="2165" END="2172">cantante</charseq>
        </head>
      </entity_mention>
      <entity_mention ID="adige20040907_id405417-E1-16" TYPE="NAM" PRIMARY="false" METONYMY_MENTION="FALSE">
        <extent>
          <charseq START="2159" END="2250">Stipe cantante politicamente impegnato su temi come la difesa dell'ambiente e la solidarietà</charseq>
        </extent>
        <head>
          <charseq START="2159" END="2250">Stipe cantante politicamente impegnato su temi come la difesa dell'ambiente e la solidarietà</charseq>
        </head>
      </entity_mention>
      <entity_mention ID="adige20040907_id405417-E1-17" TYPE="NAM" PRIMARY="false" METONYMY_MENTION="FALSE">
        <extent>
          <charseq START="716" END="720">Stipe</charseq>
        </extent>
        <head>
          <charseq START="716" END="720">Stipe</charseq>
        </head>
      </entity_mention>
      <entity_attributes>
        <name NAME="Michael Stipe">
          <charseq START="243" END="255">Michael Stipe</charseq>
        </name>
        <name NAME="Michael Stipe">
          <charseq START="1149" END="1161">Michael Stipe</charseq>
        </name>
        <name NAME="Stipe">
          <charseq START="1640" END="1644">Stipe</charseq>
        </name>
        <name NAME="Stipe">
          <charseq START="2159" END="2163">Stipe</charseq>
        </name>
        <name NAME="Stipe cantante politicamente impegnato su temi come la difesa dell'ambiente e la solidarietà">
          <charseq START="2159" END="2250">Stipe cantante politicamente impegnato su temi come la difesa dell'ambiente e la solidarietà</charseq>
        </name>
        <name NAME="Stipe">
          <charseq START="716" END="720">Stipe</charseq>
        </name>
      </entity_attributes>
    </entity>
    <entity ID="adige20040907_id405417-E2" TYPE="PER" SUBTYPE="Group" CLASS="GEN">
      <entity_mention ID="adige20040907_id405417-E2-2" TYPE="PRO" PRIMARY="true" METONYMY_MENTION="FALSE">
        <extent>
          <charseq START="946" END="947">ci</charseq>
        </extent>
        <head>
          <charseq START="946" END="947">ci</charseq>
        </head>
      </entity_mention>
      <entity_mention ID="adige20040907_id405417-E2-4" TYPE="PRO" PRIMARY="false" METONYMY_MENTION="FALSE">
        <extent>
          <charseq START="1774" END="1776">noi</charseq>
        </extent>
        <head>
          <charseq START="1774" END="1776">noi</charseq>
        </head>
      </entity_mention>
    </entity>
    <entity ID="adige20040907_id405417-E3" TYPE="PER" SUBTYPE="Group" CLASS="SPC">
      <entity_mention ID="adige20040907_id405417-E3-2" TYPE="NOM" PRIMARY="true" METONYMY_MENTION="FALSE">
        <extent>
          <charseq START="1187" END="1194">dei fans</charseq>
        </extent>
        <head>
          <charseq START="1191" END="1194">fans</charseq>
        </head>
      </entity_mention>
      <entity_mention ID="adige20040907_id405417-E3-4" TYPE="NOM" PRIMARY="false" METONYMY_MENTION="FALSE">
        <extent>
          <charseq START="2544" END="2555">tutti i fans</charseq>
        </extent>
        <head>
          <charseq START="2552" END="2555">fans</charseq>
        </head>
      </entity_mention>
    </entity>
    <entity ID="adige20040907_id405417-E4" TYPE="PER" SUBTYPE="Group" CLASS="GEN">
      <entity_mention ID="adige20040907_id405417-E4-2" TYPE="NOM" PRIMARY="true" METONYMY_MENTION="FALSE">
        <extent>
          <charseq START="1994" END="2011">al grande pubblico</charseq>
        </extent>
        <head>
          <charseq START="2004" END="2011">pubblico</charseq>
        </head>
      </entity_mention>
    </entity>
    <entity ID="adige20040907_id405417-E5" TYPE="PER" SUBTYPE="Individual" CLASS="SPC">
      <entity_mention ID="adige20040907_id405417-E5-2" TYPE="NAM" PRIMARY="true" METONYMY_MENTION="FALSE">
        <extent>
          <charseq START="2359" END="2374">Bruce Springteen</charseq>
        </extent>
        <head>
          <charseq START="2359" END="2374">Bruce Springteen</charseq>
        </head>
      </entity_mention>
      <entity_attributes>
        <name NAME="Bruce Springteen">
          <charseq START="2359" END="2374">Bruce Springteen</charseq>
        </name>
      </entity_attributes>
    </entity>
    <entity ID="adige20040907_id405417-E6" TYPE="PER" SUBTYPE="Individual" CLASS="SPC">
      <entity_mention ID="adige20040907_id405417-E6-2" TYPE="NAM" PRIMARY="true" METONYMY_MENTION="FALSE">
        <extent>
          <charseq START="2440" END="2449">John Kerry</charseq>
        </extent>
        <head>
          <charseq START="2440" END="2449">John Kerry</charseq>
        </head>
      </entity_mention>
      <entity_mention ID="adige20040907_id405417-E6-4" TYPE="NOM" PRIMARY="false" METONYMY_MENTION="FALSE">
        <extent>
          <charseq START="2415" END="2438">il candidato democratico</charseq>
        </extent>
        <head>
          <charseq START="2418" END="2426">candidato</charseq>
        </head>
      </entity_mention>
      <entity_mention ID="adige20040907_id405417-E6-6" TYPE="NOM" PRIMARY="false" METONYMY_MENTION="FALSE">
        <extent>
          <charseq START="2415" END="2449">il candidato democratico John Kerry</charseq>
        </extent>
        <head>
          <charseq START="2415" END="2449">il candidato democratico John Kerry</charseq>
        </head>
      </entity_mention>
      <entity_attributes>
        <name NAME="John Kerry">
          <charseq START="2440" END="2449">John Kerry</charseq>
        </name>
      </entity_attributes>
    </entity>
    <entity ID="adige20040907_id405417-E7" TYPE="PER" SUBTYPE="Individual" CLASS="SPC">
      <entity_mention ID="adige20040907_id405417-E7-2" TYPE="NAM" PRIMARY="true" METONYMY_MENTION="FALSE">
        <extent>
          <charseq START="2961" END="2966">F.D.S.</charseq>
        </extent>
        <head>
          <charseq START="2961" END="2966">F.D.S.</charseq>
        </head>
      </entity_mention>
      <entity_attributes>
        <name NAME="F.D.S.">
          <charseq START="2961" END="2966">F.D.S.</charseq>
        </name>
      </entity_attributes>
    </entity>
    <entity ID="adige20040907_id405417-E8" TYPE="ORG" SUBTYPE="Entertainment" CLASS="GEN">
      <entity_mention ID="adige20040907_id405417-E8-1" TYPE="NOM" PRIMARY="true" METONYMY_MENTION="FALSE">
        <extent>
          <charseq START="131" END="180">le più importanti rock band degli ultimi vent'anni</charseq>
        </extent>
        <head>
          <charseq START="154" END="157">band</charseq>
        </head>
      </entity_mention>
    </entity>
    <entity ID="adige20040907_id405417-E9" TYPE="ORG" SUBTYPE="Entertainment" CLASS="SPC">
      <entity_mention ID="adige20040907_id405417-E9-1" TYPE="NAM" PRIMARY="true" METONYMY_MENTION="FALSE">
        <extent>
          <charseq START="275" END="277">Rem</charseq>
        </extent>
        <head>
          <charseq START="275" END="277">Rem</charseq>
        </head>
      </entity_mention>
      <entity_mention ID="adige20040907_id405417-E9-2" TYPE="PRO" PRIMARY="false" METONYMY_MENTION="FALSE">
        <extent>
          <charseq START="258" END="261">Loro</charseq>
        </extent>
        <head>
          <charseq START="258" END="261">Loro</charseq>
        </head>
      </entity_mention>
      <entity_mention ID="adige20040907_id405417-E9-3" TYPE="PRO" PRIMARY="false" METONYMY_MENTION="FALSE">
        <extent>
          <charseq START="194" END="197">loro</charseq>
        </extent>
        <head>
          <charseq START="194" END="197">loro</charseq>
        </head>
      </entity_mention>
      <entity_mention ID="adige20040907_id405417-E9-4" TYPE="NOM" PRIMARY="false" METONYMY_MENTION="FALSE">
        <extent>
          <charseq START="483" END="501">il gruppo di Athens</charseq>
        </extent>
        <head>
          <charseq START="486" END="491">gruppo</charseq>
        </head>
      </entity_mention>
      <entity_mention ID="adige20040907_id405417-E9-5" TYPE="NAM" PRIMARY="false" METONYMY_MENTION="FALSE">
        <extent>
          <charseq START="584" END="590">dei Rem</charseq>
        </extent>
        <head>
          <charseq START="588" END="590">Rem</charseq>
        </head>
      </entity_mention>
      <entity_mention ID="adige20040907_id405417-E9-6" TYPE="NOM" PRIMARY="false" METONYMY_MENTION="FALSE">
        <extent>
          <charseq START="705" END="720">la band di Stipe</charseq>
        </extent>
        <head>
          <charseq START="708" END="711">band</charseq>
        </head>
      </entity_mention>
      <entity_mention ID="adige20040907_id405417-E9-7" TYPE="NAM" PRIMARY="false" METONYMY_MENTION="FALSE">
        <extent>
          <charseq START="757" END="761">I Rem</charseq>
        </extent>
        <head>
          <charseq START="759" END="761">Rem</charseq>
        </head>
      </entity_mention>
      <entity_mention ID="adige20040907_id405417-E9-8" TYPE="PRO" PRIMARY="false" METONYMY_MENTION="FALSE">
        <extent>
          <charseq START="780" END="783">loro</charseq>
        </extent>
        <head>
          <charseq START="780" END="783">loro</charseq>
        </head>
      </entity_mention>
      <entity_mention ID="adige20040907_id405417-E9-9" TYPE="NOM" PRIMARY="false" METONYMY_MENTION="FALSE">
        <extent>
          <charseq START="1547" END="1555">il gruppo</charseq>
        </extent>
        <head>
          <charseq START="1550" END="1555">gruppo</charseq>
        </head>
      </entity_mention>
      <entity_mention ID="adige20040907_id405417-E9-10" TYPE="NAM" PRIMARY="false" METONYMY_MENTION="FALSE">
        <extent>
          <charseq START="1794" END="1800">dei Rem</charseq>
        </extent>
        <head>
          <charseq START="1798" END="1800">Rem</charseq>
        </head>
      </entity_mention>
      <entity_mention ID="adige20040907_id405417-E9-11" TYPE="NOM" PRIMARY="false" METONYMY_MENTION="FALSE">
        <extent>
          <charseq START="1812" END="2011">Un gruppo che ha registrato autentici capolavori rock oriented come "Murmur", "Lifes Rich Pageant", "Document" e "Green", il disco che alla fine degli anni ottanta li fece conoscere al grande pubblico</charseq>
        </extent>
        <head>
          <charseq START="1815" END="1820">gruppo</charseq>
        </head>
      </entity_mention>
      <entity_mention ID="adige20040907_id405417-E9-12" TYPE="PRO" PRIMARY="false" METONYMY_MENTION="FALSE">
        <extent>
          <charseq START="1822" END="1824">che</charseq>
        </extent>
        <head>
          <charseq START="1822" END="1824">che</charseq>
        </head>
      </entity_mention>
      <entity_mention ID="adige20040907_id405417-E9-13" TYPE="PRO" PRIMARY="false" METONYMY_MENTION="FALSE">
        <extent>
          <charseq START="1976" END="1977">li</charseq>
        </extent>
        <head>
          <charseq START="1976" END="1977">li</charseq>
        </head>
      </entity_mention>
      <entity_mention ID="adige20040907_id405417-E9-14" TYPE="NAM" PRIMARY="false" METONYMY_MENTION="FALSE">
        <extent>
          <charseq START="2253" END="2257">I Rem</charseq>
        </extent>
        <head>
          <charseq START="2255" END="2257">Rem</charseq>
        </head>
      </entity_mention>
      <entity_mention ID="adige20040907_id405417-E9-15" TYPE="PRO" PRIMARY="false" METONYMY_MENTION="FALSE">
        <extent>
          <charseq START="2317" END="2320">loro</charseq>
        </extent>
        <head>
          <charseq START="2317" END="2320">loro</charseq>
        </head>
      </entity_mention>
      <entity_mention ID="adige20040907_id405417-E9-16" TYPE="NAM" PRIMARY="false" METONYMY_MENTION="FALSE">
        <extent>
          <charseq START="2557" END="2563">dei Rem</charseq>
        </extent>
        <head>
          <charseq START="2561" END="2563">Rem</charseq>
        </head>
      </entity_mention>
      <entity_mention ID="adige20040907_id405417-E9-17" TYPE="NOM" PRIMARY="false" METONYMY_MENTION="FALSE">
        <extent>
          <charseq START="2678" END="2687">sulla band</charseq>
        </extent>
        <head>
          <charseq START="2684" END="2687">band</charseq>
        </head>
      </entity_mention>
      <entity_mention ID="adige20040907_id405417-E9-18" TYPE="NAM" PRIMARY="false" METONYMY_MENTION="FALSE">
        <extent>
          <charseq START="81" END="95">i Rem a Bolzano</charseq>
        </extent>
        <head>
          <charseq START="83" END="85">Rem</charseq>
        </head>
      </entity_mention>
      <entity_mention ID="adige20040907_id405417-E9-19" TYPE="PRO" PRIMARY="false" METONYMY_MENTION="FALSE">
        <extent>
          <charseq START="229" END="232">loro</charseq>
        </extent>
        <head>
          <charseq START="229" END="232">loro</charseq>
        </head>
      </entity_mention>
      <entity_attributes>
        <name NAME="Rem">
          <charseq START="275" END="277">Rem</charseq>
        </name>
        <name NAME="Rem">
          <charseq START="588" END="590">Rem</charseq>
        </name>
        <name NAME="Rem">
          <charseq START="759" END="761">Rem</charseq>
        </name>
        <name NAME="Rem">
          <charseq START="1798" END="1800">Rem</charseq>
        </name>
        <name NAME="Rem">
          <charseq START="2255" END="2257">Rem</charseq>
        </name>
        <name NAME="Rem">
          <charseq START="2561" END="2563">Rem</charseq>
        </name>
        <name NAME="Rem">
          <charseq START="83" END="85">Rem</charseq>
        </name>
      </entity_attributes>
    </entity>
    <entity ID="adige20040907_id405417-E10" TYPE="ORG" SUBTYPE="Commercial" CLASS="SPC">
      <entity_mention ID="adige20040907_id405417-E10-1" TYPE="NAM" PRIMARY="true" METONYMY_MENTION="FALSE">
        <extent>
          <charseq START="386" END="396">la Showtime</charseq>
        </extent>
        <head>
          <charseq START="389" END="396">Showtime</charseq>
        </head>
      </entity_mention>
      <entity_mention ID="adige20040907_id405417-E10-2" TYPE="NAM" PRIMARY="false" METONYMY_MENTION="FALSE">
        <extent>
          <charseq START="2794" END="2804">la Showtime</charseq>
        </extent>
        <head>
          <charseq START="2797" END="2804">Showtime</charseq>
        </head>
      </entity_mention>
      <entity_attributes>
        <name NAME="Showtime">
          <charseq START="389" END="396">Showtime</charseq>
        </name>
        <name NAME="Showtime">
          <charseq START="2797" END="2804">Showtime</charseq>
        </name>
      </entity_attributes>
    </entity>
    <entity ID="adige20040907_id405417-E11" TYPE="ORG" SUBTYPE="Non-Governmental" CLASS="SPC">
      <entity_mention ID="adige20040907_id405417-E11-1" TYPE="NAM" PRIMARY="true" METONYMY_MENTION="FALSE">
        <extent>
          <charseq START="2477" END="2491">Vote For Change</charseq>
        </extent>
        <head>
          <charseq START="2477" END="2491">Vote For Change</charseq>
        </head>
      </entity_mention>
      <entity_mention ID="adige20040907_id405417-E11-2" TYPE="NOM" PRIMARY="false" METONYMY_MENTION="FALSE">
        <extent>
          <charseq START="2462" END="2475">l'associazione</charseq>
        </extent>
        <head>
          <charseq START="2464" END="2475">associazione</charseq>
        </head>
      </entity_mention>
      <entity_mention ID="adige20040907_id405417-E11-3" TYPE="NOM" PRIMARY="false" METONYMY_MENTION="FALSE">
        <extent>
          <charseq START="2462" END="2537">l'associazione Vote For Change, braccio musicale dell'attivissima MoveOn.Org</charseq>
        </extent>
        <head>
          <charseq START="2462" END="2537">l'associazione Vote For Change, braccio musicale dell'attivissima MoveOn.Org</charseq>
        </head>
      </entity_mention>
      <entity_mention ID="adige20040907_id405417-E11-4" TYPE="NOM" PRIMARY="false" METONYMY_MENTION="FALSE">
        <extent>
          <charseq START="2494" END="2537">braccio musicale dell'attivissima MoveOn.Org</charseq>
        </extent>
        <head>
          <charseq START="2494" END="2500">braccio</charseq>
        </head>
      </entity_mention>
      <entity_attributes>
        <name NAME="Vote For Change">
          <charseq START="2477" END="2491">Vote For Change</charseq>
        </name>
      </entity_attributes>
    </entity>
    <entity ID="adige20040907_id405417-E12" TYPE="ORG" SUBTYPE="Non-Governmental" CLASS="SPC">
      <entity_mention ID="adige20040907_id405417-E12-1" TYPE="NAM" PRIMARY="true" METONYMY_MENTION="FALSE">
        <extent>
          <charseq START="2511" END="2537">dell'attivissima MoveOn.Org</charseq>
        </extent>
        <head>
          <charseq START="2528" END="2537">MoveOn.Org</charseq>
        </head>
      </entity_mention>
      <entity_attributes>
        <name NAME="MoveOn.Org">
          <charseq START="2528" END="2537">MoveOn.Org</charseq>
        </name>
      </entity_attributes>
    </entity>
    <entity ID="adige20040907_id405417-E13" TYPE="GPE" SUBTYPE="Population-Center" CLASS="SPC">
      <entity_mention ID="adige20040907_id405417-E13-1" TYPE="NAM" PRIMARY="true" ROLE="LOC" METONYMY_MENTION="FALSE">
        <extent>
          <charseq START="101" END="106">TRENTO</charseq>
        </extent>
        <head>
          <charseq START="101" END="106">TRENTO</charseq>
        </head>
      </entity_mention>
      <entity_attributes>
        <name NAME="TRENTO">
          <charseq START="101" END="106">TRENTO</charseq>
        </name>
      </entity_attributes>
    </entity>
    <entity ID="adige20040907_id405417-E14" TYPE="GPE" SUBTYPE="Population-Center" CLASS="SPC">
      <entity_mention ID="adige20040907_id405417-E14-1" TYPE="NAM" PRIMARY="true" ROLE="GPE" METONYMY_MENTION="FALSE">
        <extent>
          <charseq START="350" END="356">Bolzano</charseq>
        </extent>
        <head>
          <charseq START="350" END="356">Bolzano</charseq>
        </head>
      </entity_mention>
      <entity_mention ID="adige20040907_id405417-E14-2" TYPE="NAM" PRIMARY="false" ROLE="GPE" METONYMY_MENTION="FALSE">
        <extent>
          <charseq START="447" END="453">Bolzano</charseq>
        </extent>
        <head>
          <charseq START="447" END="453">Bolzano</charseq>
        </head>
      </entity_mention>
      <entity_mention ID="adige20040907_id405417-E14-3" TYPE="NAM" PRIMARY="false" ROLE="LOC" METONYMY_MENTION="FALSE">
        <extent>
          <charseq START="89" END="95">Bolzano</charseq>
        </extent>
        <head>
          <charseq START="89" END="95">Bolzano</charseq>
        </head>
      </entity_mention>
      <entity_attributes>
        <name NAME="Bolzano">
          <charseq START="350" END="356">Bolzano</charseq>
        </name>
        <name NAME="Bolzano">
          <charseq START="447" END="453">Bolzano</charseq>
        </name>
        <name NAME="Bolzano">
          <charseq START="89" END="95">Bolzano</charseq>
        </name>
      </entity_attributes>
    </entity>
    <entity ID="adige20040907_id405417-E15" TYPE="GPE" SUBTYPE="Population-Center" CLASS="SPC">
      <entity_mention ID="adige20040907_id405417-E15-1" TYPE="NAM" PRIMARY="true" ROLE="GPE" METONYMY_MENTION="FALSE">
        <extent>
          <charseq START="496" END="501">Athens</charseq>
        </extent>
        <head>
          <charseq START="496" END="501">Athens</charseq>
        </head>
      </entity_mention>
      <entity_attributes>
        <name NAME="Athens">
          <charseq START="496" END="501">Athens</charseq>
        </name>
      </entity_attributes>
    </entity>
    <entity ID="adige20040907_id405417-E16" TYPE="GPE" SUBTYPE="Nation" CLASS="SPC">
      <entity_mention ID="adige20040907_id405417-E16-1" TYPE="NAM" PRIMARY="true" ROLE="LOC" METONYMY_MENTION="FALSE">
        <extent>
          <charseq START="512" END="517">Italia</charseq>
        </extent>
        <head>
          <charseq START="512" END="517">Italia</charseq>
        </head>
      </entity_mention>
      <entity_mention ID="adige20040907_id405417-E16-2" TYPE="NAM" PRIMARY="false" ROLE="GPE" METONYMY_MENTION="FALSE">
        <extent>
          <charseq START="11" END="18">italiana</charseq>
        </extent>
        <head>
          <charseq START="11" END="18">italiana</charseq>
        </head>
      </entity_mention>
      <entity_mention ID="adige20040907_id405417-E16-3" TYPE="NAM" PRIMARY="false" ROLE="GPE" METONYMY_MENTION="FALSE">
        <extent>
          <charseq START="2606" END="2613">italiano</charseq>
        </extent>
        <head>
          <charseq START="2606" END="2613">italiano</charseq>
        </head>
      </entity_mention>
      <entity_attributes>
        <name NAME="Italia">
          <charseq START="512" END="517">Italia</charseq>
        </name>
      </entity_attributes>
    </entity>
    <entity ID="adige20040907_id405417-E17" TYPE="GPE" SUBTYPE="Population-Center" CLASS="SPC">
      <entity_mention ID="adige20040907_id405417-E17-1" TYPE="NAM" PRIMARY="true" ROLE="GPE" METONYMY_MENTION="FALSE">
        <extent>
          <charseq START="552" END="557">Milano</charseq>
        </extent>
        <head>
          <charseq START="552" END="557">Milano</charseq>
        </head>
      </entity_mention>
      <entity_mention ID="adige20040907_id405417-E17-2" TYPE="NAM" PRIMARY="false" ROLE="GPE" METONYMY_MENTION="FALSE">
        <extent>
          <charseq START="38" END="43">Milano</charseq>
        </extent>
        <head>
          <charseq START="38" END="43">Milano</charseq>
        </head>
      </entity_mention>
      <entity_attributes>
        <name NAME="Milano">
          <charseq START="552" END="557">Milano</charseq>
        </name>
        <name NAME="Milano">
          <charseq START="38" END="43">Milano</charseq>
        </name>
      </entity_attributes>
    </entity>
    <entity ID="adige20040907_id405417-E18" TYPE="GPE" SUBTYPE="State-or-Province" CLASS="SPC">
      <entity_mention ID="adige20040907_id405417-E18-1" TYPE="NAM" PRIMARY="true" ROLE="LOC" METONYMY_MENTION="FALSE">
        <extent>
          <charseq START="633" END="639">regione</charseq>
        </extent>
        <head>
          <charseq START="633" END="639">regione</charseq>
        </head>
      </entity_mention>
      <entity_attributes>
        <name NAME="regione">
          <charseq START="633" END="639">regione</charseq>
        </name>
      </entity_attributes>
    </entity>
    <entity ID="adige20040907_id405417-E19" TYPE="GPE" SUBTYPE="Nation" CLASS="SPC">
      <entity_mention ID="adige20040907_id405417-E19-1" TYPE="NAM" PRIMARY="true" ROLE="LOC" METONYMY_MENTION="FALSE">
        <extent>
          <charseq START="1582" END="1589">Germania</charseq>
        </extent>
        <head>
          <charseq START="1582" END="1589">Germania</charseq>
        </head>
      </entity_mention>
      <entity_attributes>
        <name NAME="Germania">
          <charseq START="1582" END="1589">Germania</charseq>
        </name>
      </entity_attributes>
    </entity>
  </document>
</source_file>
