<?xml version="1.0" encoding="UTF-8"?>
<!DOCTYPE source_file PUBLIC "SYSTEM" "apf.v5.2.0.dtd">

<source_file URI="adige20040907_id405409.txt" SOURCE="unknown" TYPE="text" VERSION="5.0" AUTHOR="Evalita" ENCODING="UTF-8">
  <document DOCID="adige20040907_id405409">
    <entity ID="adige20040907_id405409-E1" TYPE="PER" SUBTYPE="Individual" CLASS="SPC">
      <entity_mention ID="adige20040907_id405409-E1-2" TYPE="NAM" PRIMARY="true" METONYMY_MENTION="FALSE">
        <extent>
          <charseq START="59" END="71">MONIQUE CIOLA</charseq>
        </extent>
        <head>
          <charseq START="59" END="71">MONIQUE CIOLA</charseq>
        </head>
      </entity_mention>
      <entity_attributes>
        <name NAME="MONIQUE CIOLA">
          <charseq START="59" END="71">MONIQUE CIOLA</charseq>
        </name>
      </entity_attributes>
    </entity>
    <entity ID="adige20040907_id405409-E2" TYPE="PER" SUBTYPE="Individual" CLASS="SPC">
      <entity_mention ID="adige20040907_id405409-E2-2" TYPE="NAM" PRIMARY="true" METONYMY_MENTION="FALSE">
        <extent>
          <charseq START="284" END="300">Andrea Lucchesini</charseq>
        </extent>
        <head>
          <charseq START="284" END="300">Andrea Lucchesini</charseq>
        </head>
      </entity_mention>
      <entity_mention ID="adige20040907_id405409-E2-4" TYPE="NAM" PRIMARY="false" METONYMY_MENTION="FALSE">
        <extent>
          <charseq START="1082" END="1109">il toscano Andrea Lucchesini</charseq>
        </extent>
        <head>
          <charseq START="1093" END="1109">Andrea Lucchesini</charseq>
        </head>
      </entity_mention>
      <entity_mention ID="adige20040907_id405409-E2-6" TYPE="NOM" PRIMARY="false" METONYMY_MENTION="FALSE">
        <extent>
          <charseq START="1146" END="1240">protagonista di un notevole recital solistico alla Sala Filarmonica di Trento lo scorso ottobre</charseq>
        </extent>
        <head>
          <charseq START="1146" END="1157">protagonista</charseq>
        </head>
      </entity_mention>
      <entity_mention ID="adige20040907_id405409-E2-8" TYPE="NAM" PRIMARY="false" METONYMY_MENTION="FALSE">
        <extent>
          <charseq START="1524" END="1533">Lucchesini</charseq>
        </extent>
        <head>
          <charseq START="1524" END="1533">Lucchesini</charseq>
        </head>
      </entity_mention>
      <entity_mention ID="adige20040907_id405409-E2-10" TYPE="NAM" PRIMARY="false" METONYMY_MENTION="FALSE">
        <extent>
          <charseq START="1762" END="1781">lo stesso Lucchesini</charseq>
        </extent>
        <head>
          <charseq START="1772" END="1781">Lucchesini</charseq>
        </head>
      </entity_mention>
      <entity_mention ID="adige20040907_id405409-E2-12" TYPE="NOM" PRIMARY="false" METONYMY_MENTION="FALSE">
        <extent>
          <charseq START="1736" END="1757">il cui primo esecutore</charseq>
        </extent>
        <head>
          <charseq START="1749" END="1757">esecutore</charseq>
        </head>
      </entity_mention>
      <entity_mention ID="adige20040907_id405409-E2-14" TYPE="NOM" PRIMARY="false" METONYMY_MENTION="FALSE">
        <extent>
          <charseq START="1915" END="1929">questo pianista</charseq>
        </extent>
        <head>
          <charseq START="1922" END="1929">pianista</charseq>
        </head>
      </entity_mention>
      <entity_mention ID="adige20040907_id405409-E2-16" TYPE="NAM" PRIMARY="false" METONYMY_MENTION="FALSE">
        <extent>
          <charseq START="2049" END="2058">Lucchesini</charseq>
        </extent>
        <head>
          <charseq START="2049" END="2058">Lucchesini</charseq>
        </head>
      </entity_mention>
      <entity_mention ID="adige20040907_id405409-E2-18" TYPE="NAM" PRIMARY="false" METONYMY_MENTION="FALSE">
        <extent>
          <charseq START="2378" END="2387">Lucchesini</charseq>
        </extent>
        <head>
          <charseq START="2378" END="2387">Lucchesini</charseq>
        </head>
      </entity_mention>
      <entity_mention ID="adige20040907_id405409-E2-20" TYPE="PRO" PRIMARY="false" METONYMY_MENTION="FALSE">
        <extent>
          <charseq START="2393" END="2395">sua</charseq>
        </extent>
        <head>
          <charseq START="2393" END="2395">sua</charseq>
        </head>
      </entity_mention>
      <entity_mention ID="adige20040907_id405409-E2-22" TYPE="NAM" PRIMARY="false" METONYMY_MENTION="FALSE">
        <extent>
          <charseq START="2903" END="2919">Andrea Lucchesini</charseq>
        </extent>
        <head>
          <charseq START="2903" END="2919">Andrea Lucchesini</charseq>
        </head>
      </entity_mention>
      <entity_mention ID="adige20040907_id405409-E2-24" TYPE="NOM" PRIMARY="false" METONYMY_MENTION="FALSE">
        <extent>
          <charseq START="2891" END="2901">il pianista</charseq>
        </extent>
        <head>
          <charseq START="2894" END="2901">pianista</charseq>
        </head>
      </entity_mention>
      <entity_mention ID="adige20040907_id405409-E2-26" TYPE="NOM" PRIMARY="false" METONYMY_MENTION="FALSE">
        <extent>
          <charseq START="2891" END="2919">il pianista Andrea Lucchesini</charseq>
        </extent>
        <head>
          <charseq START="2891" END="2919">il pianista Andrea Lucchesini</charseq>
        </head>
      </entity_mention>
      <entity_attributes>
        <name NAME="Andrea Lucchesini">
          <charseq START="284" END="300">Andrea Lucchesini</charseq>
        </name>
        <name NAME="Andrea Lucchesini">
          <charseq START="1093" END="1109">Andrea Lucchesini</charseq>
        </name>
        <name NAME="Lucchesini">
          <charseq START="1524" END="1533">Lucchesini</charseq>
        </name>
        <name NAME="Lucchesini">
          <charseq START="1772" END="1781">Lucchesini</charseq>
        </name>
        <name NAME="Lucchesini">
          <charseq START="2049" END="2058">Lucchesini</charseq>
        </name>
        <name NAME="Lucchesini">
          <charseq START="2378" END="2387">Lucchesini</charseq>
        </name>
        <name NAME="Andrea Lucchesini">
          <charseq START="2903" END="2919">Andrea Lucchesini</charseq>
        </name>
      </entity_attributes>
    </entity>
    <entity ID="adige20040907_id405409-E3" TYPE="PER" SUBTYPE="Individual" CLASS="SPC">
      <entity_mention ID="adige20040907_id405409-E3-2" TYPE="NAM" PRIMARY="true" METONYMY_MENTION="FALSE">
        <extent>
          <charseq START="305" END="315">Igor Kamenz</charseq>
        </extent>
        <head>
          <charseq START="305" END="315">Igor Kamenz</charseq>
        </head>
      </entity_mention>
      <entity_mention ID="adige20040907_id405409-E3-4" TYPE="NAM" PRIMARY="false" METONYMY_MENTION="FALSE">
        <extent>
          <charseq START="1246" END="1256">Igor Kamenz</charseq>
        </extent>
        <head>
          <charseq START="1246" END="1256">Igor Kamenz</charseq>
        </head>
      </entity_mention>
      <entity_mention ID="adige20040907_id405409-E3-6" TYPE="NOM" PRIMARY="false" METONYMY_MENTION="FALSE">
        <extent>
          <charseq START="1259" END="1489">pianista russo divenuto noto al pubblico bolzanino per essersi presentato ben cinque volte al concorso Busoni senza portare mai a casa l'ambito primo premio (3° nel 1986, 2° nel 1988, 4° nel 1989, di nuovo 2° nel 1991, 5° nel 1996)</charseq>
        </extent>
        <head>
          <charseq START="1259" END="1266">pianista</charseq>
        </head>
      </entity_mention>
      <entity_mention ID="adige20040907_id405409-E3-8" TYPE="NAM" PRIMARY="false" METONYMY_MENTION="FALSE">
        <extent>
          <charseq START="1246" END="1489">Igor Kamenz, pianista russo divenuto noto al pubblico bolzanino per essersi presentato ben cinque volte al concorso Busoni senza portare mai a casa l'ambito primo premio (3° nel 1986, 2° nel 1988, 4° nel 1989, di nuovo 2° nel 1991, 5° nel 1996)</charseq>
        </extent>
        <head>
          <charseq START="1246" END="1489">Igor Kamenz, pianista russo divenuto noto al pubblico bolzanino per essersi presentato ben cinque volte al concorso Busoni senza portare mai a casa l'ambito primo premio (3° nel 1986, 2° nel 1988, 4° nel 1989, di nuovo 2° nel 1991, 5° nel 1996)</charseq>
        </head>
      </entity_mention>
      <entity_mention ID="adige20040907_id405409-E3-10" TYPE="NAM" PRIMARY="false" METONYMY_MENTION="FALSE">
        <extent>
          <charseq START="2176" END="2191">del russo Kamenz</charseq>
        </extent>
        <head>
          <charseq START="2186" END="2191">Kamenz</charseq>
        </head>
      </entity_mention>
      <entity_mention ID="adige20040907_id405409-E3-12" TYPE="PRO" PRIMARY="false" METONYMY_MENTION="FALSE">
        <extent>
          <charseq START="2259" END="2262">suoi</charseq>
        </extent>
        <head>
          <charseq START="2259" END="2262">suoi</charseq>
        </head>
      </entity_mention>
      <entity_mention ID="adige20040907_id405409-E3-14" TYPE="NAM" PRIMARY="false" METONYMY_MENTION="FALSE">
        <extent>
          <charseq START="2469" END="2474">Kamenz</charseq>
        </extent>
        <head>
          <charseq START="2469" END="2474">Kamenz</charseq>
        </head>
      </entity_mention>
      <entity_mention ID="adige20040907_id405409-E3-16" TYPE="PRO" PRIMARY="false" METONYMY_MENTION="FALSE">
        <extent>
          <charseq START="2490" END="2492">sue</charseq>
        </extent>
        <head>
          <charseq START="2490" END="2492">sue</charseq>
        </head>
      </entity_mention>
      <entity_mention ID="adige20040907_id405409-E3-18" TYPE="NAM" PRIMARY="false" METONYMY_MENTION="FALSE">
        <extent>
          <charseq START="2668" END="2673">Kamenz</charseq>
        </extent>
        <head>
          <charseq START="2668" END="2673">Kamenz</charseq>
        </head>
      </entity_mention>
      <entity_mention ID="adige20040907_id405409-E3-20" TYPE="NOM" PRIMARY="false" METONYMY_MENTION="FALSE">
        <extent>
          <charseq START="2675" END="2682">pianista</charseq>
        </extent>
        <head>
          <charseq START="2675" END="2682">pianista</charseq>
        </head>
      </entity_mention>
      <entity_mention ID="adige20040907_id405409-E3-22" TYPE="NAM" PRIMARY="false" METONYMY_MENTION="FALSE">
        <extent>
          <charseq START="2668" END="2682">Kamenz pianista</charseq>
        </extent>
        <head>
          <charseq START="2668" END="2682">Kamenz pianista</charseq>
        </head>
      </entity_mention>
      <entity_mention ID="adige20040907_id405409-E3-24" TYPE="NOM" PRIMARY="false" METONYMY_MENTION="FALSE">
        <extent>
          <charseq START="2734" END="2876">l'uomo, che dedica alla memoria dei bambini uccisi in questi giorni a Beslan la sua esecuzione della "Pavane pour une infante défunte" di Ravel</charseq>
        </extent>
        <head>
          <charseq START="2736" END="2739">uomo</charseq>
        </head>
      </entity_mention>
      <entity_mention ID="adige20040907_id405409-E3-26" TYPE="PRO" PRIMARY="false" METONYMY_MENTION="FALSE">
        <extent>
          <charseq START="2742" END="2744">che</charseq>
        </extent>
        <head>
          <charseq START="2742" END="2744">che</charseq>
        </head>
      </entity_mention>
      <entity_mention ID="adige20040907_id405409-E3-28" TYPE="PRO" PRIMARY="false" METONYMY_MENTION="FALSE">
        <extent>
          <charseq START="2814" END="2816">sua</charseq>
        </extent>
        <head>
          <charseq START="2814" END="2816">sua</charseq>
        </head>
      </entity_mention>
      <entity_attributes>
        <name NAME="Igor Kamenz">
          <charseq START="305" END="315">Igor Kamenz</charseq>
        </name>
        <name NAME="Igor Kamenz">
          <charseq START="1246" END="1256">Igor Kamenz</charseq>
        </name>
        <name NAME="Igor Kamenz, pianista russo divenuto noto al pubblico bolzanino per essersi presentato ben cinque volte al concorso Busoni senza portare mai a casa l'ambito primo premio (3° nel 1986, 2° nel 1988, 4° nel 1989, di nuovo 2° nel 1991, 5° nel 1996)">
          <charseq START="1246" END="1489">Igor Kamenz, pianista russo divenuto noto al pubblico bolzanino per essersi presentato ben cinque volte al concorso Busoni senza portare mai a casa l'ambito primo premio (3° nel 1986, 2° nel 1988, 4° nel 1989, di nuovo 2° nel 1991, 5° nel 1996)</charseq>
        </name>
        <name NAME="Kamenz">
          <charseq START="2186" END="2191">Kamenz</charseq>
        </name>
        <name NAME="Kamenz">
          <charseq START="2469" END="2474">Kamenz</charseq>
        </name>
        <name NAME="Kamenz">
          <charseq START="2668" END="2673">Kamenz</charseq>
        </name>
        <name NAME="Kamenz pianista">
          <charseq START="2668" END="2682">Kamenz pianista</charseq>
        </name>
      </entity_attributes>
    </entity>
    <entity ID="adige20040907_id405409-E4" TYPE="PER" SUBTYPE="Group" CLASS="SPC">
      <entity_mention ID="adige20040907_id405409-E4-2" TYPE="NAM" PRIMARY="true" METONYMY_MENTION="FALSE">
        <extent>
          <charseq START="284" END="315">Andrea Lucchesini ed Igor Kamenz</charseq>
        </extent>
        <head>
          <charseq START="284" END="315">Andrea Lucchesini ed Igor Kamenz</charseq>
        </head>
      </entity_mention>
      <entity_mention ID="adige20040907_id405409-E4-4" TYPE="NOM" PRIMARY="false" METONYMY_MENTION="FALSE">
        <extent>
          <charseq START="271" END="282">dei pianisti</charseq>
        </extent>
        <head>
          <charseq START="275" END="282">pianisti</charseq>
        </head>
      </entity_mention>
      <entity_mention ID="adige20040907_id405409-E4-6" TYPE="NOM" PRIMARY="false" METONYMY_MENTION="FALSE">
        <extent>
          <charseq START="271" END="315">dei pianisti Andrea Lucchesini ed Igor Kamenz</charseq>
        </extent>
        <head>
          <charseq START="271" END="315">dei pianisti Andrea Lucchesini ed Igor Kamenz</charseq>
        </head>
      </entity_mention>
      <entity_mention ID="adige20040907_id405409-E4-8" TYPE="NOM" PRIMARY="false" METONYMY_MENTION="FALSE">
        <extent>
          <charseq START="1026" END="1079">due pianisti ben noti al pubblico della nostra regione</charseq>
        </extent>
        <head>
          <charseq START="1030" END="1037">pianisti</charseq>
        </head>
      </entity_mention>
      <entity_mention ID="adige20040907_id405409-E4-10" TYPE="NAM" PRIMARY="false" METONYMY_MENTION="FALSE">
        <extent>
          <charseq START="1082" END="1489">il toscano Andrea Lucchesini, in giuria al Premio Busoni 2003 e protagonista di un notevole recital solistico alla Sala Filarmonica di Trento lo scorso ottobre, ed Igor Kamenz, pianista russo divenuto noto al pubblico bolzanino per essersi presentato ben cinque volte al concorso Busoni senza portare mai a casa l'ambito primo premio (3° nel 1986, 2° nel 1988, 4° nel 1989, di nuovo 2° nel 1991, 5° nel 1996)</charseq>
        </extent>
        <head>
          <charseq START="1082" END="1489">il toscano Andrea Lucchesini, in giuria al Premio Busoni 2003 e protagonista di un notevole recital solistico alla Sala Filarmonica di Trento lo scorso ottobre, ed Igor Kamenz, pianista russo divenuto noto al pubblico bolzanino per essersi presentato ben cinque volte al concorso Busoni senza portare mai a casa l'ambito primo premio (3° nel 1986, 2° nel 1988, 4° nel 1989, di nuovo 2° nel 1991, 5° nel 1996)</charseq>
        </head>
      </entity_mention>
      <entity_attributes>
        <name NAME="Andrea Lucchesini ed Igor Kamenz">
          <charseq START="284" END="315">Andrea Lucchesini ed Igor Kamenz</charseq>
        </name>
        <name NAME="il toscano Andrea Lucchesini, in giuria al Premio Busoni 2003 e protagonista di un notevole recital solistico alla Sala Filarmonica di Trento lo scorso ottobre, ed Igor Kamenz, pianista russo divenuto noto al pubblico bolzanino per essersi presentato ben cinque volte al concorso Busoni senza portare mai a casa l'ambito primo premio (3° nel 1986, 2° nel 1988, 4° nel 1989, di nuovo 2° nel 1991, 5° nel 1996)">
          <charseq START="1082" END="1489">il toscano Andrea Lucchesini, in giuria al Premio Busoni 2003 e protagonista di un notevole recital solistico alla Sala Filarmonica di Trento lo scorso ottobre, ed Igor Kamenz, pianista russo divenuto noto al pubblico bolzanino per essersi presentato ben cinque volte al concorso Busoni senza portare mai a casa l'ambito primo premio (3° nel 1986, 2° nel 1988, 4° nel 1989, di nuovo 2° nel 1991, 5° nel 1996)</charseq>
        </name>
      </entity_attributes>
    </entity>
    <entity ID="adige20040907_id405409-E5" TYPE="PER" SUBTYPE="Individual" CLASS="SPC">
      <entity_mention ID="adige20040907_id405409-E5-2" TYPE="NAM" PRIMARY="true" METONYMY_MENTION="FALSE">
        <extent>
          <charseq START="340" END="353">Andrea Bonatta</charseq>
        </extent>
        <head>
          <charseq START="340" END="353">Andrea Bonatta</charseq>
        </head>
      </entity_mention>
      <entity_mention ID="adige20040907_id405409-E5-4" TYPE="NOM" PRIMARY="false" METONYMY_MENTION="FALSE">
        <extent>
          <charseq START="356" END="435">direttore artistico della Fondazione Concorso Pianistico Internazionale "Busoni"</charseq>
        </extent>
        <head>
          <charseq START="356" END="364">direttore</charseq>
        </head>
      </entity_mention>
      <entity_mention ID="adige20040907_id405409-E5-8" TYPE="NAM" PRIMARY="false" METONYMY_MENTION="FALSE">
        <extent>
          <charseq START="340" END="435">Andrea Bonatta, direttore artistico della Fondazione Concorso Pianistico Internazionale "Busoni"</charseq>
        </extent>
        <head>
          <charseq START="340" END="435">Andrea Bonatta, direttore artistico della Fondazione Concorso Pianistico Internazionale "Busoni"</charseq>
        </head>
      </entity_mention>
      <entity_attributes>
        <name NAME="Andrea Bonatta">
          <charseq START="340" END="353">Andrea Bonatta</charseq>
        </name>
        <name NAME="Andrea Bonatta, direttore artistico della Fondazione Concorso Pianistico Internazionale &quot;Busoni&quot;">
          <charseq START="340" END="435">Andrea Bonatta, direttore artistico della Fondazione Concorso Pianistico Internazionale "Busoni"</charseq>
        </name>
      </entity_attributes>
    </entity>
    <entity ID="adige20040907_id405409-E6" TYPE="PER" SUBTYPE="Group" CLASS="SPC">
      <entity_mention ID="adige20040907_id405409-E6-2" TYPE="NOM" PRIMARY="true" METONYMY_MENTION="FALSE">
        <extent>
          <charseq START="582" END="633">al pubblico che ha seguito con entusiasmo i concerti</charseq>
        </extent>
        <head>
          <charseq START="585" END="592">pubblico</charseq>
        </head>
      </entity_mention>
      <entity_mention ID="adige20040907_id405409-E6-4" TYPE="PRO" PRIMARY="false" METONYMY_MENTION="FALSE">
        <extent>
          <charseq START="594" END="596">che</charseq>
        </extent>
        <head>
          <charseq START="594" END="596">che</charseq>
        </head>
      </entity_mention>
    </entity>
    <entity ID="adige20040907_id405409-E7" TYPE="PER" SUBTYPE="Individual" CLASS="SPC">
      <entity_mention ID="adige20040907_id405409-E7-2" TYPE="NAM" PRIMARY="true" METONYMY_MENTION="FALSE">
        <extent>
          <charseq START="652" END="668">Maria Pia Venturi</charseq>
        </extent>
        <head>
          <charseq START="652" END="668">Maria Pia Venturi</charseq>
        </head>
      </entity_mention>
      <entity_mention ID="adige20040907_id405409-E7-4" TYPE="PRO" PRIMARY="false" METONYMY_MENTION="FALSE">
        <extent>
          <charseq START="714" END="716">che</charseq>
        </extent>
        <head>
          <charseq START="714" END="716">che</charseq>
        </head>
      </entity_mention>
      <entity_mention ID="adige20040907_id405409-E7-6" TYPE="NOM" PRIMARY="false" METONYMY_MENTION="FALSE">
        <extent>
          <charseq START="671" END="712">storica segretaria del Concorso pianistico</charseq>
        </extent>
        <head>
          <charseq START="679" END="688">segretaria</charseq>
        </head>
      </entity_mention>
      <entity_mention ID="adige20040907_id405409-E7-8" TYPE="NAM" PRIMARY="false" METONYMY_MENTION="FALSE">
        <extent>
          <charseq START="652" END="757">Maria Pia Venturi, storica segretaria del Concorso pianistico che lascia il suo posto per il pensionamento</charseq>
        </extent>
        <head>
          <charseq START="652" END="757">Maria Pia Venturi, storica segretaria del Concorso pianistico che lascia il suo posto per il pensionamento</charseq>
        </head>
      </entity_mention>
      <entity_mention ID="adige20040907_id405409-E7-10" TYPE="PRO" PRIMARY="false" METONYMY_MENTION="FALSE">
        <extent>
          <charseq START="728" END="730">suo</charseq>
        </extent>
        <head>
          <charseq START="728" END="730">suo</charseq>
        </head>
      </entity_mention>
      <entity_attributes>
        <name NAME="Maria Pia Venturi">
          <charseq START="652" END="668">Maria Pia Venturi</charseq>
        </name>
        <name NAME="Maria Pia Venturi, storica segretaria del Concorso pianistico che lascia il suo posto per il pensionamento">
          <charseq START="652" END="757">Maria Pia Venturi, storica segretaria del Concorso pianistico che lascia il suo posto per il pensionamento</charseq>
        </name>
      </entity_attributes>
    </entity>
    <entity ID="adige20040907_id405409-E9" TYPE="PER" SUBTYPE="Group" CLASS="GEN">
      <entity_mention ID="adige20040907_id405409-E9-2" TYPE="NOM" PRIMARY="true" METONYMY_MENTION="FALSE">
        <extent>
          <charseq START="1288" END="1308">al pubblico bolzanino</charseq>
        </extent>
        <head>
          <charseq START="1291" END="1298">pubblico</charseq>
        </head>
      </entity_mention>
    </entity>
    <entity ID="adige20040907_id405409-E10" TYPE="PER" SUBTYPE="Individual" CLASS="SPC">
      <entity_mention ID="adige20040907_id405409-E10-2" TYPE="NAM" PRIMARY="true" METONYMY_MENTION="FALSE">
        <extent>
          <charseq START="1621" END="1625">Berio</charseq>
        </extent>
        <head>
          <charseq START="1621" END="1625">Berio</charseq>
        </head>
      </entity_mention>
      <entity_mention ID="adige20040907_id405409-E10-4" TYPE="NAM" PRIMARY="false" METONYMY_MENTION="FALSE">
        <extent>
          <charseq START="1795" END="1799">Berio</charseq>
        </extent>
        <head>
          <charseq START="1795" END="1799">Berio</charseq>
        </head>
      </entity_mention>
      <entity_attributes>
        <name NAME="Berio">
          <charseq START="1621" END="1625">Berio</charseq>
        </name>
        <name NAME="Berio">
          <charseq START="1795" END="1799">Berio</charseq>
        </name>
      </entity_attributes>
    </entity>
    <entity ID="adige20040907_id405409-E11" TYPE="PER" SUBTYPE="Individual" CLASS="SPC">
      <entity_mention ID="adige20040907_id405409-E11-2" TYPE="NAM" PRIMARY="true" METONYMY_MENTION="FALSE">
        <extent>
          <charseq START="2233" END="2241">Beethoven</charseq>
        </extent>
        <head>
          <charseq START="2233" END="2241">Beethoven</charseq>
        </head>
      </entity_mention>
      <entity_attributes>
        <name NAME="Beethoven">
          <charseq START="2233" END="2241">Beethoven</charseq>
        </name>
      </entity_attributes>
    </entity>
    <entity ID="adige20040907_id405409-E12" TYPE="PER" SUBTYPE="Group" CLASS="SPC">
      <entity_mention ID="adige20040907_id405409-E12-2" TYPE="PRO" PRIMARY="true" METONYMY_MENTION="FALSE">
        <extent>
          <charseq START="2289" END="2290">ci</charseq>
        </extent>
        <head>
          <charseq START="2289" END="2290">ci</charseq>
        </head>
      </entity_mention>
    </entity>
    <entity ID="adige20040907_id405409-E13" TYPE="PER" SUBTYPE="Indefinite" CLASS="USP">
      <entity_mention ID="adige20040907_id405409-E13-2" TYPE="PRO" PRIMARY="true" METONYMY_MENTION="FALSE">
        <extent>
          <charseq START="2557" END="2558">si</charseq>
        </extent>
        <head>
          <charseq START="2557" END="2558">si</charseq>
        </head>
      </entity_mention>
    </entity>
    <entity ID="adige20040907_id405409-E14" TYPE="PER" SUBTYPE="Group" CLASS="SPC">
      <entity_mention ID="adige20040907_id405409-E14-2" TYPE="NOM" PRIMARY="true" METONYMY_MENTION="FALSE">
        <extent>
          <charseq START="2766" END="2809">dei bambini uccisi in questi giorni a Beslan</charseq>
        </extent>
        <head>
          <charseq START="2770" END="2776">bambini</charseq>
        </head>
      </entity_mention>
    </entity>
    <entity ID="adige20040907_id405409-E15" TYPE="PER" SUBTYPE="Individual" CLASS="SPC">
      <entity_mention ID="adige20040907_id405409-E15-2" TYPE="NAM" PRIMARY="true" METONYMY_MENTION="FALSE">
        <extent>
          <charseq START="2872" END="2876">Ravel</charseq>
        </extent>
        <head>
          <charseq START="2872" END="2876">Ravel</charseq>
        </head>
      </entity_mention>
      <entity_attributes>
        <name NAME="Ravel">
          <charseq START="2872" END="2876">Ravel</charseq>
        </name>
      </entity_attributes>
    </entity>
    <entity ID="adige20040907_id405409-E16" TYPE="PER" SUBTYPE="Group" CLASS="GEN">
      <entity_mention ID="adige20040907_id405409-E16-2" TYPE="NOM" PRIMARY="true" METONYMY_MENTION="FALSE">
        <extent>
          <charseq START="1048" END="1079">al pubblico della nostra regione</charseq>
        </extent>
        <head>
          <charseq START="1051" END="1058">pubblico</charseq>
        </head>
      </entity_mention>
    </entity>
    <entity ID="adige20040907_id405409-E19" TYPE="ORG" SUBTYPE="Educational" CLASS="SPC">
      <entity_mention ID="adige20040907_id405409-E19-2" TYPE="NAM" PRIMARY="true" METONYMY_MENTION="FALSE">
        <extent>
          <charseq START="376" END="435">della Fondazione Concorso Pianistico Internazionale "Busoni"</charseq>
        </extent>
        <head>
          <charseq START="382" END="435">Fondazione Concorso Pianistico Internazionale "Busoni"</charseq>
        </head>
      </entity_mention>
      <entity_mention ID="adige20040907_id405409-E19-3" TYPE="NOM" PRIMARY="false" METONYMY_MENTION="FALSE">
        <extent>
          <charseq START="690" END="712">del Concorso pianistico</charseq>
        </extent>
        <head>
          <charseq START="694" END="701">Concorso</charseq>
        </head>
      </entity_mention>
      <entity_attributes>
        <name NAME="Fondazione Concorso Pianistico Internazionale &quot;Busoni&quot;">
          <charseq START="382" END="435">Fondazione Concorso Pianistico Internazionale "Busoni"</charseq>
        </name>
      </entity_attributes>
    </entity>
    <entity ID="adige20040907_id405409-E20" TYPE="ORG" SUBTYPE="Media" CLASS="SPC">
      <entity_mention ID="adige20040907_id405409-E20-1" TYPE="NAM" PRIMARY="true" METONYMY_MENTION="FALSE">
        <extent>
          <charseq START="2572" END="2582">il Festival</charseq>
        </extent>
        <head>
          <charseq START="2575" END="2582">Festival</charseq>
        </head>
      </entity_mention>
      <entity_attributes>
        <name NAME="Festival">
          <charseq START="2575" END="2582">Festival</charseq>
        </name>
      </entity_attributes>
    </entity>
    <entity ID="adige20040907_id405409-E21" TYPE="ORG" SUBTYPE="Entertainment" CLASS="SPC">
      <entity_mention ID="adige20040907_id405409-E21-2" TYPE="NOM" PRIMARY="true" METONYMY_MENTION="FALSE">
        <extent>
          <charseq START="493" END="540">al team organizzativo del Bolzano Festival Bozen</charseq>
        </extent>
        <head>
          <charseq START="496" END="499">team</charseq>
        </head>
      </entity_mention>
    </entity>
    <entity ID="adige20040907_id405409-E22" TYPE="GPE" SUBTYPE="Population-Center" CLASS="SPC">
      <entity_mention ID="adige20040907_id405409-E22-1" TYPE="NAM" PRIMARY="true" ROLE="LOC" METONYMY_MENTION="FALSE">
        <extent>
          <charseq START="75" END="81">BOLZANO</charseq>
        </extent>
        <head>
          <charseq START="75" END="81">BOLZANO</charseq>
        </head>
      </entity_mention>
      <entity_mention ID="adige20040907_id405409-E22-2" TYPE="NAM" PRIMARY="false" ROLE="GPE" METONYMY_MENTION="FALSE">
        <extent>
          <charseq START="235" END="241">Bolzano</charseq>
        </extent>
        <head>
          <charseq START="235" END="241">Bolzano</charseq>
        </head>
      </entity_mention>
      <entity_mention ID="adige20040907_id405409-E22-3" TYPE="NAM" PRIMARY="false" ROLE="GPE" METONYMY_MENTION="FALSE">
        <extent>
          <charseq START="831" END="837">Bolzano</charseq>
        </extent>
        <head>
          <charseq START="831" END="837">Bolzano</charseq>
        </head>
      </entity_mention>
      <entity_mention ID="adige20040907_id405409-E22-4" TYPE="NAM" PRIMARY="false" ROLE="GPE" METONYMY_MENTION="FALSE">
        <extent>
          <charseq START="1300" END="1308">bolzanino</charseq>
        </extent>
        <head>
          <charseq START="1300" END="1308">bolzanino</charseq>
        </head>
      </entity_mention>
      <entity_mention ID="adige20040907_id405409-E22-5" TYPE="NAM" PRIMARY="false" ROLE="GPE" METONYMY_MENTION="FALSE">
        <extent>
          <charseq START="2518" END="2526">bolzanino</charseq>
        </extent>
        <head>
          <charseq START="2518" END="2526">bolzanino</charseq>
        </head>
      </entity_mention>
      <entity_attributes>
        <name NAME="BOLZANO">
          <charseq START="75" END="81">BOLZANO</charseq>
        </name>
        <name NAME="Bolzano">
          <charseq START="235" END="241">Bolzano</charseq>
        </name>
        <name NAME="Bolzano">
          <charseq START="831" END="837">Bolzano</charseq>
        </name>
      </entity_attributes>
    </entity>
    <entity ID="adige20040907_id405409-E23" TYPE="GPE" SUBTYPE="State-or-Province" CLASS="SPC">
      <entity_mention ID="adige20040907_id405409-E23-1" TYPE="NAM" PRIMARY="true" ROLE="GPE" METONYMY_MENTION="FALSE">
        <extent>
          <charseq START="1060" END="1079">della nostra regione</charseq>
        </extent>
        <head>
          <charseq START="1073" END="1079">regione</charseq>
        </head>
      </entity_mention>
      <entity_mention ID="adige20040907_id405409-E23-2" TYPE="PRO" PRIMARY="false" ROLE="GPE" METONYMY_MENTION="FALSE">
        <extent>
          <charseq START="1066" END="1071">nostra</charseq>
        </extent>
        <head>
          <charseq START="1066" END="1071">nostra</charseq>
        </head>
      </entity_mention>
      <entity_attributes>
        <name NAME="regione">
          <charseq START="1073" END="1079">regione</charseq>
        </name>
      </entity_attributes>
    </entity>
    <entity ID="adige20040907_id405409-E24" TYPE="GPE" SUBTYPE="State-or-Province" CLASS="SPC">
      <entity_mention ID="adige20040907_id405409-E24-1" TYPE="NAM" PRIMARY="true" ROLE="GPE" METONYMY_MENTION="FALSE">
        <extent>
          <charseq START="1085" END="1091">toscano</charseq>
        </extent>
        <head>
          <charseq START="1085" END="1091">toscano</charseq>
        </head>
      </entity_mention>
    </entity>
    <entity ID="adige20040907_id405409-E25" TYPE="GPE" SUBTYPE="Population-Center" CLASS="SPC">
      <entity_mention ID="adige20040907_id405409-E25-1" TYPE="NAM" PRIMARY="true" ROLE="GPE" METONYMY_MENTION="FALSE">
        <extent>
          <charseq START="1217" END="1222">Trento</charseq>
        </extent>
        <head>
          <charseq START="1217" END="1222">Trento</charseq>
        </head>
      </entity_mention>
      <entity_attributes>
        <name NAME="Trento">
          <charseq START="1217" END="1222">Trento</charseq>
        </name>
      </entity_attributes>
    </entity>
    <entity ID="adige20040907_id405409-E26" TYPE="GPE" SUBTYPE="Nation" CLASS="SPC">
      <entity_mention ID="adige20040907_id405409-E26-1" TYPE="NAM" PRIMARY="true" ROLE="GPE" METONYMY_MENTION="FALSE">
        <extent>
          <charseq START="1268" END="1272">russo</charseq>
        </extent>
        <head>
          <charseq START="1268" END="1272">russo</charseq>
        </head>
      </entity_mention>
      <entity_mention ID="adige20040907_id405409-E26-2" TYPE="NAM" PRIMARY="false" ROLE="GPE" METONYMY_MENTION="FALSE">
        <extent>
          <charseq START="2180" END="2184">russo</charseq>
        </extent>
        <head>
          <charseq START="2180" END="2184">russo</charseq>
        </head>
      </entity_mention>
    </entity>
    <entity ID="adige20040907_id405409-E27" TYPE="GPE" SUBTYPE="Population-Center" CLASS="SPC">
      <entity_mention ID="adige20040907_id405409-E27-1" TYPE="NAM" PRIMARY="true" ROLE="LOC" METONYMY_MENTION="FALSE">
        <extent>
          <charseq START="2804" END="2809">Beslan</charseq>
        </extent>
        <head>
          <charseq START="2804" END="2809">Beslan</charseq>
        </head>
      </entity_mention>
      <entity_attributes>
        <name NAME="Beslan">
          <charseq START="2804" END="2809">Beslan</charseq>
        </name>
      </entity_attributes>
    </entity>
    <entity ID="adige20040907_id405409-E28" TYPE="ORG" SUBTYPE="Non-Governmental" CLASS="SPC">
      <entity_mention ID="adige20040907_id405409-E28-1" TYPE="NOM" PRIMARY="true" METONYMY_MENTION="FALSE">
        <extent>
          <charseq START="1115" END="1120">giuria</charseq>
        </extent>
        <head>
          <charseq START="1115" END="1120">giuria</charseq>
        </head>
      </entity_mention>
    </entity>
  </document>
</source_file>
