<?xml version="1.0" encoding="UTF-8"?>
<!DOCTYPE source_file PUBLIC "SYSTEM" "apf.v5.2.0.dtd">

<source_file URI="adige20040907_id405425.txt" SOURCE="unknown" TYPE="text" VERSION="5.0" AUTHOR="Evalita" ENCODING="UTF-8">
  <document DOCID="adige20040907_id405425">
    <entity ID="adige20040907_id405425-E1" TYPE="PER" SUBTYPE="Individual" CLASS="SPC">
      <entity_mention ID="adige20040907_id405425-E1-2" TYPE="NAM" PRIMARY="true" METONYMY_MENTION="FALSE">
        <extent>
          <charseq START="447" END="479">dello spagnolo Alejandro Amenabar</charseq>
        </extent>
        <head>
          <charseq START="462" END="479">Alejandro Amenabar</charseq>
        </head>
      </entity_mention>
      <entity_attributes>
        <name NAME="Alejandro Amenabar">
          <charseq START="462" END="479">Alejandro Amenabar</charseq>
        </name>
      </entity_attributes>
    </entity>
    <entity ID="adige20040907_id405425-E4" TYPE="PER" SUBTYPE="Individual" CLASS="SPC">
      <entity_mention ID="adige20040907_id405425-E4-2" TYPE="NAM" PRIMARY="true" METONYMY_MENTION="FALSE">
        <extent>
          <charseq START="767" END="802">dello svizzero-polacco Greg Zglinski</charseq>
        </extent>
        <head>
          <charseq START="790" END="802">Greg Zglinski</charseq>
        </head>
      </entity_mention>
      <entity_mention ID="adige20040907_id405425-E4-4" TYPE="NAM" PRIMARY="false" METONYMY_MENTION="FALSE">
        <extent>
          <charseq START="32" END="62">dello svizzero polacco Zglinsky</charseq>
        </extent>
        <head>
          <charseq START="55" END="62">Zglinsky</charseq>
        </head>
      </entity_mention>
      <entity_attributes>
        <name NAME="Greg Zglinski">
          <charseq START="790" END="802">Greg Zglinski</charseq>
        </name>
        <name NAME="Zglinsky">
          <charseq START="55" END="62">Zglinsky</charseq>
        </name>
      </entity_attributes>
    </entity>
    <entity ID="adige20040907_id405425-E5" TYPE="PER" SUBTYPE="Group" CLASS="SPC">
      <entity_mention ID="adige20040907_id405425-E5-2" TYPE="NOM" PRIMARY="true" METONYMY_MENTION="FALSE">
        <extent>
          <charseq START="909" END="1008">una coppia che ha perso la figlioletta di cinque anni morta nell'incendio della stalla del loro maso</charseq>
        </extent>
        <head>
          <charseq START="913" END="918">coppia</charseq>
        </head>
      </entity_mention>
      <entity_mention ID="adige20040907_id405425-E5-4" TYPE="PRO" PRIMARY="false" METONYMY_MENTION="FALSE">
        <extent>
          <charseq START="920" END="922">che</charseq>
        </extent>
        <head>
          <charseq START="920" END="922">che</charseq>
        </head>
      </entity_mention>
      <entity_mention ID="adige20040907_id405425-E5-6" TYPE="PRO" PRIMARY="false" METONYMY_MENTION="FALSE">
        <extent>
          <charseq START="1000" END="1003">loro</charseq>
        </extent>
        <head>
          <charseq START="1000" END="1003">loro</charseq>
        </head>
      </entity_mention>
      <entity_mention ID="adige20040907_id405425-E5-8" TYPE="PRO" PRIMARY="false" METONYMY_MENTION="FALSE">
        <extent>
          <charseq START="1136" END="1140">i due</charseq>
        </extent>
        <head>
          <charseq START="1138" END="1140">due</charseq>
        </head>
      </entity_mention>
      <entity_mention ID="adige20040907_id405425-E5-10" TYPE="NOM" PRIMARY="false" METONYMY_MENTION="FALSE">
        <extent>
          <charseq START="1633" END="1645">i due coniugi</charseq>
        </extent>
        <head>
          <charseq START="1639" END="1645">coniugi</charseq>
        </head>
      </entity_mention>
      <entity_mention ID="adige20040907_id405425-E5-12" TYPE="PRO" PRIMARY="false" METONYMY_MENTION="FALSE">
        <extent>
          <charseq START="1751" END="1754">loro</charseq>
        </extent>
        <head>
          <charseq START="1751" END="1754">loro</charseq>
        </head>
      </entity_mention>
      <entity_mention ID="adige20040907_id405425-E5-14" TYPE="PRO" PRIMARY="false" METONYMY_MENTION="FALSE">
        <extent>
          <charseq START="1648" END="1696">una di quelle coppie solide nate nell'adolescenza</charseq>
        </extent>
        <head>
          <charseq START="1648" END="1650">una</charseq>
        </head>
      </entity_mention>
    </entity>
    <entity ID="adige20040907_id405425-E6" TYPE="PER" SUBTYPE="Individual" CLASS="SPC">
      <entity_mention ID="adige20040907_id405425-E6-2" TYPE="NOM" PRIMARY="true" METONYMY_MENTION="FALSE">
        <extent>
          <charseq START="933" END="1008">la figlioletta di cinque anni morta nell'incendio della stalla del loro maso</charseq>
        </extent>
        <head>
          <charseq START="936" END="946">figlioletta</charseq>
        </head>
      </entity_mention>
      <entity_mention ID="adige20040907_id405425-E6-4" TYPE="NOM" PRIMARY="false" METONYMY_MENTION="FALSE">
        <extent>
          <charseq START="2697" END="2713">della figlioletta</charseq>
        </extent>
        <head>
          <charseq START="2703" END="2713">figlioletta</charseq>
        </head>
      </entity_mention>
    </entity>
    <entity ID="adige20040907_id405425-E7" TYPE="PER" SUBTYPE="Individual" CLASS="SPC">
      <entity_mention ID="adige20040907_id405425-E7-2" TYPE="NAM" PRIMARY="true" METONYMY_MENTION="FALSE">
        <extent>
          <charseq START="1179" END="1183">Laure</charseq>
        </extent>
        <head>
          <charseq START="1179" END="1183">Laure</charseq>
        </head>
      </entity_mention>
      <entity_mention ID="adige20040907_id405425-E7-4" TYPE="NOM" PRIMARY="false" METONYMY_MENTION="FALSE">
        <extent>
          <charseq START="1394" END="1402">la moglie</charseq>
        </extent>
        <head>
          <charseq START="1397" END="1402">moglie</charseq>
        </head>
      </entity_mention>
      <entity_mention ID="adige20040907_id405425-E7-6" TYPE="NAM" PRIMARY="false" METONYMY_MENTION="FALSE">
        <extent>
          <charseq START="1517" END="1521">Laure</charseq>
        </extent>
        <head>
          <charseq START="1517" END="1521">Laure</charseq>
        </head>
      </entity_mention>
      <entity_mention ID="adige20040907_id405425-E7-8" TYPE="PRO" PRIMARY="false" METONYMY_MENTION="FALSE">
        <extent>
          <charseq START="1798" END="1800">lei</charseq>
        </extent>
        <head>
          <charseq START="1798" END="1800">lei</charseq>
        </head>
      </entity_mention>
      <entity_mention ID="adige20040907_id405425-E7-10" TYPE="PRO" PRIMARY="false" METONYMY_MENTION="FALSE">
        <extent>
          <charseq START="2049" END="2051">sua</charseq>
        </extent>
        <head>
          <charseq START="2049" END="2051">sua</charseq>
        </head>
      </entity_mention>
      <entity_mention ID="adige20040907_id405425-E7-12" TYPE="NOM" PRIMARY="false" METONYMY_MENTION="FALSE">
        <extent>
          <charseq START="2575" END="2583">la moglie</charseq>
        </extent>
        <head>
          <charseq START="2578" END="2583">moglie</charseq>
        </head>
      </entity_mention>
      <entity_mention ID="adige20040907_id405425-E7-14" TYPE="PRO" PRIMARY="false" METONYMY_MENTION="FALSE">
        <extent>
          <charseq START="2603" END="2609">proprie</charseq>
        </extent>
        <head>
          <charseq START="2603" END="2609">proprie</charseq>
        </head>
      </entity_mention>
      <entity_mention ID="adige20040907_id405425-E7-16" TYPE="PRO" PRIMARY="false" METONYMY_MENTION="FALSE">
        <extent>
          <charseq START="2620" END="2801">lei che ha saputo per prima superare il disorientamento prodotto dalla morte della figlioletta ha compreso che l'amore che la univa al marito sono sufficienti per continuare a vivere</charseq>
        </extent>
        <head>
          <charseq START="2620" END="2622">lei</charseq>
        </head>
      </entity_mention>
      <entity_mention ID="adige20040907_id405425-E7-18" TYPE="PRO" PRIMARY="false" METONYMY_MENTION="FALSE">
        <extent>
          <charseq START="2624" END="2626">che</charseq>
        </extent>
        <head>
          <charseq START="2624" END="2626">che</charseq>
        </head>
      </entity_mention>
      <entity_mention ID="adige20040907_id405425-E7-20" TYPE="PRO" PRIMARY="false" METONYMY_MENTION="FALSE">
        <extent>
          <charseq START="2743" END="2744">la</charseq>
        </extent>
        <head>
          <charseq START="2743" END="2744">la</charseq>
        </head>
      </entity_mention>
      <entity_mention ID="adige20040907_id405425-E7-21" TYPE="PRO" PRIMARY="false" METONYMY_MENTION="FALSE">
        <extent>
          <charseq START="1278" END="1284">proprio</charseq>
        </extent>
        <head>
          <charseq START="1278" END="1284">proprio</charseq>
        </head>
      </entity_mention>
      <entity_mention ID="adige20040907_id405425-E7-22" TYPE="PRO" PRIMARY="false" METONYMY_MENTION="FALSE">
        <extent>
          <charseq START="1202" END="1210">se stessa</charseq>
        </extent>
        <head>
          <charseq START="1205" END="1210">stessa</charseq>
        </head>
      </entity_mention>
      <entity_attributes>
        <name NAME="Laure">
          <charseq START="1179" END="1183">Laure</charseq>
        </name>
        <name NAME="Laure">
          <charseq START="1517" END="1521">Laure</charseq>
        </name>
      </entity_attributes>
    </entity>
    <entity ID="adige20040907_id405425-E8" TYPE="PER" SUBTYPE="Individual" CLASS="SPC">
      <entity_mention ID="adige20040907_id405425-E8-2" TYPE="NAM" PRIMARY="true" METONYMY_MENTION="FALSE">
        <extent>
          <charseq START="1294" END="1297">Jean</charseq>
        </extent>
        <head>
          <charseq START="1294" END="1297">Jean</charseq>
        </head>
      </entity_mention>
      <entity_mention ID="adige20040907_id405425-E8-4" TYPE="NAM" PRIMARY="false" METONYMY_MENTION="FALSE">
        <extent>
          <charseq START="1568" END="1571">Jean</charseq>
        </extent>
        <head>
          <charseq START="1568" END="1571">Jean</charseq>
        </head>
      </entity_mention>
      <entity_mention ID="adige20040907_id405425-E8-6" TYPE="NOM" PRIMARY="false" METONYMY_MENTION="FALSE">
        <extent>
          <charseq START="1593" END="1615">operaio in una fonderia</charseq>
        </extent>
        <head>
          <charseq START="1593" END="1599">operaio</charseq>
        </head>
      </entity_mention>
      <entity_mention ID="adige20040907_id405425-E8-8" TYPE="NAM" PRIMARY="false" METONYMY_MENTION="FALSE">
        <extent>
          <charseq START="1815" END="1845">Jean, sempre triste e taciturno</charseq>
        </extent>
        <head>
          <charseq START="1815" END="1818">Jean</charseq>
        </head>
      </entity_mention>
      <entity_mention ID="adige20040907_id405425-E8-10" TYPE="NAM" PRIMARY="false" METONYMY_MENTION="FALSE">
        <extent>
          <charseq START="2224" END="2227">Jean</charseq>
        </extent>
        <head>
          <charseq START="2224" END="2227">Jean</charseq>
        </head>
      </entity_mention>
      <entity_mention ID="adige20040907_id405425-E8-12" TYPE="PRO" PRIMARY="false" METONYMY_MENTION="FALSE">
        <extent>
          <charseq START="2275" END="2277">sua</charseq>
        </extent>
        <head>
          <charseq START="2275" END="2277">sua</charseq>
        </head>
      </entity_mention>
      <entity_mention ID="adige20040907_id405425-E8-14" TYPE="PRO" PRIMARY="false" METONYMY_MENTION="FALSE">
        <extent>
          <charseq START="2297" END="2299">sua</charseq>
        </extent>
        <head>
          <charseq START="2297" END="2299">sua</charseq>
        </head>
      </entity_mention>
      <entity_mention ID="adige20040907_id405425-E8-16" TYPE="PRO" PRIMARY="false" METONYMY_MENTION="FALSE">
        <extent>
          <charseq START="2336" END="2338">suo</charseq>
        </extent>
        <head>
          <charseq START="2336" END="2338">suo</charseq>
        </head>
      </entity_mention>
      <entity_mention ID="adige20040907_id405425-E8-18" TYPE="PRO" PRIMARY="false" METONYMY_MENTION="FALSE">
        <extent>
          <charseq START="2383" END="2385">suo</charseq>
        </extent>
        <head>
          <charseq START="2383" END="2385">suo</charseq>
        </head>
      </entity_mention>
      <entity_mention ID="adige20040907_id405425-E8-20" TYPE="PRO" PRIMARY="false" METONYMY_MENTION="FALSE">
        <extent>
          <charseq START="2495" END="2497">lui</charseq>
        </extent>
        <head>
          <charseq START="2495" END="2497">lui</charseq>
        </head>
      </entity_mention>
      <entity_mention ID="adige20040907_id405425-E8-22" TYPE="PRO" PRIMARY="false" METONYMY_MENTION="FALSE">
        <extent>
          <charseq START="2553" END="2555">lui</charseq>
        </extent>
        <head>
          <charseq START="2553" END="2555">lui</charseq>
        </head>
      </entity_mention>
      <entity_mention ID="adige20040907_id405425-E8-24" TYPE="NOM" PRIMARY="false" METONYMY_MENTION="FALSE">
        <extent>
          <charseq START="2752" END="2760">al marito</charseq>
        </extent>
        <head>
          <charseq START="2755" END="2760">marito</charseq>
        </head>
      </entity_mention>
      <entity_mention ID="adige20040907_id405425-E8-26" TYPE="NOM" PRIMARY="false" METONYMY_MENTION="FALSE">
        <extent>
          <charseq START="2394" END="2402">contadino</charseq>
        </extent>
        <head>
          <charseq START="2394" END="2402">contadino</charseq>
        </head>
      </entity_mention>
      <entity_mention ID="adige20040907_id405425-E8-28" TYPE="NOM" PRIMARY="false" METONYMY_MENTION="FALSE">
        <extent>
          <charseq START="2404" END="2437">erede di una famiglia di contadini</charseq>
        </extent>
        <head>
          <charseq START="2404" END="2408">erede</charseq>
        </head>
      </entity_mention>
      <entity_mention ID="adige20040907_id405425-E8-30" TYPE="NOM" PRIMARY="false" METONYMY_MENTION="FALSE">
        <extent>
          <charseq START="2394" END="2437">contadino erede di una famiglia di contadini</charseq>
        </extent>
        <head>
          <charseq START="2394" END="2437">contadino erede di una famiglia di contadini</charseq>
        </head>
      </entity_mention>
      <entity_mention ID="adige20040907_id405425-E8-32" TYPE="NOM" PRIMARY="false" METONYMY_MENTION="FALSE">
        <extent>
          <charseq START="2451" END="2460">rendendolo</charseq>
        </extent>
        <head>
          <charseq START="2459" END="2460">lo</charseq>
        </head>
      </entity_mention>
      <entity_attributes>
        <name NAME="Jean">
          <charseq START="1294" END="1297">Jean</charseq>
        </name>
        <name NAME="Jean">
          <charseq START="1568" END="1571">Jean</charseq>
        </name>
        <name NAME="Jean">
          <charseq START="1815" END="1818">Jean</charseq>
        </name>
        <name NAME="Jean">
          <charseq START="2224" END="2227">Jean</charseq>
        </name>
      </entity_attributes>
    </entity>
    <entity ID="adige20040907_id405425-E9" TYPE="PER" SUBTYPE="Individual" CLASS="SPC">
      <entity_mention ID="adige20040907_id405425-E9-2" TYPE="NOM" PRIMARY="true" METONYMY_MENTION="FALSE">
        <extent>
          <charseq START="1783" END="1800">una sorella di lei</charseq>
        </extent>
        <head>
          <charseq START="1787" END="1793">sorella</charseq>
        </head>
      </entity_mention>
    </entity>
    <entity ID="adige20040907_id405425-E10" TYPE="PER" SUBTYPE="Individual" CLASS="SPC">
      <entity_mention ID="adige20040907_id405425-E10-2" TYPE="NOM" PRIMARY="true" METONYMY_MENTION="FALSE">
        <extent>
          <charseq START="1864" END="2060">una ragazza profuga dal Kosovo che ha subito violenza durante la guerra e che aspetta inutilmente notizie del marito scomparso da anni e del fratello sopravvissuto allo sterminio della sua famiglia</charseq>
        </extent>
        <head>
          <charseq START="1868" END="1874">ragazza</charseq>
        </head>
      </entity_mention>
      <entity_mention ID="adige20040907_id405425-E10-4" TYPE="PRO" PRIMARY="false" METONYMY_MENTION="FALSE">
        <extent>
          <charseq START="1895" END="1897">che</charseq>
        </extent>
        <head>
          <charseq START="1895" END="1897">che</charseq>
        </head>
      </entity_mention>
      <entity_mention ID="adige20040907_id405425-E10-6" TYPE="PRO" PRIMARY="false" METONYMY_MENTION="FALSE">
        <extent>
          <charseq START="1938" END="1940">che</charseq>
        </extent>
        <head>
          <charseq START="1938" END="1940">che</charseq>
        </head>
      </entity_mention>
      <entity_mention ID="adige20040907_id405425-E10-8" TYPE="NOM" PRIMARY="false" METONYMY_MENTION="FALSE">
        <extent>
          <charseq START="2063" END="2072">La giovane</charseq>
        </extent>
        <head>
          <charseq START="2066" END="2072">giovane</charseq>
        </head>
      </entity_mention>
      <entity_mention ID="adige20040907_id405425-E10-10" TYPE="PRO" PRIMARY="false" METONYMY_MENTION="FALSE">
        <extent>
          <charseq START="2111" END="2117">proprio</charseq>
        </extent>
        <head>
          <charseq START="2111" END="2117">proprio</charseq>
        </head>
      </entity_mention>
      <entity_mention ID="adige20040907_id405425-E10-12" TYPE="PRO" PRIMARY="false" METONYMY_MENTION="FALSE">
        <extent>
          <charseq START="2090" END="2091">sé</charseq>
        </extent>
        <head>
          <charseq START="2090" END="2091">sé</charseq>
        </head>
      </entity_mention>
      <entity_mention ID="adige20040907_id405425-E10-14" TYPE="PRO" PRIMARY="false" METONYMY_MENTION="FALSE">
        <extent>
          <charseq START="2240" END="2309">qualcuno a cui confessare tutta la sua disperazione e la sua debolezza</charseq>
        </extent>
        <head>
          <charseq START="2240" END="2247">qualcuno</charseq>
        </head>
      </entity_mention>
      <entity_mention ID="adige20040907_id405425-E10-16" TYPE="PRO" PRIMARY="false" METONYMY_MENTION="FALSE">
        <extent>
          <charseq START="2251" END="2253">cui</charseq>
        </extent>
        <head>
          <charseq START="2251" END="2253">cui</charseq>
        </head>
      </entity_mention>
      <entity_mention ID="adige20040907_id405425-E10-18" TYPE="PRO" PRIMARY="false" METONYMY_MENTION="FALSE">
        <extent>
          <charseq START="2473" END="2541">qualcuno che prima di lui ha perso tutto e che è costretto all'esilio</charseq>
        </extent>
        <head>
          <charseq START="2473" END="2480">qualcuno</charseq>
        </head>
      </entity_mention>
      <entity_mention ID="adige20040907_id405425-E10-20" TYPE="PRO" PRIMARY="false" METONYMY_MENTION="FALSE">
        <extent>
          <charseq START="2482" END="2484">che</charseq>
        </extent>
        <head>
          <charseq START="2482" END="2484">che</charseq>
        </head>
      </entity_mention>
      <entity_mention ID="adige20040907_id405425-E10-22" TYPE="PRO" PRIMARY="false" METONYMY_MENTION="FALSE">
        <extent>
          <charseq START="2516" END="2518">che</charseq>
        </extent>
        <head>
          <charseq START="2516" END="2518">che</charseq>
        </head>
      </entity_mention>
    </entity>
    <entity ID="adige20040907_id405425-E11" TYPE="PER" SUBTYPE="Individual" CLASS="SPC">
      <entity_mention ID="adige20040907_id405425-E11-2" TYPE="NOM" PRIMARY="true" METONYMY_MENTION="FALSE">
        <extent>
          <charseq START="1970" END="1997">del marito scomparso da anni</charseq>
        </extent>
        <head>
          <charseq START="1974" END="1979">marito</charseq>
        </head>
      </entity_mention>
    </entity>
    <entity ID="adige20040907_id405425-E12" TYPE="PER" SUBTYPE="Individual" CLASS="SPC">
      <entity_mention ID="adige20040907_id405425-E12-2" TYPE="NOM" PRIMARY="true" METONYMY_MENTION="FALSE">
        <extent>
          <charseq START="2001" END="2060">del fratello sopravvissuto allo sterminio della sua famiglia</charseq>
        </extent>
        <head>
          <charseq START="2005" END="2012">fratello</charseq>
        </head>
      </entity_mention>
    </entity>
    <entity ID="adige20040907_id405425-E13" TYPE="PER" SUBTYPE="Group" CLASS="SPC">
      <entity_mention ID="adige20040907_id405425-E13-2" TYPE="NOM" PRIMARY="true" METONYMY_MENTION="FALSE">
        <extent>
          <charseq START="2043" END="2060">della sua famiglia</charseq>
        </extent>
        <head>
          <charseq START="2053" END="2060">famiglia</charseq>
        </head>
      </entity_mention>
    </entity>
    <entity ID="adige20040907_id405425-E14" TYPE="PER" SUBTYPE="Indefinite" CLASS="USP">
      <entity_mention ID="adige20040907_id405425-E14-2" TYPE="PRO" PRIMARY="true" METONYMY_MENTION="FALSE">
        <extent>
          <charseq START="2157" END="2165">gli altri</charseq>
        </extent>
        <head>
          <charseq START="2161" END="2165">altri</charseq>
        </head>
      </entity_mention>
    </entity>
    <entity ID="adige20040907_id405425-E15" TYPE="PER" SUBTYPE="Group" CLASS="GEN">
      <entity_mention ID="adige20040907_id405425-E15-2" TYPE="NOM" PRIMARY="true" METONYMY_MENTION="FALSE">
        <extent>
          <charseq START="2954" END="2966">lo spettatore</charseq>
        </extent>
        <head>
          <charseq START="2957" END="2966">spettatore</charseq>
        </head>
      </entity_mention>
    </entity>
    <entity ID="adige20040907_id405425-E16" TYPE="PER" SUBTYPE="Group" CLASS="SPC">
      <entity_mention ID="adige20040907_id405425-E16-2" TYPE="NOM" PRIMARY="true" METONYMY_MENTION="FALSE">
        <extent>
          <charseq START="3031" END="3052">dei diversi personaggi</charseq>
        </extent>
        <head>
          <charseq START="3043" END="3052">personaggi</charseq>
        </head>
      </entity_mention>
    </entity>
    <entity ID="adige20040907_id405425-E17" TYPE="PER" SUBTYPE="Group" CLASS="SPC">
      <entity_mention ID="adige20040907_id405425-E17-2" TYPE="NOM" PRIMARY="true" METONYMY_MENTION="FALSE">
        <extent>
          <charseq START="1970" END="2060">del marito scomparso da anni e del fratello sopravvissuto allo sterminio della sua famiglia</charseq>
        </extent>
        <head>
          <charseq START="1970" END="2060">del marito scomparso da anni e del fratello sopravvissuto allo sterminio della sua famiglia</charseq>
        </head>
      </entity_mention>
    </entity>
    <entity ID="adige20040907_id405425-E18" TYPE="PER" SUBTYPE="Group" CLASS="SPC">
      <entity_mention ID="adige20040907_id405425-E18-2" TYPE="NOM" PRIMARY="true" METONYMY_MENTION="FALSE">
        <extent>
          <charseq START="2347" END="2357">la famiglia</charseq>
        </extent>
        <head>
          <charseq START="2350" END="2357">famiglia</charseq>
        </head>
      </entity_mention>
    </entity>
    <entity ID="adige20040907_id405425-E19" TYPE="PER" SUBTYPE="Group" CLASS="GEN">
      <entity_mention ID="adige20040907_id405425-E19-2" TYPE="NOM" PRIMARY="true" METONYMY_MENTION="FALSE">
        <extent>
          <charseq START="1655" END="1696">quelle coppie solide nate nell'adolescenza</charseq>
        </extent>
        <head>
          <charseq START="1662" END="1667">coppie</charseq>
        </head>
      </entity_mention>
    </entity>
    <entity ID="adige20040907_id405425-E20" TYPE="PER" SUBTYPE="Individual" CLASS="SPC">
      <entity_mention ID="adige20040907_id405425-E20-2" TYPE="NAM" PRIMARY="true" METONYMY_MENTION="FALSE">
        <extent>
          <charseq START="3175" END="3189">Michele Placido</charseq>
        </extent>
        <head>
          <charseq START="3175" END="3189">Michele Placido</charseq>
        </head>
      </entity_mention>
      <entity_mention ID="adige20040907_id405425-E20-4" TYPE="NAM" PRIMARY="false" METONYMY_MENTION="FALSE">
        <extent>
          <charseq START="3306" END="3312">Placido</charseq>
        </extent>
        <head>
          <charseq START="3306" END="3312">Placido</charseq>
        </head>
      </entity_mention>
      <entity_mention ID="adige20040907_id405425-E20-6" TYPE="PRO" PRIMARY="false" METONYMY_MENTION="FALSE">
        <extent>
          <charseq START="3354" END="3356">sue</charseq>
        </extent>
        <head>
          <charseq START="3354" END="3356">sue</charseq>
        </head>
      </entity_mention>
      <entity_mention ID="adige20040907_id405425-E20-8" TYPE="NOM" PRIMARY="false" METONYMY_MENTION="FALSE">
        <extent>
          <charseq START="3866" END="3876">dell'autore</charseq>
        </extent>
        <head>
          <charseq START="3871" END="3876">autore</charseq>
        </head>
      </entity_mention>
      <entity_mention ID="adige20040907_id405425-E20-10" TYPE="PRO" PRIMARY="false" METONYMY_MENTION="FALSE">
        <extent>
          <charseq START="3882" END="3884">suo</charseq>
        </extent>
        <head>
          <charseq START="3882" END="3884">suo</charseq>
        </head>
      </entity_mention>
      <entity_attributes>
        <name NAME="Michele Placido">
          <charseq START="3175" END="3189">Michele Placido</charseq>
        </name>
        <name NAME="Placido">
          <charseq START="3306" END="3312">Placido</charseq>
        </name>
      </entity_attributes>
    </entity>
    <entity ID="adige20040907_id405425-E21" TYPE="PER" SUBTYPE="Group" CLASS="SPC">
      <entity_mention ID="adige20040907_id405425-E21-2" TYPE="NOM" PRIMARY="true" METONYMY_MENTION="FALSE">
        <extent>
          <charseq START="3246" END="3265">dal pubblico in sala</charseq>
        </extent>
        <head>
          <charseq START="3250" END="3257">pubblico</charseq>
        </head>
      </entity_mention>
    </entity>
    <entity ID="adige20040907_id405425-E22" TYPE="PER" SUBTYPE="Group" CLASS="GEN">
      <entity_mention ID="adige20040907_id405425-E22-2" TYPE="NOM" PRIMARY="true" METONYMY_MENTION="FALSE">
        <extent>
          <charseq START="3429" END="3439">una persona</charseq>
        </extent>
        <head>
          <charseq START="3433" END="3439">persona</charseq>
        </head>
      </entity_mention>
      <entity_mention ID="adige20040907_id405425-E22-4" TYPE="PRO" PRIMARY="false" METONYMY_MENTION="FALSE">
        <extent>
          <charseq START="3449" END="3451">sua</charseq>
        </extent>
        <head>
          <charseq START="3449" END="3451">sua</charseq>
        </head>
      </entity_mention>
    </entity>
    <entity ID="adige20040907_id405425-E23" TYPE="PER" SUBTYPE="Group" CLASS="SPC">
      <entity_mention ID="adige20040907_id405425-E23-2" TYPE="NOM" PRIMARY="true" METONYMY_MENTION="FALSE">
        <extent>
          <charseq START="3487" END="3498">pochi autori</charseq>
        </extent>
        <head>
          <charseq START="3493" END="3498">autori</charseq>
        </head>
      </entity_mention>
      <entity_mention ID="adige20040907_id405425-E23-4" TYPE="PRO" PRIMARY="false" METONYMY_MENTION="FALSE">
        <extent>
          <charseq START="3545" END="3549">tutti</charseq>
        </extent>
        <head>
          <charseq START="3545" END="3549">tutti</charseq>
        </head>
      </entity_mention>
    </entity>
    <entity ID="adige20040907_id405425-E25" TYPE="PER" SUBTYPE="Individual" CLASS="SPC">
      <entity_mention ID="adige20040907_id405425-E25-2" TYPE="NAM" PRIMARY="true" METONYMY_MENTION="FALSE">
        <extent>
          <charseq START="3551" END="3561">John Huston</charseq>
        </extent>
        <head>
          <charseq START="3551" END="3561">John Huston</charseq>
        </head>
      </entity_mention>
      <entity_mention ID="adige20040907_id405425-E25-4" TYPE="PRO" PRIMARY="false" METONYMY_MENTION="FALSE">
        <extent>
          <charseq START="3582" END="3584">suo</charseq>
        </extent>
        <head>
          <charseq START="3582" END="3584">suo</charseq>
        </head>
      </entity_mention>
      <entity_mention ID="adige20040907_id405425-E25-6" TYPE="PRO" PRIMARY="false" METONYMY_MENTION="FALSE">
        <extent>
          <charseq START="3612" END="3618">propria</charseq>
        </extent>
        <head>
          <charseq START="3612" END="3618">propria</charseq>
        </head>
      </entity_mention>
      <entity_attributes>
        <name NAME="John Huston">
          <charseq START="3551" END="3561">John Huston</charseq>
        </name>
      </entity_attributes>
    </entity>
    <entity ID="adige20040907_id405425-E26" TYPE="PER" SUBTYPE="Individual" CLASS="SPC">
      <entity_mention ID="adige20040907_id405425-E26-4" TYPE="NOM" PRIMARY="true" METONYMY_MENTION="FALSE">
        <extent>
          <charseq START="3750" END="3764">Il protagonista</charseq>
        </extent>
        <head>
          <charseq START="3753" END="3764">protagonista</charseq>
        </head>
      </entity_mention>
      <entity_mention ID="adige20040907_id405425-E26-6" TYPE="NOM" PRIMARY="false" METONYMY_MENTION="FALSE">
        <extent>
          <charseq START="3785" END="3836">medico del pronto soccorso che muore in un incidente</charseq>
        </extent>
        <head>
          <charseq START="3785" END="3790">medico</charseq>
        </head>
      </entity_mention>
      <entity_mention ID="adige20040907_id405425-E26-8" TYPE="PRO" PRIMARY="false" METONYMY_MENTION="FALSE">
        <extent>
          <charseq START="3812" END="3814">che</charseq>
        </extent>
        <head>
          <charseq START="3812" END="3814">che</charseq>
        </head>
      </entity_mention>
      <entity_mention ID="adige20040907_id405425-E26-10" TYPE="NOM" PRIMARY="false" METONYMY_MENTION="FALSE">
        <extent>
          <charseq START="3853" END="3963">il portavoce dell'autore nel suo tentativo di esplorare il sentimento della morte come dissolvimento dell'amore</charseq>
        </extent>
        <head>
          <charseq START="3856" END="3864">portavoce</charseq>
        </head>
      </entity_mention>
    </entity>
    <entity ID="adige20040907_id405425-E27" TYPE="PER" SUBTYPE="Individual" CLASS="SPC">
      <entity_mention ID="adige20040907_id405425-E27-2" TYPE="NAM" PRIMARY="true" METONYMY_MENTION="FALSE">
        <extent>
          <charseq START="4143" END="4152">Mike Leigh</charseq>
        </extent>
        <head>
          <charseq START="4143" END="4152">Mike Leigh</charseq>
        </head>
      </entity_mention>
      <entity_mention ID="adige20040907_id405425-E27-4" TYPE="NOM" PRIMARY="false" METONYMY_MENTION="FALSE">
        <extent>
          <charseq START="4065" END="4141">Autore di opere straordinarie come « Segreti e bugie » e come « Topsy-Turvy »</charseq>
        </extent>
        <head>
          <charseq START="4065" END="4070">Autore</charseq>
        </head>
      </entity_mention>
      <entity_mention ID="adige20040907_id405425-E27-6" TYPE="NOM" PRIMARY="false" METONYMY_MENTION="FALSE">
        <extent>
          <charseq START="4065" END="4152">Autore di opere straordinarie come « Segreti e bugie » e come « Topsy-Turvy » Mike Leigh</charseq>
        </extent>
        <head>
          <charseq START="4065" END="4152">Autore di opere straordinarie come « Segreti e bugie » e come « Topsy-Turvy » Mike Leigh</charseq>
        </head>
      </entity_mention>
      <entity_mention ID="adige20040907_id405425-E27-8" TYPE="PRO" PRIMARY="false" METONYMY_MENTION="FALSE">
        <extent>
          <charseq START="4156" END="4190">uno dei migliori registi britannici</charseq>
        </extent>
        <head>
          <charseq START="4156" END="4158">uno</charseq>
        </head>
      </entity_mention>
      <entity_mention ID="adige20040907_id405425-E27-10" TYPE="NOM" PRIMARY="false" METONYMY_MENTION="FALSE">
        <extent>
          <charseq START="4193" END="4208">ottimo narratore</charseq>
        </extent>
        <head>
          <charseq START="4200" END="4208">narratore</charseq>
        </head>
      </entity_mention>
      <entity_mention ID="adige20040907_id405425-E27-12" TYPE="PRO" PRIMARY="false" METONYMY_MENTION="FALSE">
        <extent>
          <charseq START="4258" END="4261">suoi</charseq>
        </extent>
        <head>
          <charseq START="4258" END="4261">suoi</charseq>
        </head>
      </entity_mention>
      <entity_mention ID="adige20040907_id405425-E27-14" TYPE="PRO" PRIMARY="false" METONYMY_MENTION="FALSE">
        <extent>
          <charseq START="4294" END="4297">suoi</charseq>
        </extent>
        <head>
          <charseq START="4294" END="4297">suoi</charseq>
        </head>
      </entity_mention>
      <entity_mention ID="adige20040907_id405425-E27-16" TYPE="PRO" PRIMARY="false" METONYMY_MENTION="FALSE">
        <extent>
          <charseq START="4402" END="4405">suoi</charseq>
        </extent>
        <head>
          <charseq START="4402" END="4405">suoi</charseq>
        </head>
      </entity_mention>
      <entity_mention ID="adige20040907_id405425-E27-18" TYPE="NOM" PRIMARY="false" METONYMY_MENTION="FALSE">
        <extent>
          <charseq START="4507" END="4516">il regista</charseq>
        </extent>
        <head>
          <charseq START="4510" END="4516">regista</charseq>
        </head>
      </entity_mention>
      <entity_mention ID="adige20040907_id405425-E27-20" TYPE="PRO" PRIMARY="false" METONYMY_MENTION="FALSE">
        <extent>
          <charseq START="4530" END="4532">sue</charseq>
        </extent>
        <head>
          <charseq START="4530" END="4532">sue</charseq>
        </head>
      </entity_mention>
      <entity_mention ID="adige20040907_id405425-E27-22" TYPE="NAM" PRIMARY="false" METONYMY_MENTION="FALSE">
        <extent>
          <charseq START="5167" END="5171">Leigh</charseq>
        </extent>
        <head>
          <charseq START="5167" END="5171">Leigh</charseq>
        </head>
      </entity_mention>
      <entity_attributes>
        <name NAME="Mike Leigh">
          <charseq START="4143" END="4152">Mike Leigh</charseq>
        </name>
        <name NAME="Leigh">
          <charseq START="5167" END="5171">Leigh</charseq>
        </name>
      </entity_attributes>
    </entity>
    <entity ID="adige20040907_id405425-E28" TYPE="PER" SUBTYPE="Group" CLASS="SPC">
      <entity_mention ID="adige20040907_id405425-E28-2" TYPE="NOM" PRIMARY="true" METONYMY_MENTION="FALSE">
        <extent>
          <charseq START="4160" END="4190">dei migliori registi britannici</charseq>
        </extent>
        <head>
          <charseq START="4173" END="4179">registi</charseq>
        </head>
      </entity_mention>
    </entity>
    <entity ID="adige20040907_id405425-E29" TYPE="PER" SUBTYPE="Group" CLASS="SPC">
      <entity_mention ID="adige20040907_id405425-E29-2" TYPE="NOM" PRIMARY="true" METONYMY_MENTION="FALSE">
        <extent>
          <charseq START="4256" END="4272">i suoi personaggi</charseq>
        </extent>
        <head>
          <charseq START="4263" END="4272">personaggi</charseq>
        </head>
      </entity_mention>
      <entity_mention ID="adige20040907_id405425-E29-4" TYPE="NOM" PRIMARY="false" METONYMY_MENTION="FALSE">
        <extent>
          <charseq START="4275" END="4302">I protagonisti dei suoi film</charseq>
        </extent>
        <head>
          <charseq START="4277" END="4288">protagonisti</charseq>
        </head>
      </entity_mention>
      <entity_mention ID="adige20040907_id405425-E29-6" TYPE="NOM" PRIMARY="false" METONYMY_MENTION="FALSE">
        <extent>
          <charseq START="4309" END="4386">persone comuni del popolo, spesso povere ed emarginate, maltrattate dalla vita</charseq>
        </extent>
        <head>
          <charseq START="4309" END="4315">persone</charseq>
        </head>
      </entity_mention>
    </entity>
    <entity ID="adige20040907_id405425-E30" TYPE="PER" SUBTYPE="Group" CLASS="SPC">
      <entity_mention ID="adige20040907_id405425-E30-2" TYPE="NOM" PRIMARY="true" METONYMY_MENTION="FALSE">
        <extent>
          <charseq START="4400" END="4412">i suoi attori</charseq>
        </extent>
        <head>
          <charseq START="4407" END="4412">attori</charseq>
        </head>
      </entity_mention>
    </entity>
    <entity ID="adige20040907_id405425-E31" TYPE="PER" SUBTYPE="Indefinite" CLASS="USP">
      <entity_mention ID="adige20040907_id405425-E31-2" TYPE="PRO" PRIMARY="true" METONYMY_MENTION="FALSE">
        <extent>
          <charseq START="4447" END="4448">si</charseq>
        </extent>
        <head>
          <charseq START="4447" END="4448">si</charseq>
        </head>
      </entity_mention>
    </entity>
    <entity ID="adige20040907_id405425-E32" TYPE="PER" SUBTYPE="Group" CLASS="SPC">
      <entity_mention ID="adige20040907_id405425-E32-2" TYPE="NOM" PRIMARY="true" METONYMY_MENTION="FALSE">
        <extent>
          <charseq START="4700" END="4860">personaggi che tirano a campare con fatica e che hanno caldi nella memoria i lutti e le condizioni della guerra e del dopoguerra, in Palestina così come in Corea</charseq>
        </extent>
        <head>
          <charseq START="4700" END="4709">personaggi</charseq>
        </head>
      </entity_mention>
      <entity_mention ID="adige20040907_id405425-E32-4" TYPE="PRO" PRIMARY="false" METONYMY_MENTION="FALSE">
        <extent>
          <charseq START="4711" END="4713">che</charseq>
        </extent>
        <head>
          <charseq START="4711" END="4713">che</charseq>
        </head>
      </entity_mention>
      <entity_mention ID="adige20040907_id405425-E32-6" TYPE="PRO" PRIMARY="false" METONYMY_MENTION="FALSE">
        <extent>
          <charseq START="4745" END="4747">che</charseq>
        </extent>
        <head>
          <charseq START="4745" END="4747">che</charseq>
        </head>
      </entity_mention>
      <entity_mention ID="adige20040907_id405425-E32-8" TYPE="NOM" PRIMARY="false" METONYMY_MENTION="FALSE">
        <extent>
          <charseq START="5224" END="5266">i personaggi nella loro verità esistenziale</charseq>
        </extent>
        <head>
          <charseq START="5226" END="5235">personaggi</charseq>
        </head>
      </entity_mention>
      <entity_mention ID="adige20040907_id405425-E32-10" TYPE="PRO" PRIMARY="false" METONYMY_MENTION="FALSE">
        <extent>
          <charseq START="5243" END="5246">loro</charseq>
        </extent>
        <head>
          <charseq START="5243" END="5246">loro</charseq>
        </head>
      </entity_mention>
      <entity_mention ID="adige20040907_id405425-E32-12" TYPE="PRO" PRIMARY="false" METONYMY_MENTION="FALSE">
        <extent>
          <charseq START="5354" END="5365">comprenderli</charseq>
        </extent>
        <head>
          <charseq START="5364" END="5365">li</charseq>
        </head>
      </entity_mention>
      <entity_mention ID="adige20040907_id405425-E32-14" TYPE="PRO" PRIMARY="false" METONYMY_MENTION="FALSE">
        <extent>
          <charseq START="5374" END="5383">giudicarli</charseq>
        </extent>
        <head>
          <charseq START="5382" END="5383">li</charseq>
        </head>
      </entity_mention>
    </entity>
    <entity ID="adige20040907_id405425-E33" TYPE="PER" SUBTYPE="Individual" CLASS="SPC">
      <entity_mention ID="adige20040907_id405425-E33-2" TYPE="NAM" PRIMARY="true" METONYMY_MENTION="FALSE">
        <extent>
          <charseq START="4863" END="4907">L'anonima, gentile, laboriosa e generosa Vera</charseq>
        </extent>
        <head>
          <charseq START="4904" END="4907">Vera</charseq>
        </head>
      </entity_mention>
      <entity_mention ID="adige20040907_id405425-E33-4" TYPE="PRO" PRIMARY="false" METONYMY_MENTION="FALSE">
        <extent>
          <charseq START="4917" END="4918">le</charseq>
        </extent>
        <head>
          <charseq START="4917" END="4918">le</charseq>
        </head>
      </entity_mention>
      <entity_mention ID="adige20040907_id405425-E33-6" TYPE="PRO" PRIMARY="false" METONYMY_MENTION="FALSE">
        <extent>
          <charseq START="5025" END="5027">suo</charseq>
        </extent>
        <head>
          <charseq START="5025" END="5027">suo</charseq>
        </head>
      </entity_mention>
      <entity_mention ID="adige20040907_id405425-E33-8" TYPE="PRO" PRIMARY="false" METONYMY_MENTION="FALSE">
        <extent>
          <charseq START="5042" END="5043">le</charseq>
        </extent>
        <head>
          <charseq START="5042" END="5043">le</charseq>
        </head>
      </entity_mention>
      <entity_mention ID="adige20040907_id405425-E33-10" TYPE="PRO" PRIMARY="false" METONYMY_MENTION="FALSE">
        <extent>
          <charseq START="5106" END="5107">le</charseq>
        </extent>
        <head>
          <charseq START="5106" END="5107">le</charseq>
        </head>
      </entity_mention>
      <entity_mention ID="adige20040907_id405425-E33-12" TYPE="PRO" PRIMARY="false" METONYMY_MENTION="FALSE">
        <extent>
          <charseq START="5129" END="5138">attenderla</charseq>
        </extent>
        <head>
          <charseq START="5137" END="5138">la</charseq>
        </head>
      </entity_mention>
      <entity_attributes>
        <name NAME="Vera">
          <charseq START="4904" END="4907">Vera</charseq>
        </name>
      </entity_attributes>
    </entity>
    <entity ID="adige20040907_id405425-E34" TYPE="PER" SUBTYPE="Group" CLASS="SPC">
      <entity_mention ID="adige20040907_id405425-E34-2" TYPE="NOM" PRIMARY="true" METONYMY_MENTION="FALSE">
        <extent>
          <charseq START="4966" END="5001">donne che vogliono o devono abortire</charseq>
        </extent>
        <head>
          <charseq START="4966" END="4970">donne</charseq>
        </head>
      </entity_mention>
      <entity_mention ID="adige20040907_id405425-E34-4" TYPE="PRO" PRIMARY="false" METONYMY_MENTION="FALSE">
        <extent>
          <charseq START="4972" END="4974">che</charseq>
        </extent>
        <head>
          <charseq START="4972" END="4974">che</charseq>
        </head>
      </entity_mention>
    </entity>
    <entity ID="adige20040907_id405425-E35" TYPE="PER" SUBTYPE="Group" CLASS="SPC">
      <entity_mention ID="adige20040907_id405425-E35-2" TYPE="NOM" PRIMARY="true" METONYMY_MENTION="FALSE">
        <extent>
          <charseq START="5064" END="5084">l'amatissima famiglia</charseq>
        </extent>
        <head>
          <charseq START="5077" END="5084">famiglia</charseq>
        </head>
      </entity_mention>
    </entity>
    <entity ID="adige20040907_id405425-E36" TYPE="PER" SUBTYPE="Group" CLASS="SPC">
      <entity_mention ID="adige20040907_id405425-E36-2" TYPE="NOM" PRIMARY="true" METONYMY_MENTION="FALSE">
        <extent>
          <charseq START="2413" END="2437">una famiglia di contadini</charseq>
        </extent>
        <head>
          <charseq START="2417" END="2424">famiglia</charseq>
        </head>
      </entity_mention>
      <entity_mention ID="adige20040907_id405425-E36-4" TYPE="NOM" PRIMARY="false" METONYMY_MENTION="FALSE">
        <extent>
          <charseq START="2429" END="2437">contadini</charseq>
        </extent>
        <head>
          <charseq START="2429" END="2437">contadini</charseq>
        </head>
      </entity_mention>
    </entity>
    <entity ID="adige20040907_id405425-E38" TYPE="PER" SUBTYPE="Individual" CLASS="SPC">
      <entity_mention ID="adige20040907_id405425-E38-2" TYPE="NAM" PRIMARY="true" METONYMY_MENTION="FALSE">
        <extent>
          <charseq START="3767" END="3781">Stefano Accorsi</charseq>
        </extent>
        <head>
          <charseq START="3767" END="3781">Stefano Accorsi</charseq>
        </head>
      </entity_mention>
      <entity_attributes>
        <name NAME="Stefano Accorsi">
          <charseq START="3767" END="3781">Stefano Accorsi</charseq>
        </name>
      </entity_attributes>
    </entity>
    <entity ID="adige20040907_id405425-E39" TYPE="GPE" SUBTYPE="Nation" CLASS="SPC">
      <entity_mention ID="adige20040907_id405425-E39-1" TYPE="NAM" PRIMARY="true" ROLE="GPE" METONYMY_MENTION="FALSE">
        <extent>
          <charseq START="453" END="460">spagnolo</charseq>
        </extent>
        <head>
          <charseq START="453" END="460">spagnolo</charseq>
        </head>
      </entity_mention>
    </entity>
    <entity ID="adige20040907_id405425-E40" TYPE="GPE" SUBTYPE="State-or-Province" CLASS="SPC">
      <entity_mention ID="adige20040907_id405425-E40-1" TYPE="NAM" PRIMARY="true" ROLE="LOC" METONYMY_MENTION="FALSE">
        <extent>
          <charseq START="1884" END="1893">dal Kosovo</charseq>
        </extent>
        <head>
          <charseq START="1888" END="1893">Kosovo</charseq>
        </head>
      </entity_mention>
      <entity_mention ID="adige20040907_id405425-E40-2" TYPE="NAM" PRIMARY="false" ROLE="GPE" METONYMY_MENTION="FALSE">
        <extent>
          <charseq START="125" END="130">Kosovo</charseq>
        </extent>
        <head>
          <charseq START="125" END="130">Kosovo</charseq>
        </head>
      </entity_mention>
      <entity_attributes>
        <name NAME="Kosovo">
          <charseq START="1888" END="1893">Kosovo</charseq>
        </name>
        <name NAME="Kosovo">
          <charseq START="125" END="130">Kosovo</charseq>
        </name>
      </entity_attributes>
    </entity>
    <entity ID="adige20040907_id405425-E41" TYPE="GPE" SUBTYPE="Nation" CLASS="SPC">
      <entity_mention ID="adige20040907_id405425-E41-1" TYPE="NAM" PRIMARY="true" ROLE="GPE" METONYMY_MENTION="FALSE">
        <extent>
          <charseq START="4181" END="4190">britannici</charseq>
        </extent>
        <head>
          <charseq START="4181" END="4190">britannici</charseq>
        </head>
      </entity_mention>
    </entity>
    <entity ID="adige20040907_id405425-E42" TYPE="GPE" SUBTYPE="Population-Center" CLASS="SPC">
      <entity_mention ID="adige20040907_id405425-E42-1" TYPE="NAM" PRIMARY="true" ROLE="GPE" METONYMY_MENTION="FALSE">
        <extent>
          <charseq START="4673" END="4693">della Londra del 1950</charseq>
        </extent>
        <head>
          <charseq START="4679" END="4684">Londra</charseq>
        </head>
      </entity_mention>
      <entity_attributes>
        <name NAME="Londra">
          <charseq START="4679" END="4684">Londra</charseq>
        </name>
      </entity_attributes>
    </entity>
    <entity ID="adige20040907_id405425-E43" TYPE="GPE" SUBTYPE="Special" CLASS="SPC">
      <entity_mention ID="adige20040907_id405425-E43-1" TYPE="NAM" PRIMARY="true" ROLE="LOC" METONYMY_MENTION="FALSE">
        <extent>
          <charseq START="4833" END="4841">Palestina</charseq>
        </extent>
        <head>
          <charseq START="4833" END="4841">Palestina</charseq>
        </head>
      </entity_mention>
      <entity_attributes>
        <name NAME="Palestina">
          <charseq START="4833" END="4841">Palestina</charseq>
        </name>
      </entity_attributes>
    </entity>
    <entity ID="adige20040907_id405425-E44" TYPE="GPE" SUBTYPE="Nation" CLASS="SPC">
      <entity_mention ID="adige20040907_id405425-E44-1" TYPE="NAM" PRIMARY="true" ROLE="LOC" METONYMY_MENTION="FALSE">
        <extent>
          <charseq START="4856" END="4860">Corea</charseq>
        </extent>
        <head>
          <charseq START="4856" END="4860">Corea</charseq>
        </head>
      </entity_mention>
      <entity_attributes>
        <name NAME="Corea">
          <charseq START="4856" END="4860">Corea</charseq>
        </name>
      </entity_attributes>
    </entity>
    <entity ID="adige20040907_id405425-E45" TYPE="GPE" SUBTYPE="Nation" CLASS="SPC">
      <entity_mention ID="adige20040907_id405425-E45-1" TYPE="NAM" PRIMARY="true" ROLE="GPE" METONYMY_MENTION="FALSE">
        <extent>
          <charseq START="38" END="45">svizzero</charseq>
        </extent>
        <head>
          <charseq START="38" END="45">svizzero</charseq>
        </head>
      </entity_mention>
      <entity_mention ID="adige20040907_id405425-E45-2" TYPE="NAM" PRIMARY="false" ROLE="GPE" METONYMY_MENTION="FALSE">
        <extent>
          <charseq START="773" END="780">svizzero</charseq>
        </extent>
        <head>
          <charseq START="773" END="780">svizzero</charseq>
        </head>
      </entity_mention>
    </entity>
    <entity ID="adige20040907_id405425-E46" TYPE="GPE" SUBTYPE="Nation" CLASS="SPC">
      <entity_mention ID="adige20040907_id405425-E46-1" TYPE="NAM" PRIMARY="true" ROLE="GPE" METONYMY_MENTION="FALSE">
        <extent>
          <charseq START="47" END="53">polacco</charseq>
        </extent>
        <head>
          <charseq START="47" END="53">polacco</charseq>
        </head>
      </entity_mention>
      <entity_mention ID="adige20040907_id405425-E46-2" TYPE="NAM" PRIMARY="false" ROLE="GPE" METONYMY_MENTION="FALSE">
        <extent>
          <charseq START="782" END="788">polacco</charseq>
        </extent>
        <head>
          <charseq START="782" END="788">polacco</charseq>
        </head>
      </entity_mention>
    </entity>
    <entity ID="adige20040907_id405425-E47" TYPE="LOC" SUBTYPE="Land-Region-Natural" CLASS="SPC">
      <entity_mention ID="adige20040907_id405425-E47-1" TYPE="NAM" PRIMARY="true" METONYMY_MENTION="FALSE">
        <extent>
          <charseq START="139" END="144">alpini</charseq>
        </extent>
        <head>
          <charseq START="139" END="144">alpini</charseq>
        </head>
      </entity_mention>
    </entity>
    <entity ID="adige20040907_id405425-E48" TYPE="LOC" SUBTYPE="Region-General" CLASS="SPC">
      <entity_mention ID="adige20040907_id405425-E48-1" TYPE="NAM" PRIMARY="true" METONYMY_MENTION="FALSE">
        <extent>
          <charseq START="1065" END="1086">della Svizzera Romanda</charseq>
        </extent>
        <head>
          <charseq START="1071" END="1086">Svizzera Romanda</charseq>
        </head>
      </entity_mention>
      <entity_attributes>
        <name NAME="Svizzera Romanda">
          <charseq START="1071" END="1086">Svizzera Romanda</charseq>
        </name>
      </entity_attributes>
    </entity>
    <entity ID="adige20040907_id405425-E49" TYPE="LOC" SUBTYPE="Region-General" CLASS="SPC">
      <entity_mention ID="adige20040907_id405425-E49-1" TYPE="NOM" PRIMARY="true" METONYMY_MENTION="FALSE">
        <extent>
          <charseq START="4634" END="4693">uno sporco e grigio quartiere popolare della Londra del 1950</charseq>
        </extent>
        <head>
          <charseq START="4654" END="4662">quartiere</charseq>
        </head>
      </entity_mention>
    </entity>
    <entity ID="adige20040907_id405425-E50" TYPE="LOC" SUBTYPE="Land-Region-Natural" CLASS="SPC">
      <entity_mention ID="adige20040907_id405425-E50-1" TYPE="NOM" PRIMARY="true" METONYMY_MENTION="FALSE">
        <extent>
          <charseq START="1032" END="1086">nella innevata e livida campagna della Svizzera Romanda</charseq>
        </extent>
        <head>
          <charseq START="1056" END="1063">campagna</charseq>
        </head>
      </entity_mention>
    </entity>
    <entity ID="adige20040907_id405425-E51" TYPE="PER" SUBTYPE="Group" CLASS="SPC">
      <entity_mention ID="adige20040907_id405425-E51-1" TYPE="NOM" PRIMARY="true" METONYMY_MENTION="FALSE">
        <extent>
          <charseq START="4324" END="4333">del popolo</charseq>
        </extent>
        <head>
          <charseq START="4328" END="4333">popolo</charseq>
        </head>
      </entity_mention>
    </entity>
    <entity ID="adige20040907_id405425-E52" TYPE="LOC" SUBTYPE="Celestial" CLASS="SPC">
      <entity_mention ID="adige20040907_id405425-E52-1" TYPE="NOM" PRIMARY="true" METONYMY_MENTION="FALSE">
        <extent>
          <charseq START="110" END="118">del mondo</charseq>
        </extent>
        <head>
          <charseq START="114" END="118">mondo</charseq>
        </head>
      </entity_mention>
    </entity>
  </document>
</source_file>
