<?xml version="1.0" encoding="UTF-8"?>
<!DOCTYPE source_file PUBLIC "SYSTEM" "apf.v5.1.1.dtd">

<source_file URI="adige20041007_id413743.sgm" SOURCE="unknown" TYPE="text" VERSION="5.0" AUTHOR="romano" ENCODING="UTF-8">
  <document DOCID="adige20041007_id413743">
    <timex2 ID="adige20041007_id413743-T1" COMMENT="non so cosa significhi in questo caso 'vigilia', forse la vigilia dell'apertura della borsa?">
      <timex2_mention ID="adige20041007_id413743-T1-1">
        <extent>
          <charseq START="1363" END="1375">della vigilia</charseq>
        </extent>
      </timex2_mention>
    </timex2>
  </document>
</source_file>
