<?xml version="1.0" encoding="UTF-8"?>
<!DOCTYPE source_file PUBLIC "SYSTEM" "apf.v5.1.1.dtd">

<source_file URI="adige20041007_id413751.sgm" SOURCE="unknown" TYPE="text" VERSION="5.0" AUTHOR="romano" ENCODING="UTF-8">
  <document DOCID="adige20041007_id413751">
    <timex2 ID="adige20041007_id413751-T7" VAL="2003">
      <timex2_mention ID="adige20041007_id413751-T7-1">
        <extent>
          <charseq START="2487" END="2495">nell'anno</charseq>
        </extent>
      </timex2_mention>
    </timex2>
    <timex2 ID="adige20041007_id413751-T8" VAL="P10Y" ANCHOR_VAL="2004" ANCHOR_DIR="ENDING">
      <timex2_mention ID="adige20041007_id413751-T8-1">
        <extent>
          <charseq START="2560" END="2579">dell'ultimo decennio</charseq>
        </extent>
      </timex2_mention>
    </timex2>
    <timex2 ID="adige20041007_id413751-T1" VAL="2005">
      <timex2_mention ID="adige20041007_id413751-T1-1">
        <extent>
          <charseq START="548" END="555">nel 2005</charseq>
        </extent>
      </timex2_mention>
    </timex2>
    <timex2 ID="adige20041007_id413751-T15" VAL="PRESENT_REF" ANCHOR_VAL="2004-10-07" ANCHOR_DIR="AS_OF">
      <timex2_mention ID="adige20041007_id413751-T15-1">
        <extent>
          <charseq START="1708" END="1713">adesso</charseq>
        </extent>
      </timex2_mention>
    </timex2>
    <timex2 ID="adige20041007_id413751-T10" VAL="1997">
      <timex2_mention ID="adige20041007_id413751-T10-1">
        <extent>
          <charseq START="2711" END="2718">del 1997</charseq>
        </extent>
      </timex2_mention>
    </timex2>
    <timex2 ID="adige20041007_id413751-T9" VAL="2003">
      <timex2_mention ID="adige20041007_id413751-T9-1">
        <extent>
          <charseq START="2653" END="2660">nel 2003</charseq>
        </extent>
      </timex2_mention>
    </timex2>
    <timex2 ID="adige20041007_id413751-T2" VAL="2005-SU">
      <timex2_mention ID="adige20041007_id413751-T2-1">
        <extent>
          <charseq START="659" END="676">la prossima estate</charseq>
        </extent>
      </timex2_mention>
    </timex2>
    <timex2 ID="adige20041007_id413751-T11" VAL="1999">
      <timex2_mention ID="adige20041007_id413751-T11-1">
        <extent>
          <charseq START="2734" END="2741">del 1999</charseq>
        </extent>
      </timex2_mention>
    </timex2>
    <timex2 ID="adige20041007_id413751-T3" VAL="PRESENT_REF" ANCHOR_VAL="2004-10-07" ANCHOR_DIR="AS_OF">
      <timex2_mention ID="adige20041007_id413751-T3-1">
        <extent>
          <charseq START="1333" END="1336">Oggi</charseq>
        </extent>
      </timex2_mention>
    </timex2>
    <timex2 ID="adige20041007_id413751-T16" VAL="PRESENT_REF" ANCHOR_VAL="2004-10-07" ANCHOR_DIR="AS_OF">
      <timex2_mention ID="adige20041007_id413751-T16-1">
        <extent>
          <charseq START="2857" END="2862">adesso</charseq>
        </extent>
      </timex2_mention>
    </timex2>
    <timex2 ID="adige20041007_id413751-T4" VAL="2003">
      <timex2_mention ID="adige20041007_id413751-T4-1">
        <extent>
          <charseq START="2095" END="2102">del 2003</charseq>
        </extent>
      </timex2_mention>
    </timex2>
    <timex2 ID="adige20041007_id413751-T17" VAL="XXXX">
      <timex2_mention ID="adige20041007_id413751-T17-1">
        <extent>
          <charseq START="2694" END="2709">agli anni record</charseq>
        </extent>
      </timex2_mention>
    </timex2>
    <timex2 ID="adige20041007_id413751-T13" VAL="P2W" SET="YES">
      <timex2_mention ID="adige20041007_id413751-T13-1">
        <extent>
          <charseq START="2830" END="2847">ogni due settimane</charseq>
        </extent>
      </timex2_mention>
    </timex2>
    <timex2 ID="adige20041007_id413751-T5" VAL="2002">
      <timex2_mention ID="adige20041007_id413751-T5-1">
        <extent>
          <charseq START="2345" END="2363">all'anno precedente</charseq>
        </extent>
      </timex2_mention>
    </timex2>
    <timex2 ID="adige20041007_id413751-T14" VAL="2000">
      <timex2_mention ID="adige20041007_id413751-T14-1">
        <extent>
          <charseq START="2886" END="2893">dal 2000</charseq>
        </extent>
      </timex2_mention>
    </timex2>
    <timex2 ID="adige20041007_id413751-T6" VAL="P10Y" ANCHOR_VAL="2004" ANCHOR_DIR="ENDING">
      <timex2_mention ID="adige20041007_id413751-T6-1">
        <extent>
          <charseq START="2411" END="2417">10 anni</charseq>
        </extent>
      </timex2_mention>
    </timex2>
  </document>
</source_file>
