<?xml version="1.0" encoding="UTF-8"?>
<!DOCTYPE source_file PUBLIC "SYSTEM" "apf.v5.1.1.dtd">

<source_file URI="adige20041007_id413745.sgm" SOURCE="unknown" TYPE="text" VERSION="5.0" AUTHOR="romano" ENCODING="UTF-8">
  <document DOCID="adige20041007_id413745">
    <timex2 ID="adige20041007_id413745-T4" VAL="2003">
      <timex2_mention ID="adige20041007_id413745-T4-1">
        <extent>
          <charseq START="849" END="867">un anno eccezionale</charseq>
        </extent>
      </timex2_mention>
    </timex2>
    <timex2 ID="adige20041007_id413745-T5" VAL="2003">
      <timex2_mention ID="adige20041007_id413745-T5-1">
        <extent>
          <charseq START="1146" END="1158">l'anno scorso</charseq>
        </extent>
      </timex2_mention>
    </timex2>
    <timex2 ID="adige20041007_id413745-T6" VAL="2004-10-13">
      <timex2_mention ID="adige20041007_id413745-T6-1">
        <extent>
          <charseq START="1253" END="1254">13</charseq>
        </extent>
      </timex2_mention>
    </timex2>
    <timex2 ID="adige20041007_id413745-T7" VAL="2004-10-17">
      <timex2_mention ID="adige20041007_id413745-T7-1">
        <extent>
          <charseq START="1256" END="1265">17 ottobre</charseq>
        </extent>
      </timex2_mention>
    </timex2>
    <timex2 ID="adige20041007_id413745-T8" VAL="2003">
      <timex2_mention ID="adige20041007_id413745-T8-1">
        <extent>
          <charseq START="1434" END="1441">nel 2003</charseq>
        </extent>
      </timex2_mention>
    </timex2>
    <timex2 ID="adige20041007_id413745-T1" VAL="PAST_REF" ANCHOR_VAL="2004-10-07" ANCHOR_DIR="BEFORE">
      <timex2_mention ID="adige20041007_id413745-T1-1">
        <extent>
          <charseq START="364" END="374">nel passato</charseq>
        </extent>
      </timex2_mention>
    </timex2>
    <timex2 ID="adige20041007_id413745-T2" VAL="PAST_REF" ANCHOR_VAL="2004" ANCHOR_DIR="BEFORE">
      <timex2_mention ID="adige20041007_id413745-T2-1">
        <extent>
          <charseq START="400" END="411">diversi anni</charseq>
        </extent>
      </timex2_mention>
    </timex2>
    <timex2 ID="adige20041007_id413745-T11">
      <timex2_mention ID="adige20041007_id413745-T11-1">
        <extent>
          <charseq START="413" END="422">un periodo</charseq>
        </extent>
      </timex2_mention>
    </timex2>
    <timex2 ID="adige20041007_id413745-T3" VAL="2003">
      <timex2_mention ID="adige20041007_id413745-T3-1">
        <extent>
          <charseq START="824" END="830">Il 2003</charseq>
        </extent>
      </timex2_mention>
    </timex2>
    <timex2 ID="adige20041007_id413745-T9" VAL="PAST_REF" ANCHOR_VAL="2004-10-07" ANCHOR_DIR="BEFORE">
      <timex2_mention ID="adige20041007_id413745-T9-1">
        <extent>
          <charseq START="18" END="22">tempo</charseq>
        </extent>
      </timex2_mention>
    </timex2>
    <timex2 ID="adige20041007_id413745-T10" VAL="2004">
      <timex2_mention ID="adige20041007_id413745-T10-1">
        <extent>
          <charseq START="1193" END="1196">2004</charseq>
        </extent>
      </timex2_mention>
    </timex2>
  </document>
</source_file>
