<?xml version="1.0" encoding="UTF-8"?>
<!DOCTYPE source_file PUBLIC "SYSTEM" "apf.v5.1.1.dtd">

<source_file URI="adige20041007_id413746.sgm" SOURCE="unknown" TYPE="text" VERSION="5.0" AUTHOR="romano" ENCODING="UTF-8">
  <document DOCID="adige20041007_id413746">
    <timex2 ID="adige20041007_id413746-T2" VAL="1961">
      <timex2_mention ID="adige20041007_id413746-T2-1">
        <extent>
          <charseq START="86" END="93">nel 1961</charseq>
        </extent>
      </timex2_mention>
    </timex2>
    <timex2 ID="adige20041007_id413746-T3" VAL="1966">
      <timex2_mention ID="adige20041007_id413746-T3-1">
        <extent>
          <charseq START="211" END="218">Nel 1966</charseq>
        </extent>
      </timex2_mention>
    </timex2>
    <timex2 ID="adige20041007_id413746-T4" VAL="1971">
      <timex2_mention ID="adige20041007_id413746-T4-1">
        <extent>
          <charseq START="336" END="343">nel 1971</charseq>
        </extent>
      </timex2_mention>
    </timex2>
    <timex2 ID="adige20041007_id413746-T5" VAL="1988-10">
      <timex2_mention ID="adige20041007_id413746-T5-1">
        <extent>
          <charseq START="375" END="398">Nel mese di ottobre 1988</charseq>
        </extent>
      </timex2_mention>
    </timex2>
    <timex2 ID="adige20041007_id413746-T6" VAL="FUTURE_REF" ANCHOR_VAL="2004-10-07" ANCHOR_DIR="AFTER">
      <timex2_mention ID="adige20041007_id413746-T6-1">
        <extent>
          <charseq START="681" END="689">IL FUTURO</charseq>
        </extent>
      </timex2_mention>
    </timex2>
    <timex2 ID="adige20041007_id413746-T7" VAL="PRESENT_REF" ANCHOR_VAL="2004-10-07" ANCHOR_DIR="AS_OF">
      <timex2_mention ID="adige20041007_id413746-T7-1">
        <extent>
          <charseq START="691" END="694">Oggi</charseq>
        </extent>
      </timex2_mention>
    </timex2>
    <timex2 ID="adige20041007_id413746-T8" VAL="PRESENT_REF" ANCHOR_VAL="2004-10-07" ANCHOR_DIR="AS_OF">
      <timex2_mention ID="adige20041007_id413746-T8-1">
        <extent>
          <charseq START="32" END="34">ora</charseq>
        </extent>
      </timex2_mention>
    </timex2>
    <timex2 ID="adige20041007_id413746-T1" VAL="1961">
      <timex2_mention ID="adige20041007_id413746-T1-1">
        <extent>
          <charseq START="9" END="16">nel 1961</charseq>
        </extent>
      </timex2_mention>
    </timex2>
  </document>
</source_file>
