<?xml version="1.0" encoding="UTF-8"?>
<!DOCTYPE source_file PUBLIC "SYSTEM" "apf.v5.1.1.dtd">

<source_file URI="adige20041007_id413750.sgm" SOURCE="unknown" TYPE="text" VERSION="5.0" AUTHOR="romano" ENCODING="UTF-8">
  <document DOCID="adige20041007_id413750">
    <timex2 ID="adige20041007_id413750-T1" VAL="PAST_REF" ANCHOR_VAL="2004-10-07" ANCHOR_DIR="BEFORE">
      <timex2_mention ID="adige20041007_id413750-T1-1">
        <extent>
          <charseq START="197" END="201">tempo</charseq>
        </extent>
      </timex2_mention>
    </timex2>
  </document>
</source_file>
