<?xml version="1.0" encoding="UTF-8"?>
<!DOCTYPE source_file PUBLIC "SYSTEM" "apf.v5.1.1.dtd">

<source_file URI="adige20041007_id413747.sgm" SOURCE="unknown" TYPE="text" VERSION="5.0" AUTHOR="romano" ENCODING="UTF-8">
  <document DOCID="adige20041007_id413747">
    <timex2 ID="adige20041007_id413747-T4" VAL="PAST_REF" ANCHOR_VAL="2004-10-07" ANCHOR_DIR="BEFORE">
      <timex2_mention ID="adige20041007_id413747-T4-1">
        <extent>
          <charseq START="99" END="100">ex</charseq>
        </extent>
      </timex2_mention>
    </timex2>
    <timex2 ID="adige20041007_id413747-T1" VAL="XXXX" SET="YES">
      <timex2_mention ID="adige20041007_id413747-T1-1">
        <extent>
          <charseq START="224" END="228">annui</charseq>
        </extent>
      </timex2_mention>
    </timex2>
    <timex2 ID="adige20041007_id413747-T5" VAL="XXXX" SET="YES">
      <timex2_mention ID="adige20041007_id413747-T5-1">
        <extent>
          <charseq START="87" END="94">all'anno</charseq>
        </extent>
      </timex2_mention>
    </timex2>
    <timex2 ID="adige20041007_id413747-T2" VAL="P2Y" ANCHOR_VAL="2004" ANCHOR_DIR="ENDING">
      <timex2_mention ID="adige20041007_id413747-T2-1">
        <extent>
          <charseq START="516" END="523">due anni</charseq>
        </extent>
      </timex2_mention>
    </timex2>
    <timex2 ID="adige20041007_id413747-T3" VAL="2002">
      <timex2_mention ID="adige20041007_id413747-T3-1">
        <extent>
          <charseq START="625" END="632">nel 2002</charseq>
        </extent>
      </timex2_mention>
    </timex2>
    <timex2 ID="adige20041007_id413747-T6" VAL="PAST_REF" ANCHOR_VAL="2004-10-07" ANCHOR_DIR="BEFORE">
      <timex2_mention ID="adige20041007_id413747-T6-1">
        <extent>
          <charseq START="595" END="596">ex</charseq>
        </extent>
      </timex2_mention>
    </timex2>
  </document>
</source_file>
