<?xml version="1.0" encoding="UTF-8"?>
<!DOCTYPE source_file PUBLIC "SYSTEM" "apf.v5.1.1.dtd">

<source_file URI="adige20041007_id413748.sgm" SOURCE="unknown" TYPE="text" VERSION="5.0" AUTHOR="romano" ENCODING="UTF-8">
  <document DOCID="adige20041007_id413748">
    <timex2 ID="adige20041007_id413748-T4" VAL="PRESENT_REF" ANCHOR_VAL="2004-10-07" ANCHOR_DIR="AS_OF">
      <timex2_mention ID="adige20041007_id413748-T4-1">
        <extent>
          <charseq START="291" END="294">oggi</charseq>
        </extent>
      </timex2_mention>
    </timex2>
    <timex2 ID="adige20041007_id413748-T5" VAL="PRESENT_REF" ANCHOR_VAL="2004-10-07" ANCHOR_DIR="AS_OF">
      <timex2_mention ID="adige20041007_id413748-T5-1">
        <extent>
          <charseq START="411" END="414">oggi</charseq>
        </extent>
      </timex2_mention>
    </timex2>
    <timex2 ID="adige20041007_id413748-T6" VAL="PRESENT_REF" ANCHOR_VAL="2004-10-07" ANCHOR_DIR="AS_OF">
      <timex2_mention ID="adige20041007_id413748-T6-1">
        <extent>
          <charseq START="555" END="558">oggi</charseq>
        </extent>
      </timex2_mention>
    </timex2>
    <timex2 ID="adige20041007_id413748-T7" VAL="1999">
      <timex2_mention ID="adige20041007_id413748-T7-1">
        <extent>
          <charseq START="653" END="666">cinque anni fa</charseq>
        </extent>
      </timex2_mention>
    </timex2>
    <timex2 ID="adige20041007_id413748-T8" VAL="2003">
      <timex2_mention ID="adige20041007_id413748-T8-1">
        <extent>
          <charseq START="977" END="984">del 2003</charseq>
        </extent>
      </timex2_mention>
    </timex2>
    <timex2 ID="adige20041007_id413748-T9" VAL="2003">
      <timex2_mention ID="adige20041007_id413748-T9-1">
        <extent>
          <charseq START="1117" END="1124">nel 2003</charseq>
        </extent>
      </timex2_mention>
    </timex2>
    <timex2 ID="adige20041007_id413748-T1" VAL="1999">
      <timex2_mention ID="adige20041007_id413748-T1-1">
        <extent>
          <charseq START="146" END="159">cinque anni fa</charseq>
        </extent>
      </timex2_mention>
    </timex2>
    <timex2 ID="adige20041007_id413748-T10" VAL="2002">
      <timex2_mention ID="adige20041007_id413748-T10-1">
        <extent>
          <charseq START="1126" END="1133">sul 2002</charseq>
        </extent>
      </timex2_mention>
    </timex2>
    <timex2 ID="adige20041007_id413748-T2" VAL="PRESENT_REF" ANCHOR_VAL="2004-10-07" ANCHOR_DIR="AS_OF">
      <timex2_mention ID="adige20041007_id413748-T2-1">
        <extent>
          <charseq START="178" END="183">finora</charseq>
        </extent>
      </timex2_mention>
    </timex2>
    <timex2 ID="adige20041007_id413748-T3" VAL="1999">
      <timex2_mention ID="adige20041007_id413748-T3-1">
        <extent>
          <charseq START="280" END="286">dal '99</charseq>
        </extent>
      </timex2_mention>
    </timex2>
  </document>
</source_file>
