<?xml version="1.0" encoding="UTF-8"?>
<!DOCTYPE source_file PUBLIC "SYSTEM" "apf.v5.1.1.dtd">

<source_file URI="adige20040908_id405690.sgm" SOURCE="unknown" TYPE="text" VERSION="5.0" AUTHOR="romano" ENCODING="UTF-8">
  <document DOCID="adige20040908_id405690">
    <timex2 ID="adige20040908_id405690-T2" VAL="2005">
      <timex2_mention ID="adige20040908_id405690-T2-1">
        <extent>
          <charseq START="163" END="166">2005</charseq>
        </extent>
      </timex2_mention>
    </timex2>
    <timex2 ID="adige20040908_id405690-T3" VAL="P12Y" MOD="EQUAL_OR_MORE" ANCHOR_VAL="2004" ANCHOR_DIR="ENDING">
      <timex2_mention ID="adige20040908_id405690-T3-1">
        <extent>
          <charseq START="553" END="563">dai 12 anni</charseq>
        </extent>
      </timex2_mention>
    </timex2>
    <timex2 ID="adige20040908_id405690-T1" VAL="2004">
      <timex2_mention ID="adige20040908_id405690-T1-1">
        <extent>
          <charseq START="151" END="161">l'anno 2004</charseq>
        </extent>
      </timex2_mention>
    </timex2>
  </document>
</source_file>
