<?xml version="1.0" encoding="UTF-8"?>
<!DOCTYPE source_file PUBLIC "SYSTEM" "apf.v5.1.1.dtd">

<source_file URI="adige20040908_id405688.sgm" SOURCE="unknown" TYPE="text" VERSION="5.0" AUTHOR="romano" ENCODING="UTF-8">
  <document DOCID="adige20040908_id405688">
    <timex2 ID="adige20040908_id405688-T6" VAL="2004-09-09TEV">
      <timex2_mention ID="adige20040908_id405688-T6-1">
        <extent>
          <charseq START="557" END="567">domani sera</charseq>
        </extent>
      </timex2_mention>
    </timex2>
    <timex2 ID="adige20040908_id405688-T7" VAL="2004-09-09T18:00">
      <timex2_mention ID="adige20040908_id405688-T7-1">
        <extent>
          <charseq START="569" END="575">alle 18</charseq>
        </extent>
      </timex2_mention>
    </timex2>
    <timex2 ID="adige20040908_id405688-T1" VAL="2004-09-09">
      <timex2_mention ID="adige20040908_id405688-T1-1">
        <extent>
          <charseq START="5" END="10">domani</charseq>
        </extent>
      </timex2_mention>
    </timex2>
    <timex2 ID="adige20040908_id405688-T2" VAL="2004-09-09">
      <timex2_mention ID="adige20040908_id405688-T2-1">
        <extent>
          <charseq START="78" END="83">domani</charseq>
        </extent>
      </timex2_mention>
    </timex2>
    <timex2 ID="adige20040908_id405688-T3" VAL="2004-09-12">
      <timex2_mention ID="adige20040908_id405688-T3-1">
        <extent>
          <charseq START="94" END="108">al 12 settembre</charseq>
        </extent>
      </timex2_mention>
    </timex2>
    <timex2 ID="adige20040908_id405688-T4" VAL="2004-10-14">
      <timex2_mention ID="adige20040908_id405688-T4-1">
        <extent>
          <charseq START="116" END="121">dal 14</charseq>
        </extent>
      </timex2_mention>
    </timex2>
    <timex2 ID="adige20040908_id405688-T5" VAL="2004-10-17">
      <timex2_mention ID="adige20040908_id405688-T5-1">
        <extent>
          <charseq START="123" END="135">al 17 ottobre</charseq>
        </extent>
      </timex2_mention>
    </timex2>
  </document>
</source_file>
