<?xml version="1.0" encoding="UTF-8"?>
<!DOCTYPE source_file PUBLIC "SYSTEM" "apf.v5.1.1.dtd">

<source_file URI="adige20040908_id405693.sgm" SOURCE="unknown" TYPE="text" VERSION="5.0" AUTHOR="romano" ENCODING="UTF-8">
  <document DOCID="adige20040908_id405693">
    <timex2 ID="adige20040908_id405693-T3" VAL="2004-09-08">
      <timex2_mention ID="adige20040908_id405693-T3-1">
        <extent>
          <charseq START="2" END="5">Oggi</charseq>
        </extent>
      </timex2_mention>
    </timex2>
    <timex2 ID="adige20040908_id405693-T1" VAL="PAST_REF" ANCHOR_VAL="2004-09-08" ANCHOR_DIR="BEFORE">
      <timex2_mention ID="adige20040908_id405693-T1-1">
        <extent>
          <charseq START="68" END="84">qualche giorno fa</charseq>
        </extent>
      </timex2_mention>
    </timex2>
    <timex2 ID="adige20040908_id405693-T2" VAL="P28Y" ANCHOR_VAL="2004" ANCHOR_DIR="ENDING">
      <timex2_mention ID="adige20040908_id405693-T2-1">
        <extent>
          <charseq START="220" END="232">ventotto anni</charseq>
        </extent>
      </timex2_mention>
    </timex2>
  </document>
</source_file>
