<?xml version="1.0" encoding="UTF-8"?>
<!DOCTYPE source_file PUBLIC "SYSTEM" "apf.v5.1.1.dtd">

<source_file URI="adige20040908_id405692.sgm" SOURCE="unknown" TYPE="text" VERSION="5.0" AUTHOR="romano" ENCODING="UTF-8">
  <document DOCID="adige20040908_id405692">
    <timex2 ID="adige20040908_id405692-T1" VAL="2004-09-04TEV">
      <timex2_mention ID="adige20040908_id405692-T1-1">
        <extent>
          <charseq START="161" END="171">sabato sera</charseq>
        </extent>
      </timex2_mention>
    </timex2>
    <timex2 ID="adige20040908_id405692-T2" VAL="FUTURE_REF" ANCHOR_VAL="2004-09-08" ANCHOR_DIR="AFTER">
      <timex2_mention ID="adige20040908_id405692-T2-1">
        <extent>
          <charseq START="407" END="412">futuro</charseq>
        </extent>
      </timex2_mention>
    </timex2>
    <timex2 ID="adige20040908_id405692-T3" VAL="2004-09-08TEV">
      <timex2_mention ID="adige20040908_id405692-T3-1">
        <extent>
          <charseq START="719" END="729">Questa sera</charseq>
        </extent>
      </timex2_mention>
    </timex2>
    <timex2 ID="adige20040908_id405692-T4" VAL="PT15M" MOD="APPROX">
      <timex2_mention ID="adige20040908_id405692-T4-1">
        <extent>
          <charseq START="1457" END="1480">una quindicina di minuti</charseq>
        </extent>
      </timex2_mention>
    </timex2>
    <timex2 ID="adige20040908_id405692-T5" VAL="2004-09-08T22:00">
      <timex2_mention ID="adige20040908_id405692-T5-1">
        <extent>
          <charseq START="1499" END="1505">alle 22</charseq>
        </extent>
      </timex2_mention>
    </timex2>
    <timex2 ID="adige20040908_id405692-T16" VAL="TEV">
      <timex2_mention ID="adige20040908_id405692-T16-1">
        <extent>
          <charseq START="614" END="619">serate</charseq>
        </extent>
      </timex2_mention>
    </timex2>
    <timex2 ID="adige20040908_id405692-T6" VAL="2004-09-08T23:30">
      <timex2_mention ID="adige20040908_id405692-T6-1">
        <extent>
          <charseq START="1532" END="1541">alle 23.30</charseq>
        </extent>
      </timex2_mention>
    </timex2>
    <timex2 ID="adige20040908_id405692-T7" VAL="2004-09-04">
      <timex2_mention ID="adige20040908_id405692-T7-1">
        <extent>
          <charseq START="1601" END="1606">sabato</charseq>
        </extent>
      </timex2_mention>
    </timex2>
    <timex2 ID="adige20040908_id405692-T8" VAL="2004-09-10">
      <timex2_mention ID="adige20040908_id405692-T8-1">
        <extent>
          <charseq START="2358" END="2367">venerdì 10</charseq>
        </extent>
      </timex2_mention>
    </timex2>
    <timex2 ID="adige20040908_id405692-T9" VAL="2004-09-15">
      <timex2_mention ID="adige20040908_id405692-T9-1">
        <extent>
          <charseq START="2423" END="2434">mercoledì 15</charseq>
        </extent>
      </timex2_mention>
    </timex2>
    <timex2 ID="adige20040908_id405692-T10" VAL="2004-09-17">
      <timex2_mention ID="adige20040908_id405692-T10-1">
        <extent>
          <charseq START="2480" END="2484">il 17</charseq>
        </extent>
      </timex2_mention>
    </timex2>
    <timex2 ID="adige20040908_id405692-T15" VAL="TEV">
      <timex2_mention ID="adige20040908_id405692-T15-1">
        <extent>
          <charseq START="385" END="390">serate</charseq>
        </extent>
      </timex2_mention>
    </timex2>
    <timex2 ID="adige20040908_id405692-T18" VAL="FUTURE_REF" ANCHOR_VAL="2004-09-08" ANCHOR_DIR="AFTER">
      <timex2_mention ID="adige20040908_id405692-T18-1">
        <extent>
          <charseq START="2309" END="2316">prossimi</charseq>
        </extent>
      </timex2_mention>
    </timex2>
    <timex2 ID="adige20040908_id405692-T11" VAL="2004-09-22">
      <timex2_mention ID="adige20040908_id405692-T11-1">
        <extent>
          <charseq START="2634" END="2645">mercoledì 22</charseq>
        </extent>
      </timex2_mention>
    </timex2>
    <timex2 ID="adige20040908_id405692-T12" VAL="2004-09">
      <timex2_mention ID="adige20040908_id405692-T12-1">
        <extent>
          <charseq START="2654" END="2673">il mese di settembre</charseq>
        </extent>
      </timex2_mention>
    </timex2>
    <timex2 ID="adige20040908_id405692-T14" VAL="2004-09-08TEV">
      <timex2_mention ID="adige20040908_id405692-T14-1">
        <extent>
          <charseq START="2" END="12">Questa sera</charseq>
        </extent>
      </timex2_mention>
    </timex2>
    <timex2 ID="adige20040908_id405692-T13" VAL="2004-09-24">
      <timex2_mention ID="adige20040908_id405692-T13-1">
        <extent>
          <charseq START="2687" END="2696">venerdì 24</charseq>
        </extent>
      </timex2_mention>
    </timex2>
  </document>
</source_file>
