<?xml version="1.0" encoding="UTF-8"?>
<!DOCTYPE source_file PUBLIC "SYSTEM" "apf.v5.1.1.dtd">

<source_file URI="adige20040908_id405685.sgm" SOURCE="unknown" TYPE="text" VERSION="5.0" AUTHOR="romano" ENCODING="UTF-8">
  <document DOCID="adige20040908_id405685">
    <timex2 ID="adige20040908_id405685-T7" VAL="PAST_REF" ANCHOR_VAL="2004-09-08" ANCHOR_DIR="BEFORE">
      <timex2_mention ID="adige20040908_id405685-T7-1">
        <extent>
          <charseq START="1506" END="1515">al passato</charseq>
        </extent>
      </timex2_mention>
    </timex2>
    <timex2 ID="adige20040908_id405685-T8" VAL="2004-09-04TNI">
      <timex2_mention ID="adige20040908_id405685-T8-1">
        <extent>
          <charseq START="1518" END="1525">La notte</charseq>
        </extent>
      </timex2_mention>
    </timex2>
    <timex2 ID="adige20040908_id405685-T9" VAL="2004-09-05T04:00">
      <timex2_mention ID="adige20040908_id405685-T9-1">
        <extent>
          <charseq START="1629" END="1652">alle quattro del mattino</charseq>
        </extent>
      </timex2_mention>
    </timex2>
    <timex2 ID="adige20040908_id405685-T1" VAL="P3D">
      <timex2_mention ID="adige20040908_id405685-T1-1">
        <extent>
          <charseq START="102" END="113">tre giornate</charseq>
        </extent>
      </timex2_mention>
    </timex2>
    <timex2 ID="adige20040908_id405685-T15" VAL="FUTURE_REF" ANCHOR_VAL="2004-09-08" ANCHOR_DIR="AFTER">
      <timex2_mention ID="adige20040908_id405685-T15-1">
        <extent>
          <charseq START="2623" END="2630">prossime</charseq>
        </extent>
      </timex2_mention>
    </timex2>
    <timex2 ID="adige20040908_id405685-T10" VAL="2004-09-05">
      <timex2_mention ID="adige20040908_id405685-T10-1">
        <extent>
          <charseq START="1665" END="1672">domenica</charseq>
        </extent>
      </timex2_mention>
    </timex2>
    <timex2 ID="adige20040908_id405685-T2" VAL="2004-09-03">
      <timex2_mention ID="adige20040908_id405685-T2-1">
        <extent>
          <charseq START="264" END="270">venerdì</charseq>
        </extent>
      </timex2_mention>
    </timex2>
    <timex2 ID="adige20040908_id405685-T11" VAL="2004-09-05">
      <timex2_mention ID="adige20040908_id405685-T11-1">
        <extent>
          <charseq START="1689" END="1700">una giornata</charseq>
        </extent>
      </timex2_mention>
    </timex2>
    <timex2 ID="adige20040908_id405685-T3" VAL="2004-09-05">
      <timex2_mention ID="adige20040908_id405685-T3-1">
        <extent>
          <charseq START="274" END="288">domenica scorsa</charseq>
        </extent>
      </timex2_mention>
    </timex2>
    <timex2 ID="adige20040908_id405685-T12" VAL="PRESENT_REF" ANCHOR_VAL="2004-09-08" ANCHOR_DIR="AS_OF">
      <timex2_mention ID="adige20040908_id405685-T12-1">
        <extent>
          <charseq START="2217" END="2222">adesso</charseq>
        </extent>
      </timex2_mention>
    </timex2>
    <timex2 ID="adige20040908_id405685-T4" VAL="PXY" ANCHOR_VAL="2004" ANCHOR_DIR="AFTER">
      <timex2_mention ID="adige20040908_id405685-T4-1">
        <extent>
          <charseq START="469" END="485">nei prossimi anni</charseq>
        </extent>
      </timex2_mention>
    </timex2>
    <timex2 ID="adige20040908_id405685-T13" VAL="2005">
      <timex2_mention ID="adige20040908_id405685-T13-1">
        <extent>
          <charseq START="2252" END="2255">2005</charseq>
        </extent>
      </timex2_mention>
    </timex2>
    <timex2 ID="adige20040908_id405685-T5" VAL="2004-09-03TEV">
      <timex2_mention ID="adige20040908_id405685-T5-1">
        <extent>
          <charseq START="1084" END="1095">venerdì sera</charseq>
        </extent>
      </timex2_mention>
    </timex2>
    <timex2 ID="adige20040908_id405685-T14" VAL="P2WE">
      <timex2_mention ID="adige20040908_id405685-T14-1">
        <extent>
          <charseq START="2404" END="2415">due week end</charseq>
        </extent>
      </timex2_mention>
    </timex2>
    <timex2 ID="adige20040908_id405685-T6" VAL="2004-09-04TAF">
      <timex2_mention ID="adige20040908_id405685-T6-1">
        <extent>
          <charseq START="1256" END="1278">Il pomeriggio di sabato</charseq>
        </extent>
      </timex2_mention>
    </timex2>
  </document>
</source_file>
