<?xml version="1.0" encoding="UTF-8"?>
<!DOCTYPE source_file PUBLIC "SYSTEM" "apf.v5.1.1.dtd">

<source_file URI="adige20040908_id405686.sgm" SOURCE="unknown" TYPE="text" VERSION="5.0" AUTHOR="romano" ENCODING="UTF-8">
  <document DOCID="adige20040908_id405686">
    <timex2 ID="adige20040908_id405686-T2" VAL="2004-09-10">
      <timex2_mention ID="adige20040908_id405686-T2-1">
        <extent>
          <charseq START="156" END="175">venerdì 10 settembre</charseq>
        </extent>
      </timex2_mention>
    </timex2>
    <timex2 ID="adige20040908_id405686-T3" VAL="2004-09-10T08:30">
      <timex2_mention ID="adige20040908_id405686-T3-1">
        <extent>
          <charseq START="436" END="444">alle 8.30</charseq>
        </extent>
      </timex2_mention>
    </timex2>
    <timex2 ID="adige20040908_id405686-T4" VAL="2004-09-10T15:30">
      <timex2_mention ID="adige20040908_id405686-T4-1">
        <extent>
          <charseq START="515" END="524">alle 15.30</charseq>
        </extent>
      </timex2_mention>
    </timex2>
    <timex2 ID="adige20040908_id405686-T5" VAL="2004-09-09">
      <timex2_mention ID="adige20040908_id405686-T5-1">
        <extent>
          <charseq START="663" END="668">domani</charseq>
        </extent>
      </timex2_mention>
    </timex2>
    <timex2 ID="adige20040908_id405686-T1" VAL="2004-09-10">
      <timex2_mention ID="adige20040908_id405686-T1-1">
        <extent>
          <charseq START="59" END="70">Una giornata</charseq>
        </extent>
      </timex2_mention>
    </timex2>
  </document>
</source_file>
