<?xml version="1.0" encoding="UTF-8"?>
<!DOCTYPE source_file PUBLIC "SYSTEM" "apf.v5.1.1.dtd">

<source_file URI="adige20040908_id405687.sgm" SOURCE="unknown" TYPE="text" VERSION="5.0" AUTHOR="romano" ENCODING="UTF-8">
  <document DOCID="adige20040908_id405687">
    <timex2 ID="adige20040908_id405687-T1" VAL="2004-09-08TAF">
      <timex2_mention ID="adige20040908_id405687-T1-1">
        <extent>
          <charseq START="60" END="76">Questo pomeriggio</charseq>
        </extent>
      </timex2_mention>
    </timex2>
    <timex2 ID="adige20040908_id405687-T2" VAL="2004-09-08T16:00">
      <timex2_mention ID="adige20040908_id405687-T2-1">
        <extent>
          <charseq START="78" END="89">dalle ore 16</charseq>
        </extent>
      </timex2_mention>
    </timex2>
    <timex2 ID="adige20040908_id405687-T3" VAL="PAST_REF" ANCHOR_VAL="2004-09-08" ANCHOR_DIR="BEFORE">
      <timex2_mention ID="adige20040908_id405687-T3-1">
        <extent>
          <charseq START="346" END="352">recenti</charseq>
        </extent>
      </timex2_mention>
    </timex2>
    <timex2 ID="adige20040908_id405687-T4" VAL="FUTURE_REF" ANCHOR_VAL="2004-09-08" ANCHOR_DIR="AFTER">
      <timex2_mention ID="adige20040908_id405687-T4-1">
        <extent>
          <charseq START="356" END="361">futuri</charseq>
        </extent>
      </timex2_mention>
    </timex2>
  </document>
</source_file>
