<?xml version="1.0" encoding="UTF-8"?>
<!DOCTYPE source_file PUBLIC "SYSTEM" "apf.v5.1.1.dtd">

<source_file URI="adige20040908_id405691.sgm" SOURCE="unknown" TYPE="text" VERSION="5.0" AUTHOR="romano" ENCODING="UTF-8">
  <document DOCID="adige20040908_id405691">
    <timex2 ID="adige20040908_id405691-T4" VAL="FUTURE_REF" ANCHOR_VAL="2004-09-08" ANCHOR_DIR="AFTER">
      <timex2_mention ID="adige20040908_id405691-T4-1">
        <extent>
          <charseq START="1542" END="1550">al futuro</charseq>
        </extent>
      </timex2_mention>
    </timex2>
    <timex2 ID="adige20040908_id405691-T5" VAL="2004-09-08T18:00">
      <timex2_mention ID="adige20040908_id405691-T5-1">
        <extent>
          <charseq START="2004" END="2009">ore 18</charseq>
        </extent>
      </timex2_mention>
    </timex2>
    <timex2 ID="adige20040908_id405691-T14" VAL="2004-09-10T23:00">
      <timex2_mention ID="adige20040908_id405691-T14-1">
        <extent>
          <charseq START="2730" END="2736">alle 23</charseq>
        </extent>
      </timex2_mention>
    </timex2>
    <timex2 ID="adige20040908_id405691-T6" VAL="2004-09-08T21:00">
      <timex2_mention ID="adige20040908_id405691-T6-1">
        <extent>
          <charseq START="2126" END="2131">ore 21</charseq>
        </extent>
      </timex2_mention>
    </timex2>
    <timex2 ID="adige20040908_id405691-T15" VAL="2004-09-11T17:00">
      <timex2_mention ID="adige20040908_id405691-T15-1">
        <extent>
          <charseq START="2791" END="2796">ore 17</charseq>
        </extent>
      </timex2_mention>
    </timex2>
    <timex2 ID="adige20040908_id405691-T7" VAL="2004-09-09T18:00">
      <timex2_mention ID="adige20040908_id405691-T7-1">
        <extent>
          <charseq START="2230" END="2235">ore 18</charseq>
        </extent>
      </timex2_mention>
    </timex2>
    <timex2 ID="adige20040908_id405691-T16" VAL="2004-09-11T23:00">
      <timex2_mention ID="adige20040908_id405691-T16-1">
        <extent>
          <charseq START="2800" END="2801">23</charseq>
        </extent>
      </timex2_mention>
    </timex2>
    <timex2 ID="adige20040908_id405691-T8" VAL="2004-09-09T21:00">
      <timex2_mention ID="adige20040908_id405691-T8-1">
        <extent>
          <charseq START="2374" END="2379">ore 21</charseq>
        </extent>
      </timex2_mention>
    </timex2>
    <timex2 ID="adige20040908_id405691-T17" VAL="2004-09-11T20:30">
      <timex2_mention ID="adige20040908_id405691-T17-1">
        <extent>
          <charseq START="2863" END="2871">ore 20.30</charseq>
        </extent>
      </timex2_mention>
    </timex2>
    <timex2 ID="adige20040908_id405691-T9" VAL="2004-09-10T17:00">
      <timex2_mention ID="adige20040908_id405691-T9-1">
        <extent>
          <charseq START="2464" END="2469">ore 17</charseq>
        </extent>
      </timex2_mention>
    </timex2>
    <timex2 ID="adige20040908_id405691-T1" VAL="P5D" ANCHOR_VAL="2004-09-08" ANCHOR_DIR="STARTING">
      <timex2_mention ID="adige20040908_id405691-T1-1">
        <extent>
          <charseq START="2" END="14">Cinque giorni</charseq>
        </extent>
      </timex2_mention>
    </timex2>
    <timex2 ID="adige20040908_id405691-T2" VAL="2004-09-08">
      <timex2_mention ID="adige20040908_id405691-T2-1">
        <extent>
          <charseq START="99" END="102">oggi</charseq>
        </extent>
      </timex2_mention>
    </timex2>
    <timex2 ID="adige20040908_id405691-T10" VAL="2004-09-10T23:00">
      <timex2_mention ID="adige20040908_id405691-T10-1">
        <extent>
          <charseq START="2473" END="2474">23</charseq>
        </extent>
      </timex2_mention>
    </timex2>
    <timex2 ID="adige20040908_id405691-T18" VAL="2004-09-11T21:30">
      <timex2_mention ID="adige20040908_id405691-T18-1">
        <extent>
          <charseq START="2924" END="2932">ore 21.30</charseq>
        </extent>
      </timex2_mention>
    </timex2>
    <timex2 ID="adige20040908_id405691-T3" VAL="XXXX-XX-XX" SET="YES">
      <timex2_mention ID="adige20040908_id405691-T3-1">
        <extent>
          <charseq START="486" END="495">quotidiane</charseq>
        </extent>
      </timex2_mention>
    </timex2>
    <timex2 ID="adige20040908_id405691-T11" VAL="2004-09-10T20:30">
      <timex2_mention ID="adige20040908_id405691-T11-1">
        <extent>
          <charseq START="2536" END="2544">ore 20.30</charseq>
        </extent>
      </timex2_mention>
    </timex2>
    <timex2 ID="adige20040908_id405691-T19" VAL="2004-09-11T19:00">
      <timex2_mention ID="adige20040908_id405691-T19-1">
        <extent>
          <charseq START="2992" END="3003">dalle ore 19</charseq>
        </extent>
      </timex2_mention>
    </timex2>
    <timex2 ID="adige20040908_id405691-T12" VAL="2004-09-10T22:00">
      <timex2_mention ID="adige20040908_id405691-T12-1">
        <extent>
          <charseq START="2648" END="2653">ore 22</charseq>
        </extent>
      </timex2_mention>
    </timex2>
    <timex2 ID="adige20040908_id405691-T20" VAL="2004-09-11T23:00">
      <timex2_mention ID="adige20040908_id405691-T20-1">
        <extent>
          <charseq START="3005" END="3011">alle 23</charseq>
        </extent>
      </timex2_mention>
    </timex2>
    <timex2 ID="adige20040908_id405691-T25" VAL="2004-09-08">
      <timex2_mention ID="adige20040908_id405691-T25-1">
        <extent>
          <charseq START="1993" END="2001">Mercoledì</charseq>
        </extent>
      </timex2_mention>
    </timex2>
    <timex2 ID="adige20040908_id405691-T13" VAL="2004-09-10T19:00">
      <timex2_mention ID="adige20040908_id405691-T13-1">
        <extent>
          <charseq START="2717" END="2728">dalle ore 19</charseq>
        </extent>
      </timex2_mention>
    </timex2>
    <timex2 ID="adige20040908_id405691-T21" VAL="2004-09-12T10:00">
      <timex2_mention ID="adige20040908_id405691-T21-1">
        <extent>
          <charseq START="3068" END="3073">ore 10</charseq>
        </extent>
      </timex2_mention>
    </timex2>
    <timex2 ID="adige20040908_id405691-T22" VAL="2004-09-12T12:00">
      <timex2_mention ID="adige20040908_id405691-T22-1">
        <extent>
          <charseq START="3077" END="3078">12</charseq>
        </extent>
      </timex2_mention>
    </timex2>
    <timex2 ID="adige20040908_id405691-T26" VAL="2004-09-09">
      <timex2_mention ID="adige20040908_id405691-T26-1">
        <extent>
          <charseq START="2221" END="2227">Giovedì</charseq>
        </extent>
      </timex2_mention>
    </timex2>
    <timex2 ID="adige20040908_id405691-T23" VAL="2004-09-12T17:00">
      <timex2_mention ID="adige20040908_id405691-T23-1">
        <extent>
          <charseq START="3082" END="3083">17</charseq>
        </extent>
      </timex2_mention>
    </timex2>
    <timex2 ID="adige20040908_id405691-T28" VAL="2004-09-10">
      <timex2_mention ID="adige20040908_id405691-T28-1">
        <extent>
          <charseq START="2455" END="2461">Venerdì</charseq>
        </extent>
      </timex2_mention>
    </timex2>
    <timex2 ID="adige20040908_id405691-T29" VAL="2004-09-11">
      <timex2_mention ID="adige20040908_id405691-T29-1">
        <extent>
          <charseq START="2783" END="2788">Sabato</charseq>
        </extent>
      </timex2_mention>
    </timex2>
    <timex2 ID="adige20040908_id405691-T30" VAL="2004-09-12">
      <timex2_mention ID="adige20040908_id405691-T30-1">
        <extent>
          <charseq START="3058" END="3065">Domenica</charseq>
        </extent>
      </timex2_mention>
    </timex2>
    <timex2 ID="adige20040908_id405691-T24" VAL="2004-09-12T23:00">
      <timex2_mention ID="adige20040908_id405691-T24-1">
        <extent>
          <charseq START="3087" END="3088">23</charseq>
        </extent>
      </timex2_mention>
    </timex2>
  </document>
</source_file>
